sentence_id,source_doc,page_num,raw_text,predicted_type,signals,confidence_score,is_constraint,constraint_type,entities,threshold,exception,notes
32BJ_BOL_0001,32BJ_BOLR_Suburban_2023,4,"This Agreement shall apply to all service employees employed in any facility, in Delaware, Chester, Bucks, and Montgomery Counties in Pennsylvania, excluding commercial office buildings under 100,000 square feet, except that economic terms and conditions for residential buildings, hospitals, department stores, schools, charitable, educational and religious institutions, race tracks, nursing homes, theaters, hotels, shopping malls, golf courses, bowling alleys, warehouses, route work, bank branches, entertainment venues (concert halls, playhouses, or other venues of more than 50,000 square feet having live stage performances), and industrial facilities shall be set forth in riders negotiated for each location covered by this Agreement.",HARD,deontic:obligation|exception,3,,,,,,
32BJ_BOL_0134,32BJ_BOLR_Suburban_2023,15,"There shall be no lockouts, and no strikes except that the Union may call a strike or work stoppage",HARD,deontic:obligation|deontic:permission|exception,3,,,,,,
32BJ_BOL_0338,32BJ_BOLR_Suburban_2023,33,"Any of the rights, power or authority the Employer had prior to the signing of this Agreement, are retained by the Employer except those specifically abridged or modified by this Agreement and any supplemental agreements that may hereafter be made. 30.3.",SOFT,deontic:permission|exception,3,,,,,,
32BJ_BOL_0038,32BJ_BOLR_Suburban_2023,7,"The Union, therefore, may use electronic records to verify Union membership, authorization for voluntary deduction of Union dues and fees from wages for remittance to the Union, and authorization for voluntary deductions from wages for remittance to ADF Funds, subject to the 4 SL1 1965866v4 030060.00031",SOFT,deontic:permission|exception,3,,,,,,
32BJ_BOL_0040,32BJ_BOLR_Suburban_2023,8,"If the Employer fails to deduct or remit to the Union the dues, ADF contributions, contributions to the Building Service 32BJ Health Fund, contributions to the SEIU Local 32BJ Building Operators Legal Services Fund, or other monies in accordance with this section by the 20th day of the month, the Employer shall pay interest on such dues, initiation fees, or contributions at the rate of one percent per month beginning on the 21st day, unless the Employer can demonstrate the delay was for good cause due to circumstances beyond its control. 2.7.",HARD,deontic:obligation|exception,3,,,,,,
32BJ_BOL_0165,32BJ_BOLR_Suburban_2023,17,"Commencing with an employee’s twelfth month of employment, all employees shall receive a minimum of four paid personal days per calendar year except in an employee’s first year of employment when he/she shall be entitled to a prorated number of personal days for the time between the first day of his /her sixth month of employment to the end of the calendar 14 SL1 1965866v4 030060.00031",HARD,deontic:obligation|exception,3,,,,,,
32BJ_BOL_0327,32BJ_BOLR_Suburban_2023,32,"(k) Supplemental employees may not be utilized to fill a permanent vacancy except for a reasonable period, which shall not exceed fifteen (15) days, or thirty (30) days where the vacancy is filled through external hire, after which a permanent employee shall fill the vacancy.",HARD,deontic:prohibition|deontic:obligation|deontic:restriction|deontic:permission|exception,3,,,,,,
32BJ_BOL_0223,32BJ_BOLR_Suburban_2023,23,"In order to be eligible for holiday pay, an employee must work all of his/her scheduled hours on the workday before and after the holiday unless he/she is on approved vacation or approved paid or unpaid leave.",HARD,deontic:obligation|exception,3,,,,,,
32BJ_BOL_0145,32BJ_BOLR_Suburban_2023,16,Employees shall accrue vacation with pay in accordance with the following schedule: Months on Payroll Vacation with Pay 1 Year 1 Week 2 Years 2 Weeks 5 Years 3 Weeks 15 Years 4 Weeks 25 Years 5 Weeks An employee may take vacation according to the foregoing schedule (earned as of the preceding January 1) only after completing one,HARD,deontic:obligation|deontic:permission|threshold,3,,,,,,
32BJ_BOL_0143,32BJ_BOLR_Suburban_2023,16,"Employers shall provide employees with leaves of absence for union related activities, where practicable, provided that such leave shall not be unreasonably denied.",HARD,deontic:prohibition|deontic:obligation|exception,3,,,,,,
32BJ_BOL_0141,32BJ_BOLR_Suburban_2023,15,"No employee shall be entitled to a personal leave of absence more than once in a twelve (12) month period, unless otherwise required by law.",HARD,deontic:obligation|deontic:prohibition|exception,3,,,,,,
32BJ_BOL_0140,32BJ_BOLR_Suburban_2023,15,"Leave may be requested on an emergency basis, provided that as soon as practical after the Employer’s request, the employee shall provide documentation of the emergency.",HARD,deontic:obligation|deontic:permission|exception,3,,,,,,
32BJ_BOL_0075,32BJ_BOLR_Suburban_2023,10,"In case of a discharge, the Arbitrator shall have the power to sustain the discharge or to order reinstatement of the employee, with or without pay for days lost.",HARD,deontic:obligation|exception,3,,,,,,
32BJ_BOL_0077,32BJ_BOLR_Suburban_2023,10,"No grievance shall be accepted or processed in this procedure later than thirty (30) calendar days after its occurrence, except for a grievance of which the Union was unaware alleging either incorrect payment of wages, fringe benefits, or failure to abide by the Union security provisions hereof; in such wage, fringe benefits or Union security cases, the grievance 7 SL1 1965866v4 030060.00031",HARD,deontic:obligation|exception,3,,,,,,
32BJ_BOL_0079,32BJ_BOLR_Suburban_2023,11,Grievances relevant to wages or fringe benefits subject to this extended period for submission shall not include any claim that requires evidence beyond the Employer’s records.,HARD,deontic:prohibition|deontic:obligation|exception,3,,,,,,
32BJ_BOL_0294,32BJ_BOLR_Suburban_2023,29,"This clause shall not apply to contract riders entered into before December 1, 2019 even if the terms of any such contract riders extend beyond that date, provided that any such contract riders set forth a schedule of wages and benefit increases. 26 SL1 1965866v4 030060.00031",HARD,deontic:prohibition|deontic:obligation|exception,3,,,,,,
32BJ_BOL_0213,32BJ_BOLR_Suburban_2023,22,The arbitrator shall not grant any adjournments except on mutual consent of the parties.,HARD,deontic:prohibition|deontic:obligation|exception,3,,,,,,
32BJ_BOL_0249,32BJ_BOLR_Suburban_2023,24,"SSA No-Match Letters or Other No-Matches Except as required by law, neither a Social Security Administrative “no-match” letter, nor a phone or computer verification of a no-match, shall constitute a basis for taking any adverse employment action against an employee, for requiring an employee to correct the nomatch or for re-verifying the employee’s work authorization.",HARD,deontic:obligation|exception,3,,,,,,
32BJ_BOL_0085,32BJ_BOLR_Suburban_2023,11,"When taking over or acquiring an account/location covered by this Agreement, the Employer is required to retain the incumbent employees and to maintain the same number of employees (and their hours) as were employed at the account/location by the predecessor employer, provided that the staffing level does not exceed the level in effect ninety (90) days prior to the takeover, except where there were increases in the staffing levels during that period resulting from customer requirements.",HARD,deontic:obligation|exception,3,,,,,,
32BJ_BOL_0130,32BJ_BOLR_Suburban_2023,15,"At any location where the Employer is currently maintaining terms and conditions that are more favorable to employees (or some of them) than those provided for in this Agreement for that location, those terms and conditions shall continue to apply to the affected employees unless the Union and the Employer otherwise provide. 8.2.",HARD,deontic:obligation|exception,3,,,,,,
32BJ_BOL_0289,32BJ_BOLR_Suburban_2023,29,"(2) business days’ written notice, the Union may, notwithstanding the no-strike provisions in this Agreement, strike the Employer in the particular building involved until full payment of base pay owed is received, should the Union so choose.",SOFT,deontic:preference|deontic:permission|exception,3,,,,,,
32BJ_BOL_0089,32BJ_BOLR_Suburban_2023,11,The Employer may not reduce the staffing level on takeover of the account/location unless the Employer can demonstrate an appreciable decrease in the work to be done. 5.2.,SOFT,deontic:restriction|deontic:permission|exception,3,,,,,,
32BJ_BOL_0251,32BJ_BOLR_Suburban_2023,25,"Change in Social Security Number or Name Except as prohibited by law, when an employee presents evidence of a name or social security number change, or updated work authorization documents, the Employer shall modify its records to reflect such change and the employee’s seniority will not be affected.",HARD,deontic:obligation|exception,3,,,,,,
32BJ_BOL_0252,32BJ_BOLR_Suburban_2023,25,"Such change shall not constitute a basis for adverse employment action, notwithstanding any information or documents provided at the time of hire, so long as the new evidence is genuine. 21.4.",HARD,deontic:prohibition|deontic:obligation|exception,3,,,,,,
32BJ_BOL_0254,32BJ_BOLR_Suburban_2023,25,"(b) Shall not use E-verify except for new hires, unless required by law.",HARD,deontic:prohibition|deontic:obligation|exception,3,,,,,,
32BJ_BOL_0124,32BJ_BOLR_Suburban_2023,14,There shall be no reduction in the work force except where there is:,HARD,deontic:obligation|exception,3,,,,,,
32BJ_BOL_0257,32BJ_BOLR_Suburban_2023,25,"The Employer shall not subcontract, transfer, lease or assign, in whole or in part, to any other person, firm, corporation, partnership, or non-unit work or workers, bargaining unit work presently performed or hereafter assigned to employees in the bargaining unit, except to the extent required by government regulations regarding veteran, minority or female owned enterprises, in which event the Employer shall ensure that such enterprises employ bargaining unit employees under the wages and benefits provided under this Agreement.",HARD,deontic:prohibition|deontic:obligation|exception,3,,,,,,
32BJ_BOL_0259,32BJ_BOLR_Suburban_2023,25,"In the event the Employer sells or transfers all or any part of its business or accounts which are subject to this Agreement, the Employer shall require the acquiring employer to assume this Agreement. 22.3.",HARD,deontic:obligation|exception,3,,,,,,
32BJ_BOL_0105,32BJ_BOLR_Suburban_2023,13,"In the event of a layoff due to a reduction in force, the inverse order of classification seniority, where applicable, shall be followed.",HARD,deontic:obligation|exception,3,,,,,,
32BJ_BOL_0107,32BJ_BOLR_Suburban_2023,13,"In the event of bumping, there shall be no more than one bump.",HARD,deontic:obligation|exception,3,,,,,,
32BJ_BOL_0034,32BJ_BOLR_Suburban_2023,7,"The Employer shall maintain accurate employee information, transmit dues, initiation fees, American Dream Fund (“ADF”) or other political fund contributions, and all legal assessments deducted from employees’ paychecks to the Unions electronically via ACH or wire transfer utilizing the 32BJ self-service portal, unless the Union directs in writing that dues be remitted by means other than electronic transmittals.",HARD,deontic:obligation|exception,3,,,,,,
32BJ_BOL_0109,32BJ_BOLR_Suburban_2023,13,"In the event of a layoff due to the loss of a building to a non-union employer, ninety (90) days after the layoff or reduction from the location (as defined in 6.1), employees may bump the least senior employee within their classification within New Castle County (excluding Wilmington) or within Wilmington depending where they were employed. 6.3.",SOFT,deontic:permission|exception,3,,,,,,
32BJ_BOL_0021,32BJ_BOLR_Suburban_2023,6,"The Union will not disrupt the employees’ work and shall provide reasonable written notice of its visit to the work-site at least forty-eight (48) hours in advance, unless circumstances preclude such notice, in which case the Union shall provide as much notice as possible.",HARD,deontic:obligation|exception,3,,,,,,
32BJ_BOL_0005,32BJ_BOLR_Suburban_2023,4,"The Employer shall be bound by the applicable 32BJ area-wide agreements for all work performed within and subject to the scope of those agreements for all areas within the Union’s jurisdiction, including the following agreements and successor agreements thereto:",HARD,deontic:obligation|exception,3,,,,,,
32BJ_BOL_0019,32BJ_BOLR_Suburban_2023,5,"Immediately upon the Employer being notified that it will become a service provider at a location subject to this Agreement, the Employer shall notify the Union in writing, sent by 2 SL1 1965866v4 030060.00031",HARD,deontic:obligation|exception,3,,,,,,
32BJ_BOL_0023,32BJ_BOLR_Suburban_2023,6,"Should any employee report more than thirty (30) minutes after his/her scheduled start time because of a Union meeting, he/she will be subject to the Employer’s attendance/lateness policy.",SOFT,deontic:preference|exception,3,,,,,,
32BJ_BOL_0348,32BJ_BOLR_Suburban_2023,35,"Upon the Union demonstration of majority support in either a building or the Employer’s covered work within New Castle County, the terms of this Agreement shall apply to that building or work, except that Article 24 shall be modified as provided below: 24.1.",HARD,deontic:obligation|exception,3,,,,,,
32BJ_BOL_0009,32BJ_BOLR_Suburban_2023,5,"Upon the Union’s written request, except where prohibited by law, the Employer shall within seven",HARD,deontic:obligation|exception,3,,,,,,
32BJ_BOL_0007,32BJ_BOLR_Suburban_2023,5,"If the Employer takes over jobs subject to rider Agreements, the Employer and the Union shall assume and be bound by the remaining terms of any such Rider Agreements between the Union and the predecessor Employer.",HARD,deontic:obligation|exception,3,,,,,,
32BJ_BOL_0347,32BJ_BOLR_Suburban_2023,35,"The recognition procedure attached hereto shall apply to all Employer accounts in New Castle County or Wilmington that come within the terms of Article 1.1., except that commercial office buildings under 125,000 square feet shall be excluded for New Castle County.",HARD,deontic:obligation|exception,3,,,,,,
32BJ_BOL_0006,32BJ_BOLR_Suburban_2023,5,"Transit terminals and complexes of contiguous commonly owned commercial buildings of 100,000 square feet or more, shall be subject to the terms of this Agreement. 1.5.",HARD,deontic:obligation|exception,3,,,,,,
32BJ_BOL_0206,32BJ_BOLR_Suburban_2023,21,"(2) business days’ notice to the manager of the particular building or complex/campus involved and notwithstanding the No Strike provisions in this Agreement, strike the Employer, in the particular Building involved, to enforce such payments without regard to the No Strike clause, should the Union so choose. 16.2.",SOFT,deontic:preference|exception,3,,,,,,
32BJ_BOL_0028,32BJ_BOLR_Suburban_2023,7,"Upon receipt by the Employer of a letter from the Union’s Secretary-Treasurer requesting an employee’s discharge because he or she has not met the requirements of this Article, unless the Employer questions the propriety of doing so, he or she shall be discharged within fifteen (15) days of the letter if prior thereto he or she does not take proper steps to meet the requirements.",HARD,deontic:obligation|exception,3,,,,,,
32BJ_BOL_0003,32BJ_BOLR_Suburban_2023,4,"This agreement shall apply to all service employees employed in any facility in New Castle County and Wilmington, Delaware excluding commercial office buildings under 100,000 square feet, except that economic terms and conditions for residential buildings, hospitals, department stores, schools, charitable, educational and religious institutions, race tracks, nursing homes, theaters, hotels, shopping malls, golf courses, bowling alleys, warehouses, route work, bank branches, entertainment venues (concert halls, playhouses, or other venues of more than 50,000 square feet having live stage performances),airports and industrial facilities shall be set forth in riders negotiated for each location covered by this agreement.",HARD,deontic:obligation|exception,3,,,,,,
32BJ_BOL_0344,32BJ_BOLR_Suburban_2023,34,"During the extended period, all terms and conditions hereof shall be in effect subject to the provisions of this paragraph.",HARD,deontic:obligation|exception,3,,,,,,
32BJ_BOL_0263,32BJ_BOLR_Suburban_2023,26,"The Employer shall be required to have a sexual harassment policy consistent with Section 23.2 below, printed in both English and Spanish, which shall be the policy that employees are required to follow and which the Employer shall use for purposes or governing sexual harassment in its workplace.",HARD,deontic:obligation|deontic:obligation,2,,,,,,
32BJ_BOL_0200,32BJ_BOLR_Suburban_2023,20,"In the event that a plan of medical insurance benefits provided by the Fund would trigger a penalty or tax of any sort under the ACA on a contributing employer or any employee, either party may notify the other in writing of its desire to reopen this Agreement for the sole and limited purpose of negotiating changes necessary to avoid an ACA penalty or tax and/or making recommendations to the Trustees of the Fund with respect to any necessary changes in the plan(s) provided by the Fund.",SOFT,deontic:permission,2,,,,,,
32BJ_BOL_0245,32BJ_BOLR_Suburban_2023,24,"The employee shall have the right to choose which work authorization documents to present to the Employer during the verification or reverification process, provided such documents are genuine and acceptable under the law.",HARD,deontic:obligation,2,,,,,,
32BJ_BOL_0267,32BJ_BOLR_Suburban_2023,26,"Whether or not the employee lodging a complaint objects, the Union shall be entitled to receive information concerning a bargaining unit employee who has been the subject or one or more other allegations of sexual harassment.",HARD,deontic:obligation,2,,,,,,
32BJ_BOL_0246,32BJ_BOLR_Suburban_2023,24,The Employer shall grant up to four,HARD,deontic:obligation,2,,,,,,
32BJ_BOL_0205,32BJ_BOLR_Suburban_2023,21,"Upon admission by the Employer, or upon a decision or award in any step of the Grievance Procedure set forth in Article 4, that the Employer has failed within the time prescribed in Section 2.6 to remit to the Union all sums deducted from employees as monthly dues, assessments, or initiation fees or to transmit to the Trustees of the Welfare Fund and/or the Legal Services Fund, respectively, the contributions to such Funds, and after persistence of any such delinquency for a period of thirty (30) days following written notice of the delinquency given by the Union and/or the Trustees of the said Funds, as the case may be, to the Employer and BOLR, the Union may, after giving at least two",SOFT,deontic:permission,2,,,,,,
32BJ_BOL_0204,32BJ_BOLR_Suburban_2023,21,"If the Employer fails to make required reports or payments to the Funds, the Trustees may in their sole and absolute discretion take any action necessary, including but not limited to immediate arbitration and suits at law, to enforce such reports and payments, together with interest and liquidated damages as provided in the Funds’ Trust Agreements, and any and all expenses of collection, including but not limited to counsel fees, arbitration costs and fees, court costs, fees and interest.",SOFT,deontic:permission,2,,,,,,
32BJ_BOL_0266,32BJ_BOLR_Suburban_2023,26,Any complaint or report of sexual harassment should be made as promptly as possible to facilitate the Employer’s investigation.,SOFT,deontic:preference,2,,,,,,
32BJ_BOL_0247,32BJ_BOLR_Suburban_2023,24,"Upon return from leave and remediation of the issue, the employee shall return to his/her former position, without loss of seniority.",HARD,deontic:obligation,2,,,,,,
32BJ_BOL_0203,32BJ_BOLR_Suburban_2023,21,"Paid vacations, holidays, personal days, personal holidays, jury duty, funeral leave, and other time off for which employee is paid by the Employer as provided in this Agreement shall be treated as hours worked.",HARD,deontic:obligation,2,,,,,,
32BJ_BOL_0248,32BJ_BOLR_Suburban_2023,24,"(4) months, the employee may be discharged for cause. 21.2.",SOFT,deontic:permission,2,,,,,,
32BJ_BOL_0202,32BJ_BOLR_Suburban_2023,21,The Union shall maintain the right to strike should the parties agree to reopen the Contract and in the event that no agreement is reached. 14.12.,HARD,deontic:obligation|deontic:preference,2,,,,,,
32BJ_BOL_0201,32BJ_BOLR_Suburban_2023,20,The parties shall meet promptly to 17 SL1 1965866v4 030060.00031,HARD,deontic:obligation,2,,,,,,
32BJ_BOL_0250,32BJ_BOLR_Suburban_2023,24,"Upon receipt of a no-match letter, the Employer shall notify the employee and provide the employee and Union with a copy of the letter. 21 SL1 1965866v4 030060.00031",HARD,deontic:obligation,2,,,,,,
32BJ_BOL_0199,32BJ_BOLR_Suburban_2023,20,The parties intend that the medical insurance provided under the Fund to employees hereunder shall in all respects and at all times comply with the requirements of the Affordable Care Act (“ACA”).,HARD,deontic:obligation,2,,,,,,
32BJ_BOL_0262,32BJ_BOLR_Suburban_2023,26,"There shall be no discrimination against any employee by reason of race, creed, color, age, disability, national origin, sex, sexual orientation, maternity status, including pregnancy-related conditions, including birth, pre-birth and post-birth conditions, union membership, or any characteristic protected by law.",HARD,deontic:obligation,2,,,,,,
32BJ_BOL_0198,32BJ_BOLR_Suburban_2023,20,"To the extent the benefits provided by the BOLR Welfare Fund differ from those under the Fund for covered employees, such transfer may occur only with the concurrence of the Union. 14.11.",SOFT,deontic:permission,2,,,,,,
32BJ_BOL_0197,32BJ_BOLR_Suburban_2023,20,"At the election of BOLR, and with the approval of the SEIU Local 32BJ, District 36 Welfare Trust Fund (“BOLR Welfare Fund”) Board of Trustees, health and welfare benefits to which employees are entitled under the Agreement shall be provided by the BOLR Welfare Fund, so long as there is no reduction in benefits from those being provided by the Fund at the time of the transfer to the BOLR Welfare Fund.",HARD,deontic:obligation,2,,,,,,
32BJ_BOL_0253,32BJ_BOLR_Suburban_2023,25,"Participation in E-verify and Similar Programs If the Employer participates in E-verify or other similar state or local programs, the Employer Shall:",HARD,deontic:obligation,2,,,,,,
32BJ_BOL_0244,32BJ_BOLR_Suburban_2023,24,The decision regarding such process shall be as determined by the Employer.,HARD,deontic:obligation,2,,,,,,
32BJ_BOL_0195,32BJ_BOLR_Suburban_2023,20,"If during the term of this Agreement, the Trustees find the payment provided herein is insufficient to maintain benefits, and adequate reserves for such benefits, they shall require the parties to increase the amounts needed to maintain such benefits and reserves.",HARD,deontic:obligation,2,,,,,,
32BJ_BOL_0255,32BJ_BOLR_Suburban_2023,25,"For purposes of federal E-verify, an employee shall not be considered a new hire as provided in 8 CFR § 274a.2(b)(1)(viii); and",HARD,deontic:prohibition|deontic:obligation,2,,,,,,
32BJ_BOL_0256,32BJ_BOLR_Suburban_2023,25,"Employment Records Within ten (10) business days of the request, the Employer shall provide employees with documents demonstrating the Employees’ employment history with the Employer and/or at the location.",HARD,deontic:obligation,2,,,,,,
32BJ_BOL_0265,32BJ_BOLR_Suburban_2023,26,"Such policies shall be provided to the Union, upon its request. 23.2.",HARD,deontic:obligation,2,,,,,,
32BJ_BOL_0258,32BJ_BOLR_Suburban_2023,25,"In the event an Employer is lawfully required by the Employer’s contract with a customer with respect to a single tenant site or a single tenant building regarding veteran, minority or female owned enterprises, the Employer shall ensure that such enterprises employ bargaining unit employees under all provisions of this Agreement. 22.2.",HARD,deontic:obligation,2,,,,,,
32BJ_BOL_0264,32BJ_BOLR_Suburban_2023,26,The Employer shall provide each employee with a copy of its policy.,HARD,deontic:obligation,2,,,,,,
32BJ_BOL_0260,32BJ_BOLR_Suburban_2023,25,"To the extent permitted by law, this Agreement shall be binding on any other entities that the Employer, through its officers, directors, partners, owners, or stockholders, either 22 SL1 1965866v4 030060.00031",HARD,deontic:obligation,2,,,,,,
32BJ_BOL_0196,32BJ_BOLR_Suburban_2023,20,"In the event the Trustees are unable to reach Agreement on the amount required to maintain benefits and reserves, the matter shall be referred to arbitration. 14.10.",HARD,deontic:obligation,2,,,,,,
32BJ_BOL_0212,32BJ_BOLR_Suburban_2023,22,"If no arbitrator is available within the established time period, the patties shall select the arbitrator with the earliest available date.",HARD,deontic:obligation,2,,,,,,
32BJ_BOL_0243,32BJ_BOLR_Suburban_2023,24,The notice must be provided to the Union at the same time that it is sent to the employee so that the Union may comment on the communication.,HARD,deontic:obligation|deontic:permission,2,,,,,,
32BJ_BOL_0220,32BJ_BOLR_Suburban_2023,22,Holiday pay shall be equal to an employee’s regular straight time pay.,HARD,deontic:obligation,2,,,,,,
32BJ_BOL_0225,32BJ_BOLR_Suburban_2023,23,The Employer shall post all vacancies for a period of three,HARD,deontic:obligation,2,,,,,,
32BJ_BOL_0224,32BJ_BOLR_Suburban_2023,23,"Where permission is granted by the building owner/manager, the Employer shall furnish a bulletin board at a conspicuous location in each of the Employer’s locations and shall permit representatives of the Union, including stewards, to post notices pertaining to Union affairs on the bulletin board.",HARD,deontic:obligation,2,,,,,,
32BJ_BOL_0222,32BJ_BOLR_Suburban_2023,23,employee choosing to work must have the skill and prior training to perform the required work. 17.2.,HARD,deontic:obligation,2,,,,,,
32BJ_BOL_0208,32BJ_BOLR_Suburban_2023,22,"If the matter is not resolved by the Grievance Committee, the Union may seek expedited arbitration to collect the unpaid dues.",SOFT,deontic:permission,2,,,,,,
32BJ_BOL_0221,32BJ_BOLR_Suburban_2023,22,An employee required to work on a holiday shall receive his/her regular pay plus his/her holiday pay. * Any employee who is not scheduled to work on Juneteenth will receive holiday pay for such day.,HARD,deontic:obligation,2,,,,,,
32BJ_BOL_0209,32BJ_BOLR_Suburban_2023,22,"In any expedited arbitration under this section, if the Union prevails in any part of its claim for unpaid dues, the full fee for the arbitration shall be borne by the Employer and the arbitrator shall award interest in the amount, if any, established in this Agreement.",HARD,deontic:obligation,2,,,,,,
32BJ_BOL_0219,32BJ_BOLR_Suburban_2023,22,"Whenever any of these stated holidays shall fall on a Saturday or Sunday, it shall be observed on the following Monday or the preceding Friday, depending upon when the building is closed.",HARD,deontic:obligation,2,,,,,,
32BJ_BOL_0227,32BJ_BOLR_Suburban_2023,23,Part-time employees shall be given preference by seniority in bidding for open full-time positions.,HARD,deontic:obligation,2,,,,,,
32BJ_BOL_0218,32BJ_BOLR_Suburban_2023,22,"Employees shall have a waiting period of ninety (90) days before becoming eligible to be participants in the Funds, and no contributions shall be made on behalf of the employees over the ninety (90)-day period.",HARD,deontic:obligation,2,,,,,,
32BJ_BOL_0217,32BJ_BOLR_Suburban_2023,22,Any dispute about the Union’s jurisdiction shall be settled by the Arbitrator if the parties cannot agree. 16.4.,HARD,deontic:obligation,2,,,,,,
32BJ_BOL_0216,32BJ_BOLR_Suburban_2023,22,"The Trustees of the Funds shall make such amendments to the Trust Agreement, and shall adopt such regulations, as may be required to conform to applicable law, and which shall in any case provide that employees whose work comes within the jurisdiction of the Union (which shall not be considered to include anyone in an important managerial position) may only be covered for benefits if the building in which they are employed has a collective bargaining agreement with the Union.",HARD,deontic:prohibition|deontic:obligation|deontic:permission,2,,,,,,
32BJ_BOL_0215,32BJ_BOLR_Suburban_2023,22,The arbitrator shall issue an opinion and award within seven,HARD,deontic:obligation,2,,,,,,
32BJ_BOL_0210,32BJ_BOLR_Suburban_2023,22,"For the purposes of this section, an expedited arbitration must be held no later than fourteen (14) calendar days from the date of the written demand for arbitration made by the Union.",HARD,deontic:obligation,2,,,,,,
32BJ_BOL_0214,32BJ_BOLR_Suburban_2023,22,"Any expedited arbitration hearing held pursuant to this section shall continue from day to day until completed, and the parties shall not be permitted to submit post-hearing briefs.",HARD,deontic:prohibition|deontic:obligation,2,,,,,,
32BJ_BOL_0226,32BJ_BOLR_Suburban_2023,23,"Preference in filling vacancies shall be given to employees already employed in a building based on building seniority, provided such senior employee has the minimum skill and ability to perform the work.",HARD,deontic:obligation,2,,,,,,
32BJ_BOL_0228,32BJ_BOLR_Suburban_2023,23,The Employer shall establish a regular workweek.,HARD,deontic:obligation,2,,,,,,
32BJ_BOL_0242,32BJ_BOLR_Suburban_2023,24,(b) what steps the worker must take to correct the matter; and,HARD,deontic:obligation,2,,,,,,
32BJ_BOL_0237,32BJ_BOLR_Suburban_2023,23,The Employer shall educate employees on the use of a debit card via the distribution of literature in English and Spanish and through meetings with employees.,HARD,deontic:obligation,2,,,,,,
32BJ_BOL_0211,32BJ_BOLR_Suburban_2023,22,"The arbitrator shall be selected from the panel of arbitrators established under Section 4.1, Step 4 on a rotating basis in alphabetical order by surname until an arbitrator available to hold a hearing within such fourteen (14)-day period is found.",HARD,deontic:obligation,2,,,,,,
32BJ_BOL_0207,32BJ_BOLR_Suburban_2023,22,"Union may refer the matter to the Grievance Committee under Article 4, which will consider the matter at its next monthly meeting.",SOFT,deontic:permission,2,,,,,,
32BJ_BOL_0241,32BJ_BOLR_Suburban_2023,24,"The Employer shall provide to the employee written notification when it contends that his/her work authorization documents or I-9 Form are deficient, or that the employee must reverify his/her work authorization, specifying",HARD,deontic:obligation|deontic:obligation,2,,,,,,
32BJ_BOL_0240,32BJ_BOLR_Suburban_2023,24,A worker going through the verification or reverification process shall be entitled to be represented by a Union representative.,HARD,deontic:obligation,2,,,,,,
32BJ_BOL_0239,32BJ_BOLR_Suburban_2023,24,Work Authorization and Reverification The Employer shall not impose work authorization verification or reverification requirements greater than those required by law.,HARD,deontic:prohibition|deontic:obligation,2,,,,,,
32BJ_BOL_0238,32BJ_BOLR_Suburban_2023,24,"holiday, employees shall be paid on the preceding day.",HARD,deontic:obligation,2,,,,,,
32BJ_BOL_0236,32BJ_BOLR_Suburban_2023,23,The Employer shall guarantee that employees paid by means of a debit card shall have a reasonably available means of making a single withdrawal of cash via the debit card without incurring a fee.,HARD,deontic:obligation,2,,,,,,
32BJ_BOL_0268,32BJ_BOLR_Suburban_2023,27,"If necessary, the Employer may temporarily transfer both (or all) parties to separate work sites until the investigation is complete.",SOFT,deontic:permission,2,,,,,,
32BJ_BOL_0235,32BJ_BOLR_Suburban_2023,23,Payment via debit cards may not be required for any employee who chooses to be paid via direct deposit.,SOFT,deontic:restriction|deontic:permission,2,,,,,,
32BJ_BOL_0234,32BJ_BOLR_Suburban_2023,23,"All wages, including overtime, shall be paid weekly in cash, check, or other means permitted by law, with an itemized statement of payroll deductions.",HARD,deontic:obligation,2,,,,,,
32BJ_BOL_0233,32BJ_BOLR_Suburban_2023,23,Employees shall be paid a minimum of four,HARD,deontic:obligation,2,,,,,,
32BJ_BOL_0232,32BJ_BOLR_Suburban_2023,23,(5) nights per week shall not apply to designated weekend employees.,HARD,deontic:prohibition|deontic:obligation,2,,,,,,
32BJ_BOL_0231,32BJ_BOLR_Suburban_2023,23,The minimum regular schedule for employees shall be four,HARD,deontic:obligation,2,,,,,,
32BJ_BOL_0230,32BJ_BOLR_Suburban_2023,23,Employees who work at more than one location shall have their hours combined in determining their overtime pay. 20.2.,HARD,deontic:obligation,2,,,,,,
32BJ_BOL_0229,32BJ_BOLR_Suburban_2023,23,Any work performed over forty (40) hours in a week shall be paid at time and one half the employee’s regular rate of pay.,HARD,deontic:obligation,2,,,,,,
32BJ_BOL_0280,32BJ_BOLR_Suburban_2023,28,"Effective January 1, 2026, the minimum wage rate for cleaners shall be $17.40.",HARD,deontic:obligation,2,,,,,,
32BJ_BOL_0269,32BJ_BOLR_Suburban_2023,27,"Temporary transfers under these circumstances will be done by mutual agreement with the Union, which shall not unreasonably withhold its assent.",HARD,deontic:prohibition|deontic:obligation,2,,,,,,
32BJ_BOL_0339,32BJ_BOLR_Suburban_2023,33,"If any of the above rights have been expressly abridged by a specific provision of this Agreement, the specific provision of this Agreement shall apply. 30.4.",HARD,deontic:obligation,2,,,,,,
32BJ_BOL_0335,32BJ_BOLR_Suburban_2023,33,The Union shall notify the Employer in writing of all designated Shop Stewards.,HARD,deontic:obligation,2,,,,,,
32BJ_BOL_0334,32BJ_BOLR_Suburban_2023,33,"Should no supervisor be present in the building, the Steward shall secure approval from a lead employee in the building, and, if no lead is working in the building, the Steward will contact supervision via telephone for approval.",HARD,deontic:obligation|deontic:preference,2,,,,,,
32BJ_BOL_0333,32BJ_BOLR_Suburban_2023,33,"However, a Shop Steward must secure the approval of his/her non-Union supervisor before leaving his/her work station, which approval shall not be unreasonably withheld.",HARD,deontic:prohibition|deontic:obligation|deontic:obligation,2,,,,,,
32BJ_BOL_0332,32BJ_BOLR_Suburban_2023,33,The Employer shall permit the Union Stewards reasonable freedom to perform their duties during working hours.,HARD,deontic:obligation,2,,,,,,
32BJ_BOL_0331,32BJ_BOLR_Suburban_2023,33,(n) The Employer shall not separate supplemental employees from employment in order to avoid its contractual obligations to an employee that accrue once the employee has completed his/her probationary period.,HARD,deontic:prohibition|deontic:obligation,2,,,,,,
32BJ_BOL_0329,32BJ_BOLR_Suburban_2023,32,"(l) Permanent positions shall be awarded and supplemental assignments shall be made in accordance with seniority within each regional supplemental pool, as provided above.",HARD,deontic:obligation,2,,,,,,
32BJ_BOL_0328,32BJ_BOLR_Suburban_2023,32,"These time frames shall be extended to the extent necessary when the vacancy is the result of a discharge that remains in the grievance/arbitration process, if the vacancy cannot he filled with an internal candidate, or because circumstances beyond the Employer’s control (e.g., security clearance) require a delay.",HARD,deontic:obligation,2,,,,,,
32BJ_BOL_0326,32BJ_BOLR_Suburban_2023,32,The Employer shall utilize employees laid off from a particular building to perform supplemental assignments in such building before utilizing other supplemental employees.,HARD,deontic:obligation,2,,,,,,
32BJ_BOL_0325,32BJ_BOLR_Suburban_2023,32,"Laid off employees shall carry their seniority into the regional supplemental pool, which shall then be considered as part of their service for purposes of supplemental seniority.",HARD,deontic:obligation,2,,,,,,
32BJ_BOL_0324,32BJ_BOLR_Suburban_2023,32,"(j) An employee who is laid off from a permanent position in a building and who retains recall rights in accordance with Article 6 of this Agreement shall be placed in the appropriate regional supplemental pool, if he/she is not first offered another permanent position upon layoff.",HARD,deontic:obligation,2,,,,,,
32BJ_BOL_0323,32BJ_BOLR_Suburban_2023,32,"(i) Should a supplemental employee refuse to fill a permanent vacancy, the employee may be terminated.",SOFT,deontic:preference|deontic:permission,2,,,,,,
32BJ_BOL_0322,32BJ_BOLR_Suburban_2023,32,"longer than the period permitted under subsection (k), the Employer must immediately place the most senior supplemental employee in the vacant position, and make sufficient contributions to the Fund such that the employee is immediately eligible for benefits.",HARD,deontic:obligation,2,,,,,,
32BJ_BOL_0321,32BJ_BOLR_Suburban_2023,31,(h) Should the documentation required under subsection,SOFT,deontic:preference,2,,,,,,
32BJ_BOL_0320,32BJ_BOLR_Suburban_2023,31,"Should and Employer fail to make a payment, the Union retains the right to grieve and arbitrate the matter.",SOFT,deontic:preference,2,,,,,,
32BJ_BOL_0319,32BJ_BOLR_Suburban_2023,31,BOLR shall notify the Union of receipt of each such payment.,HARD,deontic:obligation,2,,,,,,
32BJ_BOL_0318,32BJ_BOLR_Suburban_2023,31,Each instance of an Employer failing to provide the information as required monthly shall result in the Employer being obligated to pay the sum of Five Hundred Dollars ($500.00) to the BOLR Scholarship Fund by the 15th day of the following month.,HARD,deontic:obligation,2,,,,,,
32BJ_BOL_0317,32BJ_BOLR_Suburban_2023,31,"(g) The Employer shall provide the Union District Leader a copy of the monthly remittance reports, and also the names and hours of all supplemental employees who have worked for the Employer during the month.",HARD,deontic:obligation,2,,,,,,
32BJ_BOL_0336,32BJ_BOLR_Suburban_2023,33,Shop Stewards shall be granted one,HARD,deontic:obligation,2,,,,,,
32BJ_BOL_0340,32BJ_BOLR_Suburban_2023,33,The Employer shall not compel employees to pay any fees for credit or criminal background checks.,HARD,deontic:prohibition|deontic:obligation,2,,,,,,
32BJ_BOL_0271,32BJ_BOLR_Suburban_2023,27,The Union shall designate one or more officials to work with Employers in connection with sex harassment claims lodged with an Employer by or regarding an employee.,HARD,deontic:obligation,2,,,,,,
32BJ_BOL_0341,32BJ_BOLR_Suburban_2023,33,This restriction shall not apply with respect to applicants for employment. 30 SL1 1965866v4 030060.00031,HARD,deontic:prohibition|deontic:obligation,2,,,,,,
32BJ_BOL_0362,32BJ_BOLR_Suburban_2023,40,"If the area-wide agreement has not been applied to such facility prior to the Employer obtaining the contract and the Union subsequently becomes the exclusive bargaining representative of the employees at that facility, the Employer may request a meeting with the Union to discuss whether an economic rider to such agreement is appropriate and, if so, the terms of such rider.",SOFT,deontic:permission,2,,,,,,
32BJ_BOL_0361,32BJ_BOLR_Suburban_2023,39,The parties shall meet and bargain in good faith with the goal of reaching a collective bargaining agreement. 36 SL1 1965866v4 030060.00031,HARD,deontic:obligation,2,,,,,,
32BJ_BOL_0360,32BJ_BOLR_Suburban_2023,39,"If that review, ultimately, if requested by a party, by an arbitrator, establishes that a majority of the employees in such bargaining unit has designated the Union as their exclusive collective bargaining representative, the Employer shall recognize the Union as the representative of such employees.",HARD,deontic:obligation,2,,,,,,
32BJ_BOL_0359,32BJ_BOLR_Suburban_2023,39,Either party may also elect to have the cards reviewed by a neutral arbitrator under the BOLR Contractors Agreement.,SOFT,deontic:permission,2,,,,,,
32BJ_BOL_0358,32BJ_BOLR_Suburban_2023,39,"If the Union requests recognition for a bargaining unit of employees at the residential property, the Employer shall conduct a review of the employees’ authorization cards submitted by the Union in support of its claim of majority status among such employees.",HARD,deontic:obligation,2,,,,,,
32BJ_BOL_0357,32BJ_BOLR_Suburban_2023,39,"SIDE LETTER #4 ON RESIDENTIAL WORK IN THE PHILADELPHIA SUBURBS In the event the Employer has or obtains covered work at any residential property in the Philadelphia Suburbs covered by Article 1 of this BOLR Agreement and the Union seeks to organize the building service employees working at such residential property, the parties agree to the following: The Employer shall take a neutral approach to the Union’s organizing of employees and shall not take any action or make any statement that directly or indirectly states or implies its support for or opposition to the employees’ decision to designate the Union as their collective bargaining representative.",HARD,deontic:prohibition|deontic:obligation,2,,,,,,
32BJ_BOL_0356,32BJ_BOLR_Suburban_2023,38,"SIDE LETTER #3 ON ARBITRATION PANEL The panel of Arbitrators referenced in Article 4, Section 4.1, Step 4 shall be composed of the following: Timothy Brown Lisa Charles Ralph Colflesh James Darby Jared Kasher Samantha Tower 35 SL1 1965866v4 030060.00031",HARD,deontic:obligation,2,,,,,,
32BJ_BOL_0354,32BJ_BOLR_Suburban_2023,37,Such vacation shall be taken during the remainder of the calendar year in which the employee completes such service.,HARD,deontic:obligation,2,,,,,,
32BJ_BOL_0353,32BJ_BOLR_Suburban_2023,37,SIDE LETTER #2 ON VACATIONS FOR NEW EMPLOYEES New employees shall be entitled to pro rata vacation upon completing their first twelve (12) months of service.,HARD,deontic:obligation,2,,,,,,
32BJ_BOL_0352,32BJ_BOLR_Suburban_2023,35,The minimum wage rate for all cleaners shall be at all times at least fifty (50) cents above the applicable statutory minimum wage for cleaners. 32 SL1 1965866v4 030060.00031,HARD,deontic:obligation,2,,,,,,
32BJ_BOL_0351,32BJ_BOLR_Suburban_2023,35,Leadpersons and handypersons shall be paid $2.00 per hour more than the minimum rate provided for cleaners or shall receive the overscale increase as provided above if those increases shall result in a higher rate of pay. 24.4.,HARD,deontic:obligation,2,,,,,,
32BJ_BOL_0350,32BJ_BOLR_Suburban_2023,35,"All cleaners shall receive either the minimum hour rate provided for above or the following increases, whichever results in the higher rate of pay: Effective January 1, 2024: $0.80 Effective January 1, 2025: $0.80 Effective January 1, 2026: $0.80 Effective January 1, 2027: $0.80 24.3.",HARD,deontic:obligation,2,,,,,,
32BJ_BOL_0349,32BJ_BOLR_Suburban_2023,35,"The minimum wage rate for cleaners shall be $14.80: Effective January 1, 2024: $15.60 Effective January 1, 2025: $16.40 Effective January 1, 2026: $17.20 Effective January 1, 2027: $18.00 24.2.",HARD,deontic:obligation,2,,,,,,
32BJ_BOL_0346,32BJ_BOLR_Suburban_2023,34,"(3) days’ written notice to the other, may terminate this Agreement.",SOFT,deontic:permission,2,,,,,,
32BJ_BOL_0345,32BJ_BOLR_Suburban_2023,34,"During the extended period, the Employer shall negotiate for a successor Agreement retroactive to the expiration date, and all benefits and improvements in such successor Agreement shall be retroactive, if such Agreement shall so provide.",HARD,deontic:obligation,2,,,,,,
32BJ_BOL_0343,32BJ_BOLR_Suburban_2023,34,"Upon the expiration date of this Agreement as set forth above, this Agreement shall thereafter continue in full force and effect for an extended period until a successor Agreement shall have been executed.",HARD,deontic:obligation,2,,,,,,
32BJ_BOL_0342,32BJ_BOLR_Suburban_2023,34,"This Agreement shall be effective from December 16, 2023, through and including December 15, 2027. 31.2.",HARD,deontic:obligation,2,,,,,,
32BJ_BOL_0316,32BJ_BOLR_Suburban_2023,31,(f) The Employer shall check off monthly dues on behalf of supplemental employees in accordance with Article 2 of this Agreement.,HARD,deontic:obligation,2,,,,,,
32BJ_BOL_0315,32BJ_BOLR_Suburban_2023,31,(e) Employees who perform work for the Employer on at least sixty-five (65) days as a supplemental employee prior to becoming a permanent employee shall not be required to serve a probationary period pursuant to Section 3.1 upon becoming a permanent employee.,HARD,deontic:prohibition|deontic:obligation,2,,,,,,
32BJ_BOL_0314,32BJ_BOLR_Suburban_2023,31,"(d) No contributions shall be made on behalf of supplemental employees to the Building Service 32W Health Fund (“Fund”) or the Service Employees International Union Local 32BJ, District 36 BOLR Legal Services Trust Fund.",HARD,deontic:obligation,2,,,,,,
32BJ_BOL_0313,32BJ_BOLR_Suburban_2023,31,"Supplemental employees shall be entitled to paid holidays after they have performed work for the Employer on sixty-five (65) days, and so long as they work on the last day work is offered to them prior to the holiday and on the first day that work is offered to them subsequent to the holiday.",HARD,deontic:obligation,2,,,,,,
32BJ_BOL_0288,32BJ_BOLR_Suburban_2023,29,Should there be a delay in excess of three,SOFT,deontic:preference,2,,,,,,
32BJ_BOL_0287,32BJ_BOLR_Suburban_2023,29,"Should the Employer fail to pay an employee when payment is due, the employee will he owed a penalty payment equal to the period of the delay (for example, payment made on a Monday following a Friday pay date shall result in an additional day of pay to the employee based on the employee’s normal daily schedule of hours).",HARD,deontic:obligation|deontic:preference,2,,,,,,
32BJ_BOL_0286,32BJ_BOLR_Suburban_2023,29,Such employee shall also receive any of the yearly negotiated hourly wage increases that occur while the employee is progressing toward the minimum hourly rate. 24.7.,HARD,deontic:obligation,2,,,,,,
32BJ_BOL_0285,32BJ_BOLR_Suburban_2023,29,"Effective January 1, 2014, the Employer may pay to employees hired on or after that date an hourly wage rate that is $1.00 below the minimum hourly rate set forth in Section 24.1 above.",SOFT,deontic:permission,2,,,,,,
32BJ_BOL_0284,32BJ_BOLR_Suburban_2023,29,The minimum wage rate for all cleaners shall be at all times at least fifty cents $.50 above the statutory minimum wage for cleaners in that county or portion thereof. 24.6.,HARD,deontic:obligation,2,,,,,,
32BJ_BOL_0283,32BJ_BOLR_Suburban_2023,28,Lead-persons and handypersons shall be paid $2.00 per hour more than the minimum rate provided for cleaners or shall receive the over-scale increase as provided above if those increases shall result in a higher rate of pay. 24.4.,HARD,deontic:obligation,2,,,,,,
32BJ_BOL_0282,32BJ_BOLR_Suburban_2023,28,"All cleaners shall receive either the minimum hourly rate provided above or the following increases, whichever results in the higher rate of pay: July 1, 2024 - $1.00;",HARD,deontic:obligation,2,,,,,,
32BJ_BOL_0281,32BJ_BOLR_Suburban_2023,28,"Effective January 1, 2027, the minimum wage rate for cleaners shall be $18.20. 24.2.",HARD,deontic:obligation,2,,,,,,
32BJ_BOL_0193,32BJ_BOLR_Suburban_2023,20,"Any Employer who has a plan in effect prior to the effective date of this Agreement which provides health benefits the equivalent of; or better than, the benefits provided for herein, and the cost of which to the Employer is at least as great, may cover its employees under this existing plan or under this Fund.",SOFT,deontic:permission,2,,,,,,
32BJ_BOL_0279,32BJ_BOLR_Suburban_2023,28,"Effective January 1, 2024, the minimum wage rate for cleaners shall be $15.80 Effective January 1, 2025, the minimum wage rate for cleaners shall be $16.60.",HARD,deontic:obligation,2,,,,,,
32BJ_BOL_0278,32BJ_BOLR_Suburban_2023,28,"Delaware Job Sites (Wilmington) Through December 31, 2023, the minimum wage rate for cleaners shall be $15.00 per hour.",HARD,deontic:obligation,2,,,,,,
32BJ_BOL_0277,32BJ_BOLR_Suburban_2023,28,"Effective July 1, 2027, the minimum wage rate for cleaners shall be $19.95.",HARD,deontic:obligation,2,,,,,,
32BJ_BOL_0276,32BJ_BOLR_Suburban_2023,28,"Effective July 1, 2026, the minimum wage rate for cleaners shall be $19.15.",HARD,deontic:obligation,2,,,,,,
32BJ_BOL_0275,32BJ_BOLR_Suburban_2023,28,"Effective July 1, 2025, the minimum wage rate for cleaners shall be $18.35.",HARD,deontic:obligation,2,,,,,,
32BJ_BOL_0274,32BJ_BOLR_Suburban_2023,28,"Effective July 1, 2024, the minimum wage rate for cleaners shall be $17.50.",HARD,deontic:obligation,2,,,,,,
32BJ_BOL_0273,32BJ_BOLR_Suburban_2023,28,"Philadelphia Suburbs Through June 30, 2024, the minimum wage rate for cleaners shall be $16.50 per hour.",HARD,deontic:obligation,2,,,,,,
32BJ_BOL_0272,32BJ_BOLR_Suburban_2023,27,All interactions between an Employer and the Union regarding sex harassment claims and issues shall be with such Union official(s). 24 SL1 1965866v4 030060.00031,HARD,deontic:obligation,2,,,,,,
32BJ_BOL_0290,32BJ_BOLR_Suburban_2023,29,"Should the Employer twice within a six (6)-month period fail to pay an employee a portion of his base wages (pay for straight-time hours, excluding overtime and premium pay) when such payment is due, upon the second occurrence the Employer shall pay the employee a penalty of 35% of the amount owed on the second occasion and on each subsequent occasion in the six (6)-month period; provided",HARD,deontic:obligation|deontic:preference,2,,,,,,
32BJ_BOL_0292,32BJ_BOLR_Suburban_2023,29,"If the Union agrees to different economic terms and conditions more favorable to the Employer at any location, those terms and conditions shall apply to any other Employer who takes over that location for the duration of the Union’s agreement with the prior Employer.",HARD,deontic:obligation,2,,,,,,
32BJ_BOL_0293,32BJ_BOLR_Suburban_2023,29,"In the event that the Union enters into a contract on or after December 1, 2019 for a commercial office building falling within the scope of, Section 1.1 of this Agreement, the economic terms and conditions of which are more favorable than the terms contained in this Agreement, all Employers shall be entitled to and may have the full benefit of any and all such more favorable terms for any such commercial office building, upon notification to the Union.",HARD,deontic:obligation|deontic:permission,2,,,,,,
32BJ_BOL_0305,32BJ_BOLR_Suburban_2023,30,"No part of the said Industry Promotional Fund and no part of the contributions shall be used for advertising, propaganda or other anti-union activities opposed to the interests of the Union; provided, however, that this shall not preclude the use of the contributions to support BOLR’s position in connection with any collective bargaining with the Union. 27.4.",HARD,deontic:prohibition|deontic:obligation,2,,,,,,
32BJ_BOL_0312,32BJ_BOLR_Suburban_2023,31,"(c) Supplemental employees shall not be entitled to receive any benefits under this Agreement, other than holidays listed in Article 17.",HARD,deontic:prohibition|deontic:obligation,2,,,,,,
32BJ_BOL_0311,32BJ_BOLR_Suburban_2023,31,(b) Supplemental employees shall be treated as probationary employees until they have performed work for the Employer on more than sixty-five (65) days at which point they will be covered by Section 3.1.,HARD,deontic:obligation,2,,,,,,
32BJ_BOL_0310,32BJ_BOLR_Suburban_2023,31,"(a) Supplemental employees shall receive the starting rate, and subsequent wage increases as provided in Section 24.6, along with the annual wage increases as provided in Section 24.1.",HARD,deontic:obligation,2,,,,,,
32BJ_BOL_0309,32BJ_BOLR_Suburban_2023,31,The following terms shall apply to this supplemental pool:,HARD,deontic:obligation,2,,,,,,
32BJ_BOL_0308,32BJ_BOLR_Suburban_2023,31,Each Employer shall establish regional pools of supplemental employees to fill temporary vacancies at job sites within the jurisdiction of this Agreement.,HARD,deontic:obligation,2,,,,,,
32BJ_BOL_0307,32BJ_BOLR_Suburban_2023,30,"It is further expressly understood and agreed that said Industry Promotional Fund shall be applied, among other purposes, but not by way of limitation thereto, in payment of the 27 SL1 1965866v4 030060.00031",HARD,deontic:obligation,2,,,,,,
32BJ_BOL_0306,32BJ_BOLR_Suburban_2023,30,"It is expressly understood that said contribution to the Industry Promotional Fund is not intended to be, and is not, a contribution to the employees, and no employee or Employer shall have any proprietary interest in said Fund. 27.5.",HARD,deontic:obligation|deontic:prohibition,2,,,,,,
32BJ_BOL_0304,32BJ_BOLR_Suburban_2023,30,"Such contributions shall be remitted prior to the 15th of each month for all moneys due for the preceding month and, upon their receipt, in turn shall be transmitted by the Administrator to BOLR no later than the end of the month of receipt, together with a copy of the reporting form submitted by the Employer. 27.3.",HARD,deontic:obligation,2,,,,,,
32BJ_BOL_0296,32BJ_BOLR_Suburban_2023,30,"For this purpose, paid vacations and holidays shall be treated as hours worked.",HARD,deontic:obligation,2,,,,,,
32BJ_BOL_0303,32BJ_BOLR_Suburban_2023,30,"The Employer shall remit to the Administrator of the SEIU Local 32BJ, District 36 Building Operators Trust Funds the contributions to the Industry Promotional Fund, accompanied by forms provided by the Administrator.",HARD,deontic:obligation,2,,,,,,
32BJ_BOL_0302,32BJ_BOLR_Suburban_2023,30,The Union shall notify the BOLR whenever non-members agree to make such contributions to the Industry Promotional Fund. 27.2.,HARD,deontic:obligation,2,,,,,,
32BJ_BOL_0301,32BJ_BOLR_Suburban_2023,30,"In order to be able to utilize the “grievance committee” as provided for in Section 4.1, Step 3 and derive the benefit of this Agreement, each non-member of BOLR must contribute the sum of $.05 per hour for each hour worked (not in excess of forty (40) hours per week) by each employee who has been continuously in its employ for at least thirty (30) days to the Industry Promotional Fund created by BOLR.",HARD,deontic:obligation,2,,,,,,
32BJ_BOL_0300,32BJ_BOLR_Suburban_2023,30,"Effective January 1, 2027, the rate of contribution shall be increased to $.045 per hour.",HARD,deontic:obligation,2,,,,,,
32BJ_BOL_0299,32BJ_BOLR_Suburban_2023,30,"Effective January 1, 2026, the rate of contribution shall be increased to $.04 per hour.",HARD,deontic:obligation,2,,,,,,
32BJ_BOL_0298,32BJ_BOLR_Suburban_2023,30,"Effective January 1, 2025, the rate of contribution shall be increased to $.03 per hour.",HARD,deontic:obligation,2,,,,,,
32BJ_BOL_0297,32BJ_BOLR_Suburban_2023,30,"Effective January 1, 2024, the rate of contribution shall be increased to $.02 per hour.",HARD,deontic:obligation,2,,,,,,
32BJ_BOL_0194,32BJ_BOLR_Suburban_2023,20,"If the Trustees decide the existing plan does not provide equivalent benefits, but does provide health benefits superior to one or more types of health benefits under this Fund, the Employer may participate in the Fund wholly, or partially for hospitalization and/or surgical coverage, and make its payments to the Fund in the amount determined by the Trustees uniformly for all similarly participating Employers. 14.9.",SOFT,deontic:permission,2,,,,,,
32BJ_BOL_0182,32BJ_BOLR_Suburban_2023,19,"If the necessary confirmations and documentation can be provided, the Employer shall establish and sponsor a plan in compliance with the requirements of Section 125 of the Internal Revenue Code, and any regulations issued thereunder, to allow full-time employees to make a premium contribution to the Health Fund for dependent health care coverage.",HARD,deontic:obligation,2,,,,,,
32BJ_BOL_0192,32BJ_BOLR_Suburban_2023,20,Full-time employees at Delaware job sites shall be defined as those employees regularly employed thirty-fifty (35) hours or more per week. 14.8.,HARD,deontic:obligation,2,,,,,,
32BJ_BOL_0056,32BJ_BOLR_Suburban_2023,9,"Step 1: Regardless of whether a meeting is convened between the Union and the Employer representatives as permitted above, there shall be a discussion between the supervisor, the aggrieved employee(s), and the Union Steward within twenty (20) calendar days of the occurrence of the incident giving rise to the grievance.",HARD,deontic:obligation,2,,,,,,
32BJ_BOL_0074,32BJ_BOLR_Suburban_2023,10,The Arbitrator’s decision shall be submitted in writing and shall be final and binding upon the parties.,HARD,deontic:obligation,2,,,,,,
32BJ_BOL_0073,32BJ_BOLR_Suburban_2023,10,The Joint BOLR/Suburban-Local 32BJ Grievance Committee shall be available to non-members of BOLR who adopt the BOLR/Suburban-Local 32BJ Collective Bargaining Agreement.,HARD,deontic:obligation,2,,,,,,
32BJ_BOL_0072,32BJ_BOLR_Suburban_2023,10,An impartial Arbitrator shall be designated from a permanent panel agreed to by the parties as set forth in Side Letter #3 to this Agreement.,HARD,deontic:obligation,2,,,,,,
32BJ_BOL_0071,32BJ_BOLR_Suburban_2023,10,"If the Union desires to have an unresolved dispute arbitrated as herein provided for, it shall notify the Employer of its desire to so arbitrate within thirty (30) working days after receipt of the answer in Step 3.",HARD,deontic:obligation,2,,,,,,
32BJ_BOL_0070,32BJ_BOLR_Suburban_2023,10,"BOLR must be notified of such submission and shall notify the Employer involved, reserving the right to appear as well through its own counsel.",HARD,deontic:obligation|deontic:obligation,2,,,,,,
32BJ_BOL_0069,32BJ_BOLR_Suburban_2023,10,The submission to the impartial Arbitrator in such an event shall be no later than thirty (30) working days after the failure to reach a decision in Step 2.,HARD,deontic:obligation,2,,,,,,
32BJ_BOL_0068,32BJ_BOLR_Suburban_2023,10,"Step 4: Any grievance or dispute as above which cannot be adjusted by the representatives of the parties as aforesaid, may be submitted to an impartial Arbitrator for decision; provided, however, that such Arbitrator shall not have the power to alter this Agreement, or any of its terms, in any way.",HARD,deontic:prohibition|deontic:obligation|deontic:permission,2,,,,,,
32BJ_BOL_0067,32BJ_BOLR_Suburban_2023,10,"The Grievance Committee Procedures shall be as agreed from time to time by the parties, and the Grievance Committee shall meet on a monthly basis, as needed.",HARD,deontic:obligation,2,,,,,,
32BJ_BOL_0066,32BJ_BOLR_Suburban_2023,10,"A decision by a majority of the Grievance Committee at this step of the Grievance Procedure shall be final and binding on the parties involved, and shall be regarded as an Arbitrator’s decision.",HARD,deontic:obligation,2,,,,,,
32BJ_BOL_0065,32BJ_BOLR_Suburban_2023,10,The Grievance Committee shall meet no later than ten (10) working days after receipt of the written grievance and shall reach a decision no later than ten (10) working days after hearing the case.,HARD,deontic:obligation,2,,,,,,
32BJ_BOL_0064,32BJ_BOLR_Suburban_2023,10,"The Grievance Committee shall be composed of Union staff members, advocates, or officers, and BOLR/Suburban Board members or officers, or those who are in line to become BOLR/Suburban Board members or officers.",HARD,deontic:obligation,2,,,,,,
32BJ_BOL_0063,32BJ_BOLR_Suburban_2023,10,The Union shall have ten (10) working days after receiving notice from BOLR of an incomplete grievance form within which to properly complete a revised form and forward it to BOLR.,HARD,deontic:obligation,2,,,,,,
32BJ_BOL_0062,32BJ_BOLR_Suburban_2023,10,A grievance shall not be scheduled for a Grievance Committee meeting if the grievance form is incomplete.,HARD,deontic:prohibition|deontic:obligation,2,,,,,,
32BJ_BOL_0061,32BJ_BOLR_Suburban_2023,10,The grievance shall then be referred to a Grievance Committee which shall consist of two,HARD,deontic:obligation,2,,,,,,
32BJ_BOL_0060,32BJ_BOLR_Suburban_2023,9,"Step 3: If no satisfactory settlement or solution is reached within twenty (20) calendar days after the matter is discussed between the Employer representative involved and the Union at Step 2, then the Union shall submit to the Employer and BOLR the grievance as memorialized on the Union’s standard grievance form, and a grievance submission form detailing the grievant’s name, the name of the Employer, the particular building where the grievance arose, and in non-disciplinary cases, the provision of the Agreement that the Union believes has been violated. 6 SL1 1965866v4 030060.00031",HARD,deontic:obligation,2,,,,,,
32BJ_BOL_0059,32BJ_BOLR_Suburban_2023,9,The Employer Representatives shall meet with the Union Grievance Representative within ten (10) calendar days of the receipt of a written grievance in an attempt to resolve the matter.,HARD,deontic:obligation,2,,,,,,
32BJ_BOL_0058,32BJ_BOLR_Suburban_2023,9,"Step 2: The Union shall request a Step 2 meeting in writing by submitting a grievance stating the grievant’s name, the building, and the Contract provisions violated.",HARD,deontic:obligation,2,,,,,,
32BJ_BOL_0076,32BJ_BOLR_Suburban_2023,10,The fee of the Arbitrator shall be borne equally by both parties. 4.4.,HARD,deontic:obligation,2,,,,,,
32BJ_BOL_0078,32BJ_BOLR_Suburban_2023,11,must be presented no later than thirty (30) calendar days after the Union has knowledge of same or should have had knowledge of same.,HARD,deontic:obligation|deontic:preference,2,,,,,,
32BJ_BOL_0080,32BJ_BOLR_Suburban_2023,11,"In no event shall back pay or other financial award be granted against an Employer for any violation of the wage, fringe benefits or Union security provisions of this Agreement that was committed by another employer.",HARD,deontic:obligation,2,,,,,,
32BJ_BOL_0092,32BJ_BOLR_Suburban_2023,12,The Employer shall notify the Union in writing (no later than three,HARD,deontic:obligation,2,,,,,,
32BJ_BOL_0099,32BJ_BOLR_Suburban_2023,12,"Should the Union not possess the information necessary for the successor contractor to determine vacation and personal day entitlements for the remainder of the year, the Union shall obtain this information from the predecessor contractor pursuant to Section 5.3 of this Agreement.",HARD,deontic:obligation|deontic:preference,2,,,,,,
32BJ_BOL_0191,32BJ_BOLR_Suburban_2023,20,"Employees in the Philadelphia Suburbs who were regularly employed for twenty-seven and one half (27½) hours or more per week as of December 15, 2015, shall continue to be considered full-time employees for purposes of health insurance entitlements.",HARD,deontic:obligation,2,,,,,,
32BJ_BOL_0097,32BJ_BOLR_Suburban_2023,12,"The predecessor owner or Contractor shall notify the successor owner or contractor of the amount of vacation and personal days to which each employee is entitled during the year that the contract changes, and the amount of vacation and personal days each employee has already taken, so that the successor is aware of the employees’ remaining vacation leave and personal days during the course of that year.",HARD,deontic:obligation,2,,,,,,
32BJ_BOL_0096,32BJ_BOLR_Suburban_2023,12,"Vacation and personal day rights of employees shall not be affected by a change of ownership or management in the building or cleaning contractor so long as the employees remain in the employ of the new owner or successor cleaning contractor, and the new owner or successor cleaning contractor shall thereupon be responsible for the payment of same.",HARD,deontic:prohibition|deontic:obligation,2,,,,,,
32BJ_BOL_0095,32BJ_BOLR_Suburban_2023,12,The Employer shall provide the Union within five,HARD,deontic:obligation,2,,,,,,
32BJ_BOL_0094,32BJ_BOLR_Suburban_2023,12,Inaccuracies in the information provided by the incumbent Employer shall not excuse any obligations under this Agreement of the Employer acquiring the account/location. 5.6.,HARD,deontic:prohibition|deontic:obligation,2,,,,,,
32BJ_BOL_0093,32BJ_BOLR_Suburban_2023,12,"(3) business days after receiving cancellation notice, the Employer shall provide to the Union a list of all employees at the account/location, their wage rates, the number of hours worked, the dates of hire, the benefit fund contributions made for employees (via benefit fund remittance reports, and supplements to such reports that detail any changes), and vacation and personal day entitlement and usage, and the number of holidays. 5.4.",HARD,deontic:obligation,2,,,,,,
32BJ_BOL_0091,32BJ_BOLR_Suburban_2023,11,"Employees retained on takeover shall not have their rates of pay, hours worked or other terms and conditions reduced. 8 SL1 1965866v4 030060.00031",HARD,deontic:prohibition|deontic:obligation,2,,,,,,
32BJ_BOL_0081,32BJ_BOLR_Suburban_2023,11,Any grievance not appealed to the next higher step of the Grievance Procedure or to arbitration within the time limits specified shall be deemed to have been settled on the basis of the Employer’s last answer.,HARD,deontic:obligation,2,,,,,,
32BJ_BOL_0090,32BJ_BOLR_Suburban_2023,11,"Employees retained by the employer shall be given credit for length of service with the predecessor employer(s) for all purposes including but not limited to seniority and vacation entitlement, personal days, and completion of the trial period.",HARD,deontic:obligation,2,,,,,,
32BJ_BOL_0088,32BJ_BOLR_Suburban_2023,11,An Employer that transfers employees to any job in anticipation of being terminated from that job shall be required to return such employees to their previous positions with full seniority.,HARD,deontic:obligation,2,,,,,,
32BJ_BOL_0087,32BJ_BOLR_Suburban_2023,11,These employees shall not replace any regular employees already on the payroll of that employer.,HARD,deontic:prohibition|deontic:obligation,2,,,,,,
32BJ_BOL_0086,32BJ_BOLR_Suburban_2023,11,Any employer who adds employees to any job in anticipation of being terminated from that job shall be required to place the added employees on its payroll permanently.,HARD,deontic:obligation,2,,,,,,
32BJ_BOL_0084,32BJ_BOLR_Suburban_2023,11,All time limits set forth in this Article may be extended upon mutual written agreement.” ARTICLE 5 - CONTRACTOR TRANSITION 5.1.,SOFT,deontic:permission,2,,,,,,
32BJ_BOL_0083,32BJ_BOLR_Suburban_2023,11,"The Employer agrees that, in the event the Union initially declines to pursue a grievance to arbitration concerning the suspension or discharge of an employee, the time strictures for filing for arbitration shall be tolled pending the employee exhausting his or her appeal rights pursuant to the Union’s Constitution and By-Laws, provided the following requirements are satisfied:",HARD,deontic:obligation,2,,,,,,
32BJ_BOL_0082,32BJ_BOLR_Suburban_2023,11,Failure of either party to meet the time limits of this Article shall automatically cause the grievance to be decided in favor of the other party.,HARD,deontic:obligation,2,,,,,,
32BJ_BOL_0057,32BJ_BOLR_Suburban_2023,9,"Should the matter not be resolved in this meeting, a grievance shall be filed no later than twenty (20) calendar days after the Employer’s decision in this initial meeting.",HARD,deontic:obligation|deontic:preference,2,,,,,,
32BJ_BOL_0055,32BJ_BOLR_Suburban_2023,9,"Should this effort be unsuccessful, a grievance must be processed in accordance with the procedures set forth below, or it will not be considered.",HARD,deontic:obligation|deontic:preference,2,,,,,,
32BJ_BOL_0101,32BJ_BOLR_Suburban_2023,12,"(3) calendar days after receiving the Union’s written request, the Union shall proceed immediately to expedited arbitration before the Arbitrator on the Contract panel with the earliest availability, and without having to exhaust the grievance procedures in this Agreement.",HARD,deontic:obligation,2,,,,,,
32BJ_BOL_0054,32BJ_BOLR_Suburban_2023,9,"Prior to initiating the grievance procedure, the duly designated offer or agent of the Union may meet with a duly designated agent of the Employer in order to attempt to resolve the matter.",SOFT,deontic:permission,2,,,,,,
32BJ_BOL_0030,32BJ_BOLR_Suburban_2023,7,"If the Arbitrator determines that the employee has not complied with the requirements of this Article, the employee shall be discharged within ten (10) days after written notice of the determination has been given to the Employer. 2.3.",HARD,deontic:obligation,2,,,,,,
32BJ_BOL_0029,32BJ_BOLR_Suburban_2023,7,"If the Employer questions the propriety of the discharge, the Employer shall immediately submit the matter to the Arbitrator.",HARD,deontic:obligation,2,,,,,,
32BJ_BOL_0027,32BJ_BOLR_Suburban_2023,6,"In the event the Union security provision of this Agreement is held to be invalid, unenforceable, or of no legal effect generally or with respect to any Employer because of interpretation or a change in federal or state statute, city ordinance or rule, or decision of any government administrative body, agency or subdivision, the permissible Union security clause under such statute, decision or regulation shall be enforceable as a substitute for the Union security clause provided for herein. 3 SL1 1965866v4 030060.00031",HARD,deontic:obligation,2,,,,,,
32BJ_BOL_0026,32BJ_BOLR_Suburban_2023,6,"It shall be a condition of employment that all employees covered by this Agreement shall become and remain members in the Union on the 31st day following the date this Article applies to their work-location or their employment, whichever is later.",HARD,deontic:obligation,2,,,,,,
32BJ_BOL_0025,32BJ_BOLR_Suburban_2023,6,"Where required by law, upon the Union’s demonstration that a majority of employees at a location (or contiguous grouping of locations) covered by this Agreement or, at the Union’s option, at any other appropriate grouping of locations covered by this Agreement have designated the Union as their bargaining representative by signing authorization cards or petitions, the Employer shall recognize the Union for that location or locations.",HARD,deontic:obligation,2,,,,,,
32BJ_BOL_0024,32BJ_BOLR_Suburban_2023,6,"Where a Union meeting among employees must be conducted off-site, the Union shall be responsible for selecting such site and the Union and the Employer will share equally the cost, if any, of renting such location. 1.10.",HARD,deontic:obligation|deontic:obligation,2,,,,,,
32BJ_BOL_0022,32BJ_BOLR_Suburban_2023,6,Any meeting among the employees conducted by the Union must be outside the Scheduled working time of the employees at the site involved.,HARD,deontic:obligation,2,,,,,,
32BJ_BOL_0020,32BJ_BOLR_Suburban_2023,6,"The Employer will not impede, and the Union shall have the right of, access to its employees at the work-site.",HARD,deontic:obligation,2,,,,,,
32BJ_BOL_0018,32BJ_BOLR_Suburban_2023,5,"Should an Employer fail to make a payment, the Union retains the right to grieve and arbitrate this matter. 1.8.",SOFT,deontic:preference,2,,,,,,
32BJ_BOL_0017,32BJ_BOLR_Suburban_2023,5,BOLR shall notify the Union of receipt regarding each such payment.,HARD,deontic:obligation,2,,,,,,
32BJ_BOL_0016,32BJ_BOLR_Suburban_2023,5,"After the Employer for the second time within the term of this Agreement fails to provide the above information as required, the Employer shall be required to pay the sum of Five Hundred Dollars ($500.00) to the BOLR Scholarship Fund by the 15th day of the following month.",HARD,deontic:obligation,2,,,,,,
32BJ_BOL_0015,32BJ_BOLR_Suburban_2023,5,"The Employer shall also monthly notify the Union in writing of all changes in employees’ work status, including increases or decreases in working hours, changes in wage rates and/or work locations, terminations or separations, and change in status from temporary to permanent, where applicable.",HARD,deontic:obligation,2,,,,,,
32BJ_BOL_0014,32BJ_BOLR_Suburban_2023,5,"The Employer shall monthly notify the Union in writing of the name, social security number (last four digits), home address, wage rate, job assignment and shift of each new employee engaged by the Employer.",HARD,deontic:obligation,2,,,,,,
32BJ_BOL_0013,32BJ_BOLR_Suburban_2023,5,In no event shall the Employer provide such information to the Union more than ten (10) business days after the Union’s written request.,HARD,deontic:obligation,2,,,,,,
32BJ_BOL_0012,32BJ_BOLR_Suburban_2023,5,"The Employer shall also provide the employee’s email address and phone number, but only if it has such information in its records.",HARD,deontic:obligation,2,,,,,,
32BJ_BOL_0008,32BJ_BOLR_Suburban_2023,5,Such Rider Agreements shall be supplied in advance to the Contractors who bid on the work. 1.6.,HARD,deontic:obligation,2,,,,,,
32BJ_BOL_0004,32BJ_BOLR_Suburban_2023,4,Article 9.2 shall not apply during negotiations for a rider agreement. 1.3.,HARD,deontic:prohibition|deontic:obligation,2,,,,,,
32BJ_BOL_0031,32BJ_BOLR_Suburban_2023,7,"The Employer shall be responsible for all revenue lost by the Union by reason of any failure to discharge an employee who is not a member of the Union, if the Union has so requested in writing.",HARD,deontic:obligation,2,,,,,,
32BJ_BOL_0032,32BJ_BOLR_Suburban_2023,7,"In cases involving removal of employees for non-payment of the requirements of this Article, the Arbitrator shall have the authority to assess liquidated damages. 2.4.",HARD,deontic:obligation,2,,,,,,
32BJ_BOL_0033,32BJ_BOLR_Suburban_2023,7,The Union shall have the right to inspect the Employer’s payroll records to determine the employees of the Employer who are covered by this Agreement. 2.5.,HARD,deontic:obligation,2,,,,,,
32BJ_BOL_0046,32BJ_BOLR_Suburban_2023,8,The Employer shall provide the Union with a copy of any such statement at the same time. 3.3.,HARD,deontic:obligation,2,,,,,,
32BJ_BOL_0053,32BJ_BOLR_Suburban_2023,9,"Should differences arise between the Union and the Employer as to the meaning and application of any term or provision of this Agreement, an earnest effort shall be made to settle such differences as promptly as possible by the utilization of the grievance procedure.",HARD,deontic:obligation|deontic:preference,2,,,,,,
32BJ_BOL_0052,32BJ_BOLR_Suburban_2023,9,"In addition, the Union shall promptly provide such information to the Employer upon its written request.",HARD,deontic:obligation,2,,,,,,
32BJ_BOL_0051,32BJ_BOLR_Suburban_2023,9,"The Union shall provide the Employer the name(s) of the Union Steward(s) at each location in writing, and will provide the Employer with written updates of such information whenever there is a change of Steward at any location.",HARD,deontic:obligation,2,,,,,,
32BJ_BOL_0050,32BJ_BOLR_Suburban_2023,9,"A Union Steward in the employee’s building shall be permitted reasonable time off necessary to provide representation to employees without loss of pay, whenever these meetings occur within the employee’s building.",HARD,deontic:obligation,2,,,,,,
32BJ_BOL_0049,32BJ_BOLR_Suburban_2023,9,"Before imposing any discipline, the Employer, at the employee’s request, shall first notify the employee’s Union Steward and shall allow the Union Steward to be present when the discipline is issued, if the Union Steward is available during the particular shift.",HARD,deontic:obligation,2,,,,,,
32BJ_BOL_0048,32BJ_BOLR_Suburban_2023,8,Any warning notices entered into an employee’s personnel file shall not be considered for purposes of assessing discipline after a 5 SL1 1965866v4 030060.00031,HARD,deontic:prohibition|deontic:obligation,2,,,,,,
32BJ_BOL_0047,32BJ_BOLR_Suburban_2023,8,"The steps shall be verbal documented, written warning, written warning w/a suspension and termination, all similar in nature.",HARD,deontic:obligation,2,,,,,,
32BJ_BOL_0045,32BJ_BOLR_Suburban_2023,8,The Employer shall give any employee discharged or disciplined a written statement of the grounds for the discharge or discipline within a reasonable period of time not to exceed seven,HARD,deontic:obligation,2,,,,,,
32BJ_BOL_0035,32BJ_BOLR_Suburban_2023,7,"The transmittal shall be accompanied with information regarding the employees for whom the dues are transmitted, the amount of dues payment for each employee, the employee’s wage rate, the employee’s date of hire, the employee’s location or location change, whether the employee is part-time or full-time, the employee’s social security number, the employee’s address and the employee’s classification.",HARD,deontic:obligation,2,,,,,,
32BJ_BOL_0044,32BJ_BOLR_Suburban_2023,8,"Employees hired shall not be discharged, suspended or otherwise disciplined by the Employer without just cause after completing a trial or probationary period of sixty-five (65) days of actual work. 3.2.",HARD,deontic:prohibition|deontic:obligation,2,,,,,,
32BJ_BOL_0043,32BJ_BOLR_Suburban_2023,8,"Employees shall not be discharged, suspended or otherwise disciplined by the Employer without just cause after completing a trial or probationary period of sixty-five (65) days of actual work.",HARD,deontic:prohibition|deontic:obligation,2,,,,,,
32BJ_BOL_0042,32BJ_BOLR_Suburban_2023,8,"At the time of hire, the Employer shall give to the new employees a packet, provided by the Union, containing a Union membership application form, check-off authorization form, American Dream Fund authorization form, and where appropriate, benefit fund enrollment forms.",HARD,deontic:obligation,2,,,,,,
32BJ_BOL_0041,32BJ_BOLR_Suburban_2023,8,"If an employee does not revoke his or her dues check-off authorization at the end of the year following the date of authorization, or at the end of the current contract, whichever is earlier, the employee shall be deemed to have renewed his or her authorization for another year, or until the expiration of the next succeeding contract, whichever is earlier. 2.8.",HARD,deontic:obligation,2,,,,,,
32BJ_BOL_0039,32BJ_BOLR_Suburban_2023,8,The Employer may accept confirmations from the Union that the Union possesses electronic records of such membership or request proof of any such electronic authorization and give full force and effect to such authorizations as “written authorization” for purposes of this Agreement. 2.6.,SOFT,deontic:permission,2,,,,,,
32BJ_BOL_0037,32BJ_BOLR_Suburban_2023,7,The Union shall designate an official in its Dues Department to facilitate dues collection in Philadelphia and interact with Philadelphia area Employers.,HARD,deontic:obligation,2,,,,,,
32BJ_BOL_0036,32BJ_BOLR_Suburban_2023,7,The Union shall provide any necessary training opportunity to the employer to facilitate electronic transmittals.,HARD,deontic:obligation,2,,,,,,
32BJ_BOL_0100,32BJ_BOLR_Suburban_2023,12,Should the predecessor fail to provide this information within three,SOFT,deontic:preference,2,,,,,,
32BJ_BOL_0098,32BJ_BOLR_Suburban_2023,12,"Whenever the successor contractor does not receive the requisite information from the predecessor owner or contractor, it shall contact the Union, and the Union shall provide it with whatever information it possesses.",HARD,deontic:obligation,2,,,,,,
32BJ_BOL_0102,32BJ_BOLR_Suburban_2023,13,"After completion of the probationary period, an employee shall attain seniority as of his/her date of employment.",HARD,deontic:obligation,2,,,,,,
32BJ_BOL_0171,32BJ_BOLR_Suburban_2023,18,A non-probationary employee shall be entitled to take an unpaid leave of absence of one,HARD,deontic:obligation,2,,,,,,
32BJ_BOL_0169,32BJ_BOLR_Suburban_2023,18,"In the case of the death of a brother-in-law, sister-in-law, or a domestic partner of a non-probationary employee, the employee shall be permitted to take a leave of absence of one",HARD,deontic:obligation,2,,,,,,
32BJ_BOL_0168,32BJ_BOLR_Suburban_2023,18,Under no circumstances shall the application of this clause result in a change in the employee’s basic weekly salary.,HARD,deontic:obligation,2,,,,,,
32BJ_BOL_0167,32BJ_BOLR_Suburban_2023,18,"In the case of a death in the immediate family (namely the death of a parent, spouse, child, grandchild, brother, sister, step-parent, step-child(ren), or parent-in-law or grandparent) of a non-probationary employee, requiring the employee’s absence from the employee’s regularly scheduled assignment, the employee shall be permitted to take a leave of absence of three",HARD,deontic:obligation,2,,,,,,
32BJ_BOL_0166,32BJ_BOLR_Suburban_2023,18,Personal leave not used by the end of the year shall not be carried over to the following year.,HARD,deontic:prohibition|deontic:obligation,2,,,,,,
32BJ_BOL_0164,32BJ_BOLR_Suburban_2023,17,"If a building is closed due to circumstances beyond the workers’ or contractors’ control due to weather or other emergency, the employees shall have the right to use accrued vacation and sick time.",HARD,deontic:obligation,2,,,,,,
32BJ_BOL_0163,32BJ_BOLR_Suburban_2023,17,"When a holiday occurs during the employee’s vacation, the employee shall be entitled to an extra day vacation or at the option of the Employer, an extra day’s wage.",HARD,deontic:obligation,2,,,,,,
32BJ_BOL_0162,32BJ_BOLR_Suburban_2023,17,"The vacation period shall commence January 1st and extend through to the following December 31st, after eligibility has been reached.",HARD,deontic:obligation,2,,,,,,
32BJ_BOL_0161,32BJ_BOLR_Suburban_2023,17,The Employer shall not unreasonably deny an employee’s request to take vacation.,HARD,deontic:prohibition|deontic:obligation,2,,,,,,
32BJ_BOL_0160,32BJ_BOLR_Suburban_2023,17,Employees may take up to five,SOFT,deontic:permission,2,,,,,,
32BJ_BOL_0159,32BJ_BOLR_Suburban_2023,17,"It is understood, however, that vacations must be arranged to suit the Employer’s convenience and schedules and the final determination in this regard shall be left to the Employer.",HARD,deontic:obligation|deontic:obligation,2,,,,,,
32BJ_BOL_0158,32BJ_BOLR_Suburban_2023,17,"Requests for vacation made on or after March 1 shall be granted in the order received, regardless of seniority.",HARD,deontic:obligation,2,,,,,,
32BJ_BOL_0157,32BJ_BOLR_Suburban_2023,17,"As far as practicable, the selection and preference as to the time of taking vacation shall be granted to employees on the basis of seniority for vacation requests made prior to March 1 for the year.",HARD,deontic:obligation,2,,,,,,
32BJ_BOL_0156,32BJ_BOLR_Suburban_2023,17,"Further should an eligible employee have his employment terminated, the Employer shall pay the employee such vacation along with the employee’s last paycheck.",HARD,deontic:obligation|deontic:preference,2,,,,,,
32BJ_BOL_0155,32BJ_BOLR_Suburban_2023,17,"(1) week coinciding with or including at least one of his regular work weeks (for example, Monday through Friday), the Employer shall pay the full vacation pay to the employee no later than the employee’s last scheduled day of work prior to the beginning of the employee’s vacation.",HARD,deontic:obligation,2,,,,,,
32BJ_BOL_0154,32BJ_BOLR_Suburban_2023,17,"In order to receive pay for such unused vacation, an employee who voluntarily leaves employment must give the Employer at least two",HARD,deontic:obligation,2,,,,,,
32BJ_BOL_0103,32BJ_BOLR_Suburban_2023,13,"Seniority of an employee shall be based upon total length of service with the Employer or as a permanent employee at a particular location, whichever is greater.",HARD,deontic:obligation,2,,,,,,
32BJ_BOL_0151,32BJ_BOLR_Suburban_2023,16,(1) week’s vacation pay for an employee shall be equal to the 13 SL1 1965866v4 030060.00031,HARD,deontic:obligation,2,,,,,,
32BJ_BOL_0170,32BJ_BOLR_Suburban_2023,18,The Employer shall provide forms to the employees allowing them to identify their domestic partner.,HARD,deontic:obligation,2,,,,,,
32BJ_BOL_0172,32BJ_BOLR_Suburban_2023,18,Any employee who is entitled to funeral leave in accordance with Section 13.1 above shall be permitted to take up to five,HARD,deontic:obligation,2,,,,,,
32BJ_BOL_0149,32BJ_BOLR_Suburban_2023,16,"With respect to non-Delaware employees hired on or after December 16, 2011, after completing his or her first twelve (12) months of service, a new employee shall be entitled for the remainder of that calendar year to take the amount of vacation derived by dividing the number of full calendar months remaining in that year by twelve (12) months and multiplying the result by five",HARD,deontic:obligation,2,,,,,,
32BJ_BOL_0173,32BJ_BOLR_Suburban_2023,18,An employee may be required to submit proof of death and/or that the deceased was within the class of relatives specified and/or that the employee attended the funeral. 13.4.,SOFT,deontic:permission,2,,,,,,
32BJ_BOL_0190,32BJ_BOLR_Suburban_2023,20,Full-time employees in the Philadelphia Suburbs shall be defined as those employees regularly employed thirty (30) hours or more per week.,HARD,deontic:obligation,2,,,,,,
32BJ_BOL_0189,32BJ_BOLR_Suburban_2023,20,The Employer shall make health fund contributions for all full-time window cleaners at the rate for full-time employees. 14.7.,HARD,deontic:obligation,2,,,,,,
32BJ_BOL_0188,32BJ_BOLR_Suburban_2023,20,The Employer shall contribute to the Fund for each regular part-time employee $40 per month. 14.6.,HARD,deontic:obligation,2,,,,,,
32BJ_BOL_0187,32BJ_BOLR_Suburban_2023,20,employee has elected dependent child coverage shall follow the Health Fund’s eligibility and special enrollment rules. 14.5.,HARD,deontic:obligation,2,,,,,,
32BJ_BOL_0186,32BJ_BOLR_Suburban_2023,19,"Enrollment of children due to family status changes, such as the birth or adoption of a child or loss of coverage by a non-enrolled dependent, may be done at any time in accordance with the Health Fund special enrollment rules as set forth in the Health Fund Summary Plan Description.",SOFT,deontic:permission,2,,,,,,
32BJ_BOL_0185,32BJ_BOLR_Suburban_2023,19,No employee may make a retroactive payment to secure retroactive health coverage for a dependent child.,HARD,deontic:prohibition|deontic:permission,2,,,,,,
32BJ_BOL_0184,32BJ_BOLR_Suburban_2023,19,Newly hired employees may elect dependent child coverage any time within one hundred twenty (120) days after their date of hire.,SOFT,deontic:permission,2,,,,,,
32BJ_BOL_0183,32BJ_BOLR_Suburban_2023,19,The Employer shall remit contributions to the Health Fund in accordance with the Health Fund’s policies and procedures at rates established by the Fund.,HARD,deontic:obligation,2,,,,,,
32BJ_BOL_0002,32BJ_BOLR_Suburban_2023,4,Article 9.2 shall not apply during negotiations for a Rider Agreement. 1.2.,HARD,deontic:prohibition|deontic:obligation,2,,,,,,
32BJ_BOL_0181,32BJ_BOLR_Suburban_2023,19,The Employer agrees to work in good faith with the Union and the Health Fund to get the necessary confirmations and documentation the Employer reasonably deems necessary so that employee contributions for said dependent health care coverage may be deducted on a pre-tax basis from the wages of eligible full-time employees who have elected such coverage through a Section 125 Plan.,SOFT,deontic:permission,2,,,,,,
32BJ_BOL_0180,32BJ_BOLR_Suburban_2023,19,"Dependent Health Care Coverage: The Health Fund shall offer dependent health care coverage that satisfies the requirements of the Affordable Care Act, to eligible full-time employees who elect such dependent coverage in accordance with the Fund’s enrollment procedures and agree to contribute at rates to be determined by the Health Fund Trustees.",HARD,deontic:obligation,2,,,,,,
32BJ_BOL_0179,32BJ_BOLR_Suburban_2023,19,"Employees who are on workers’ compensation or who are receiving disability benefits or disability pension shall be covered by the Health Fund until they may be covered by Medicare or thirty (30) months from the date of disability, whichever is earlier. 14.3.",HARD,deontic:obligation|deontic:permission,2,,,,,,
32BJ_BOL_0178,32BJ_BOLR_Suburban_2023,18,"The Employer agrees to make payment into a health trust fund, known as the “Building Service 32BJ Health Fund” (“Fund”) to cover employees covered by this Agreement and/or group life insurance coverage under such provisions, rules and regulations and for such benefits as may be determined by the Trustees of the fund, as provided in the Agreement and Declaration of Trust, at the contribution rates provided for herein. 15 SL1 1965866v4 030060.00031",SOFT,deontic:permission,2,,,,,,
32BJ_BOL_0177,32BJ_BOLR_Suburban_2023,18,An employee may be required to submit proof of jury duty and/or proof that the employee attended jury duty and/or was paid for said service.,SOFT,deontic:permission,2,,,,,,
32BJ_BOL_0176,32BJ_BOLR_Suburban_2023,18,No employee may be required to work on a day he has jury duty. 13.5.,HARD,deontic:prohibition|deontic:permission,2,,,,,,
32BJ_BOL_0175,32BJ_BOLR_Suburban_2023,18,Jury Duty pay shall be limited to two weeks in any year.,HARD,deontic:obligation,2,,,,,,
32BJ_BOL_0174,32BJ_BOLR_Suburban_2023,18,An employee who has completed his probationary period and who is required to report to court to answer a July summons or serve as a juror on days he is regularly scheduled to work will be reimbursed the difference between the amount he receives for jury service and his regular pay.,HARD,deontic:obligation,2,,,,,,
32BJ_BOL_0150,32BJ_BOLR_Suburban_2023,16,(1) day’s vacation pay for an employee shall be equal to the compensation the employee receives when the employee works his or her normally scheduled workday and one,HARD,deontic:obligation,2,,,,,,
32BJ_BOL_0152,32BJ_BOLR_Suburban_2023,17,Each employee shall be paid each week’s vacation pay by separate check or shall have taxes computed at their regular weekly rate of pay. 11.4.,HARD,deontic:obligation,2,,,,,,
32BJ_BOL_0148,32BJ_BOLR_Suburban_2023,16,"An employee’s service for purposes of determining his or her vacation entitlement shall be calculated as of December 31 of each year; for employees in Delaware, as of their anniversary date each year.",HARD,deontic:obligation,2,,,,,,
32BJ_BOL_0125,32BJ_BOLR_Suburban_2023,14,"Should the Employer desire to reduce the work force, it shall give three",HARD,deontic:obligation|deontic:preference,2,,,,,,
32BJ_BOL_0122,32BJ_BOLR_Suburban_2023,14,No more than one employee per building shall be granted a leave of absence at the same time.,HARD,deontic:obligation,2,,,,,,
32BJ_BOL_0147,32BJ_BOLR_Suburban_2023,16,"(1) year of service, he/she shall not be entitled to payment for any such vacation days.",HARD,deontic:prohibition|deontic:obligation,2,,,,,,
32BJ_BOL_0120,32BJ_BOLR_Suburban_2023,14,"If the leave of absence ends within that period, the employee shall have a right of return to the position he/she occupied at the time the leave began.",HARD,deontic:obligation,2,,,,,,
32BJ_BOL_0119,32BJ_BOLR_Suburban_2023,14,Employees laid off shall have recall rights for up to the lesser of the employee’s length of employment or one,HARD,deontic:obligation,2,,,,,,
32BJ_BOL_0118,32BJ_BOLR_Suburban_2023,14,"If there are no volunteers, the junior employee in the building to which the displaced employee is transferred shall be selected for transfer and receive the same protections offered to the transferred employee. 6.7.",HARD,deontic:obligation,2,,,,,,
32BJ_BOL_0117,32BJ_BOLR_Suburban_2023,14,"In the event an employee is transferred to another building and is not filling a vacant position, the Employer shall seek volunteers within the job title of employees in the building to which the displaced employee is transferred for transfer to the building from which the initial transfer occurred, on the basis of seniority.",HARD,deontic:obligation,2,,,,,,
32BJ_BOL_0116,32BJ_BOLR_Suburban_2023,14,The Employer may not solicit a demand from a customer that an employee be removed from a location in order to circumvent Section 3.1 of this Agreement.,SOFT,deontic:restriction|deontic:permission,2,,,,,,
32BJ_BOL_0115,32BJ_BOLR_Suburban_2023,13,There shall be no transfer of employees from one location to another without the Union’s consent.,HARD,deontic:obligation,2,,,,,,
32BJ_BOL_0114,32BJ_BOLR_Suburban_2023,13,Overtime shall be offered to all employees in rotation by seniority.,HARD,deontic:obligation,2,,,,,,
32BJ_BOL_0113,32BJ_BOLR_Suburban_2023,13,Seniority shall prevail for the assignment of vacation selections.,HARD,deontic:obligation,2,,,,,,
32BJ_BOL_0111,32BJ_BOLR_Suburban_2023,13,Seniority shall continue to accrue for a period of two,HARD,deontic:obligation,2,,,,,,
32BJ_BOL_0110,32BJ_BOLR_Suburban_2023,13,Seniority shall continue to accrue for up to one,HARD,deontic:obligation,2,,,,,,
32BJ_BOL_0108,32BJ_BOLR_Suburban_2023,13,"For layoffs within a building, seniority shall be based upon total length of service in the building.",HARD,deontic:obligation,2,,,,,,
32BJ_BOL_0106,32BJ_BOLR_Suburban_2023,13,Classifications shall not be based on the hours that employees work.,HARD,deontic:prohibition|deontic:obligation,2,,,,,,
32BJ_BOL_0104,32BJ_BOLR_Suburban_2023,13,Location shall be defined as the building or buildings located in the same complex covered by the same contract between the Employer and the managing agent or owner. 6.2.,HARD,deontic:obligation,2,,,,,,
32BJ_BOL_0123,32BJ_BOLR_Suburban_2023,14,No employee shall be assigned an unreasonable workload. 7.2.,HARD,deontic:obligation|deontic:prohibition,2,,,,,,
32BJ_BOL_0121,32BJ_BOLR_Suburban_2023,14,The leave of absence may be shortened and the employee returned to work pursuant to the above provided the Union gives the Employer two,SOFT,deontic:permission,2,,,,,,
32BJ_BOL_0136,32BJ_BOLR_Suburban_2023,15,"If such information is not provided, the Union shall have the right to engage in a work stoppage until such information is supplied.",HARD,deontic:obligation,2,,,,,,
32BJ_BOL_0133,32BJ_BOLR_Suburban_2023,15,The Employer may not permanently replace or discipline any employee because he or she refuses to pass such a picket line. 9.2.,SOFT,deontic:restriction|deontic:permission,2,,,,,,
32BJ_BOL_0146,32BJ_BOLR_Suburban_2023,16,Should an employee’s employment terminate prior to his/her completing one,SOFT,deontic:preference,2,,,,,,
32BJ_BOL_0144,32BJ_BOLR_Suburban_2023,16,The Union and the Employer shall discuss the number and duration of such leaves of absence in any period of time. 10.3.,HARD,deontic:obligation,2,,,,,,
32BJ_BOL_0142,32BJ_BOLR_Suburban_2023,15,"During such leave, the employee must use all unused personal days and vacation to which the employee is entitled at the time the leave began (to the extent the number of days of such unused paid time off does not exceed the leave period). 12 SL1 1965866v4 030060.00031",HARD,deontic:obligation,2,,,,,,
32BJ_BOL_0139,32BJ_BOLR_Suburban_2023,15,The Employer shall not unreasonably withhold approval of such leave providing that the leave is compatible with the proper operation of the location.,HARD,deontic:prohibition|deontic:obligation,2,,,,,,
32BJ_BOL_0138,32BJ_BOLR_Suburban_2023,15,The employee must request personal leave in writing thirty (30) days prior to the date of the requested leave.,HARD,deontic:obligation,2,,,,,,
32BJ_BOL_0137,32BJ_BOLR_Suburban_2023,15,"Employees may request a sixty (60) day Personal or Emergency Leave if they have been employed at least twelve (12) months (at least twenty-four (24) months for employees hired on or after December 16, 2019).",SOFT,deontic:permission,2,,,,,,
32BJ_BOL_0135,32BJ_BOLR_Suburban_2023,15,The Employer shall provide staffing information to the Union upon its request for any job which it currently services within five,HARD,deontic:obligation,2,,,,,,
32BJ_BOL_0363,32BJ_BOLR_Suburban_2023,40,"Upon such request, the Local shall then promptly meet with the Employer to discuss the matter in good faith.",HARD,deontic:obligation,2,,,,,,
32BJ_BOL_0127,32BJ_BOLR_Suburban_2023,14,"(3) weeks’ notice, the Employer will provide as much notice as possible under the circumstances, which in no event shall be less than one",HARD,deontic:obligation,2,,,,,,
32BJ_BOL_0132,32BJ_BOLR_Suburban_2023,15,"No employee covered by this Agreement shall be required to pass lawful primary picket lines established by Local 32BJ or another SEIU Local Union in an authorized strike, including picket lines established by Local 32BJ or another SEIU Local Union pursuant to an authorized strike at another job location.",HARD,deontic:obligation|deontic:prohibition,2,,,,,,
32BJ_BOL_0131,32BJ_BOLR_Suburban_2023,15,"The Employer shall assume and, along with the Union, be bound by any rider Agreement upon assuming operations at the account or location to which the rider Agreement applies.",HARD,deontic:obligation,2,,,,,,
32BJ_BOL_0128,32BJ_BOLR_Suburban_2023,14,"At the conclusion of the notice period, if the Union is not satisfied, the Employer may implement its decision and the Union may seek arbitration on an expedited basis without resort to the Grievance Procedure. 11 SL1 1965866v4 030060.00031",SOFT,deontic:permission,2,,,,,,
32BJ_BOL_0129,32BJ_BOLR_Suburban_2023,15,"In the event the building is being closed for conversion or redevelopment, the Employer shall meet with the Union upon learning of such conversion or redevelopment to discuss the impact on employees, including the anticipated timeline for the wind-down of the operations and opportunities to minimize displacement of employees.",HARD,deontic:obligation,2,,,,,,
32BJ_BOL_0261,32BJ_BOLR_Suburban_2023,26,"directly or indirectly (including but not limited through family members), manages or controls, provided such entity or entities perform(s) work subject to this Agreement.",UNCLEAR,exception,1,,,,,,
32BJ_BOL_0270,32BJ_BOLR_Suburban_2023,27,"Any employee who, after appropriate investigation, is found to have engaged in sexual harassment of another employee will be considered to have committed a serious act of misconduct and will be subject to disciplinary action, up to and including dismissal.",UNCLEAR,exception,1,,,,,,
32BJ_BOL_0153,32BJ_BOLR_Suburban_2023,17,"Any employee whose employment is voluntarily or involuntarily terminated, including termination by reason of death on or after January 1st of any year, is entitled to receive all unused vacation that was accrued in the prior year for use that calendar year, unless the employee is discharged for just cause.",UNCLEAR,exception,1,,,,,,
32BJ_BOL_0010,32BJ_BOLR_Suburban_2023,5,(7) business days of the Union’s written request make its best efforts to provide the Union with a list of all its locations subject to the Agreement where it provides services.,UNCLEAR,exception,1,,,,,,
32BJ_BOL_0011,32BJ_BOLR_Suburban_2023,5,"Upon the Union’s written request, except where prohibited by law, the Employer will provide the Union in writing the name, address, job classification, social security number (last four digits), hours of work, and present wage rate of each employee assigned to each location.",UNCLEAR,exception,1,,,,,,
32BJ_BOL_0355,32BJ_BOLR_Suburban_2023,37,"(1) year of service) is then multiplied by that fraction (4/12 or .33); the result, 1.67 days, is rounded to two",UNCLEAR,threshold,1,,,,,,
32BJ_BOL_0291,32BJ_BOLR_Suburban_2023,29,"(i) each underpayment is at least 10% of the base pay that is due the employee for the work week involved, (ii) the Employer on both occasions has failed to rectify the underpayment within three",UNCLEAR,threshold,1,,,,,,
32BJ_BOL_0295,32BJ_BOLR_Suburban_2023,30,"Appropriate accessories such as shoes, socks, shirts, etc. will be both provided and maintained by the employee except where these items are required by the Employer as part of an Employer-furnished uniform.",UNCLEAR,exception,1,,,,,,
32BJ_BOL_0112,32BJ_BOLR_Suburban_2023,13,"(5) days after notice of recall, unless the employee can demonstrate an inability to communicate with the employer during that period, or is otherwise terminated or laid-off or covered by a workers’ compensation claim for more than twelve (12) months. 6.5.",UNCLEAR,exception,1,,,,,,
32BJ_BOL_0126,32BJ_BOLR_Suburban_2023,14,"Notwithstanding the foregoing, if the Employer receives insufficient notice from the location manager or owner of the circumstances causing a reduction in the work force to allow for such three",UNCLEAR,exception,1,,,,,,
32BJ_BOL_0330,32BJ_BOLR_Suburban_2023,32,"(m) Regional supplemental pools are as follows, unless the Union and an Employer agree to different pools, based on the locations of the Employer’s accounts: POOL A POOL B West Chester Plymouth Meeting Exton Blue Bell Great Valley Radnor Newtown Square Norristown Malvern Conshohocken Berwyn King of Prussia City Line Avenue Collegeville Oaks POOL C POOL D Horsham Bucks County 29 SL1 1965866v4 030060.00031",UNCLEAR,exception,1,,,,,,
32BJ_BOL_0337,32BJ_BOLR_Suburban_2023,33,"Subject to the terms of this Agreement, including the Grievance and Arbitration provisions herein contained, it is agreed that the operation of the business and direction of the employees, including the making and enforcing of reasonable rules to assure orderly efficient operation, the determination of employee competency, the right to hire, to transfer, to promote, to demote, to discipline, to discharge for just cause, to lay off for lack of work, are rights vested exclusively in the Management of the Employer. 30.2.",UNCLEAR,exception,1,,,,,,
