sentence_id,source_doc,page_num,raw_text,predicted_type,signals,confidence_score,is_constraint,constraint_type,entities,threshold,exception,notes
UNITE_HE_0641,UNITE_HERE_Westin_Bonaventure_LA,87,"The permanent arbitrator shall hear and decide all disputes submitted to arbitration unless the permanent arbitrator is unavailable for a hearing within 30 days from the date of submission but the alternate arbitrator is available during such 30-day period, in which case the dispute shall be submitted to the alternate arbitrator for hearing and decision.",HARD,deontic:obligation|threshold|exception,4,,,,,,
UNITE_HE_0422,UNITE_HERE_Westin_Bonaventure_LA,47,"The grievance mediation hearing shall be held within 30 days of said written request, unless the time limit is extended by mutual agreement in writing.",HARD,deontic:obligation|threshold|exception,4,,,,,,
UNITE_HE_0403,UNITE_HERE_Westin_Bonaventure_LA,46,"Claims of alleged violation of the terms and provisions of this Agreement should not be considered unless one of the parties hereto notifies the other of such violation within sixty (60) days after the occurrence thereof; and in any event no retroactive adjustment if required shall exceed sixty (60) days from the day the grievance is first submitted to the Employer, or his or her designated representative, by the employee or by the Union, except that the sixty (60) day retroactive adjustment provision shall not apply to claims for vacation pay, provided that such vacation pay claims shall be waived if the claim is not filed within 15 months of the due date of the vacation pay.",HARD,deontic:prohibition|deontic:obligation|deontic:preference|threshold|exception,4,,,,,,
UNITE_HE_0096,UNITE_HERE_Westin_Bonaventure_LA,16,"Any break in service, i.e., break in employment not in excess of 90 days, shall not constitute a break in continuous service, except if the absence is due to on-the-job injury covered by workers’ compensation insurance, then a break in employment not in excess of 15 months shall not constitute a break in continuous service.",HARD,deontic:prohibition|deontic:obligation|threshold|exception,4,,,,,,
UNITE_HE_0631,UNITE_HERE_Westin_Bonaventure_LA,86,"total number of work hours scheduled for each employee in the housekeeping, laundry, bell, front desk and room service units on the payroll as of 12/31/05 worked by that employee over the previous twelve (12) month period shall not be reduced, provided that this does not obligate the Employer to schedule overtime hours, (c ) No severance pay that may be required under the Collective Bargaining Agreement shall be due to any employee who is receiving the hours guaranteed under this agreement until the three year period of guaranteed hours has ended, and (d ) the Owner shall, or shall cause such other entity or entities to, incorporate into the Collective Bargaining Agreement a new subsection 3.D, replacing the existing subsection and providing: In the event the Owner or the Employer sells or assigns its business or substantially all of the assets used in the business, or in the event there is a change in the form of ownership, the Owner or the Employer, as applicable, shall give the Union notice of the planned or proposed change no more than 10 working days after the execution of a binding letter of intent mutually agreed upon between the owner or employer and the prospective buyer and the initial deposit by the prospective buyer, and the Owner or the Employer, as applicable, further agrees that as a condition to any such sale, assignment, or transfer., the Employer will obtain from its successor or successors in interest a written assumption of this Agreement including a promise that the successor or successors shall retain the employees employed in each of the units represented by the Union (subject to changes in the level of staffing) and furnish a copy thereof to the Union, in which event the assignor shall be relieved of its obligations hereunder to the extent that the assignor has fully transferred its right, title, or interest Notice to the Union shall include, at a minimum, a description of the nature and extent of the change, its effective date, the identities of all parties to the transaction, the effect of the transaction on employees and labor relations, and copies of all parts of the definitive transaction documents showing the above.",HARD,deontic:prohibition|deontic:obligation|deontic:permission|threshold|exception,4,,,,,,
UNITE_HE_0239,UNITE_HERE_Westin_Bonaventure_LA,31,"In the event of notification of such change of status, it shall not apply retroactively.",HARD,deontic:prohibition|deontic:obligation|exception,3,,,,,,
UNITE_HE_0078,UNITE_HERE_Westin_Bonaventure_LA,14,"In the event of the termination of employment by the Employer, the employee affected shall be notified by the Employer, not later than the time of departure of the employee from the premises of the Employer at the end of the last shift of the employee.",HARD,deontic:obligation|exception,3,,,,,,
UNITE_HE_0298,UNITE_HERE_Westin_Bonaventure_LA,37,"Servers, front desk agents, and other employees who have responsibility for financial transactions, including employees authorized by management to accept checks, shall not be held responsible for credit card shortages or funds unless it can be shown that such loss or shortages is caused by a dishonest or willful act or gross negligence of the employee.",HARD,deontic:prohibition|deontic:obligation|exception,3,,,,,,
UNITE_HE_0449,UNITE_HERE_Westin_Bonaventure_LA,49,"There shall be no wildcat strikes or strikes over safety, unless conditions present a clear, immediate, and present danger to health and safety.",HARD,deontic:obligation|exception,3,,,,,,
UNITE_HE_0145,UNITE_HERE_Westin_Bonaventure_LA,20,"Employees leaving the Employer with at least one year of continuous service shall receive pay for any unused PTO accumulated upon separation, unless the separation is the result of serious misconduct warranting discharge without prior discipline, or resignation without providing two weeks’ notice, or notice that is reasonable under the circumstances.",HARD,deontic:obligation|exception,3,,,,,,
UNITE_HE_0451,UNITE_HERE_Westin_Bonaventure_LA,49,Any employee actually and actively engaged in a violation of this Section 18 shall be subject to discipline by the Employer up to and including discharge.,HARD,deontic:obligation|exception,3,,,,,,
UNITE_HE_0571,UNITE_HERE_Westin_Bonaventure_LA,71,"Short shift ""Turn Down Service"" (4 hour $22.81 $23.31 $23.81 $24.31 $24.86 $25.41 $25.96 $26.51 $27.06 minimum call) Houseperson $21.15 $21.65 $22.15 $22.65 $23.20 $23.75 $24.30 $24.85 $25.40 Handyperson (Utility and / or Shampoo) $21.58 $22.08 $22.58 $23.08 $23.63 $24.18 $24.73 $25.28 $25.83 Storeroom Employee/Receiving Clerk $21.38 $21.88 $22.38 $22.88 $23.43 $23.98 $24.53 $25.08 $25.63 Lobby Attendant $20.92 $21.42 $21.92 $22.42 $22.97 $23.52 $24.07 $24.62 $25.17 Housekeeping Supervisor $21.92 $22.42 $22.92 $23.42 $23.97 $24.52 $25.07 $25.62 $26.17 Combination Linen $21.18 $21.68 $22.18 $22.68 $23.23 $23.78 $24.33 $24.88 $25.43 Room/Clerical/Dispatcher (applicable to employees who spend 4 or more hours doing linen room work) LAUNDRY 12/01/2018 01/01/2020 06/01/2020 12/01/2020 06/01/2021 12/01/2021 06/01/2022 12/01/2022 06/01/2023 Floor Supervisor $22.29 $22.79 $23.29 $23.79 $24.34 $24.89 $25.44 $25.99 $26.54 Washer $21.40 $21.90 $22.40 $22.90 $23.45 $24.00 $24.55 $25.10 $25.65 Sorter $20.88 $21.38 $21.88 $22.38 $22.93 $23.48 $24.03 $24.58 $25.13 Laundry Janitor $20.88 $21.38 $21.88 $22.38 $22.93 $23.48 $24.03 $24.58 $25.13 Dry Cleaner/Spotter $21.92 $22.42 $22.92 $23.42 $23.97 $24.52 $25.07 $25.62 $26.17 Laundry/Valet Presser $21.66 $22.16 $22.66 $23.16 $23.71 $24.26 $24.81 $25.36 $25.91 Laundry/Valet Attendant $20.88 $21.38 $21.88 $22.38 $22.93 $23.48 $24.03 $24.58 $25.13 FRONT OFFICE 12/01/2018 01/01/2020 06/01/2020 12/01/2020 06/01/2021 12/01/2021 06/01/2022 12/01/2022 06/01/2023 Mail & Information Clerk $22.12 $22.62 $23.12 $23.62 $24.17 $24.72 $25.27 $25.82 $26.37 Rooms Coordinator $23.19 $23.69 $24.19 $24.69 $25.24 $25.79 $26.34 $26.89 $27.44 Airline Coordinator $22.69 $23.19 $23.69 $24.19 $24.74 $25.29 $25.84 $26.39 $26.94 Front Desk Agent $22.69 $23.19 $23.69 $24.19 $24.74 $25.29 $25.84 $26.39 $26.94 **PBX Operator/Service Express Agent $21.34 $21.84 $22.34 $22.84 $23.39 $23.94 $24.49 $25.04 $25.59 PBX Supervisor $21.68 $22.18 $22.68 $23.18 $23.73 $24.28 $24.83 $25.38 $25.93 **Service Express Agents who perform dispatch duties shall receive a pre mium of $0.50 per hour. 68",HARD,deontic:obligation|threshold,3,,,,,,
UNITE_HE_0418,UNITE_HERE_Westin_Bonaventure_LA,47,"Pending a determination of any matter in dispute, the status quo existing prior to the matter becoming a dispute shall remain in effect, except in cases involving suspensions or discharges.",HARD,deontic:obligation|exception,3,,,,,,
UNITE_HE_0240,UNITE_HERE_Westin_Bonaventure_LA,31,"Each craft shall be relieved by its own craft at the same rate of pay as the one relieved, except as otherwise set forth in Schedule A.",HARD,deontic:obligation|exception,3,,,,,,
UNITE_HE_0669,UNITE_HERE_Westin_Bonaventure_LA,96,"Furthermore, nothing in this letter shall be construed as evidence that Owner is bound to any provision of the 2018-23 CBA, except as explicitly stated above.",HARD,deontic:obligation|exception,3,,,,,,
UNITE_HE_0158,UNITE_HERE_Westin_Bonaventure_LA,21,"When the Employer schedules some but not all employees in a particular department and classification to work on a holiday, the choice of working or not working shall be given by departmental seniority provided that the 18",HARD,deontic:obligation|exception,3,,,,,,
UNITE_HE_0607,UNITE_HERE_Westin_Bonaventure_LA,79,"Employees laid off by the Employer in connection with the hotel closure shall be eligible for recall to available positions at the hotel for which they are qualified, provided that such employees",HARD,deontic:obligation|exception,3,,,,,,
UNITE_HE_0066,UNITE_HERE_Westin_Bonaventure_LA,13,"Notwithstanding any provisions of this subsection 3(I) to the contrary, the provisions of this Agreement prohibiting strikes shall remain in full force and effect if",HARD,deontic:obligation|exception,3,,,,,,
UNITE_HE_0115,UNITE_HERE_Westin_Bonaventure_LA,17,"(1) week in advance, except in the event of a bona fide emergency, employees shall also be granted time off without pay and without loss of seniority for medical or dental appointments for themselves or their dependents. 3.",HARD,deontic:obligation|exception,3,,,,,,
UNITE_HE_0064,UNITE_HERE_Westin_Bonaventure_LA,12,"The provisions of Section 18 prohibiting strikes shall be suspended upon the initiation of any proceeding to authorize the sale of the hotel in an action filed under Chapters 7 or 11 of the United States Bankruptcy Code with respect to the hotel or with respect to a business segment that includes the Hotel, or by delivery to the Employer of a notice of sale in foreclosure or other similar notice that the hotel will be taken in a transaction that is not voluntary by the Employer, and shall remain suspended unless and until the condition that caused the suspension has been resolved completely or the Union delivers a written waiver of the suspension.",HARD,deontic:obligation|exception,3,,,,,,
UNITE_HE_0063,UNITE_HERE_Westin_Bonaventure_LA,12,"If ownership of the hotel is transferred in an involuntary transaction, the Employer shall deliver to the Union copies of the entire contents of the personnel files (excluding attorney-client privileged documents, investigatory materials and medical records) of all bargaining unit employees except those files which are delivered to the transferee because it has employed or has made a legally-binding commitment to employ the employees to whom the files pertain.",HARD,deontic:obligation|exception,3,,,,,,
UNITE_HE_0540,UNITE_HERE_Westin_Bonaventure_LA,63,"If an employee displaced by technological change is hired into a new position at other Employeroperated hotels subject to a collective bargaining agreement with the Union, the provisions of that hotel’s collective bargaining agreement shall apply.",HARD,deontic:obligation|exception,3,,,,,,
UNITE_HE_0061,UNITE_HERE_Westin_Bonaventure_LA,12,"If the Employer is operating in receivership, or through a creditor manager or in case of liquidation, bankruptcy, or sale of his or her business, all wages, vacation pay accumulated, and all health and welfare contributions become due and must be paid at once.",HARD,deontic:obligation|exception,3,,,,,,
UNITE_HE_0564,UNITE_HERE_Westin_Bonaventure_LA,66,SHORT SHIFT EMPLOYEES who work on the seventh consecutive day shall be paid at the rate of double time as per subsection 9(F) (all employees except extra cooks). 4.,HARD,deontic:obligation|exception,3,,,,,,
UNITE_HE_0059,UNITE_HERE_Westin_Bonaventure_LA,12,(i) use in operations that would not be covered by this Agreement if they were conducted by the Employer or (ii) use in operations that would be covered by this Agreement provided that the economic package paid to or on behalf of employees performing work covered by this Agreement shall not be less than the economic package paid to or on behalf of employees under this Agreement and shall include an employer-paid defined benefit pension plan.,HARD,deontic:prohibition|deontic:obligation|exception,3,,,,,,
UNITE_HE_0058,UNITE_HERE_Westin_Bonaventure_LA,12,The Owner shall not require the Employer to relinquish any part of the hotel premises managed by the Employer except for,HARD,deontic:prohibition|deontic:obligation|exception,3,,,,,,
UNITE_HE_0311,UNITE_HERE_Westin_Bonaventure_LA,38,"Except for occasional Employer-sponsored social events where alcohol may be served, while on the Employer’s premises no employee may use, possess, distribute, sell or be under the influence of alcohol or illegal drugs.",HARD,deontic:prohibition|deontic:permission|exception,3,,,,,,
UNITE_HE_0569,UNITE_HERE_Westin_Bonaventure_LA,69,CA Minimum Wage + $3.00 *Bartender 12/01/2018 01/01/2020 01/01/2021 01/01/2022 01/01/2023 8 hour shift $17.00 $17.25 $17.50 $18.00 $18.00 Banquet short shift (4-6 hours) $18.70 $18.98 $19.25 $19.80 $19.80 No short shift bartender shall be permitted to work a split shift or two shifts in the same day.,HARD,deontic:obligation|threshold,3,,,,,,
UNITE_HE_0401,UNITE_HERE_Westin_Bonaventure_LA,46,"except that in the case of the closure of a hotel or a significant part of a hotel, the Employer and the Union shall negotiate regarding seniority protection (also see Memorandum of Understanding on Remodeling attached to this Agreement).",HARD,deontic:obligation|exception,3,,,,,,
UNITE_HE_0296,UNITE_HERE_Westin_Bonaventure_LA,37,"There shall be no deductions for charities, gifts or donations from the wages or pay checks of employees unless blanket or specific authorization is given by the Union in writing to the Employer.",HARD,deontic:obligation|exception,3,,,,,,
UNITE_HE_0618,UNITE_HERE_Westin_Bonaventure_LA,81,"On the second offense for a no call-no show, the employee shall be barred for 60 days.",HARD,deontic:obligation|threshold,3,,,,,,
UNITE_HE_0576,UNITE_HERE_Westin_Bonaventure_LA,72,"The Union shall advise the Employer of each future allocation at least thirty (30) days prior to the effective date of the allocation, provided that if the Union’s notice to the Employer is less than thirty (30) days, the Employer will not be excused from paying the increases as allocated by the Union unless there is actual prejudice to the Employer by the delay and then the Employer may be excused only for a period of time equal to the length of the Union’s delay in giving notice. 5.",HARD,deontic:obligation|deontic:permission|exception,3,,,,,,
UNITE_HE_0104,UNITE_HERE_Westin_Bonaventure_LA,17,"In the event of a death which requires the employee to travel outside California, the employee shall upon request be entitled to up to five",HARD,deontic:obligation|exception,3,,,,,,
UNITE_HE_0484,UNITE_HERE_Westin_Bonaventure_LA,54,"Subject to applicable law, in the event that the Employer receives notice from the Social Security Administration (“SSA”) indicating that one or more of the bargaining unit employee names and Social Security Number (“SSN”) that the Employer reported on the Wage and Tax Statement Forms (“Forms W-2”) for the previous year do not agree with SSA’s records, or any other notice of a discrepancy with an employee’s social security number, the Employer shall: 1. provide a copy of the notice to the employee and the Union upon receipt, unless objected to by the affected employee; 2. not take any adverse action against any employee listed on the notice solely because of the receipt of a no-match letter or other notice of discrepancy; 51",HARD,deontic:obligation|exception,3,,,,,,
UNITE_HE_0149,UNITE_HERE_Westin_Bonaventure_LA,21,"In all cases, the holiday pay shall be paid at the eight (8)-hour straight shift rate for any employee whose shift commences during the designated holiday hours, except that regularly scheduled short shift employees shall be paid on the basis of their regular shift hours, that is, based on the average number of hours worked per day during the preceding two-week period.",HARD,deontic:obligation|exception,3,,,,,,
UNITE_HE_0101,UNITE_HERE_Westin_Bonaventure_LA,16,Each employee covered by this Agreement shall be entitled to receive time off in the event of a death in the employee’s immediate family.,HARD,deontic:obligation|exception,3,,,,,,
UNITE_HE_0249,UNITE_HERE_Westin_Bonaventure_LA,32,"(4) hours’ straight-time pay, unless the employee normally works less than an eight (8)-hour shift, in which case the employee shall be paid one-half",HARD,deontic:obligation|exception,3,,,,,,
UNITE_HE_0582,UNITE_HERE_Westin_Bonaventure_LA,73,"Each annual allocation shall be subject to any required approvals of applicable Health and Welfare, Pension, or other trust fund(s).",HARD,deontic:obligation|exception,3,,,,,,
UNITE_HE_0446,UNITE_HERE_Westin_Bonaventure_LA,49,The mediation hearing should be held within 30 days of the agreement to use mediation.,SOFT,deontic:preference|threshold,3,,,,,,
UNITE_HE_0584,UNITE_HERE_Westin_Bonaventure_LA,73,"To the extent that the implementation of this MOU would result in the Employer failing to comply with minimum contribution or funding requirements or other requirements of a trust fund, or any legal requirement relating to any of the trust funds, or if for any reason any trust fund refuses to accept the terms of this MOU or the Agreement, the Union shall promptly take all necessary steps (including but not limited to agreeing to diversions from or reductions to wages) so as to permit the Employer to comply with all such requirements without any increase to any annual total trust fund package and without the Employer incurring any other costs or liabilities of any kind, provided that the Union shall in no event be responsible in whole or part for any pension fund withdrawal liability of the Employer unless the Employer’s withdrawal is caused by a trust fund rejecting the Employer’s continued participation because the Union failed to allocate sufficient contributions to meet the trust fund’s standards. 19 July SIGNED THIS DAY OF 2022 UNITE HERE! LOCAL 11 INTERSTATE HOTELS, LLC as agent for TODAY’S IV, Inc. d/b/a THE WESTIN BONAVENTURE HOTEL & SUITES, LOS ANGELES Kurt P.",HARD,deontic:obligation|exception,3,,,,,,
UNITE_HE_0094,UNITE_HERE_Westin_Bonaventure_LA,16,"After one year’s service, in the event of termination of employment after six consecutive months’ service since the last annual vacation eligibility date, the Employer shall pay to such employee prorated vacation pay based upon actual service performed computed as follows: Pay at the rate of one-twelfth (1/12) of two weeks for each month worked up to a maximum of two regular workweeks; provided further that after five years’ service pay shall be computed on the following basis: After five years one twelfth (1/12) of two and one-fifths weeks’ pay for each month worked; after six years, onetwelfth (1/12) of three weeks’ pay for each month worked; after sixteen years, one-twelfth (1/12) of four weeks’ pay for each month worked.",HARD,deontic:obligation|exception,3,,,,,,
UNITE_HE_0093,UNITE_HERE_Westin_Bonaventure_LA,16,Vacation pay shall be paid in a separate check except in cases of terminated employees.,HARD,deontic:obligation|exception,3,,,,,,
UNITE_HE_0585,UNITE_HERE_Westin_Bonaventure_LA,74,"This MOU covers employees employed in the classifications described in Section 1 of the Agreement or in classifications called by different names when performing similar duties, if the Employer directly employs such employees (“Employees”), except that laundry employees and spa cleaning employees shall not be included if the operations are outsourced.",HARD,deontic:prohibition|deontic:obligation|exception,3,,,,,,
UNITE_HE_0091,UNITE_HERE_Westin_Bonaventure_LA,15,"Employees in tipped classifications (servers, bellpersons, doorpersons, head servers, and captains) shall be paid two times (2x) their straight-time hourly rate, except in cases where the employee resigns, retires, or is terminated, or if the employee requests to be paid out their vacation pay in lieu of 12",HARD,deontic:obligation|exception,3,,,,,,
UNITE_HE_0287,UNITE_HERE_Westin_Bonaventure_LA,36,"Employees shall not be required to perform work which is not customarily performed by their craft, except in the event of an emergency.",HARD,deontic:prohibition|deontic:obligation|exception,3,,,,,,
UNITE_HE_0153,UNITE_HERE_Westin_Bonaventure_LA,21,"To be eligible for straight time holiday pay, if not worked, an employee must have been on the payroll thirty (30) calendar days prior to the holiday and shall have worked his or her last regular scheduled shift before the holiday and his or her next regular scheduled shift after the holiday, unless excused by the Employer.",HARD,deontic:obligation|deontic:obligation|exception,3,,,,,,
UNITE_HE_0532,UNITE_HERE_Westin_Bonaventure_LA,62,Any disputes arising out of this process shall be subject to the grievance and arbitration process under this Agreement.,HARD,deontic:obligation|exception,3,,,,,,
UNITE_HE_0146,UNITE_HERE_Westin_Bonaventure_LA,20,"For all classifications covered under Schedule “A,” New Year’s Day, Martin Luther King’s Birthday, President’s Day, Memorial Day, Independence Day, Labor Day, Thanksgiving Day, and Christmas Day, shall be paid for at straight time if not worked and double time if worked, subject to the conditions set forth below.",HARD,deontic:obligation|exception,3,,,,,,
UNITE_HE_0530,UNITE_HERE_Westin_Bonaventure_LA,62,The Employer shall not implement any technology unless the Employer has carried out these duties to the Union.,HARD,deontic:prohibition|deontic:obligation|exception,3,,,,,,
UNITE_HE_0404,UNITE_HERE_Westin_Bonaventure_LA,46,The Employer and the Union shall attempt to settle the matter within 7 days.,HARD,deontic:obligation|threshold,3,,,,,,
UNITE_HE_0083,UNITE_HERE_Westin_Bonaventure_LA,14,In the event of termination of employment by the Employer the employee thus affected shall be paid all wages due him or her at the time his or her employment is terminated.,HARD,deontic:obligation|exception,3,,,,,,
UNITE_HE_0246,UNITE_HERE_Westin_Bonaventure_LA,32,"greater, unless the employee normally works less than an eight (8)-hour shift, in which case the employee shall be paid one-half",HARD,deontic:obligation|exception,3,,,,,,
UNITE_HE_0617,UNITE_HERE_Westin_Bonaventure_LA,81,A) The industry and the Union have agreed that when an employee is a nocall no-show such employee shall be barred on the first offense from that hotel for 30 days.,HARD,deontic:obligation|threshold,3,,,,,,
UNITE_HE_0312,UNITE_HERE_Westin_Bonaventure_LA,38,The Employer shall not require reasonable suspicion drug/alcohol testing unless a security officer and a manager (or a bargaining unit employee in lieu of the manager) document such suspicion prior to the Employer requiring a test.,HARD,deontic:prohibition|deontic:obligation|exception,3,,,,,,
UNITE_HE_0444,UNITE_HERE_Westin_Bonaventure_LA,49,"STEP 6: Arbitration hearing should be held as soon as possible, subject to the parties agreeing to an arbitrator and the arbitrator’s availability.",SOFT,deontic:preference|exception,3,,,,,,
UNITE_HE_0472,UNITE_HERE_Westin_Bonaventure_LA,53,"In order that the Union can take steps to protect the rights of its members, and unless it is legally prohibited from doing so, the Employer shall: 1.",HARD,deontic:obligation|exception,3,,,,,,
UNITE_HE_0274,UNITE_HERE_Westin_Bonaventure_LA,34,"Such increases shall, unless the parties specifically agree otherwise, be provided in the same amount to employees working above the minimum wage scales in Schedule A as well as those at the minimum scales, and the scales themselves. 1.",HARD,deontic:obligation|exception,3,,,,,,
UNITE_HE_0561,UNITE_HERE_Westin_Bonaventure_LA,65,"Duration of this Agreement This Agreement shall be in full force and effect from December 1, 2018, through June 30, 2023, and shall automatically be renewed for one year at a time thereafter unless terminated or reopened for alteration in the manner hereinafter provided; either party to the Agreement may terminate it or reopen it for new negotiations on June 30, 2023 by giving notice in writing to the other party not less than sixty (60) days prior to June 30, 2023, and in the absence of notice in writing given in the manner hereinafter provided, the Agreement shall be renewed for another calendar year but may be terminated or reopened for negotiations by either party by giving not less than sixty (60) days’ notice in writing prior to any subsequent annual anniversary date, and the Agreement shall be renewed automatically from year to year thereafter until terminated by one of the parties hereto in the manner provided on the annual anniversary date. 19 July SIGNED THIS _ DAY OF 2022 UNITE HERE! LOCAL 11 INTERSTATE HOTELS, LLC as agent for TODAY’S IV, Inc. d/b/a THE WESTIN BONAVENTURE HOTEL & SUITES, LOS ANGELES Kurt P.",HARD,deontic:obligation|deontic:permission|exception,3,,,,,,
UNITE_HE_0123,UNITE_HERE_Westin_Bonaventure_LA,18,"After ninety (90) calendar days from the date of employment, except in the case of maternity leave, any employee returning from a leave of absence under this subsection 6(G), shall, upon release by his or her doctor and certification of ability to perform his or her former duties, be reinstated to the position held prior to his or her disability, subject to the following conditions: In order to qualify under this provision, the employee must notify the Employer on the first day of absence if he or she is able to do so.",HARD,deontic:obligation|deontic:obligation|exception,3,,,,,,
UNITE_HE_0271,UNITE_HERE_Westin_Bonaventure_LA,34,Employees may be hired for a short shift at a rate ten percent (10%) above the eight (8)-hour hourly rate provided that the classification allows for a short shift.,SOFT,deontic:permission|exception,3,,,,,,
UNITE_HE_0468,UNITE_HERE_Westin_Bonaventure_LA,52,"The Employer shall not discipline, discharge, or discriminate against any employee because of national origin or immigration status, or because the employee is subject to immigration or deportation proceedings, except as required to comply with the law.",HARD,deontic:prohibition|deontic:obligation|exception,3,,,,,,
UNITE_HE_0469,UNITE_HERE_Westin_Bonaventure_LA,52,"An employee subject to immigration or deportation proceedings shall not be discharged because of pending immigration or deportation proceedings, so long as the employee is authorized to work in the United States.",HARD,deontic:prohibition|deontic:obligation|exception,3,,,,,,
UNITE_HE_0255,UNITE_HERE_Westin_Bonaventure_LA,32,There shall be no deductions from wages of employees for meals furnished by the Employer except those required by State or Federal laws.,HARD,deontic:obligation|exception,3,,,,,,
UNITE_HE_0471,UNITE_HERE_Westin_Bonaventure_LA,53,"The Employer shall not take any adverse action against an employee because of changes to the employee’s name or social security number, provided that the employee can provide acceptable proof of correct identity and is authorized to work in the United States.",HARD,deontic:prohibition|deontic:obligation|exception,3,,,,,,
UNITE_HE_0218,UNITE_HERE_Westin_Bonaventure_LA,30,"Except for banquet employees, there shall normally be a minimum of twelve (12) hours between shifts.",HARD,deontic:obligation|exception,3,,,,,,
UNITE_HE_0140,UNITE_HERE_Westin_Bonaventure_LA,20,"Except in emergencies, employees must request PTO as far in advance as possible. b.",HARD,deontic:obligation|exception,3,,,,,,
UNITE_HE_0179,UNITE_HERE_Westin_Bonaventure_LA,24,"Notwithstanding any provisions of this Agreement to the contrary, this Agreement shall not restrict the Union's right to take economic action against the Employer in the event that the Trustees determine that the Employer has failed to make the contributions required pursuant to this Agreement. 11.",HARD,deontic:prohibition|deontic:obligation|exception,3,,,,,,
UNITE_HE_0194,UNITE_HERE_Westin_Bonaventure_LA,27,"Payments not received in full by the twentieth (20th) day of the month shall be considered delinquent and subject to an amount equal to the greater of interest on the unpaid contribution at the highest rate permitted by law, or liquidated damages of twenty percent (20%) of the amount of the contribution.",HARD,deontic:obligation|exception,3,,,,,,
UNITE_HE_0214,UNITE_HERE_Westin_Bonaventure_LA,29,The workday shall be construed to be that an employee is to be at his or her station in proper uniform and ready to work at the beginning of the shift and shall remain at the station in proper uniform until the end of the shift subject to herein required rest periods and to eating time. 26,HARD,deontic:obligation|exception,3,,,,,,
UNITE_HE_0012,UNITE_HERE_Westin_Bonaventure_LA,5,"Notwithstanding any past practice, memoranda of understanding, or other agreements, the Employer may create and maintain a list of 32 regular banquet servers who are scheduled by rotation.",SOFT,deontic:permission|exception,3,,,,,,
UNITE_HE_0479,UNITE_HERE_Westin_Bonaventure_LA,54,"The Employer shall not require or demand proof of citizenship or immigration status, except as required by 8 USC § 1324a or as otherwise required to do so in order to comply with the law.",HARD,deontic:prohibition|deontic:obligation|exception,3,,,,,,
UNITE_HE_0199,UNITE_HERE_Westin_Bonaventure_LA,27,"In the event of failure by the Employer to make contributions by the time they are due, the Trustees shall take whatever action they deem appropriate.",HARD,deontic:obligation|exception,3,,,,,,
UNITE_HE_0200,UNITE_HERE_Westin_Bonaventure_LA,27,"If an Employer is delinquent in payment of contributions, the Union may, after seventy-two (72) hours’ written notice of such delinquency, take any legal action necessary, including the right to file a grievance or the right to strike to collect such contributions, along with interest or liquidated damages, notwithstanding any other clause of this Agreement.",SOFT,deontic:permission|exception,3,,,,,,
UNITE_HE_0260,UNITE_HERE_Westin_Bonaventure_LA,32,"All uniforms and linens shall be furnished and laundered by the Employer without cost to the employee, except that the Employer may opt to pay employees $0.50 per day or $2.50 per week to launder or clean their own 29",HARD,deontic:obligation|deontic:permission|exception,3,,,,,,
UNITE_HE_0667,UNITE_HERE_Westin_Bonaventure_LA,95,"Any disputes between the parties or regarding the interpretation or application of this Agreement shall be subject to the grievance and arbitration provisions of the applicable CBA, or if no CBA is currently in effect, the parties’ most recent CBA. 19 July SIGNED THIS _ DAY OF 2022 UNITE HERE! LOCAL 11 INTERSTATE HOTELS, LLC as agent for TODAY’S IV, Inc. d/b/a THE WESTIN BONAVENTURE HOTEL & SUITES, LOS ANGELES Kurt P.",HARD,deontic:obligation|exception,3,,,,,,
UNITE_HE_0482,UNITE_HERE_Westin_Bonaventure_LA,54,"In the event of a sale of the business or its assets, the Employer shall offer to transfer the I-9 forms of its employees to the new employer or, at the Employer’s option, to jointly maintain the I-9 forms of its employees with the successor employer for the period of three",HARD,deontic:obligation|exception,3,,,,,,
UNITE_HE_0228,UNITE_HERE_Westin_Bonaventure_LA,30,"If an employee’s customary shift schedule is to be changed, the employee shall be given notice the working day before the change is to be made, except in case of emergency, a change may be made with the consent of the employee. 3.",HARD,deontic:obligation|deontic:permission|exception,3,,,,,,
UNITE_HE_0106,UNITE_HERE_Westin_Bonaventure_LA,17,"In the event of a death which requires the employee to travel outside the United States, the employee shall upon request be entitled to up to ten (10) regularly scheduled working days off, of which three",HARD,deontic:obligation|exception,3,,,,,,
UNITE_HE_0638,UNITE_HERE_Westin_Bonaventure_LA,87,"The parties shall, within 14 days of receiving the list, select a pennanent arbitrator under this Agreement by alternately striking names from the list.",HARD,deontic:obligation|threshold,3,,,,,,
UNITE_HE_0043,UNITE_HERE_Westin_Bonaventure_LA,9,The parties understand this section shall not be used to assign work to non-laundry employees for more than one day unless the Employer has first offered available work to the laundry employees and the Employer shall have notified the Union’s hiring hall that work is available.,HARD,deontic:prohibition|deontic:obligation|exception,3,,,,,,
UNITE_HE_0119,UNITE_HERE_Westin_Bonaventure_LA,17,"Further, no medical leave of absence shall exceed that employee’s length of service, subject to a minimum of six",HARD,deontic:obligation|exception,3,,,,,,
UNITE_HE_0051,UNITE_HERE_Westin_Bonaventure_LA,11,"covering the hotel shall specifically require a written assumption of this Agreement, including a promise that the successor or successors shall retain the employees employed in each of the units represented by the Union (subject to changes in the level of staffing) and Owner shall furnish a copy thereof to the Union.",HARD,deontic:obligation|exception,3,,,,,,
UNITE_HE_0461,UNITE_HERE_Westin_Bonaventure_LA,50,"Any employee covered by USERRA, including a former employee who seeks to return to active employment within five years after end of the employee’s most recent period of active employment with the Employer, shall be entitled to seek enforcement of asserted USERRA rights through the grievance and arbitration procedures in Section 17 of this Agreement, provided that the employee may be required by the Employer to waive any right of court enforcement as a condition to proceeding to arbitration on the employee’s USERRA claims.",HARD,deontic:obligation|deontic:permission|exception,3,,,,,,
UNITE_HE_0174,UNITE_HERE_Westin_Bonaventure_LA,24,"If the Employer’s contribution based on actual hours paid in November 2020 exceeds one 100% of the February 2020 hours’ contribution amount for an employee, then the Employer shall contribute for that month based on actual hours worked or paid. b.",HARD,deontic:obligation|threshold,3,,,,,,
UNITE_HE_0230,UNITE_HERE_Westin_Bonaventure_LA,30,"(7) consecutive days shall be paid for at the rate of one and one-half (1-½) times the regular rate of pay, except: a.",HARD,deontic:obligation|exception,3,,,,,,
UNITE_HE_0047,UNITE_HERE_Westin_Bonaventure_LA,10,"In the event that the Employer voluntarily sells, transfers, or assigns all its right, title, or interest in the operation covered by this Agreement or substantially all of the assets used in such operation (or any part thereof in a permanent transaction), or in the event there is a change in the form of ownership of the Employer, the Employer shall give the Union reasonable advance notice thereof in writing, and the Employer further agrees that as a condition to any such voluntary sale, assignment, or transfer, the Employer will obtain from its successor or successors in interest a written assumption of this Agreement including a promise that the successor or successors shall retain the employees employed in each of the units represented by the Union (subject to changes in the level of staffing) and retain facially valid I-9 forms maintained by its predecessor in interest without re-verifying the work authorization status of any employee for whom Employer provides to the successor a facially valid I-9 form, and furnish a copy of the written assumption agreement to the Union, in which event the assignor shall be relieved of its obligations hereunder to the extent that the assignor has fully transferred its right, title, or interest.",HARD,deontic:obligation|exception,3,,,,,,
UNITE_HE_0626,UNITE_HERE_Westin_Bonaventure_LA,84,"Coffee Breaks, etc. where no service is involved . . . 85% to Bus Attendants The practice for tip distribution for some hotels varies from the above formula and those hotels should retain their current practice unless changes are agreed to by the Union.",SOFT,deontic:preference|exception,3,,,,,,
UNITE_HE_0382,UNITE_HERE_Westin_Bonaventure_LA,44,"In the event of a recall within the same department or a room reopening, employees shall be recalled in order of department seniority within each classification starting with the employee with the greatest department seniority.",HARD,deontic:obligation|exception,3,,,,,,
UNITE_HE_0637,UNITE_HERE_Westin_Bonaventure_LA,87,"Within 30 days following the execution of this Agreement, if the parties are not otherwise able to agree upon an arbitrator, the parties shall request from the Federal Mediation and Conciliation Service a list of five arbitrators who are members of the National Academy of Arbitrators and who have their principal residence in the Los Angeles area.",HARD,deontic:obligation|threshold,3,,,,,,
UNITE_HE_0044,UNITE_HERE_Westin_Bonaventure_LA,9,The application of these four exceptions shall not result in layoff or reduction of hours of bargaining unit employees except through attrition in accordance with Section 16.,HARD,deontic:prohibition|deontic:obligation|exception,3,,,,,,
UNITE_HE_0628,UNITE_HERE_Westin_Bonaventure_LA,85,"For the duration of this Memorandum of Agreement, the Owner shall not make any application to the City of Los Angeles or an agency thereof for any approval necessary to convert any of the Bonaventure's guest rooms to condominiums, timeshares or ""hotel-condo"" units (defined as hotel-type rooms with limited-time ownership occupancy, the rest of the time rented as hote] rooms with transient occupancy tax paid) except to so convert Bonaventure floors 25-32(a total of 426 rooms}, (or any other con.figuration so long as the total number of guest rooms converted does not exceed 407 rooms) and retail space in the Bonaventure where the employees are not presently represented by union.",HARD,deontic:prohibition|deontic:obligation|exception,3,,,,,,
UNITE_HE_0176,UNITE_HERE_Westin_Bonaventure_LA,24,Any contributions made for actual hours worked or paid to bargaining unit employees for December 2020 shall be included as part of this total payment and credited by the benefit fund to cover any contributions scheduled to be made in January 2021 for December 2020 hours.,HARD,deontic:obligation|threshold,3,,,,,,
UNITE_HE_0630,UNITE_HERE_Westin_Bonaventure_LA,85,"(a) the Owner shall, or shall cause such other entity or entities to, use employees at the Hotel in the unit represented by the Union to perform all work pertaining to their existing classifications in such condominium, timeshare or echo tel-condo"" operations under the tenns and conditions of the Collective Bargaining Agreement and any successor agreements negotiated between the Union and the Employer or any entity operating facilities for the Owner, except to the extent that individual condominium owners clean their own units or independently retain room cleaners,",HARD,deontic:obligation|exception,3,,,,,,
UNITE_HE_0038,UNITE_HERE_Westin_Bonaventure_LA,8,"In the event of a conflict between the English and Spanish versions of this Agreement, the English version shall prevail.",HARD,deontic:obligation|exception,3,,,,,,
UNITE_HE_0380,UNITE_HERE_Westin_Bonaventure_LA,44,"In the event of a layoff or room closure, employees shall be laid off by department seniority in the affected area, beginning with the least senior employee.",HARD,deontic:obligation|exception,3,,,,,,
UNITE_HE_0177,UNITE_HERE_Westin_Bonaventure_LA,24,"If the Employer’s contribution based on actual hours paid in December 2020 exceeds the 85% of the February 2020 hours contribution amount for an employee, then the Employer shall contribute for that month based on actual hours paid. 8.",HARD,deontic:obligation|threshold,3,,,,,,
UNITE_HE_0634,UNITE_HERE_Westin_Bonaventure_LA,86,"In the event the Owner or the Employer sells or assigns its business or substantially all of the assets used in the business, or in the event there is a change in the form of ownership, the Owner or the Employer, as applicable, shall give the Union notice of the planned or proposed change no more than 10 working days after the execution of a binding letter of intent mutually agreed upon between the owner or employer and the prospective buyer and the initial deposit by the prospective buyer, and the Owner or the Employer, as applicable, further agrees that as a condition to any such sale, assignment, or transfer, the Employer will obtain from its successor or successors in interest a written assumption of this Agreement and furnish a copy thereof to the Union, in which event the assignor shall be relieved of its obligations hereunder to the extent that the assignor bas fully transferred its right, title, or interest.",HARD,deontic:obligation|threshold,3,,,,,,
UNITE_HE_0378,UNITE_HERE_Westin_Bonaventure_LA,44,"Within the bargaining unit only, the Employer shall afford employees preference for promotion by Hotel seniority, provided the employee is qualified to perform the duties of the new position, and unless a junior employee has significantly greater qualifications for the promotion.",HARD,deontic:obligation|exception,3,,,,,,
UNITE_HE_0462,UNITE_HERE_Westin_Bonaventure_LA,50,"The Employer retains all rights not expressly granted in this contract to the Union or to the employees, and the Employer is not subject to any duties which it has not expressly assumed in this Agreement; provided however that nothing contained herein shall be construed to permit the Employer to engage in conduct which is in direct conflict with the terms of this Agreement or applicable law.",HARD,deontic:obligation|exception,3,,,,,,
UNITE_HE_0438,UNITE_HERE_Westin_Bonaventure_LA,48,Nothing said or done by the mediator may be referred to at arbitration.,SOFT,deontic:permission,2,,,,,,
UNITE_HE_0436,UNITE_HERE_Westin_Bonaventure_LA,48,"As an alternative, by mutual agreement in advance of the hearing, the neutral person may be designated a mediator/arbitrator who will attempt to mediate the dispute, and in the event a mediated settlement cannot be reached, the decision of the mediator/arbitrator shall be binding on both parties.",HARD,deontic:obligation|deontic:permission,2,,,,,,
UNITE_HE_0435,UNITE_HERE_Westin_Bonaventure_LA,48,(9) The Grievance Mediation Board shall have no power to alter or amend the terms of this Agreement;,HARD,deontic:obligation,2,,,,,,
UNITE_HE_0434,UNITE_HERE_Westin_Bonaventure_LA,48,(8) The mediator shall state the grounds for his/her advisory decision;,HARD,deontic:obligation,2,,,,,,
UNITE_HE_0439,UNITE_HERE_Westin_Bonaventure_LA,48,Nothing said or done by either party for the first time in the hearing may be used against them at arbitration. 45,SOFT,deontic:permission,2,,,,,,
UNITE_HE_0433,UNITE_HERE_Westin_Bonaventure_LA,48,"(7) If no settlement is reached, the mediator shall provide the parties with an immediate written advisory decision;",HARD,deontic:obligation,2,,,,,,
UNITE_HE_0437,UNITE_HERE_Westin_Bonaventure_LA,48,"In the event that a grievance which has been mediated by in Mediation Hearing subsequently goes to arbitration, no person serving as a mediator between these parties may serve as an arbitrator.",SOFT,deontic:permission,2,,,,,,
UNITE_HE_0455,UNITE_HERE_Westin_Bonaventure_LA,50,"Any dispute arising in connection with the negotiations pertaining to subsections 16(I)(5), 20(B) (last sentence only), 20(C), 21(A), or 21(J) which cannot be resolved by the parties within a reasonable time may be submitted by either party to the Federal Mediation and Conciliation Service for adjudication according to its rules.",SOFT,deontic:permission,2,,,,,,
UNITE_HE_0445,UNITE_HERE_Westin_Bonaventure_LA,49,"OPTIONAL MEDIATION STEP: At any point in the grievance process, the parties may agree to refer the grievance to mediation.",SOFT,deontic:permission,2,,,,,,
UNITE_HE_0464,UNITE_HERE_Westin_Bonaventure_LA,51,"employer: Management rights shall include, without limitations, the following: 1. the right to hire, classify, assign, promote, lay off, recall, demote, schedule, discharge, or discipline employees according to this Agreement; 2. the right to determine the size and composition of its working force; 3. the right to determine assignments of work related to the needs of the Employer; 4. the right to cease any job and the right to expand any department or operation for business purposes, reduce any department or operation for business purposes or cease any department or operation for business purposes; 5. the right to introduce new, different, or improved methods and procedures in its operations; 6. the right to determine the services to be rendered and the processes and means of work; 7. the right to establish standards of conduct and behavior and safety regulations; 8. the right to grant merit increases, bonuses, incentive payments, or other compensation increases in excess of those required by this Agreement; 9. the right to make and enforce personnel policies and procedures as well as house, department and employee rules and regulations not in conflict with this Agreement; and 10. the right to establish and enforce reasonable standards of performance and productivity.",HARD,deontic:obligation,2,,,,,,
UNITE_HE_0481,UNITE_HERE_Westin_Bonaventure_LA,54,The Employer shall not retain hard copies of employees’ identity and work authorization documents. 3.,HARD,deontic:prohibition|deontic:obligation,2,,,,,,
UNITE_HE_0480,UNITE_HERE_Westin_Bonaventure_LA,54,"No employee employed continuously since November 6, 1986 or whose circumstances constitute “continuing employment” as defined in 8 CFR § 274a.2(b)(1)(viii) shall be required to provide such proof. 2.",HARD,deontic:obligation|deontic:prohibition,2,,,,,,
UNITE_HE_0478,UNITE_HERE_Westin_Bonaventure_LA,54,"To the extent legally possible, the Employer shall offer a private setting for questioning of employees by DHS. 6.",HARD,deontic:obligation,2,,,,,,
UNITE_HE_0477,UNITE_HERE_Westin_Bonaventure_LA,53,"The Employer shall not provide documents other than the I-9 forms to the DHS for inspection or reveal to DHS the names, addresses or immigration status of any employees in the absence of a search warrant or subpoenas signed by a federal judge or magistrate or where otherwise required by law. 50",HARD,deontic:prohibition|deontic:obligation,2,,,,,,
UNITE_HE_0476,UNITE_HERE_Westin_Bonaventure_LA,53,"The Employer also shall permit DHS to inspect I-9 forms only if and when compelled to do so by a valid written notice, arrest, search and/or administrative warrant, subpoena, or other legal process, or as otherwise required by law.",HARD,deontic:obligation,2,,,,,,
UNITE_HE_0474,UNITE_HERE_Westin_Bonaventure_LA,53,The Union agrees that it shall keep confidential any information it obtains pursuant to this provision and that it will use any such information solely to represent and/or assist the affected employee(s) in regard to the DHS matter. 3.,HARD,deontic:obligation,2,,,,,,
UNITE_HE_0470,UNITE_HERE_Westin_Bonaventure_LA,53,"Employees on leave of absence under this Section shall not accrue vacation, PTO, or other benefits during the leave of absence.",HARD,deontic:prohibition|deontic:obligation,2,,,,,,
UNITE_HE_0467,UNITE_HERE_Westin_Bonaventure_LA,52,"Should any provision or provisions, including sub-parts of provisions of this Agreement be determined to be contrary to any such State and Federal law, all other provisions and sub-parts of provisions of this Agreement shall remain in full force and effect, and substitutions for the invalidated provision or sub-parts of provisions shall be immediately negotiated.",HARD,deontic:obligation|deontic:preference,2,,,,,,
UNITE_HE_0466,UNITE_HERE_Westin_Bonaventure_LA,52,"Therefore, the Employer and the Union, for the term of this Agreement, each voluntarily and unqualifiedly waives the right, and each agrees that the other shall not be obligated to bargain collectively with respect to any subject or matter not specifically referred to or covered by this Agreement, including fringe benefits, even though such subject or matter may not have been within the knowledge or contemplation of the parties at the time they negotiated or signed this Agreement.",HARD,deontic:prohibition|deontic:obligation|deontic:restriction|deontic:permission,2,,,,,,
UNITE_HE_0465,UNITE_HERE_Westin_Bonaventure_LA,51,"The Parties agree that if the Employer does not exercise particular rights reserved to it under this Agreement or chooses to exercise reserved rights in a particular way, it shall not be deemed a waiver of its prerogative to exercise such rights in the future or preclude it from exercising such rights in a different way not in conflict with this Agreement.",HARD,deontic:prohibition|deontic:obligation,2,,,,,,
UNITE_HE_0463,UNITE_HERE_Westin_Bonaventure_LA,50,It is further agreed that the following enumeration of management rights shall not be deemed to exclude other rights not herein enumerated but shall be deemed representative and characteristic of the customary and usual rights which are retained by any 47,HARD,deontic:prohibition|deontic:obligation,2,,,,,,
UNITE_HE_0448,UNITE_HERE_Westin_Bonaventure_LA,49,"The Union shall not engage in or sanction any slowdown, work stoppage, strike, picketing, boycott, or other job action during the term of this Agreement, and the Employer shall not engage in any lockout practice nor discriminate against Union employees.",HARD,deontic:prohibition|deontic:obligation,2,,,,,,
UNITE_HE_0460,UNITE_HERE_Westin_Bonaventure_LA,50,USERRA Protection The Employer shall comply with the Uniformed Services Employment and Reemployment Rights Act of 1994 (“USERRA”).,HARD,deontic:obligation,2,,,,,,
UNITE_HE_0459,UNITE_HERE_Westin_Bonaventure_LA,50,"The decision of the Arbitration shall be final and shall have the effect of legal judgment, and each of the parties hereto agrees to abide by the decision of the Arbitrator.",HARD,deontic:obligation,2,,,,,,
UNITE_HE_0458,UNITE_HERE_Westin_Bonaventure_LA,50,"The parties agree that when any matter is submitted to arbitration, and pending the decision thereon, no action shall be taken by either party hereto.",HARD,deontic:obligation,2,,,,,,
UNITE_HE_0457,UNITE_HERE_Westin_Bonaventure_LA,50,"However, before any matter shall be submitted to arbitration, the party requesting it shall give notice in writing to the other party not less than five",HARD,deontic:obligation,2,,,,,,
UNITE_HE_0456,UNITE_HERE_Westin_Bonaventure_LA,50,"Either party may, upon request, have the matter heard by a three-person panel, one from the Employer, one from the Union, and the Chairperson from the Federal Mediation and Conciliation Service as designated.",SOFT,deontic:permission,2,,,,,,
UNITE_HE_0431,UNITE_HERE_Westin_Bonaventure_LA,48,The rules of evidence shall not apply and no formal record of the hearing shall be made;,HARD,deontic:prohibition|deontic:obligation,2,,,,,,
UNITE_HE_0454,UNITE_HERE_Westin_Bonaventure_LA,50,Provided further that nothing herein shall restrict or limit any of the Employer’s rights under the National Labor Relations Act.,HARD,deontic:obligation,2,,,,,,
UNITE_HE_0453,UNITE_HERE_Westin_Bonaventure_LA,50,"Provided, that nothing in this section shall restrict or limit in any way the right of employees covered by this Agreement, with or without the encouragement of the Union, to respect any lawful, primary picket line established by other employees of the Employer, the international union with which the Union is affiliated or any local union affiliated with that international union.",HARD,deontic:obligation,2,,,,,,
UNITE_HE_0452,UNITE_HERE_Westin_Bonaventure_LA,49,"Nothing in this Agreement shall require the Union or members thereof to cross a picket line established in connection with a labor dispute involving the Employer by a Union or Unions, other than the undersigned which has been duly sanctioned by the Los Angeles County Federation of Labor, AFL46",HARD,deontic:obligation,2,,,,,,
UNITE_HE_0450,UNITE_HERE_Westin_Bonaventure_LA,49,The Union agrees to take every action within their power to immediately terminate any strike which may occur in violation of this Section 18.,SOFT,deontic:permission,2,,,,,,
UNITE_HE_0432,UNITE_HERE_Westin_Bonaventure_LA,48,(6) The mediator shall have the authority to meet separately with any person or persons but will not have the authority to compel a resolution of a grievance;,HARD,deontic:obligation,2,,,,,,
UNITE_HE_0413,UNITE_HERE_Westin_Bonaventure_LA,47,The remaining name shall be the Arbitrator.,HARD,deontic:obligation,2,,,,,,
UNITE_HE_0430,UNITE_HERE_Westin_Bonaventure_LA,48,(5) Proceedings shall be informal in nature.,HARD,deontic:obligation,2,,,,,,
UNITE_HE_0376,UNITE_HERE_Westin_Bonaventure_LA,43,"The Employer shall afford employees, in the order of their departmental seniority, preference within the same job classification over less senior employees in 40",HARD,deontic:obligation,2,,,,,,
UNITE_HE_0370,UNITE_HERE_Westin_Bonaventure_LA,43,The Employer shall continue its past practice of providing bellpersons a report of the above fees. 9.,HARD,deontic:obligation,2,,,,,,
UNITE_HE_0371,UNITE_HERE_Westin_Bonaventure_LA,43,Bellpersons shall not be required to perform room attendant duties.,HARD,deontic:prohibition|deontic:obligation,2,,,,,,
UNITE_HE_0372,UNITE_HERE_Westin_Bonaventure_LA,43,Seniority and Work Opportunity Subsections 16(A) through 16(E) below shall apply only to non-laundry employees.,HARD,deontic:obligation,2,,,,,,
UNITE_HE_0373,UNITE_HERE_Westin_Bonaventure_LA,43,Subsection 16(F) shall apply only to laundry employees.,HARD,deontic:obligation,2,,,,,,
UNITE_HE_0374,UNITE_HERE_Westin_Bonaventure_LA,43,Subsection 16(G) through 16(I) shall apply to all employees covered by this Agreement.,HARD,deontic:obligation,2,,,,,,
UNITE_HE_0375,UNITE_HERE_Westin_Bonaventure_LA,43,"Employer shall recognize hotel seniority from the employee’s original date of hire at the establishment, and departmental seniority from the employee’s original starting date in the employee’s classification and department.",HARD,deontic:obligation,2,,,,,,
UNITE_HE_0377,UNITE_HERE_Westin_Bonaventure_LA,44,"selection of shifts with days off within schedules determined by the Employer; in choice of vacation periods; and in permanent transfer within the same job classification to open positions in other work areas within the same department; provided, however, that the Employer may make temporary scheduling assignments without following seniority where operational needs require.",SOFT,deontic:permission,2,,,,,,
UNITE_HE_0368,UNITE_HERE_Westin_Bonaventure_LA,43,"For group deliveries charged to a master contract with a minimum of ten (10) guests, the minimum quoted service charge to be paid to bellpersons, per item delivered, shall be $1.50 for drops outside the room, $2.00 under the door, and $3.00 for drops inside the room.",HARD,deontic:obligation,2,,,,,,
UNITE_HE_0379,UNITE_HERE_Westin_Bonaventure_LA,44,An employee seeking transfer within the same job classification shall take precedence over an employee seeking promotion.,HARD,deontic:obligation,2,,,,,,
UNITE_HE_0381,UNITE_HERE_Westin_Bonaventure_LA,44,"If such a layoff or room closure is anticipated by the Employer to be for more than ninety (90) calendar days, laid-off employees shall be offered positions of less senior employees in other areas of the hotel-by-hotel seniority so long as they are qualified to perform the work.",HARD,deontic:obligation,2,,,,,,
UNITE_HE_0383,UNITE_HERE_Westin_Bonaventure_LA,44,"In filling job vacancies which may exist within the bargaining unit, employees from within the hotel bargaining unit shall be given consideration in filling the vacancy prior to the consideration of other applicants.",HARD,deontic:obligation|deontic:permission,2,,,,,,
UNITE_HE_0384,UNITE_HERE_Westin_Bonaventure_LA,44,"When an opening occurs in any classification covered by this Agreement, the Employer shall post such opening, along with the work location and schedule of the vacancy, on employee bulletin boards for not less than seven",HARD,deontic:obligation,2,,,,,,
UNITE_HE_0385,UNITE_HERE_Westin_Bonaventure_LA,44,"During the posting period, and thereafter until the position is filled, the Employer may fill the vacancy temporarily.",SOFT,deontic:permission,2,,,,,,
UNITE_HE_0386,UNITE_HERE_Westin_Bonaventure_LA,44,Any employee may bid for the opening by submitting his or her name as designated on the posting.,SOFT,deontic:permission,2,,,,,,
UNITE_HE_0369,UNITE_HERE_Westin_Bonaventure_LA,43,"If a group is unwilling to pay such amounts per item, the Employer shall guarantee such amounts per room. 8.",HARD,deontic:obligation,2,,,,,,
UNITE_HE_0367,UNITE_HERE_Westin_Bonaventure_LA,43,Bellpersons who are assigned to move a guest’s luggage when the guest is not present shall be paid $5.00 for each room moved. 7.,HARD,deontic:obligation,2,,,,,,
UNITE_HE_0388,UNITE_HERE_Westin_Bonaventure_LA,44,Any employee who does not bid for the posted opening shall not have the right to grieve.,HARD,deontic:prohibition|deontic:obligation,2,,,,,,
UNITE_HE_0358,UNITE_HERE_Westin_Bonaventure_LA,42,The standard group contract shall quote an $8.00 porterage fee per person round trip (in and out) and the sales department may not negotiate porterage below $6.00 per person without the written permission of the General Manager or Hotel Manager. 3.,HARD,deontic:obligation|deontic:restriction|deontic:permission,2,,,,,,
UNITE_HE_0352,UNITE_HERE_Westin_Bonaventure_LA,42,The distribution of banquet gratuities and/or service charges shall be as determined and provided in writing by the Union to the Hotel.,HARD,deontic:obligation,2,,,,,,
UNITE_HE_0353,UNITE_HERE_Westin_Bonaventure_LA,42,"Before any significant change is made by the Union in the distribution, the Union shall advise the Employer and give good faith consideration to any views the Employer may have on the operational impact of such changes.",HARD,deontic:obligation|deontic:permission,2,,,,,,
UNITE_HE_0354,UNITE_HERE_Westin_Bonaventure_LA,42,The standard group contract shall quote an $8.00 porterage fee per bag round trip (in and out) and the sales department may not negotiate porterage below $6.00 per bag without the written permission of the General Manager or Hotel Manager. c.,HARD,deontic:obligation|deontic:restriction|deontic:permission,2,,,,,,
UNITE_HE_0355,UNITE_HERE_Westin_Bonaventure_LA,42,Tour porterage shall be paid out in cash daily to bellpersons.,HARD,deontic:obligation,2,,,,,,
UNITE_HE_0356,UNITE_HERE_Westin_Bonaventure_LA,42,All bags and fees shall be accounted for and documented.,HARD,deontic:obligation,2,,,,,,
UNITE_HE_0357,UNITE_HERE_Westin_Bonaventure_LA,42,Payouts shall be included as taxable earnings on each bellperson’s paystub and W-4 statement as required by law. 2.,HARD,deontic:obligation,2,,,,,,
UNITE_HE_0359,UNITE_HERE_Westin_Bonaventure_LA,42,The Employer may at its discretion assign a dedicated bellperson to assist wedding guests with transporting gifts and baggage and will pay each bellperson assigned $25 for each such event. 39,SOFT,deontic:permission,2,,,,,,
UNITE_HE_0366,UNITE_HERE_Westin_Bonaventure_LA,43,Bellpersons who are assigned for more than thirty (30) minutes to deliver express checkout folders under guest room doors shall be paid two times (2x) their hourly rate for all time spent on such deliveries.,HARD,deontic:obligation,2,,,,,,
UNITE_HE_0360,UNITE_HERE_Westin_Bonaventure_LA,43,Bellpersons may charge guests who request ten (10) or more boxes to be moved in/out/within the hotel a fee of $2.00 per box.,SOFT,deontic:permission,2,,,,,,
UNITE_HE_0361,UNITE_HERE_Westin_Bonaventure_LA,43,Bellpersons may charge a $10 fee for storing unusual bulky items. 5.,SOFT,deontic:permission,2,,,,,,
UNITE_HE_0362,UNITE_HERE_Westin_Bonaventure_LA,43,"Bellpersons shall be paid a fee of $0.50 per package or box that arrives at the mail and information area, whether bellpersons handle them or not.",HARD,deontic:obligation,2,,,,,,
UNITE_HE_0363,UNITE_HERE_Westin_Bonaventure_LA,43,Bellpersons shall also receive a fee of $0.50 per package or box that is stored in purchasing and handled by a bellperson.,HARD,deontic:obligation,2,,,,,,
UNITE_HE_0364,UNITE_HERE_Westin_Bonaventure_LA,43,All such packages and boxes shall be tracked using package handling forms.,HARD,deontic:obligation,2,,,,,,
UNITE_HE_0365,UNITE_HERE_Westin_Bonaventure_LA,43,"Such fees shall be pooled, divided evenly between bellpersons based upon hours worked, and paid to bellpersons on their regular paychecks. 6.",HARD,deontic:obligation,2,,,,,,
UNITE_HE_0387,UNITE_HERE_Westin_Bonaventure_LA,44,Such bid may be for a transfer or a promotion.,SOFT,deontic:permission,2,,,,,,
UNITE_HE_0389,UNITE_HERE_Westin_Bonaventure_LA,44,The opening shall be awarded in accordance with subsection 16(A) above.,HARD,deontic:obligation,2,,,,,,
UNITE_HE_0429,UNITE_HERE_Westin_Bonaventure_LA,48,(4) Any documents presented to the mediator shall be returned to the respective parties at the conclusion of the hearing;,HARD,deontic:obligation,2,,,,,,
UNITE_HE_0420,UNITE_HERE_Westin_Bonaventure_LA,47,The provisions of the Section 17 shall not apply to any claim or demand when asserted by or on behalf of the Trustees of the UNITE HERE HEALTH and the Los Angeles Hotel Restaurant Employer-Union Retirement Funds against the Employer.,HARD,deontic:prohibition|deontic:obligation,2,,,,,,
UNITE_HE_0412,UNITE_HERE_Westin_Bonaventure_LA,47,"From this list, each party shall alternately scratch two",HARD,deontic:obligation,2,,,,,,
UNITE_HE_0414,UNITE_HERE_Westin_Bonaventure_LA,47,"(d) The impartial Arbitrator shall have no authority to amend, alter, add to, or subtract from this Agreement.",HARD,deontic:obligation,2,,,,,,
UNITE_HE_0415,UNITE_HERE_Westin_Bonaventure_LA,47,All expenses of the Arbitrator shall be jointly and equally shared by the parties.,HARD,deontic:obligation,2,,,,,,
UNITE_HE_0416,UNITE_HERE_Westin_Bonaventure_LA,47,"The decision of the Arbitrator shall be final and binding and shall have the effect of a legal judgment and shall become a part of this Agreement, and each of the parties hereto agrees to abide by said decision of the Arbitrator.",HARD,deontic:obligation,2,,,,,,
UNITE_HE_0417,UNITE_HERE_Westin_Bonaventure_LA,47,All time limits specified in this Section 17 may be extended by mutual consent of the parties hereto.,SOFT,deontic:permission,2,,,,,,
UNITE_HE_0419,UNITE_HERE_Westin_Bonaventure_LA,47,"The parties agree that the grievance procedure set forth in this Section 17 shall be the sole and exclusive method of settling all claims, grievances or controversies arising out of the terms of this Agreement, and the Union agrees to do everything in its power to see that no other agency is utilized in attempting to enforce claims arising out of this Agreement.",HARD,deontic:obligation,2,,,,,,
UNITE_HE_0421,UNITE_HERE_Westin_Bonaventure_LA,47,"Prior to the grievance or controversy being submitted to arbitration, either party may file a written request for grievance mediation which will take place providing there is mutual agreement.",SOFT,deontic:permission,2,,,,,,
UNITE_HE_0410,UNITE_HERE_Westin_Bonaventure_LA,46,(c) The Arbitrator shall be selected by the Union and the Employer.,HARD,deontic:obligation,2,,,,,,
UNITE_HE_0423,UNITE_HERE_Westin_Bonaventure_LA,47,The Grievance Mediation Board shall consist of management representative(s) and Union representative(s) plus a neutral mediator who shall act as Chairperson and who shall mediate the dispute in an attempt to have the parties reach a settlement.,HARD,deontic:obligation,2,,,,,,
UNITE_HE_0424,UNITE_HERE_Westin_Bonaventure_LA,47,The manager involved in the incident or circumstances giving rise to the dispute should be present at the Grievance Mediation Hearing. 44,SOFT,deontic:preference,2,,,,,,
UNITE_HE_0425,UNITE_HERE_Westin_Bonaventure_LA,48,The grievance mediation hearing shall be governed by the following rules:,HARD,deontic:obligation,2,,,,,,
UNITE_HE_0426,UNITE_HERE_Westin_Bonaventure_LA,48,(1) The grievant shall have a right to be present at the hearing;,HARD,deontic:obligation,2,,,,,,
UNITE_HE_0427,UNITE_HERE_Westin_Bonaventure_LA,48,(2) Each party shall have one,HARD,deontic:obligation,2,,,,,,
UNITE_HE_0428,UNITE_HERE_Westin_Bonaventure_LA,48,(3) Outside lawyers or consultants shall not participate in the hearing;,HARD,deontic:prohibition|deontic:obligation,2,,,,,,
UNITE_HE_0411,UNITE_HERE_Westin_Bonaventure_LA,47,either the Union or the Employer or both may request a list of five,SOFT,deontic:permission,2,,,,,,
UNITE_HE_0409,UNITE_HERE_Westin_Bonaventure_LA,46,(b) The decision of the Arbitrator shall be issued within ten (10) days from the close of hearing on any matter.,HARD,deontic:obligation,2,,,,,,
UNITE_HE_0390,UNITE_HERE_Westin_Bonaventure_LA,44,An employee who is laid off for a period anticipated by the Employer to be ninety (90) calendar days or less shall have the right to replace an employee with less department seniority in another job classification within the same department provided the senior employee has previously worked for the Employer in the other job classification and is still qualified to perform the work.,HARD,deontic:obligation,2,,,,,,
UNITE_HE_0397,UNITE_HERE_Westin_Bonaventure_LA,45,"There shall be placed in a conspicuous place in each department a work schedule specifying the following information about each employee in the department: name, classification, department seniority date, starting and finishing times, and days off.",HARD,deontic:obligation,2,,,,,,
UNITE_HE_0391,UNITE_HERE_Westin_Bonaventure_LA,44,Employees exercising such option shall work the same schedule of hours and days off and at the same classification rate of pay as the individual replaced.,HARD,deontic:obligation,2,,,,,,
UNITE_HE_0392,UNITE_HERE_Westin_Bonaventure_LA,45,"or filling a vacancy, decides to return to his or her former job classification or is not able to perform the work of the new position in a satisfactory manner, he or she shall be returned to his or her former classification at the then current wage scale for that job classification without loss of seniority.",HARD,deontic:obligation,2,,,,,,
UNITE_HE_0393,UNITE_HERE_Westin_Bonaventure_LA,45,Any employee promoted or transferred to a position with the Employer outside of the bargaining unit who desires to return to his or her former job classification shall notify the Employer within sixty (60) calendar days of the date of his or her promotion or transfer and shall be returned to said former job classification without loss of seniority.,HARD,deontic:obligation,2,,,,,,
UNITE_HE_0394,UNITE_HERE_Westin_Bonaventure_LA,45,The parties shall agree on the appropriate system for banquet scheduling.,HARD,deontic:obligation,2,,,,,,
UNITE_HE_0395,UNITE_HERE_Westin_Bonaventure_LA,45,Seniority for laundry employees shall be based on length of continuous employment in the Employer’s laundry department.,HARD,deontic:obligation,2,,,,,,
UNITE_HE_0396,UNITE_HERE_Westin_Bonaventure_LA,45,"Reduction of the working forces, recall from layoff, and assignment of overtime shall be in accordance with seniority, if the most senior employee is qualified to meet standard qualifications within the subclassification of each classification.",HARD,deontic:obligation,2,,,,,,
UNITE_HE_0398,UNITE_HERE_Westin_Bonaventure_LA,45,The Employer shall keep the work schedule up to date.,HARD,deontic:obligation,2,,,,,,
UNITE_HE_0408,UNITE_HERE_Westin_Bonaventure_LA,46,"(a) Due notice of submission to arbitration shall consist of written notice to the Employer concerned if the issue is raised by the Union or, if the issue is raised by the Employer, written notice to the Union.",HARD,deontic:obligation,2,,,,,,
UNITE_HE_0399,UNITE_HERE_Westin_Bonaventure_LA,45,"It is agreed that the Employer shall make judgments about qualifications in the first instance, and may act upon such judgments, and that such judgments may subsequently be reviewed and resolved, along with the application of any other provisions of this Section 16, under the grievance and arbitration procedure in Section 17.",HARD,deontic:obligation|deontic:permission,2,,,,,,
UNITE_HE_0400,UNITE_HERE_Westin_Bonaventure_LA,45,Seniority shall be broken and shall cease upon: 1.,HARD,deontic:obligation,2,,,,,,
UNITE_HE_0402,UNITE_HERE_Westin_Bonaventure_LA,46,"All questions, grievances or controversies pertaining to the application or interpretation of this Agreement shall be handled in the following manner: STEP 1.",HARD,deontic:obligation,2,,,,,,
UNITE_HE_0405,UNITE_HERE_Westin_Bonaventure_LA,46,"(7) day period, then the question, grievance or controversy shall be submitted in writing within an additional seven",HARD,deontic:obligation,2,,,,,,
UNITE_HE_0406,UNITE_HERE_Westin_Bonaventure_LA,46,"(7) days to the Employer by the Union or to the Union by the Employer, as the case may be.",SOFT,deontic:permission,2,,,,,,
UNITE_HE_0407,UNITE_HERE_Westin_Bonaventure_LA,46,"If the matter cannot be disposed of within fourteen (14) days from the date of such written notice, then the matter may be referred to an impartial arbitrator for determination.",SOFT,deontic:permission,2,,,,,,
UNITE_HE_0483,UNITE_HERE_Westin_Bonaventure_LA,54,"(3) years, after which the successor employer shall maintain said forms.",HARD,deontic:obligation,2,,,,,,
UNITE_HE_0513,UNITE_HERE_Westin_Bonaventure_LA,60,"The Employer may pay the apprentice more than the rate outlined in this subsection, but must still provide wage increases of at least twenty-five cents ($0.25) upon completion of the probationary period and upon completion of six",HARD,deontic:obligation|deontic:permission,2,,,,,,
UNITE_HE_0485,UNITE_HERE_Westin_Bonaventure_LA,55,"If the employee produces proper work authorization within ninety (90) days of the date of termination or resignation in lieu of termination for not providing adequate proof that he/she is authorized to work in the United States following his/her probationary or introductory period, the employee shall be immediately reinstated to his/her former shift and station, without loss of prior seniority. 2.",HARD,deontic:obligation,2,,,,,,
UNITE_HE_0488,UNITE_HERE_Westin_Bonaventure_LA,56,"Upon request of the employee, the Employer shall provide interpreters from its staff, where such staff is available, for employees not fluent in English during any investigative interview that may lead to discipline or discharge.",HARD,deontic:obligation|deontic:permission,2,,,,,,
UNITE_HE_0597,UNITE_HERE_Westin_Bonaventure_LA,76,"The collective bargaining agreement covering the employees of a Property may be either this Agreement or the collective bargaining agreement between the Union and the hotel nearest in proximity to the Property, at the option of the Employer; provided however, that the bargaining unit at such hotel shall be employees employed in classifications covered by this MOU.",HARD,deontic:obligation|deontic:permission,2,,,,,,
UNITE_HE_0598,UNITE_HERE_Westin_Bonaventure_LA,76,The term of this MOU shall be for the duration of the Agreement or any extension or renewal thereof.,HARD,deontic:obligation,2,,,,,,
UNITE_HE_0599,UNITE_HERE_Westin_Bonaventure_LA,77,"as the exclusive collective bargaining representative of Employees, or any of them, this paragraph shall terminate immediately and without notice. 19 July SIGNED THIS DAY OF 2022 UNITE HERE! LOCAL 11 INTERSTATE HOTELS, LLC as agent for TODAY’S IV, Inc. d/b/a THE WESTIN BONAVENTURE HOTEL & SUITES, LOS ANGELES Kurt P.",HARD,deontic:obligation,2,,,,,,
UNITE_HE_0601,UNITE_HERE_Westin_Bonaventure_LA,78,(1) year of service as of their date of layoff who remain in the employ of the hotel until they are laid off by action of the Employer and who do not elect to be recalled in accordance with the provisions in paragraph 2 below shall receive one,HARD,deontic:obligation,2,,,,,,
UNITE_HE_0602,UNITE_HERE_Westin_Bonaventure_LA,78,A week of severance pay shall be based upon the average weekly pay received by the affected employee from the hotel for a six,HARD,deontic:obligation,2,,,,,,
UNITE_HE_0603,UNITE_HERE_Westin_Bonaventure_LA,78,"Pay for time off (holidays, vacation, and PTO) shall be included in such computations.",HARD,deontic:obligation,2,,,,,,
UNITE_HE_0604,UNITE_HERE_Westin_Bonaventure_LA,78,Employees who were on a leave of absence for any portion of the six (6)-month period shall not have the time spent on such leave of absence counted in the computation of the average pay per week.,HARD,deontic:prohibition|deontic:obligation,2,,,,,,
UNITE_HE_0605,UNITE_HERE_Westin_Bonaventure_LA,78,Employees shall have a period of not less than ten (10) days to declare in writing at the human resources offices whether they wish to opt for the severance pay benefit package set forth above.,HARD,deontic:obligation,2,,,,,,
UNITE_HE_0606,UNITE_HERE_Westin_Bonaventure_LA,78,"If no such declaration is made within the specified time period, employees will be deemed to have waived their right to severance pay and shall be eligible for Recall Rights described in paragraph 2 below.",HARD,deontic:obligation,2,,,,,,
UNITE_HE_0609,UNITE_HERE_Westin_Bonaventure_LA,79,Eligible employees who choose to be recalled for employment are required to notify the Employer’s human resources office in writing of their current address and phone number and of any changes in their address or phone number.,HARD,deontic:obligation,2,,,,,,
UNITE_HE_0610,UNITE_HERE_Westin_Bonaventure_LA,79,The Employer shall only be required to rely on the address and phone number information made available from the employee and which is on file in the human resources office. c.,HARD,deontic:obligation,2,,,,,,
UNITE_HE_0613,UNITE_HERE_Westin_Bonaventure_LA,79,Employees who are recalled shall be credited with their job classification seniority standing up to the point of closure of the hotel for job schedule bidding (shifts of work and days off) and length of vacations.,HARD,deontic:obligation,2,,,,,,
UNITE_HE_0614,UNITE_HERE_Westin_Bonaventure_LA,80,"In view of the continuity of representation by the Union, the parties’ long-standing collective bargaining history, and the recall rights established herein, the parties agree that if the Agreement expires prior to the reopening of the hotel, the Agreement shall remain in effect until thirty (30) days after the hotel reopens. 19 July SIGNED THIS DAY OF 2022 UNITE HERE! LOCAL 11 INTERSTATE HOTELS, LLC as agent for TODAY’S IV, Inc. d/b/a THE WESTIN BONAVENTURE HOTEL & SUITES, LOS ANGELES Kurt P.",HARD,deontic:obligation,2,,,,,,
UNITE_HE_0616,UNITE_HERE_Westin_Bonaventure_LA,81,The Union shall send the information of what servers are being dispatched from the hall by fax or transmit said information by telephone. 5.,HARD,deontic:obligation,2,,,,,,
UNITE_HE_0619,UNITE_HERE_Westin_Bonaventure_LA,81,"For the third offense, the employee shall be permanently barred from the hotel.",HARD,deontic:obligation,2,,,,,,
UNITE_HE_0596,UNITE_HERE_Westin_Bonaventure_LA,76,"The Union and the Employer will not file any charges with the National Labor Relations Board in connection with any act or omission occurring within the context of this MOU; arbitration under Section 17, Step 5 of the Agreement shall be the exclusive remedy.",HARD,deontic:obligation,2,,,,,,
UNITE_HE_0595,UNITE_HERE_Westin_Bonaventure_LA,76,(c) the Employer and the Union shall at all times abide by the provisions of this MOU.,HARD,deontic:obligation,2,,,,,,
UNITE_HE_0594,UNITE_HERE_Westin_Bonaventure_LA,76,"(b) if the petition is not dismissed, the Employer and the Union shall agree to a full consent election agreement under Section 102.62(c) of the NLRB’s Rules and Regulations, and",HARD,deontic:obligation,2,,,,,,
UNITE_HE_0583,UNITE_HERE_Westin_Bonaventure_LA,73,"In all circumstances in which a benefit fund requires contributions greater than those allocated by the Union (whether by operation of a rehabilitation plan, by law or otherwise), the additional required contribution shall be diverted from the wages of employees on whose behalf contributions to the funds are made or, to the extent permitted by law and by the applicable trust funds, from other benefit funds to which the Employer contributes pursuant to the Agreement.",HARD,deontic:obligation,2,,,,,,
UNITE_HE_0574,UNITE_HERE_Westin_Bonaventure_LA,72,Allocations to trust fund contribution increases shall occur only on the dates set forth in Paragraph 1 above.,HARD,deontic:obligation,2,,,,,,
UNITE_HE_0575,UNITE_HERE_Westin_Bonaventure_LA,72,The dollar amounts of the package increases shall not be altered by time-weighting of the effective dates of the allocations made by the Union. 4.,HARD,deontic:prohibition|deontic:obligation,2,,,,,,
UNITE_HE_0577,UNITE_HERE_Westin_Bonaventure_LA,72,"In no event shall any provision in the Agreement, any memorandum of understanding, any side letter or any other such agreement (including but not limited to any provision in any such agreement purporting to guarantee or ensure minimum or specified health and welfare contributions or benefits or minimum reserve levels) result in an annual total economic increase in excess of the amounts set forth in Paragraph 1 above.",HARD,deontic:obligation,2,,,,,,
UNITE_HE_0578,UNITE_HERE_Westin_Bonaventure_LA,72,Any and all such provisions shall be modified to ensure that the Employer receives the full benefit of this paragraph. 6.,HARD,deontic:obligation,2,,,,,,
UNITE_HE_0580,UNITE_HERE_Westin_Bonaventure_LA,73,"payments), the amount of the annual total economic package increase shall not exceed the amounts set forth above in Paragraph 1. 7.",HARD,deontic:prohibition|deontic:obligation,2,,,,,,
UNITE_HE_0581,UNITE_HERE_Westin_Bonaventure_LA,73,The annual total trust fund increase shall not be increased by any actions of the plans.,HARD,deontic:prohibition|deontic:obligation,2,,,,,,
UNITE_HE_0586,UNITE_HERE_Westin_Bonaventure_LA,74,"The term “Employer” shall be deemed to include any person, firm, partnership, corporation, joint venture, or other legal entity majority-owned (more than 50%) by the Employer.",HARD,deontic:obligation,2,,,,,,
UNITE_HE_0593,UNITE_HERE_Westin_Bonaventure_LA,76,The Union may request recognition as the exclusive collective bargaining agent for such Employees.,SOFT,deontic:permission,2,,,,,,
UNITE_HE_0587,UNITE_HERE_Westin_Bonaventure_LA,74,"Coverage of such a Property, as defined below, is conditioned upon and shall occur when the Union demonstrates that it has been authorized by a majority of the employees in the operation to represent them for the purposes of collective bargaining. 3.",HARD,deontic:obligation,2,,,,,,
UNITE_HE_0588,UNITE_HERE_Westin_Bonaventure_LA,74,"This Agreement shall apply only to a Property which meets either of the following definitions and which becomes operated by the Employer during the term of this MOU (i.e., the Employer signs an agreement to operate the Property after the effective date of and during the term of this MOU): A.",HARD,deontic:obligation,2,,,,,,
UNITE_HE_0589,UNITE_HERE_Westin_Bonaventure_LA,75,"memorandum of understanding, or other agreement with the Union relating to the Union’s organizing at the Property and classifications covered, then the Union agrees that this MOU shall not apply and the Union’s agreement with the owner/developer will control the organizing process at the Property. 5.",HARD,deontic:prohibition|deontic:obligation,2,,,,,,
UNITE_HE_0590,UNITE_HERE_Westin_Bonaventure_LA,75,"The Union and its representatives will not coerce or threaten any Employee in an effort to obtain authorization cards, nor shall the Union engage in a campaign to disparage a Property or its management, or their agents, representatives, products, services, or facilities, in an effort to secure the signing of Union authorization cards or to seek support of the Union or its objectives.",HARD,deontic:obligation,2,,,,,,
UNITE_HE_0591,UNITE_HERE_Westin_Bonaventure_LA,75,"If the Union provides written notice to the Employer of its intent to organize Employees at a Property, the Employer shall provide access to the premises of the Property and to such Employees by the Union.",HARD,deontic:obligation,2,,,,,,
UNITE_HE_0592,UNITE_HERE_Westin_Bonaventure_LA,75,"The Union may engage in organizing efforts in the employee cafeteria, employee locker rooms, and parking lots of a Property during Employees’ non-working times (before work, after work, and during meals and breaks) and/or during such other periods as the parties may mutually agree upon.",SOFT,deontic:permission,2,,,,,,
UNITE_HE_0620,UNITE_HERE_Westin_Bonaventure_LA,82,B) Any hotel must notify the union hiring hall for any employees barred by the hotel prior to the next dispatch date for that bar to be effective.,HARD,deontic:obligation,2,,,,,,
UNITE_HE_0621,UNITE_HERE_Westin_Bonaventure_LA,82,"The Employer is required first to use its own steady banquet servers and then to use the hiring hall extras, and if the Employer has exhausted both such sources and still needs additional workers, it may use its other workers on a voluntary basis or obtain workers from any other source, providing all such workers will be covered by the terms and conditions of this Agreement.",SOFT,deontic:permission,2,,,,,,
UNITE_HE_0622,UNITE_HERE_Westin_Bonaventure_LA,82,"Servers, bartenders, and bussers, at the employee’s request, shall be allowed to work a third function in one day, i.e., breakfast, lunch, and dinner.",HARD,deontic:obligation,2,,,,,,
UNITE_HE_0660,UNITE_HERE_Westin_Bonaventure_LA,94,These assignments shall be made once the Westin a la Carte program goes live. 5.,HARD,deontic:obligation,2,,,,,,
UNITE_HE_0654,UNITE_HERE_Westin_Bonaventure_LA,93,The position shall not be retitled. 3.,HARD,deontic:prohibition|deontic:obligation,2,,,,,,
UNITE_HE_0655,UNITE_HERE_Westin_Bonaventure_LA,93,"Rates of Pay: The CaféNow positions, each of which shall receive all scheduled pay raises and all other rights set forth in the parties’ CBA, shall have rates of pay established as follows: a.",HARD,deontic:obligation,2,,,,,,
UNITE_HE_0656,UNITE_HERE_Westin_Bonaventure_LA,93,"Operator/Order Takers at CaféNow shall receive the same rate of pay that has been designated for the Operator/Order Takers position in the Room Service Department, as set forth in the parties’ CBA. 90",HARD,deontic:obligation,2,,,,,,
UNITE_HE_0657,UNITE_HERE_Westin_Bonaventure_LA,94,"Delivery & Attendants shall receive a base rate of pay of twenty-two dollars and fifty cents ($22.50) per hour as of August 24, 2021, plus a five-dollar ($5.00) delivery bonus per delivery. c.",HARD,deontic:obligation,2,,,,,,
UNITE_HE_0658,UNITE_HERE_Westin_Bonaventure_LA,94,"Kitchen Expediters shall receive a base rate of pay of twenty-three dollars ($23.00) per hour as of August 24, 2021. 4.",HARD,deontic:obligation,2,,,,,,
UNITE_HE_0659,UNITE_HERE_Westin_Bonaventure_LA,94,"(3) additional cooks shall be assigned to the Lake View Bistro Kitchen: one for the AM shift, one for the PM shift, and one for relief shifts.",HARD,deontic:obligation,2,,,,,,
UNITE_HE_0661,UNITE_HERE_Westin_Bonaventure_LA,94,"(5) new job classifications in the Hotel, and reinstated another job classification, each of which shall receive all scheduled pay raises and all other rights set forth in the parties’ CBA: a.",HARD,deontic:obligation,2,,,,,,
UNITE_HE_0651,UNITE_HERE_Westin_Bonaventure_LA,91,"It is important to communicate clearly with the guest on the duration of time they will be away from their vehicle. a At the end of the Door Attendant's shift, they must brief their relief on all hold cars status. a At the end of the PM Shift, the Door Attendant must move all vehicles to Valet. • Price Chart for the Hold Car Program must be consistent with the pricing on all shifts.",HARD,deontic:obligation,2,,,,,,
UNITE_HE_0662,UNITE_HERE_Westin_Bonaventure_LA,94,"This position shall receive a base rate of pay of twenty-seven dollars ($27.00) per hour as of August 15, 2021. b.",HARD,deontic:obligation,2,,,,,,
UNITE_HE_0663,UNITE_HERE_Westin_Bonaventure_LA,94,"This position shall receive the same vacation rate (two times their hourly rate) that other Banquet Captains receive, as set forth in the parties’ CBA. c.",HARD,deontic:obligation,2,,,,,,
UNITE_HE_0664,UNITE_HERE_Westin_Bonaventure_LA,94,"This position shall receive a base rate of pay of twenty-eight dollars ($28.00) per hour as of October 12, 2021. d.",HARD,deontic:obligation,2,,,,,,
UNITE_HE_0665,UNITE_HERE_Westin_Bonaventure_LA,94,"This position shall receive a base rate of pay of twenty-nine dollars ($29.00) per hour as of December 10, 2021. f.",HARD,deontic:obligation,2,,,,,,
UNITE_HE_0666,UNITE_HERE_Westin_Bonaventure_LA,94,This position shall receive a base rate of pay that is fifty cents ($0.50) per hour over the front desk agent wage rate. 91,HARD,deontic:obligation,2,,,,,,
UNITE_HE_0668,UNITE_HERE_Westin_Bonaventure_LA,96,Nothing in this letter or the 2018-23 CBA shall create a joint employer relationship between Owner and Employer or serve as evidence of a joint employer relationship or otherwise create or act as evidence of an employer/employee relationship between Owner and any employees of the Hotel.,HARD,deontic:obligation,2,,,,,,
UNITE_HE_0653,UNITE_HERE_Westin_Bonaventure_LA,93,"Memorandum of Understanding Concerning Changes to Food Service This Memorandum of Understanding Concerning Changes to Food Service (“Agreement”) is made and entered into by and between Interstate Hotels, LLC as agent for Today’s IV, Inc. d/b/a The Westin Bonaventure Hotel & Suites, Los Angeles (the “Employer”) and UNITE HERE Local 11 (the “Union”), collectively “the parties,” and shall become part of the parties’ current collective bargaining agreement (the “CBA”).",HARD,deontic:obligation,2,,,,,,
UNITE_HE_0650,UNITE_HERE_Westin_Bonaventure_LA,91,"Tickets must be time stamped on both parking stubs (the stub given to the guest and the stub for garage record). a Door Attendant to explain the price for the Hold Car Program to each guest. a Door Attendant to inform the guest that if their vehicle is left on the drive beyond the 4-hour limit, their vehicle will be re-directed to the Hotel's Valet Parking Garage.",HARD,deontic:obligation,2,,,,,,
UNITE_HE_0623,UNITE_HERE_Westin_Bonaventure_LA,82,"If the employee incurs overtime in the third function in the day, the employee shall be paid time and a half the base hourly rate. 10.",HARD,deontic:obligation,2,,,,,,
UNITE_HE_0636,UNITE_HERE_Westin_Bonaventure_LA,87,"The parties agree that any disputes over the interpretation or application of this Agreement shall be submitted to expedited, final and binding arbitration.",HARD,deontic:obligation,2,,,,,,
UNITE_HE_0625,UNITE_HERE_Westin_Bonaventure_LA,83,"Before any significant change is made by the Union In the distribution of gratuities, the Union shall advise the Employer and give good faith consideration to any views the Employer may have on the operational impact of such changes. 15% to Supervision, meaning Maitre’D, Headserver and Captains; 85% to Bartenders and Servers as follows: A.",HARD,deontic:obligation|deontic:permission,2,,,,,,
UNITE_HE_0627,UNITE_HERE_Westin_Bonaventure_LA,85,"MEMORANDUM OF AGREEMENT This Memorandum of Agreement ('�Agreement""), dated for reference purposes as of October 14, 2005, is made and entered into by and between Fonvard Time Corporation, (""Owner""), Interstate Hotels, LLC C'Employer"") and UNITE HERE! Local 1 ·1 (""Union''), and shall be binding upon each party's successors or assigns, including any person, firm, partnership, corporation, joint venture, association, or other legal entity substantially und�r the control of a party hereto, one or more of its principals, or an entity that substantially controls a party hereto. l.",HARD,deontic:obligation,2,,,,,,
UNITE_HE_0629,UNITE_HERE_Westin_Bonaventure_LA,85,"It is understood that the Union will support publicly the Owner s application for a tract map that conforms to this Paragraph and not object to nor initiate any state, federal, or administrative proceedings, grievance, or other action in state or , federal court or before the National Labor Relations Board or any other administrative tribunal, contesting or objecting to the Owner's application for a tract map, subdivision map, variance(s), and all other necessary entitlements and approvals that Owner may seek in conformance with this Paragraph in order to accomplish. 3.",SOFT,deontic:permission,2,,,,,,
UNITE_HE_0632,UNITE_HERE_Westin_Bonaventure_LA,86,"The Employer shall make or cause to be made all payments that are due or shall be due as of the effective date of the transaction for wages, health and welfare and pension contributions for employees covered by this Agreement, and shall be responsible for accrued vacation payments for each such employee.",HARD,deontic:obligation,2,,,,,,
UNITE_HE_0633,UNITE_HERE_Westin_Bonaventure_LA,86,The Uruon shall not be required to post a bond or other security as a condition to obtaining an injunction or other equitable relief against a violation or threatened violation of this subsection. 4.,HARD,deontic:prohibition|deontic:obligation,2,,,,,,
UNITE_HE_0635,UNITE_HERE_Westin_Bonaventure_LA,86,"Notice to the Union shall include, at a 83",HARD,deontic:obligation,2,,,,,,
UNITE_HE_0639,UNITE_HERE_Westin_Bonaventure_LA,87,The party to strike first shall be determined by coin toss.,HARD,deontic:obligation,2,,,,,,
UNITE_HE_0649,UNITE_HERE_Westin_Bonaventure_LA,91,(8) Hold Cars will be accommodated at the south end of Figueroa Drive beyond the poles. a Parking tickets must be issued to every Hold Car guest.,HARD,deontic:obligation,2,,,,,,
UNITE_HE_0640,UNITE_HERE_Westin_Bonaventure_LA,87,The next-to-last name stricken from the list shall be the alternate arbitrator.,HARD,deontic:obligation,2,,,,,,
UNITE_HE_0642,UNITE_HERE_Westin_Bonaventure_LA,87,The arbitrator shall have the authority to determine the arbitration procedures to be followed.,HARD,deontic:obligation,2,,,,,,
UNITE_HE_0643,UNITE_HERE_Westin_Bonaventure_LA,87,The arbitrator shall also have the authority to order the non-compliant party to comply with this Agreement.,HARD,deontic:obligation,2,,,,,,
UNITE_HE_0644,UNITE_HERE_Westin_Bonaventure_LA,87,"The parties hereto agree to comply with any order of the arbitrator, which shall be final and binding, and furthermore consent to the entry of any order of the arbitrator as the order or judgment of the United States District Court for the Central District of California, without entry of findings of fact and conclusions oflaw. 6.",HARD,deontic:obligation,2,,,,,,
UNITE_HE_0647,UNITE_HERE_Westin_Bonaventure_LA,90,"Mansoorian: To resolve the issues arising out of the March 9, 1998 memorandum from Bob Graney regarding purchasing, the parties have agreed as follows: No pantry employees shall be laid off or scheduled for fewer hours as a direct result of the purchase of pre-cut, pre-prepared, and processed foods.",HARD,deontic:obligation,2,,,,,,
UNITE_HE_0648,UNITE_HERE_Westin_Bonaventure_LA,90,"Consistent with this objective, as much pantry work as possible shall be made available and pre-cut, pre-prepared, and processed foods shall be purchased only when business levels dictate and all regular pantry hours are covered due to banquet business volume.",HARD,deontic:obligation,2,,,,,,
UNITE_HE_0573,UNITE_HERE_Westin_Bonaventure_LA,72,"The Union shall allocate each of the above trust fund contribution increases in its sole discretion, but may not allocate to any fund to which the Employer has not agreed to contribute. 3.",HARD,deontic:obligation|deontic:restriction|deontic:permission,2,,,,,,
UNITE_HE_0572,UNITE_HERE_Westin_Bonaventure_LA,72,All capitalized terms not defined herein shall have the same meaning as defined in the Agreement. 1.,HARD,deontic:obligation,2,,,,,,
UNITE_HE_0570,UNITE_HERE_Westin_Bonaventure_LA,70,Lead Banquet Runner $22.38 $22.88 $23.38 $23.88 $24.43 $24.98 $25.53 $26.08 $26.63 Banquet Runner $21.38 $21.88 $22.38 $22.88 $23.43 $23.98 $24.53 $25.08 $25.63 CAFETERIA 12/01/2018 01/01/2020 06/01/2020 12/01/2020 06/01/2021 12/01/2021 06/01/2022 12/01/2022 06/01/2023 Cook $23.47 $23.97 $24.47 $24.97 $25.52 $26.07 $26.62 $27.17 $27.72 Dish-up $22.54 $23.04 $23.54 $24.04 $24.59 $25.14 $25.69 $26.24 $26.79 Line Server $20.63 $21.13 $21.63 $22.13 $22.68 $23.23 $23.78 $24.33 $24.88 Cafeteria Bus Attendant $19.55 $20.05 $20.55 $21.05 $21.60 $22.15 $22.70 $23.25 $23.80 CA Minimum Wage + $4.00 BELL/DOOR 12/01/2018 07/01/2019 07/01/2020 07/01/2021 01/01/2022 01/01/2023 Working Bell Captain $15.25 $16.25 $18.00 $19.00 $19.00 $19.00 CA Minimum Wage + $3.00 12/01/2018 07/01/2019 07/01/2020 07/01/2021 01/01/2022 01/01/2023 Bell Person $14.25 $15.25 $17.00 $18.00 $18.00 $18.00 Door Attendant $14.25 $15.25 $17.00 $18.00 $18.00 $18.00 Door Attendants shall be paid two times (2x) their hourly rate when assigned to the Figuer oa door when the Figueroa driv eway is closed.,HARD,deontic:obligation,2,,,,,,
UNITE_HE_0515,UNITE_HERE_Westin_Bonaventure_LA,60,"In furtherance of this, the parties agree that prior to anyone functioning in a labor relations role for the Employer or as a shop steward for the Union, such persons shall first attend a training course conducted by the Federal Mediation and Conciliation Service on positive and effective labor relations.",HARD,deontic:obligation,2,,,,,,
UNITE_HE_0509,UNITE_HERE_Westin_Bonaventure_LA,59,It is understood that the ombudsperson and other Taskforce members will take appropriate measures to protect the confidentiality of the personnel matters presented to them and will not undertake activity that may increase the Employer’s risk of adverse publicity or legal action.,SOFT,deontic:permission,2,,,,,,
UNITE_HE_0510,UNITE_HERE_Westin_Bonaventure_LA,59,Implementation of this subsection 21(N) shall not cause any employee or applicant to suffer a loss of any privacy right or obligate the Employer or the Union to provide any information to which either was not previously obligated.,HARD,deontic:prohibition|deontic:obligation,2,,,,,,
UNITE_HE_0511,UNITE_HERE_Westin_Bonaventure_LA,59,"Further, nothing herein shall require the Employer or the Union to undertake any action that would violate any federal, state, or local law.",HARD,deontic:obligation,2,,,,,,
UNITE_HE_0512,UNITE_HERE_Westin_Bonaventure_LA,59,"The Employer shall cooperate with the Hospitality Training Academy (“HTA”) in its hiring programs, including participation in apprenticeship programs as follows: 1.",HARD,deontic:obligation,2,,,,,,
UNITE_HE_0350,UNITE_HERE_Westin_Bonaventure_LA,41,"On banquet-script parties, or banquets where no gratuities are provided for in the charge, and where no food is served, pay shall be $10.00 per day above the banquet scale and the Employer will be responsible up to $10.00 above scale less gratuities received. 5.",HARD,deontic:obligation,2,,,,,,
UNITE_HE_0514,UNITE_HERE_Westin_Bonaventure_LA,60,"However, the Employer shall not without the Union’s agreement seek to obtain or review the financial credit history or reports concerning any employee covered by this Agreement.",HARD,deontic:prohibition|deontic:obligation,2,,,,,,
UNITE_HE_0516,UNITE_HERE_Westin_Bonaventure_LA,60,"Pregnancy Protection If an employee so requests, and consistent with both the employee’s and the Employer’s obligations under applicable law, the Employer shall provide a reasonable accommodation related to such employee’s pregnancy, childbirth, or related conditions, including but not limited to the need to express milk for a nursing child. “Reasonable accommodation” may include, but not be limited to, more frequent or longer breaks, time 57",HARD,deontic:obligation|deontic:permission,2,,,,,,
UNITE_HE_0507,UNITE_HERE_Westin_Bonaventure_LA,58,(v) Propose long-term solutions to any immigration-related problems in the workplace that may arise;,SOFT,deontic:permission,2,,,,,,
UNITE_HE_0517,UNITE_HERE_Westin_Bonaventure_LA,61,"Voting Rights Full-time employees who lack sufficient time outside scheduled work hours to vote in local, state, and federal elections may take up to two",SOFT,deontic:permission,2,,,,,,
UNITE_HE_0518,UNITE_HERE_Westin_Bonaventure_LA,61,Employees requiring time off must notify their supervisor two,HARD,deontic:obligation,2,,,,,,
UNITE_HE_0519,UNITE_HERE_Westin_Bonaventure_LA,61,(2) days before voting and must present a voter’s receipt to their supervisor upon return to work from voting.,HARD,deontic:obligation,2,,,,,,
UNITE_HE_0520,UNITE_HERE_Westin_Bonaventure_LA,61,"The Employer shall provide the Union at least a sixty (60) day notice before implementation of any plans to upgrade, modify, improve, or extend technology currently in use by bargaining unit employees that are made after the effective date of this Agreement.",HARD,deontic:obligation,2,,,,,,
UNITE_HE_0521,UNITE_HERE_Westin_Bonaventure_LA,61,"The Employer shall provide the Union at least a sixty (60) day advance notice prior to the implementation of any new technological change, occurring after the effective date of this Agreement, that replaces or substitutes for or materially increases or decreases the type or manner of work performed by employees in the Employer’s workplace.",HARD,deontic:obligation,2,,,,,,
UNITE_HE_0522,UNITE_HERE_Westin_Bonaventure_LA,61,"If the Union requests to bargain, it must do so within fifteen (15) days of the Employer’s notice and shall include any information requests with such notice.",HARD,deontic:obligation|deontic:obligation,2,,,,,,
UNITE_HE_0508,UNITE_HERE_Westin_Bonaventure_LA,59,"The mission of the ombudsperson shall be to serve as an exofficio member of the Taskforce, with full access to its deliberations and records; to meet with the responsible executives of the Employer, with or without the presence of Union representatives at the ombudsperson’s discretion, to discuss specific complaints by employment applicants about the Employer’s hiring practices or decisions; to recommend to the Employer specific measures to deal with these complaints; to publicize on mutual agreement findings and conclusions about these complaints and other Taskforce findings; and to recommend to the Taskforce long-term, systemic policies to insure diversity.",HARD,deontic:obligation,2,,,,,,
UNITE_HE_0506,UNITE_HERE_Westin_Bonaventure_LA,58,(ii) Review and make recommendations regarding the application and hiring procedures that may present obstacles to members of the African-American and broader diverse community members;,SOFT,deontic:permission,2,,,,,,
UNITE_HE_0524,UNITE_HERE_Westin_Bonaventure_LA,61,"Upon notice of a demand to negotiate, the process shall be governed by the following rules: 1.",HARD,deontic:obligation,2,,,,,,
UNITE_HE_0497,UNITE_HERE_Westin_Bonaventure_LA,56,"Whenever possible, the meeting shall take place before any action is taken by the Employer, provided, however, the Union acknowledges and agrees that the Employer may take any action which is required to ensure the Employer’s compliance with any and all immigration and/or employment authorization statutes, laws, and regulations. 2.",HARD,deontic:obligation|deontic:obligation|deontic:permission,2,,,,,,
UNITE_HE_0489,UNITE_HERE_Westin_Bonaventure_LA,56,"Where the Employer is unable to so provide an interpreter, the Union may provide an interpreter.",SOFT,deontic:permission,2,,,,,,
UNITE_HE_0490,UNITE_HERE_Westin_Bonaventure_LA,56,"In the event that an interpreter is not readily available, timeliness for issuance of the disciplinary or discharge notice shall automatically be tolled until an appropriate interpreter is available. 3.",HARD,deontic:obligation,2,,,,,,
UNITE_HE_0491,UNITE_HERE_Westin_Bonaventure_LA,56,The Employer shall work with the Union to provide English as a second language and literacy classes to employees.,HARD,deontic:obligation,2,,,,,,
UNITE_HE_0492,UNITE_HERE_Westin_Bonaventure_LA,56,"The Union and the Employer agree that this Agreement shall not be interpreted to cause or require the Employer to violate IRCA, 8 USC § 1324a, or any other applicable law.",HARD,deontic:prohibition|deontic:obligation,2,,,,,,
UNITE_HE_0495,UNITE_HERE_Westin_Bonaventure_LA,56,"In the event that the Employer determines that a post-introductory employee cannot or has not provided acceptable documentation of the employee’s right to work in the United States, the Employer shall notify the Union by electronic mail.",HARD,deontic:obligation,2,,,,,,
UNITE_HE_0496,UNITE_HERE_Westin_Bonaventure_LA,56,"Upon the Union’s request, the Employer shall meet with the Union to discuss the nature of the issue to see if a resolution can be reached.",HARD,deontic:obligation,2,,,,,,
UNITE_HE_0498,UNITE_HERE_Westin_Bonaventure_LA,57,"Upon request, employees shall be released for up to five",HARD,deontic:obligation,2,,,,,,
UNITE_HE_0505,UNITE_HERE_Westin_Bonaventure_LA,58,The mission of the Taskforce shall be to:,HARD,deontic:obligation,2,,,,,,
UNITE_HE_0499,UNITE_HERE_Westin_Bonaventure_LA,57,The Employer may request verification of such absence. 4.,SOFT,deontic:permission,2,,,,,,
UNITE_HE_0500,UNITE_HERE_Westin_Bonaventure_LA,57,The Employer shall grant a leave of absence of up to five,HARD,deontic:obligation,2,,,,,,
UNITE_HE_0501,UNITE_HERE_Westin_Bonaventure_LA,57,"If the employee obtains appropriate work authorization within the five-year period, the employee must provide documentation of the work authorization and return to work within six",HARD,deontic:obligation,2,,,,,,
UNITE_HE_0502,UNITE_HERE_Westin_Bonaventure_LA,57,"The Employer shall train all managers and supervisors on this section within sixty (60) days of signing this Agreement, and thereafter within six",HARD,deontic:obligation,2,,,,,,
UNITE_HE_0503,UNITE_HERE_Westin_Bonaventure_LA,58,"In addition, the Employer shall take affirmative steps to further diversify the workforce to properly reflect the Los Angeles area, and in particular diversify with African-American workers, by: a.",HARD,deontic:obligation,2,,,,,,
UNITE_HE_0504,UNITE_HERE_Westin_Bonaventure_LA,58,The Taskforce shall meet at least quarterly. d.,HARD,deontic:obligation,2,,,,,,
UNITE_HE_0523,UNITE_HERE_Westin_Bonaventure_LA,61,The Employer shall promptly negotiate the impact of the new technology on the bargaining unit employees and the work they perform.,HARD,deontic:obligation,2,,,,,,
UNITE_HE_0525,UNITE_HERE_Westin_Bonaventure_LA,61,The Employer shall provide any information requested by the Union within twenty (20) days of receipt of the notice.,HARD,deontic:obligation,2,,,,,,
UNITE_HE_0566,UNITE_HERE_Westin_Bonaventure_LA,66,"As provided in subsections 15(G) and 15(H), service charges shall be credited toward the difference between the employee’s hourly wage rate set forth below and the required minimum wage to be paid by the Employer. 63",HARD,deontic:obligation,2,,,,,,
UNITE_HE_0556,UNITE_HERE_Westin_Bonaventure_LA,64,"Upon request, the Employer shall reassign the employee to a different floor or work area away from the guest for the entire duration of the guest’s stay.",HARD,deontic:obligation,2,,,,,,
UNITE_HE_0550,UNITE_HERE_Westin_Bonaventure_LA,64,The employee in danger may cease work and leave the immediate area where the incident occurred to await the arrival of the employee or security personnel responsible for providing immediate assistance.,SOFT,deontic:permission,2,,,,,,
UNITE_HE_0551,UNITE_HERE_Westin_Bonaventure_LA,64,Such systems shall be installed in the hotel no later than the end of the 2019 calendar year.,HARD,deontic:obligation,2,,,,,,
UNITE_HE_0552,UNITE_HERE_Westin_Bonaventure_LA,64,"The Employer shall record an accusation that a guest has made an unwanted sexual advance, request for sexual conduct, or other verbal or physical conduct of a sexual nature towards an employee or towards another guest of the establishment, including the name of the guest.",HARD,deontic:obligation,2,,,,,,
UNITE_HE_0553,UNITE_HERE_Westin_Bonaventure_LA,64,The Employer shall inquire for the name of the guest if that information is not included in the initial notice to the Employer.,HARD,deontic:obligation,2,,,,,,
UNITE_HE_0554,UNITE_HERE_Westin_Bonaventure_LA,64,"If the Employer is unable to learn the name of the guest, the Employer shall learn and record as much identifying information about the guest as is reasonably possible.",HARD,deontic:obligation,2,,,,,,
UNITE_HE_0555,UNITE_HERE_Westin_Bonaventure_LA,64,The Employer shall maintain a list of all guests so accused for at least five,HARD,deontic:obligation,2,,,,,,
UNITE_HE_0557,UNITE_HERE_Westin_Bonaventure_LA,64,"If the Employer learns that any guest on the list is staying at the hotel, the Employer shall notify the Union and any housekeeper, room server or any other employees assigned to work in this guest’s room of the same prior to the start of their scheduled shift, and shall warn the employees to exercise caution when entering that designated room during the time the guest is staying at the hotel.",HARD,deontic:obligation,2,,,,,,
UNITE_HE_0548,UNITE_HERE_Westin_Bonaventure_LA,63,The devices shall be able to summon immediate on scene assistance to their location from another employee or security guard. 60,HARD,deontic:obligation,2,,,,,,
UNITE_HE_0558,UNITE_HERE_Westin_Bonaventure_LA,64,"Upon receipt of an allegation that a guest has committed sexual assault or other criminal conduct against an employee, the Employer shall promptly contact local law enforcement with jurisdiction, immediately notify the employee that law enforcement has been contacted, that he or she may be asked to provide a statement, and that they have a right to decline to do so, and provide the employee with sufficient paid time to provide a police statement, and shall fully cooperate with any investigation into the incident undertaken by the agency.",HARD,deontic:obligation|deontic:permission,2,,,,,,
UNITE_HE_0559,UNITE_HERE_Westin_Bonaventure_LA,64,"When an allegation that a guest has committed sexual assault or criminal conduct against an employee is supported by a police report and statement made by such employee under penalty of perjury, the Employer shall inform the guest that he or she is prohibited from returning to the hotel, and shall maintain such prohibition for at least three",HARD,deontic:obligation,2,,,,,,
UNITE_HE_0560,UNITE_HERE_Westin_Bonaventure_LA,65,There shall be no retaliation against any employee for seeking to enforce his or her rights under this section by any lawful means or for otherwise asserting rights under this section.,HARD,deontic:obligation,2,,,,,,
UNITE_HE_0562,UNITE_HERE_Westin_Bonaventure_LA,66,"NIGHT SHIFT DIFFERENTIAL: (work starting at or after 8:00 PM): In all classifications, $2.60 per day above scale, which shall be increased effective January 1, 2021 to $1.00 per hour above scale.",HARD,deontic:obligation,2,,,,,,
UNITE_HE_0563,UNITE_HERE_Westin_Bonaventure_LA,66,"However, night bellpersons shall be paid $2.00 per hour above scale. 3.",HARD,deontic:obligation,2,,,,,,
UNITE_HE_0565,UNITE_HERE_Westin_Bonaventure_LA,66,"MINIMUM WAGE: The Employer shall ensure that all employees receive the legally required minimum wage for all hours worked, including rest and meal periods, but not including PTO or non-worked holidays.",HARD,deontic:obligation,2,,,,,,
UNITE_HE_0549,UNITE_HERE_Westin_Bonaventure_LA,64,The device may not be used to track or discipline for productivity-related issues.,SOFT,deontic:restriction|deontic:permission,2,,,,,,
UNITE_HE_0547,UNITE_HERE_Westin_Bonaventure_LA,63,"Each employee shall be required to carry the device with him or her at all times when working and to utilize such device when he or she believes there is an ongoing crime, harassment, or other emergency in the employee’s presence.",HARD,deontic:obligation,2,,,,,,
UNITE_HE_0526,UNITE_HERE_Westin_Bonaventure_LA,61,The Union shall be afforded up to ten (10) days following receipt of requested information to meet with affected employees. 58,HARD,deontic:obligation,2,,,,,,
UNITE_HE_0536,UNITE_HERE_Westin_Bonaventure_LA,62,The Employer shall make all non-supervisory job postings electronically accessible to employees laid off under this Section 26 and to the Committee to assist employees in their job searches.,HARD,deontic:obligation,2,,,,,,
UNITE_HE_0527,UNITE_HERE_Westin_Bonaventure_LA,62,"At the conclusion of the initial information gathering period, the parties shall meet over the following thirty (30) days in an attempt to reach a resolution. 3.",HARD,deontic:obligation,2,,,,,,
UNITE_HE_0528,UNITE_HERE_Westin_Bonaventure_LA,62,"Should the parties fail to resolve the issue within thirty (30) days from when the negotiation period opens, either party may request the services of a federal mediator. 4.",SOFT,deontic:preference|deontic:permission,2,,,,,,
UNITE_HE_0529,UNITE_HERE_Westin_Bonaventure_LA,62,"The Employer shall not implement any technology during such negotiations, but the Employer shall have the right to implement the technology upon the expiration of this ninety (90)-day period.",HARD,deontic:prohibition|deontic:obligation,2,,,,,,
UNITE_HE_0531,UNITE_HERE_Westin_Bonaventure_LA,62,This notice and negotiation process shall be the sole and exclusive procedure for resolving disputes over the implementation of new technology.,HARD,deontic:obligation,2,,,,,,
UNITE_HE_0533,UNITE_HERE_Westin_Bonaventure_LA,62,"The arbitrator, however, shall have no authority to order any particular outcome to the bargaining process.",HARD,deontic:obligation,2,,,,,,
UNITE_HE_0534,UNITE_HERE_Westin_Bonaventure_LA,62,"Any employee displaced due to technological change shall be entitled to recall to the classification from which the employee was displaced for twenty-four (24) months following the date of displacement and to preference for other job openings at the hotel where the new technology is implemented in or out of the bargaining unit, after all other preferences possessed by incumbent employees at the hotel have been exercised but before new employees are hired, provided the employee is qualified for the position or can be qualified in a reasonable period of time with adequate training provided by the Employer.",HARD,deontic:obligation,2,,,,,,
UNITE_HE_0537,UNITE_HERE_Westin_Bonaventure_LA,62,"While employees are waiting for an offer of a permanent position, the Employer shall offer all available extra work within their classification to them in order of classification seniority.",HARD,deontic:obligation,2,,,,,,
UNITE_HE_0546,UNITE_HERE_Westin_Bonaventure_LA,63,"The Employer shall provide a safety alarm to each employee assigned to work in a guest room without other employees present, at no cost to the employee.",HARD,deontic:obligation,2,,,,,,
UNITE_HE_0538,UNITE_HERE_Westin_Bonaventure_LA,62,"If an employee displaced under this Section 26 is recalled to another position within the Union’s bargaining unit at the hotel, the employee shall retain his/her hotel seniority and continuous service for vacation/PTO purposes, or to a position outside the bargaining unit represented by the 59",HARD,deontic:obligation,2,,,,,,
UNITE_HE_0539,UNITE_HERE_Westin_Bonaventure_LA,63,"Union, continuous service with the Employer shall be recognized for vacation/PTO and health insurance purposes.",HARD,deontic:obligation,2,,,,,,
UNITE_HE_0541,UNITE_HERE_Westin_Bonaventure_LA,63,No employee who has completed his or her probationary period and is recalled pursuant to this subsection shall be required to complete a new probationary period but if the employee cannot perform satisfactorily the work on the shift or station to which recalled he or she may transfer or be transferred back to layoff status within thirty (30) days after his/her date of recall.,HARD,deontic:obligation|deontic:prohibition|deontic:permission,2,,,,,,
UNITE_HE_0542,UNITE_HERE_Westin_Bonaventure_LA,63,"The Employer shall continue to make contributions to the applicable health insurance plan for any employee displaced as a result of the implementation of new technology, at the minimum level necessary to maintain existing benefits under the applicable health plan for six",HARD,deontic:obligation,2,,,,,,
UNITE_HE_0544,UNITE_HERE_Westin_Bonaventure_LA,63,"If technological changes reduce the duties of a classification without eliminating them, the classification shall continue to exist, but the Employer may adjust staffing levels, full or part-time status, or after bargaining with the Union the Employer may consolidate existing classifications or distribute the remaining duties to other bargaining unit classifications.",HARD,deontic:obligation|deontic:permission,2,,,,,,
UNITE_HE_0545,UNITE_HERE_Westin_Bonaventure_LA,63,"If new technology performs functions previously performed by bargaining unit employees and requires human operation of machines, the machines shall be operated by bargaining unit employees and the Employer shall train employees in the affected classification to operate new technology.",HARD,deontic:obligation,2,,,,,,
UNITE_HE_0351,UNITE_HERE_Westin_Bonaventure_LA,41,A premium of $20.00 shall be paid for New Year’s Eve work. 38,HARD,deontic:obligation,2,,,,,,
UNITE_HE_0001,UNITE_HERE_Westin_Bonaventure_LA,4,"This Agreement shall also cover all employees employed in the classifications covered by this Agreement, or in classifications called by different names when performing similar duties, in any Property which after the effective date of and during the term of this Agreement becomes operated by the Employer.",HARD,deontic:obligation,2,,,,,,
UNITE_HE_0349,UNITE_HERE_Westin_Bonaventure_LA,41,"On all banquets, the Employer shall maintain a record and require supervisory or executive employees to maintain a record of the total gratuities paid and received by the Employer or by any supervisory or executive employee and such records shall be made available to the Union and the employees upon request.",HARD,deontic:obligation,2,,,,,,
UNITE_HE_0144,UNITE_HERE_Westin_Bonaventure_LA,20,"Cash out unused PTO can only be requested, twice a year and in the following months: June and December and shall be paid within ten (10) business days. 6.",HARD,deontic:obligation,2,,,,,,
UNITE_HE_0127,UNITE_HERE_Westin_Bonaventure_LA,18,Any employee elected to Union office or hired by the Union as an employee of the Union shall be granted a leave of absence without pay and without loss of seniority for the period of holding such office or employment.,HARD,deontic:obligation,2,,,,,,
UNITE_HE_0128,UNITE_HERE_Westin_Bonaventure_LA,18,The employee shall return to work without loss of seniority so long as he or she notifies the Employer of the desire to return to work within thirty (30) calendar days of leaving Union office or employment.,HARD,deontic:obligation,2,,,,,,
UNITE_HE_0129,UNITE_HERE_Westin_Bonaventure_LA,18,"Such an employee shall not be entitled to bump another employee, but shall be offered any available position in the classification(s) in which the employee was previously employed by the Employer.",HARD,deontic:prohibition|deontic:obligation,2,,,,,,
UNITE_HE_0130,UNITE_HERE_Westin_Bonaventure_LA,18,"If such a position is not available, the employee shall be considered on layoff status pursuant to this Agreement. 15",HARD,deontic:obligation,2,,,,,,
UNITE_HE_0131,UNITE_HERE_Westin_Bonaventure_LA,19,"Any employee selected by the Union to attend educational or training meetings or to participate in other Union business or activities, including but not limited to Union Executive Board meetings and Union conventions (but not including the processing of grievances) may be granted a leave of absence without pay and without loss of seniority to attend such meetings, business or activities, provided the Employer is given at least two",SOFT,deontic:permission,2,,,,,,
UNITE_HE_0132,UNITE_HERE_Westin_Bonaventure_LA,19,"(2) weeks’ advance notice; provided, however, that the number of such employees on leave at any one time shall not exceed one",HARD,deontic:prohibition|deontic:obligation,2,,,,,,
UNITE_HE_0133,UNITE_HERE_Westin_Bonaventure_LA,19,Requests for such leaves shall not be unreasonably denied. 3.,HARD,deontic:prohibition|deontic:obligation,2,,,,,,
UNITE_HE_0134,UNITE_HERE_Westin_Bonaventure_LA,19,(8) members of the bargaining unit shall receive annually up to two,HARD,deontic:obligation,2,,,,,,
UNITE_HE_0135,UNITE_HERE_Westin_Bonaventure_LA,19,The purpose of the training is to train shop stewards so that they may more competently represent the Employer’s employees.,SOFT,deontic:permission,2,,,,,,
UNITE_HE_0136,UNITE_HERE_Westin_Bonaventure_LA,19,The Union shall provide at least a ten (10) calendar day notice to the Employer of scheduled dates for union training.,HARD,deontic:obligation,2,,,,,,
UNITE_HE_0137,UNITE_HERE_Westin_Bonaventure_LA,19,The Union and the Employer shall cooperate to schedule trainings at times which are not unduly disruptive to the Employer’s business operations.,HARD,deontic:obligation,2,,,,,,
UNITE_HE_0138,UNITE_HERE_Westin_Bonaventure_LA,19,PTO shall accumulate as follows: Non-tipped employees accumulate one-half,HARD,deontic:obligation,2,,,,,,
UNITE_HE_0139,UNITE_HERE_Westin_Bonaventure_LA,20,PTO days shall have a maximum accumulation of thirty (30) days. 3.,HARD,deontic:obligation,2,,,,,,
UNITE_HE_0141,UNITE_HERE_Westin_Bonaventure_LA,20,"Requests for PTO shall not be unreasonably denied and managers are encouraged to approve them, business conditions permitting. c.",HARD,deontic:prohibition|deontic:obligation,2,,,,,,
UNITE_HE_0142,UNITE_HERE_Westin_Bonaventure_LA,20,Tipped employees shall be paid at the rate of two times (2x) their straight-time hourly rate when using PTO. 4.,HARD,deontic:obligation,2,,,,,,
UNITE_HE_0126,UNITE_HERE_Westin_Bonaventure_LA,18,"An employee qualifying under this provision shall not lose any rights under this Agreement, including vacation rights.",HARD,deontic:prohibition|deontic:obligation,2,,,,,,
UNITE_HE_0125,UNITE_HERE_Westin_Bonaventure_LA,18,The employee must return to work within the time limits of this subsection 6(G) in order to qualify under this provision.,HARD,deontic:obligation,2,,,,,,
UNITE_HE_0124,UNITE_HERE_Westin_Bonaventure_LA,18,"The Employer may, at the Employer’s expense, require certification of a doctor of his or her choosing.",SOFT,deontic:permission,2,,,,,,
UNITE_HE_0112,UNITE_HERE_Westin_Bonaventure_LA,17,"Requests for leaves of absence shall not be unreasonably denied, considering both the Employer’s operational needs and the nature of the employee’s need.",HARD,deontic:prohibition|deontic:obligation,2,,,,,,
UNITE_HE_0103,UNITE_HERE_Westin_Bonaventure_LA,16,"Employees shall, upon request, be granted such time off without loss of pay as is necessary to make arrangements for the funeral and for attendance at the funeral, not to exceed three",HARD,deontic:obligation,2,,,,,,
UNITE_HE_0105,UNITE_HERE_Westin_Bonaventure_LA,17,(3) shall be paid and up to two,HARD,deontic:obligation,2,,,,,,
UNITE_HE_0107,UNITE_HERE_Westin_Bonaventure_LA,17,(3) shall be paid and up to seven,HARD,deontic:obligation,2,,,,,,
UNITE_HE_0108,UNITE_HERE_Westin_Bonaventure_LA,17,"The Employer may make reasonable efforts to inquire about or establish proof of death and/or relationship in specific cases, but shall not do so routinely.",HARD,deontic:prohibition|deontic:obligation|deontic:permission,2,,,,,,
UNITE_HE_0110,UNITE_HERE_Westin_Bonaventure_LA,17,"(6) calendar months service or more may be granted a personal leave of absence up to thirty (30) calendar days, without pay and without loss of seniority.",SOFT,deontic:permission,2,,,,,,
UNITE_HE_0111,UNITE_HERE_Westin_Bonaventure_LA,17,"(1) calendar year’s service or more, such leave may be extended for compelling reasons for periods of thirty (30) calendar days up to a maximum of six",SOFT,deontic:permission,2,,,,,,
UNITE_HE_0113,UNITE_HERE_Westin_Bonaventure_LA,17,Upon return from an approved personal leave the employee shall be returned to his or her previous position.,HARD,deontic:obligation,2,,,,,,
UNITE_HE_0122,UNITE_HERE_Westin_Bonaventure_LA,18,"An employee may elect to use, but is not required to use, vacation or paid time off for any part of a medical leave. 7.",SOFT,deontic:permission,2,,,,,,
UNITE_HE_0114,UNITE_HERE_Westin_Bonaventure_LA,17,Good cause for such a personal leave shall not include working at an alternate job. 2.,HARD,deontic:prohibition|deontic:obligation,2,,,,,,
UNITE_HE_0116,UNITE_HERE_Westin_Bonaventure_LA,17,"Employees may take a leave of absence for work related injuries, including any leave designated as FMLA leave, for up to fifteen (15) months without loss of seniority. 4.",SOFT,deontic:permission,2,,,,,,
UNITE_HE_0117,UNITE_HERE_Westin_Bonaventure_LA,17,"Employees may take a non-work-related medical leave of absence, including any leave designated as FMLA leave, for up to twelve (12) months without loss of seniority. 5.",SOFT,deontic:permission,2,,,,,,
UNITE_HE_0118,UNITE_HERE_Westin_Bonaventure_LA,17,In no event shall any personal (non-medical) leave be used consecutively with or to extend the twelve (12) month non-workrelated medical leave or the fifteen (15) month work related medical leave.,HARD,deontic:obligation,2,,,,,,
UNITE_HE_0120,UNITE_HERE_Westin_Bonaventure_LA,17,"However, an employee shall be entitled to take multiple medical 14",HARD,deontic:obligation,2,,,,,,
UNITE_HE_0121,UNITE_HERE_Westin_Bonaventure_LA,18,"Prior medical leaves shall not be counted against the twelve (12) or fifteen (15) month limit, even if the leave is taken for the same injury, if the employee returns to work for six",HARD,deontic:prohibition|deontic:obligation,2,,,,,,
UNITE_HE_0143,UNITE_HERE_Westin_Bonaventure_LA,20,PTO hours may be used prior to the beginning of an unpaid leave of absence (LOA) and substituted for unpaid LOA during the LOA with department approval. 5.,SOFT,deontic:permission,2,,,,,,
UNITE_HE_0148,UNITE_HERE_Westin_Bonaventure_LA,21,may observe Monday as the contract holiday.,SOFT,deontic:permission,2,,,,,,
UNITE_HE_0193,UNITE_HERE_Westin_Bonaventure_LA,27,Contributions shall be made by the tenth (10th) day of the month for which payment is due.,HARD,deontic:obligation,2,,,,,,
UNITE_HE_0150,UNITE_HERE_Westin_Bonaventure_LA,21,Employees who normally work an eight-hour shift may not be worked a short shift on a holiday.,SOFT,deontic:restriction|deontic:permission,2,,,,,,
UNITE_HE_0172,UNITE_HERE_Westin_Bonaventure_LA,23,"No later than December 10, 2020, the Employer shall contribute five dollars and fifty cents $5.50 per hour on one 20",HARD,deontic:obligation,2,,,,,,
UNITE_HE_0173,UNITE_HERE_Westin_Bonaventure_LA,24,Any hours worked or paid to bargaining unit employees for November 2020 shall be included in this payment.,HARD,deontic:obligation,2,,,,,,
UNITE_HE_0175,UNITE_HERE_Westin_Bonaventure_LA,24,"No later than December 31, 2020, the Employer shall contribute five dollars and fifty cents ($5.50) per hour of 85% of hours worked or paid, not including meal break penalties, to bargaining unit employees in February 2020.",HARD,deontic:obligation,2,,,,,,
UNITE_HE_0178,UNITE_HERE_Westin_Bonaventure_LA,24,The monthly premiums shall be collected by the Employer (via payroll deduction) and paid to the Benefit Fund in the same payment with the Employer’s contribution for that month. 9.,HARD,deontic:obligation,2,,,,,,
UNITE_HE_0180,UNITE_HERE_Westin_Bonaventure_LA,24,"Congress should enact a National Health and Welfare Law, there will be no duplication of benefits under the Welfare Fund.",SOFT,deontic:preference,2,,,,,,
UNITE_HE_0348,UNITE_HERE_Westin_Bonaventure_LA,41,"Banquet servers shall not be required to set up more than the number assigned to them, nor shall they be required to clear off more than the number given to them to serve. 3.",HARD,deontic:prohibition|deontic:obligation,2,,,,,,
UNITE_HE_0182,UNITE_HERE_Westin_Bonaventure_LA,25,"At the Union’s option, the wage increases specified in this Agreement may be reduced, and the amount of such reduction contributed by the Employer to the Welfare Fund, if required, to maintain benefits.",SOFT,deontic:permission,2,,,,,,
UNITE_HE_0183,UNITE_HERE_Westin_Bonaventure_LA,25,"Said Fund shall be jointly administered by the Retirement Fund Trustees limited only by the terms and provisions of this Agreement and the Trust Agreement, as amended, establishing, and continuing the Retirement Fund. 2.",HARD,deontic:obligation,2,,,,,,
UNITE_HE_0184,UNITE_HERE_Westin_Bonaventure_LA,25,The Employer contribution shall continue to be two dollars and thirteen cents ($2.13) per hour worked or paid.,HARD,deontic:obligation,2,,,,,,
UNITE_HE_0185,UNITE_HERE_Westin_Bonaventure_LA,25,"(See also subsection 8(A)(2) above.) Effective April 1, 2020, the Employer contribution shall increase to two dollars and forty-eight cents ($2.48) per hour.",HARD,deontic:obligation,2,,,,,,
UNITE_HE_0187,UNITE_HERE_Westin_Bonaventure_LA,25,The Retirement Fund shall be amended to provide that participation in the Retirement Fund may be extended throughout the Southern California geographical area and that participation may be implemented by merger of Trusts or by any Employer who has a contract with any local union affiliated with UNITE HERE! International Union in the Southern California area requiring such participation. 4.,HARD,deontic:obligation|deontic:permission,2,,,,,,
UNITE_HE_0188,UNITE_HERE_Westin_Bonaventure_LA,26,"If at any time during the life of the defined benefit plan, or upon its termination, the plan actuary certifies that there is a pending shortage due to law or regulation of payment of accrued benefits, then all part of the contributions to be defined contribution plan shall be temporarily directed to pay the defined benefit plan, as required, until the shortage is paid.",HARD,deontic:obligation,2,,,,,,
UNITE_HE_0189,UNITE_HERE_Westin_Bonaventure_LA,26,The Employer shall continue to contribute to the UNITE HERE Retirement Fund (“UHRF”) the sum of three hundred nineteen and 60/100 dollars ($319.60) per month for each eligible laundry employee.,HARD,deontic:obligation,2,,,,,,
UNITE_HE_0190,UNITE_HERE_Westin_Bonaventure_LA,26,The Employer agrees to abide and be bound by all the terms and provisions of the UHRF Indenture as executed and as it has been and may from time to time be amended. 3.,SOFT,deontic:permission,2,,,,,,
UNITE_HE_0191,UNITE_HERE_Westin_Bonaventure_LA,26,An eligible Employee with respect to whom monthly contributions are required to be made shall mean: a.,HARD,deontic:obligation|deontic:obligation,2,,,,,,
UNITE_HE_0171,UNITE_HERE_Westin_Bonaventure_LA,23,The Employer shall contribute the following amounts to pay for health insurance coverage through the Benefit Fund for its bargaining union employees: a.,HARD,deontic:obligation,2,,,,,,
UNITE_HE_0170,UNITE_HERE_Westin_Bonaventure_LA,23,"Effective with hours worked or paid as of November 1, 2020, the Employer shall contribute to the Benefit Fund five dollars and fifty cents ($5.50) per hour worked by or paid, not including meal break penalties, to bargaining unit employees.",HARD,deontic:obligation,2,,,,,,
UNITE_HE_0169,UNITE_HERE_Westin_Bonaventure_LA,23,"Effective January 1, 2020, the Fund shall determine the additional hourly contribution, if any, required in order to provide coverage for employees on FMLA leave.",HARD,deontic:obligation,2,,,,,,
UNITE_HE_0159,UNITE_HERE_Westin_Bonaventure_LA,22,Employer may require employees to work in reverse order of departmental seniority if an insufficient number of employees elect to work.,SOFT,deontic:permission,2,,,,,,
UNITE_HE_0151,UNITE_HERE_Westin_Bonaventure_LA,21,"An employee whose regular day off falls on the designated paid holiday, shall be paid for such holiday.",HARD,deontic:obligation,2,,,,,,
UNITE_HE_0152,UNITE_HERE_Westin_Bonaventure_LA,21,"Extra workers working on the designated holiday shall receive double time, plus the regular extra work differential rate of pay set forth in Schedule A.",HARD,deontic:obligation,2,,,,,,
UNITE_HE_0154,UNITE_HERE_Westin_Bonaventure_LA,21,"If an employee is scheduled to work on a holiday and refuses or fails to appear for holiday work, he or she shall not receive holiday pay.",HARD,deontic:prohibition|deontic:obligation,2,,,,,,
UNITE_HE_0155,UNITE_HERE_Westin_Bonaventure_LA,21,"When an employee is required to work on a holiday which is also the sixth or seventh day of such employee’s regular workweek, he or she shall be paid at two and one-half times his or her regular rate of pay.",HARD,deontic:obligation|deontic:obligation,2,,,,,,
UNITE_HE_0156,UNITE_HERE_Westin_Bonaventure_LA,21,This shall not apply to regular employees occasionally assigned a short workweek.,HARD,deontic:prohibition|deontic:obligation,2,,,,,,
UNITE_HE_0157,UNITE_HERE_Westin_Bonaventure_LA,21,"If a paid holiday falls while an employee is on vacation, he or she shall receive the holiday pay in addition to the vacation pay.",HARD,deontic:obligation,2,,,,,,
UNITE_HE_0160,UNITE_HERE_Westin_Bonaventure_LA,22,"Tipped employees who do not work on a holiday, but are eligible for holiday pay, shall be paid at the rate of two times (2x) their straight-time hourly rate.",HARD,deontic:obligation,2,,,,,,
UNITE_HE_0168,UNITE_HERE_Westin_Bonaventure_LA,23,"Effective October 1, 2019, the Employer’s composite hourly contribution rate to the Fund shall cover the cost of coverage for all eligible employees, including any employees on FMLA leave.",HARD,deontic:obligation,2,,,,,,
UNITE_HE_0161,UNITE_HERE_Westin_Bonaventure_LA,22,"The Employer and the Union agree to be bound by the Agreement and Declaration of Trust (“Trust Agreement”) of UNITE HERE HEALTH (“Fund”) as may, from time to time, be amended, through October 31, 2020 and they do hereby irrevocably designate as their respective representatives on the Board of Trustees such Trustees named in the Trust Agreement as Employer and Union Trustees, together with their successors selected as provided therein, and agree to abide and be bound by all procedures established and actions taken by said Trustees pursuant to the Trust Agreement.",SOFT,deontic:permission,2,,,,,,
UNITE_HE_0162,UNITE_HERE_Westin_Bonaventure_LA,22,"Any provision in this Agreement that is inconsistent with the Trust Agreement, or the Plan of Benefits, rules, or procedures established by the Trustees, shall be null and void. 2.",HARD,deontic:obligation,2,,,,,,
UNITE_HE_0163,UNITE_HERE_Westin_Bonaventure_LA,22,"The Employer agrees to contribute to the Fund the sums listed below for each hour worked or paid for the purpose of providing health and welfare benefits under the Plan or such new, merged, or consolidated plan as may be adopted by the Trustees.",SOFT,deontic:permission,2,,,,,,
UNITE_HE_0164,UNITE_HERE_Westin_Bonaventure_LA,22,"Said contributions shall be submitted monthly, together with a report of the employee data required by the Fund, in the format prescribed by the Fund, no later than the fifteenth (15th) day of the month following the month for which contributions are to be made. • Effective December 1, 2018, the contribution shall be five dollars and seventy-eight cents ($5.78) per hour.",HARD,deontic:obligation,2,,,,,,
UNITE_HE_0165,UNITE_HERE_Westin_Bonaventure_LA,22,"However, for hours worked in October and November 2019, payable in November and December 2019, the contribution shall be four dollars and seventy-eight cents ($4.78) per hour.",HARD,deontic:obligation,2,,,,,,
UNITE_HE_0166,UNITE_HERE_Westin_Bonaventure_LA,22,"(The remaining one dollar ($1.00) per hour shall be reallocated to the Retirement Funds, referenced in subsections 8(B) and 8(C) below, for hours worked in October and November 2019, payable in November and December 2019.) • Effective January 1, 2021, and continuing through the expiration of this Agreement, the Employer agrees to increase its contribution rate as determined by the Union in accordance with the terms of the Memorandum of Understanding 19",HARD,deontic:obligation,2,,,,,,
UNITE_HE_0102,UNITE_HERE_Westin_Bonaventure_LA,16,"For purposes of this provision, immediate family shall be defined as the employee’s mother, father, spouse, or child.",HARD,deontic:obligation,2,,,,,,
UNITE_HE_0100,UNITE_HERE_Westin_Bonaventure_LA,16,The obligations of the Employer under this provision shall be and are binding upon the successor and assigns of the Employer during the term of this Agreement.,HARD,deontic:obligation,2,,,,,,
UNITE_HE_0099,UNITE_HERE_Westin_Bonaventure_LA,16,The Employer shall have the option of giving employees vacation pay on the anniversary date of their employment or on the payday immediately preceding the time their vacation is taken.,HARD,deontic:obligation,2,,,,,,
UNITE_HE_0098,UNITE_HERE_Westin_Bonaventure_LA,16,The Employer shall prepare vacation schedules for eligible employees as far ahead as practicable to the end that employees have adequate notice of their vacation period.,HARD,deontic:obligation,2,,,,,,
UNITE_HE_0025,UNITE_HERE_Westin_Bonaventure_LA,7,"(1) year following the date upon which it is signed; if the employee does not revoke the authorization at that time, it shall be considered automatically renewed for an additional one",HARD,deontic:obligation,2,,,,,,
UNITE_HE_0026,UNITE_HERE_Westin_Bonaventure_LA,7,"The Union shall indemnify the Employer against any and all claims, demands, suits or other forms of liability and costs therefrom that might arise out of or by reason of action taken by the Employer for the purposes of complying with the check-off provisions.",HARD,deontic:obligation,2,,,,,,
UNITE_HE_0027,UNITE_HERE_Westin_Bonaventure_LA,7,Any unsettled dispute arising in connection with the operation of the checkoff shall be handled in accordance with the grievance provisions section of this Agreement.,HARD,deontic:obligation,2,,,,,,
UNITE_HE_0028,UNITE_HERE_Westin_Bonaventure_LA,7,"This authorization may be revoked by mailing notices of revocation by United States Registered or Certified Mail, Return Receipt Requested, to the Treasurer, UNITE HERE TIP-To Insure Progress, 275 7th Avenue, New York, NY 10001-6708, and to the Employer.",SOFT,deontic:permission,2,,,,,,
UNITE_HE_0029,UNITE_HERE_Westin_Bonaventure_LA,7,The political contribution deduction shall be made once each month during which an employee who has performed compensated service has in effect a voluntarily executed political contribution deduction authorization.,HARD,deontic:obligation,2,,,,,,
UNITE_HE_0030,UNITE_HERE_Westin_Bonaventure_LA,7,"The money shall be remitted within thirty (30) days after the last day of the preceding month to the UNITE HERE TIP-To Insure Progress, 275 7th Avenue, New York, NY 10001-6708, accompanied by a form stating the 4",HARD,deontic:obligation,2,,,,,,
UNITE_HE_0031,UNITE_HERE_Westin_Bonaventure_LA,8,A copy of said form shall be sent to UNITE HERE! Local 11 each month via email.,HARD,deontic:obligation,2,,,,,,
UNITE_HE_0032,UNITE_HERE_Westin_Bonaventure_LA,8,"The Union shall indemnify, defend, and save the Employer harmless against any and all claims, demands, suits or other forms of liability that shall arise out of or by reason of action taken by the Employer in reliance upon payroll deduction authorization cards submitted to the Employer.",HARD,deontic:obligation,2,,,,,,
UNITE_HE_0033,UNITE_HERE_Westin_Bonaventure_LA,8,"(1) Union representative shall be afforded the opportunity to meet with new hires for thirty (30) minutes, during the new employee orientation session, or within the first thirty (30) days of employment if the Employer does not hold an orientation session within that time frame, without Employer representatives present.",HARD,deontic:obligation,2,,,,,,
UNITE_HE_0034,UNITE_HERE_Westin_Bonaventure_LA,8,The Union shall provide advance written notice of any Union representatives designated to conduct such session.,HARD,deontic:obligation,2,,,,,,
UNITE_HE_0035,UNITE_HERE_Westin_Bonaventure_LA,8,The Union shall not make any disparaging comments about the Employer during such sessions.,HARD,deontic:prohibition|deontic:obligation,2,,,,,,
UNITE_HE_0036,UNITE_HERE_Westin_Bonaventure_LA,8,"In order to permit the Union to carry out its responsibilities properly and efficiently, the Employer shall furnish the Union with a quarterly list of all employees in the bargaining unit, including each employee’s name, social security number, address, telephone number, email address, department, classification, date of hire, and wage rate.",HARD,deontic:obligation,2,,,,,,
UNITE_HE_0037,UNITE_HERE_Westin_Bonaventure_LA,8,This report shall be sent in Excel format via email.,HARD,deontic:obligation,2,,,,,,
UNITE_HE_0039,UNITE_HERE_Westin_Bonaventure_LA,8,"No employee covered by this Agreement shall be compelled or allowed to enter into any individual contract or agreement with the Employer concerning the conditions of employment, varying the conditions of employment contained herein.",HARD,deontic:obligation|deontic:prohibition,2,,,,,,
UNITE_HE_0040,UNITE_HERE_Westin_Bonaventure_LA,8,"No work customarily performed by employees covered by this Agreement may be subcontracted, transferred, or assigned by any means to any person, firm, or entity; provided, however, that nothing provided herein may be interpreted to restrict the ability of the Owner to change operators in accordance with the provisions of subsection 3(E). 5",SOFT,deontic:permission,2,,,,,,
UNITE_HE_0024,UNITE_HERE_Westin_Bonaventure_LA,7,Such check-off authorizations shall be irrevocable for one,HARD,deontic:obligation,2,,,,,,
UNITE_HE_0022,UNITE_HERE_Westin_Bonaventure_LA,6,"Decisions reached under this grievance procedure shall be final and binding on the Employer, Union, employees, or applicants for employment.",HARD,deontic:obligation,2,,,,,,
UNITE_HE_0021,UNITE_HERE_Westin_Bonaventure_LA,6,"Should any dispute arise concerning the rights of the Employer, the Union, employees, or applicants for employment under this Section 2, the dispute shall be submitted to and settled by the procedure specified in Section 17 of this Agreement.",HARD,deontic:obligation|deontic:preference,2,,,,,,
UNITE_HE_0011,UNITE_HERE_Westin_Bonaventure_LA,5,The Employer shall notify the Union in writing of all vacancies.,HARD,deontic:obligation,2,,,,,,
UNITE_HE_0003,UNITE_HERE_Westin_Bonaventure_LA,4,"The methods by which such authorizations may be obtained, and majority support verified are set forth in the MOU.",SOFT,deontic:permission,2,,,,,,
UNITE_HE_0005,UNITE_HERE_Westin_Bonaventure_LA,4,"All such employees as a condition of continued employment, shall become members of the Union within thirty-one (31) days from the date of their employment or the date of this Agreement, whichever is later, and thereafter shall remain members in good standing with the Union.",HARD,deontic:obligation,2,,,,,,
UNITE_HE_0006,UNITE_HERE_Westin_Bonaventure_LA,4,"For the purpose of determining membership in good standing, it is agreed that this shall be interpreted to mean the payment of initiation fees and regular monthly dues.",HARD,deontic:obligation,2,,,,,,
UNITE_HE_0007,UNITE_HERE_Westin_Bonaventure_LA,5,discharge shall be effective within seven,HARD,deontic:obligation,2,,,,,,
UNITE_HE_0009,UNITE_HERE_Westin_Bonaventure_LA,5,The Employer will inform any employee who inquires about Union membership or support that the employee should contact the Union.,SOFT,deontic:preference,2,,,,,,
UNITE_HE_0010,UNITE_HERE_Westin_Bonaventure_LA,5,The Union shall establish and maintain open and non-discriminatory employment lists for employment of workers covered by this Agreement.,HARD,deontic:obligation,2,,,,,,
UNITE_HE_0013,UNITE_HERE_Westin_Bonaventure_LA,5,For larger events the Employer may call upon extras from its own pool of up to 25 banquet extras drawn from the Union roll-call who,SOFT,deontic:permission,2,,,,,,
UNITE_HE_0020,UNITE_HERE_Westin_Bonaventure_LA,6,A copy of this Union Security and Hiring Procedure shall be posted in the office of the Union and in the establishment of the Employer where notices to employees and applications for employment are customarily posted.,HARD,deontic:obligation,2,,,,,,
UNITE_HE_0014,UNITE_HERE_Westin_Bonaventure_LA,5,"Applicants for employment shall be referred by the Union to the Employer on a non-discriminatory basis and such referrals shall not be based on or in any way affected by Union membership or lack of such membership or by Union By-Laws, rules, regulations, constitutional provisions or any other aspect or obligation of Union membership, policies, or requirements.",HARD,deontic:prohibition|deontic:obligation,2,,,,,,
UNITE_HE_0015,UNITE_HERE_Westin_Bonaventure_LA,5,"It is understood and agreed that the Employer prefers experienced employees and therefore preference on referral shall be given to persons who have had at least two thousand (2000) hours of experience in the industry, in the area covered by this Agreement within the five-year period preceding the date of this Agreement.",HARD,deontic:obligation,2,,,,,,
UNITE_HE_0016,UNITE_HERE_Westin_Bonaventure_LA,5,The Employer shall be the sole judge of the qualifications of all applicants and retains the right to reject any applicant for employment referred by the Union. 2,HARD,deontic:obligation,2,,,,,,
UNITE_HE_0017,UNITE_HERE_Westin_Bonaventure_LA,6,"In the event the Union is unable to supply competent employees that are satisfactory to the Employer, the Employer shall then have the right to employ help from any source at the regular wage rates herein specified.",HARD,deontic:obligation,2,,,,,,
UNITE_HE_0018,UNITE_HERE_Westin_Bonaventure_LA,6,"Any persons so employed shall be advised at the time of employment that the establishment is operating under a Union contract, and any such employees shall be referred to the Union office within seven",HARD,deontic:obligation,2,,,,,,
UNITE_HE_0019,UNITE_HERE_Westin_Bonaventure_LA,6,"There shall be no discrimination by the Employer or the Union of any kind against any employee pertaining to hiring, promotions, discharge, pay, benefits, Union membership or benefits and rights, or all other aspects of employment because of race, religious creed, religious observance, color, age, sex, sexual orientation, gender identity, gender expression, national origin, ancestry, marital status, medical conditions as defined by applicable state or federal law, disability, genetic information or predisposition, military service, military and veteran status, pregnancy, child birth and related medical conditions, or any other classification protected by federal, state, or local laws or ordinances.",HARD,deontic:obligation,2,,,,,,
UNITE_HE_0045,UNITE_HERE_Westin_Bonaventure_LA,9,"The Employer and the Union agree that alterations, painting, and repair of the hotel should ideally be 6",SOFT,deontic:preference,2,,,,,,
UNITE_HE_0046,UNITE_HERE_Westin_Bonaventure_LA,10,"Accordingly, where the Employer receives bids from both union and non-union contractors, and where all other factors under consideration by the Employer are equal, the Employer shall select a contractor whose employees are covered by a collective bargaining agreement.",HARD,deontic:obligation,2,,,,,,
UNITE_HE_0048,UNITE_HERE_Westin_Bonaventure_LA,10,"The foregoing provisions concerning I-9 forms shall not apply where no such forms are required by domestic law, or where applicable law mandates the successor, without regard to any voluntary election by the successor, to require bargaining unit employees to complete new I-9 forms, and shall not prohibit the successor(s) from taking reasonable actions and/or requiring employees to take reasonable actions to correct material omissions and errors in I-9 forms received from a predecessor.",HARD,deontic:prohibition|deontic:obligation,2,,,,,,
UNITE_HE_0086,UNITE_HERE_Westin_Bonaventure_LA,15,"All employees covered by this Agreement shall receive annual vacations with pay as follows, for continuous service of: • 1 year one week • 2 to 5 years two weeks • 6 years two and one-fifth weeks • 7 years three weeks • 17 years four weeks 1.",HARD,deontic:obligation,2,,,,,,
UNITE_HE_0079,UNITE_HERE_Westin_Bonaventure_LA,14,"If the Employer fails to notify the employee in this manner and the said employee reports for work on his or her next regular workday and is not placed at work, then and in that event the said employee shall receive one day’s pay for so reporting for work.",HARD,deontic:obligation,2,,,,,,
UNITE_HE_0080,UNITE_HERE_Westin_Bonaventure_LA,14,Notification of termination of employment shall be given by the Employer and shall not be the responsibility of the Union.,HARD,deontic:prohibition|deontic:obligation,2,,,,,,
UNITE_HE_0081,UNITE_HERE_Westin_Bonaventure_LA,14,"If an Employer or its representative requests an individual to report for work and the said individual reports for work at the proper time but is not permitted to work by the Employer, then the said individual shall receive one day’s pay from the Employer for reporting to work.",HARD,deontic:obligation,2,,,,,,
UNITE_HE_0082,UNITE_HERE_Westin_Bonaventure_LA,14,This provision shall not apply to an individual who reports to work in a condition which obviously prevents the proper performance of the normal duties of the individual.,HARD,deontic:prohibition|deontic:obligation,2,,,,,,
UNITE_HE_0084,UNITE_HERE_Westin_Bonaventure_LA,14,No employee shall be discharged for proper Union activity.,HARD,deontic:obligation|deontic:prohibition,2,,,,,,
UNITE_HE_0085,UNITE_HERE_Westin_Bonaventure_LA,14,"No employee who has completed his or her ninety (90) day introductory period, shall be suspended or discharged without just cause. 11",HARD,deontic:obligation|deontic:prohibition,2,,,,,,
UNITE_HE_0087,UNITE_HERE_Westin_Bonaventure_LA,15,The amount of vacation pay for each anniversary year ending shall be calculated as follows:,HARD,deontic:obligation,2,,,,,,
UNITE_HE_0076,UNITE_HERE_Westin_Bonaventure_LA,14,"The Employer shall also provide space affording privacy to Union Business Representatives and Union Shop Stewards, upon request, to meet with employees for the purpose of investigating and processing grievances and investigating conditions and seeing that the terms of this Agreement are being observed.",HARD,deontic:obligation,2,,,,,,
UNITE_HE_0088,UNITE_HERE_Westin_Bonaventure_LA,15,(a) Determine Average Hours Worked: Average Hours Worked Per Week = Number of Hours Worked During the Anniversary Year 52 The “number of hours worked during the anniversary year” shall include all straight-time hours worked or paid for (including holiday hours whether worked or not) plus all overtime hours worked in the preceding year ending on the anniversary date of the employee’s employment.,HARD,deontic:obligation,2,,,,,,
UNITE_HE_0089,UNITE_HERE_Westin_Bonaventure_LA,15,"(b) Multiply Average Hours Worked by Current Wage Rate: For all employees, the amount of vacation pay shall be based on the current wage rate at the time the vacation is taken (excluding service charge or gratuities).",HARD,deontic:obligation,2,,,,,,
UNITE_HE_0090,UNITE_HERE_Westin_Bonaventure_LA,15,Employees whose hourly wage has decreased shall be paid their vacation at the higher rate of pay if they have worked at least six,HARD,deontic:obligation,2,,,,,,
UNITE_HE_0092,UNITE_HERE_Westin_Bonaventure_LA,16,Any employee who does not receive the vacation to which he or she is entitled shall receive pay in lieu thereof. 3.,HARD,deontic:obligation,2,,,,,,
UNITE_HE_0095,UNITE_HERE_Westin_Bonaventure_LA,16,C. “Continuous service” shall mean any regular employee who has been continuously on the payroll as working for a particular Employer or at a particular establishment for the required time.,HARD,deontic:obligation,2,,,,,,
UNITE_HE_0097,UNITE_HERE_Westin_Bonaventure_LA,16,"However, none of the above absences shall be counted as time worked for vacation purposes.",HARD,deontic:obligation,2,,,,,,
UNITE_HE_0077,UNITE_HERE_Westin_Bonaventure_LA,14,All employees shall be permitted to wear one official Union button while on duty.,HARD,deontic:obligation,2,,,,,,
UNITE_HE_0075,UNITE_HERE_Westin_Bonaventure_LA,14,"The Employer shall provide the Union with a bulletin board, of reasonable size in a reasonably prominent area of the employee cafeteria, or at another location(s) if mutually agreed, for posting of notices and other material by the Union, which shall not be defamatory toward the Employer or supervisors.",HARD,deontic:prohibition|deontic:obligation,2,,,,,,
UNITE_HE_0049,UNITE_HERE_Westin_Bonaventure_LA,10,"Nothing in this provision shall be construed to require the Employer or any successor to employ individuals who are not authorized to work in the United States, or to prohibit the Employer or any successor from conducting an E-Verify review of I-9 forms received from a predecessor if such E-Verify review is mandated pursuant to the Employer’s or successor’s status as a federal government contractor or by other provision of law.",HARD,deontic:obligation,2,,,,,,
UNITE_HE_0062,UNITE_HERE_Westin_Bonaventure_LA,12,"In each case, to the extent permitted by law, the Union reserves the right to demand payment of wages and contributions as mentioned above for all members employed, and the Employer shall immediately comply with such demands.",HARD,deontic:obligation,2,,,,,,
UNITE_HE_0050,UNITE_HERE_Westin_Bonaventure_LA,10,"Therefore, Owner shall ensure that while Owner owns the hotel, the terms of any future operating agreement or management contract 7",HARD,deontic:obligation,2,,,,,,
UNITE_HE_0052,UNITE_HERE_Westin_Bonaventure_LA,11,"Further, should Owner or a direct or indirect subsidiary of Owner sell or otherwise transfer a controlling ownership interest in all or any part of the business of the hotel (in one or a series of related stock or asset transactions), or in the event there is a change in the form of ownership of the hotel or assets to which Owner is a party, Owner shall as a condition to such transaction obtain from the other party(ies) to the transaction who will take thereby any interest in the business or the assets used in the business a written assumption of the obligations of the Owner as set forth in this subsection 3(E), and a binding obligation that any operator it retains to operate the hotel will assume and be bound by this Agreement.",HARD,deontic:obligation|deontic:preference,2,,,,,,
UNITE_HE_0054,UNITE_HERE_Westin_Bonaventure_LA,11,"The foregoing obligation shall not apply where no such forms are required by domestic law or where applicable law mandates the successor, without regard to any voluntary election by the successor, to require bargaining unit employees to complete new I-9 forms, and shall not prohibit the successor(s) from taking reasonable actions and/or requiring employees to take reasonable actions to correct material omissions and errors in I-9 forms received from a predecessor.",HARD,deontic:prohibition|deontic:obligation,2,,,,,,
UNITE_HE_0055,UNITE_HERE_Westin_Bonaventure_LA,11,"The Employer shall not divide or diminish the scope of the bargaining unit by contracting for the use of any space within the hotel and within the control of the Employer for operations of any sort customarily performed by bargaining unit employees, including but not limited to food and beverage outlets; any such contracting may be done by the Employer only in accordance with the terms of this Agreement, including those concerning subcontracting, and this provision does not alter or reduce to any extent the Employer’s rights under such provisions.",HARD,deontic:prohibition|deontic:obligation|deontic:permission,2,,,,,,
UNITE_HE_0056,UNITE_HERE_Westin_Bonaventure_LA,11,Nothing in this subsection shall preclude an owner or any other party in interest from contracting for the use 8,HARD,deontic:obligation,2,,,,,,
UNITE_HE_0060,UNITE_HERE_Westin_Bonaventure_LA,12,"The economic package shall include all emoluments of employment having definite and quantifiable economic value, including but not limited to wages (including premiums, bonuses and incentives, guaranteed workdays or workweeks, health and hospitalization benefits, retirement plan participation, paid vacation, paid holidays, and paid time off).",HARD,deontic:obligation,2,,,,,,
UNITE_HE_0065,UNITE_HERE_Westin_Bonaventure_LA,13,"deliver written notice to the Union of a filing or notice covered by this subsection 3(I) within five days after the Employer files or receives the petition or notice, and shall include a copy of the petition or notice.",HARD,deontic:obligation,2,,,,,,
UNITE_HE_0074,UNITE_HERE_Westin_Bonaventure_LA,13,The Union representatives shall advise the human resources office when they come on the Employer’s property. 10,HARD,deontic:obligation,2,,,,,,
UNITE_HE_0067,UNITE_HERE_Westin_Bonaventure_LA,13,"For purposes of this subsection 3(I), the “obligations of the Owner” shall include",HARD,deontic:obligation,2,,,,,,
UNITE_HE_0069,UNITE_HERE_Westin_Bonaventure_LA,13,The Union shall not be required to post a bond or other security as a condition to obtaining an injunction or other equitable relief against a violation or threatened violation of subsections 3(D) through 3(K).,HARD,deontic:prohibition|deontic:obligation,2,,,,,,
UNITE_HE_0070,UNITE_HERE_Westin_Bonaventure_LA,13,The obligations of subsections 3(D) through 3(K) shall expire one,HARD,deontic:obligation,2,,,,,,
UNITE_HE_0071,UNITE_HERE_Westin_Bonaventure_LA,13,"(1) year period, the obligations of this Section 3 shall be enforced through the procedures for arbitration provided in Section 17 and the Union shall retain the power to seek injunctive relief through judicial action as provided in this Section 3.",HARD,deontic:obligation,2,,,,,,
UNITE_HE_0072,UNITE_HERE_Westin_Bonaventure_LA,13,Properly authorized representatives of the Union shall be permitted to investigate the standing of all employees and to investigate conditions and to see that the terms of this Agreement are being observed.,HARD,deontic:obligation,2,,,,,,
UNITE_HE_0073,UNITE_HERE_Westin_Bonaventure_LA,13,"Said representatives shall be permitted to conduct such investigations within the premises of the Employer, provided, however, that no interview shall be held during rush hours.",HARD,deontic:obligation,2,,,,,,
UNITE_HE_0192,UNITE_HERE_Westin_Bonaventure_LA,26,(6) months prior to his/her date of hire; payments on behalf of such Employee shall be 23,HARD,deontic:obligation,2,,,,,,
UNITE_HE_0181,UNITE_HERE_Westin_Bonaventure_LA,25,"law requiring contributions or taxes upon the employer and/or employee to finance the new National Program, and contributions required by the Labor Agreement may be utilized to maintain benefits or may be used to meet the funding requirements of the new Pension Reform Law. 12.",SOFT,deontic:permission,2,,,,,,
UNITE_HE_0195,UNITE_HERE_Westin_Bonaventure_LA,27,"This amount shall become due and payable to the Trust Funds by the delinquent Employer upon the day immediately following the date on which the contribution or contributions become delinquent and shall be in addition to said contribution or contributions, provided, however, the Trustees may waive payment of the liquidated damages, or any portion thereof, in a particular case upon good cause satisfactory to the Trustees. 5.",HARD,deontic:obligation|deontic:permission,2,,,,,,
UNITE_HE_0299,UNITE_HERE_Westin_Bonaventure_LA,37,Any grievances arising under this provision shall be determined under the procedures set forth in Section 17.,HARD,deontic:obligation,2,,,,,,
UNITE_HE_0290,UNITE_HERE_Westin_Bonaventure_LA,36,Shop Stewards may be designated by the Union to handle grievances procedure and shall be given time off from their regular schedule without loss of pay to participate in grievance meetings with management which have been scheduled at mutually agreeable times.,HARD,deontic:obligation|deontic:permission,2,,,,,,
UNITE_HE_0291,UNITE_HERE_Westin_Bonaventure_LA,36,"In order to be recognized as a Shop Steward, the Union shall notify the Employer of the names of elected or certified shop stewards. 3.",HARD,deontic:obligation,2,,,,,,
UNITE_HE_0292,UNITE_HERE_Westin_Bonaventure_LA,36,Shop Stewards shall not interfere with the Employer’s direction of the work force or with customers.,HARD,deontic:prohibition|deontic:obligation,2,,,,,,
UNITE_HE_0293,UNITE_HERE_Westin_Bonaventure_LA,36,The Shop Steward must not leave his or her assigned work area for Union business without prior permission.,HARD,deontic:prohibition|deontic:obligation,2,,,,,,
UNITE_HE_0294,UNITE_HERE_Westin_Bonaventure_LA,37,No member of the Union shall be discharged or otherwise discriminated against because he or she has filed a claim with any governmental agency or a grievance with the Union.,HARD,deontic:obligation|deontic:prohibition,2,,,,,,
UNITE_HE_0295,UNITE_HERE_Westin_Bonaventure_LA,37,Nothing herein shall be construed to prevent an employee from communicating directly with management regarding a problem or complaint.,HARD,deontic:obligation,2,,,,,,
UNITE_HE_0297,UNITE_HERE_Westin_Bonaventure_LA,37,New classifications established under the jurisdiction of the Union shall be added to and made a part of Schedule A with a mutually agreed upon wage rate.,HARD,deontic:obligation,2,,,,,,
UNITE_HE_0300,UNITE_HERE_Westin_Bonaventure_LA,37,Warning notices shall be expunged from an employee’s records after one,HARD,deontic:obligation,2,,,,,,
UNITE_HE_0265,UNITE_HERE_Westin_Bonaventure_LA,33,House attendants shall be provided with at least two,HARD,deontic:obligation,2,,,,,,
UNITE_HE_0301,UNITE_HERE_Westin_Bonaventure_LA,37,(1) calendar year and shall not be used as the basis for discipline nor submitted in evidence in any grievance or arbitration.,HARD,deontic:prohibition|deontic:obligation,2,,,,,,
UNITE_HE_0302,UNITE_HERE_Westin_Bonaventure_LA,37,Said Committee shall consist of employee and management representatives.,HARD,deontic:obligation,2,,,,,,
UNITE_HE_0303,UNITE_HERE_Westin_Bonaventure_LA,37,"The Committee shall meet on a monthly basis, or as needed or requested by the members of the Committee.",HARD,deontic:obligation,2,,,,,,
UNITE_HE_0304,UNITE_HERE_Westin_Bonaventure_LA,37,The Committee shall meet on work time and bargaining unit committee members shall be paid at their regular rate of pay.,HARD,deontic:obligation,2,,,,,,
UNITE_HE_0305,UNITE_HERE_Westin_Bonaventure_LA,37,"The Employer shall also consult with the Union upon request to establish a program, or to modify an existing program, for health and safety on the job.",HARD,deontic:obligation,2,,,,,,
UNITE_HE_0306,UNITE_HERE_Westin_Bonaventure_LA,37,The Employer shall provide safety mats on kitchen floors in appropriate work areas.,HARD,deontic:obligation,2,,,,,,
UNITE_HE_0307,UNITE_HERE_Westin_Bonaventure_LA,37,The Employer shall make available heat-proof gloves where required.,HARD,deontic:obligation,2,,,,,,
UNITE_HE_0289,UNITE_HERE_Westin_Bonaventure_LA,36,The Shop Steward shall report to the Union and shall not interfere with the management of the business.,HARD,deontic:prohibition|deontic:obligation,2,,,,,,
UNITE_HE_0288,UNITE_HERE_Westin_Bonaventure_LA,36,The Union shall have the right to appoint or elect Shop Stewards in any establishment.,HARD,deontic:obligation,2,,,,,,
UNITE_HE_0286,UNITE_HERE_Westin_Bonaventure_LA,36,"Non-bargaining unit employees shall not normally perform bargaining unit work, but may do so in emergencies or occasionally to meet urgent service requirements. 2.",HARD,deontic:prohibition|deontic:obligation|deontic:permission,2,,,,,,
UNITE_HE_0285,UNITE_HERE_Westin_Bonaventure_LA,36,"Whenever changed or combined jobs include duties covered by this Agreement, they shall also be deemed a part of this Agreement. 1.",HARD,deontic:obligation,2,,,,,,
UNITE_HE_0268,UNITE_HERE_Westin_Bonaventure_LA,33,Scales of wages shown in Schedule A of this Agreement are minimum wage scales and shall not prohibit a superior worker from receiving a higher scale of wages.,HARD,deontic:prohibition|deontic:obligation,2,,,,,,
UNITE_HE_0269,UNITE_HERE_Westin_Bonaventure_LA,33,No present employee’s wages or benefits shall be reduced or otherwise adversely affected as a result of the signing of this Agreement.,HARD,deontic:obligation,2,,,,,,
UNITE_HE_0270,UNITE_HERE_Westin_Bonaventure_LA,33,"Excluding extra banquet employees employed to work a single function, employees may be hired at eighty percent (80%) of scale for the first ninety (90) days of employment. 30",SOFT,deontic:permission,2,,,,,,
UNITE_HE_0272,UNITE_HERE_Westin_Bonaventure_LA,34,There shall be no increases in the short shift rate of pay until such time the rate equals a rate ten percent (10%) above the eight (8)-hour hourly rate of pay.,HARD,deontic:obligation,2,,,,,,
UNITE_HE_0273,UNITE_HERE_Westin_Bonaventure_LA,34,"During the term of this Agreement, the Employer shall provide the wage increases outlined below.",HARD,deontic:obligation,2,,,,,,
UNITE_HE_0196,UNITE_HERE_Westin_Bonaventure_LA,27,"In any suit brought by the Trustees of the UHRF to collect contributions, the Trustees or the Trust Funds shall be entitled to the unpaid contributions, interest on the unpaid contributions or liquidated damages, whichever is greater; reasonable attorneys’ fees; costs of suit; and such other legal or equitable relief as the court deems appropriate. 6.",HARD,deontic:obligation,2,,,,,,
UNITE_HE_0276,UNITE_HERE_Westin_Bonaventure_LA,34,"Bellpersons, doorpersons, and bell captains shall be paid the hourly wage rates below, and shall receive increases sufficient to make their rates of pay equivalent to these hourly rates: December 1, 2018 $14.25 (Captain $15.25) July 1, 2019 $15.25 (Captain $16.25) July 1, 2020 $17.00 (Captain $18.00) July 1, 2021 $18.00 (Captain $19.00) January 1, 2022 CA Minimum Wage Plus $3.00 (Captain: CA Minimum Wage Plus $4.00) January 1, 2023 CA Minimum Wage Plus $3.00 (Captain: CA Minimum Wage Plus $4.00) 3.",HARD,deontic:obligation,2,,,,,,
UNITE_HE_0277,UNITE_HERE_Westin_Bonaventure_LA,34,"The below wage increases shall apply to the individual hourly rates of bartenders, barbacks, and runners who 31",HARD,deontic:obligation,2,,,,,,
UNITE_HE_0278,UNITE_HERE_Westin_Bonaventure_LA,35,"Bartenders shall be paid the hourly wage rates below, and shall receive increases sufficient to make their rates of pay equivalent to these hourly rates.",HARD,deontic:obligation,2,,,,,,
UNITE_HE_0279,UNITE_HERE_Westin_Bonaventure_LA,35,"Barbacks and runners shall be paid the hourly wage rates below, and shall receive increases sufficient to make their rates of pay equivalent to these hourly rates: December 1, 2018 $17.00 January 1, 2020 $17.50 January 1, 2021 $18.25 January 1, 2022 CA Minimum Wage Plus $3.75 January 1, 2023 CA Minimum Wage Plus $3.75 6.",HARD,deontic:obligation,2,,,,,,
UNITE_HE_0280,UNITE_HERE_Westin_Bonaventure_LA,35,"Bussers shall be paid the hourly wage rates below, and shall receive increases sufficient to make their rates of pay equivalent to these hourly rates.",HARD,deontic:obligation,2,,,,,,
UNITE_HE_0281,UNITE_HERE_Westin_Bonaventure_LA,35,Pay Periods Wages shall be paid weekly or semi-weekly according to the present customary practice of the Employer.,HARD,deontic:obligation,2,,,,,,
UNITE_HE_0282,UNITE_HERE_Westin_Bonaventure_LA,35,All banquet wages and service charges shall be paid according to past practice of the Employer. 32,HARD,deontic:obligation,2,,,,,,
UNITE_HE_0283,UNITE_HERE_Westin_Bonaventure_LA,36,Job content shall determine job titles or classifications and mere change in title or classification shall not exempt such employees or classifications from this Agreement.,HARD,deontic:prohibition|deontic:obligation,2,,,,,,
UNITE_HE_0284,UNITE_HERE_Westin_Bonaventure_LA,36,It is understood that employees who are classified in jobs not covered by this Agreement shall automatically become covered by this Agreement when they are assigned to work covered hereunder.,HARD,deontic:obligation,2,,,,,,
UNITE_HE_0308,UNITE_HERE_Westin_Bonaventure_LA,37,The Employer shall provide dishwashers with rubber or plastic aprons. 34,HARD,deontic:obligation,2,,,,,,
UNITE_HE_0309,UNITE_HERE_Westin_Bonaventure_LA,38,The Employer and the Union agree that all employees should be provided with a drug-free and safe workplace.,SOFT,deontic:preference,2,,,,,,
UNITE_HE_0310,UNITE_HERE_Westin_Bonaventure_LA,38,"To promote this goal, employees are required to report to work in appropriate mental and physical condition to perform their jobs in a satisfactory manner.",HARD,deontic:obligation,2,,,,,,
UNITE_HE_0331,UNITE_HERE_Westin_Bonaventure_LA,40,Any cash gratuities left by guests shall be the sole property of the room attendant.,HARD,deontic:obligation,2,,,,,,
UNITE_HE_0333,UNITE_HERE_Westin_Bonaventure_LA,40,"No employee shall be required or permitted to contribute any part of his or her wages, tips or gratuities to the captain, head server, head bartender, manager, assistant manager, or anyone in charge.",HARD,deontic:obligation|deontic:prohibition,2,,,,,,
UNITE_HE_0334,UNITE_HERE_Westin_Bonaventure_LA,40,The Employer shall have no right to order the manner in which tips should be distributed among employees.,HARD,deontic:obligation|deontic:preference,2,,,,,,
UNITE_HE_0002,UNITE_HERE_Westin_Bonaventure_LA,4,Coverage of such a Property is conditioned upon and shall occur when the Union demonstrates that it has been authorized by a majority of the employees in the operation to represent them for the purposes of collective bargaining.,HARD,deontic:obligation,2,,,,,,
UNITE_HE_0336,UNITE_HERE_Westin_Bonaventure_LA,40,"Gratuities on banquets for extra banquet employees, including bartenders, shall be paid within seven",HARD,deontic:obligation,2,,,,,,
UNITE_HE_0337,UNITE_HERE_Westin_Bonaventure_LA,40,"For in house charges in food and beverage outlets, the Employer shall add a gratuity as follows: January 1, 2019 – sixteen percent (16%);",HARD,deontic:obligation,2,,,,,,
UNITE_HE_0338,UNITE_HERE_Westin_Bonaventure_LA,40,The Employer shall add a service charge of twenty percent (20%) to the guest check of patrons who open a tab but leave without signing their bill.,HARD,deontic:obligation,2,,,,,,
UNITE_HE_0339,UNITE_HERE_Westin_Bonaventure_LA,40,In such situations the employee must inform management personnel prior to adding such service charge.,HARD,deontic:obligation,2,,,,,,
UNITE_HE_0340,UNITE_HERE_Westin_Bonaventure_LA,40,"(6) or more are served in a fullservice food outlet, the Employer shall guarantee that a service charge of twenty percent (20%) will be added to the guest check.",HARD,deontic:obligation,2,,,,,,
UNITE_HE_0341,UNITE_HERE_Westin_Bonaventure_LA,40,In-room dining servers shall continue to receive a service charge of sixteen and one-half percent (16.5%) of the 37,HARD,deontic:obligation,2,,,,,,
UNITE_HE_0342,UNITE_HERE_Westin_Bonaventure_LA,41,Such service charges shall be credited toward the difference between the employee’s hourly (Schedule A) wage rate and the required minimum wage to be paid by the Employer.,HARD,deontic:obligation,2,,,,,,
UNITE_HE_0343,UNITE_HERE_Westin_Bonaventure_LA,41,The banquet service charge shall be sixteen and one-half percent (16.5%) of the guest’s check.,HARD,deontic:obligation,2,,,,,,
UNITE_HE_0344,UNITE_HERE_Westin_Bonaventure_LA,41,The Employer shall continue its current practices concerning at-cost functions.,HARD,deontic:obligation,2,,,,,,
UNITE_HE_0345,UNITE_HERE_Westin_Bonaventure_LA,41,"Servers required to serve more than twenty (20) guests shall be paid $0.56 per extra guest for breakfast, luncheon, and tea, and $0.62 per extra guest for dinners.",HARD,deontic:obligation,2,,,,,,
UNITE_HE_0346,UNITE_HERE_Westin_Bonaventure_LA,41,"However, for French service, the foregoing extras shall be applicable when servers are required to serve more than fifteen (15) guests. 2.",HARD,deontic:obligation|deontic:obligation,2,,,,,,
UNITE_HE_0347,UNITE_HERE_Westin_Bonaventure_LA,41,"When banquet servers are called upon to serve another banquet they shall be paid the full rate of another party, as per Schedule A.",HARD,deontic:obligation,2,,,,,,
UNITE_HE_0332,UNITE_HERE_Westin_Bonaventure_LA,40,All gratuities shall be the property of the individual employee and shall not be deemed a part of the basic wage.,HARD,deontic:prohibition|deontic:obligation,2,,,,,,
UNITE_HE_0330,UNITE_HERE_Westin_Bonaventure_LA,40,"Room attendants shall wipe down refrigerators in rooms, but shall not be required to do more than report to management any deep cleaning of refrigerators that is needed. 11.",HARD,deontic:prohibition|deontic:obligation,2,,,,,,
UNITE_HE_0313,UNITE_HERE_Westin_Bonaventure_LA,38,"If any employee is sent for testing and the test is not positive, the employee shall suffer no loss of pay, including tips.",HARD,deontic:obligation,2,,,,,,
UNITE_HE_0329,UNITE_HERE_Westin_Bonaventure_LA,39,Those items shall be machine washed to ensure proper 36,HARD,deontic:obligation,2,,,,,,
UNITE_HE_0314,UNITE_HERE_Westin_Bonaventure_LA,38,Any drug/alcohol testing shall be done pursuant to procedures to be discussed by the Employer and Union Representatives.,HARD,deontic:obligation,2,,,,,,
UNITE_HE_0315,UNITE_HERE_Westin_Bonaventure_LA,38,"On any shift when these excluded duties are performed, the provision set forth in subsection 9(K) shall be applicable.",HARD,deontic:obligation,2,,,,,,
UNITE_HE_0316,UNITE_HERE_Westin_Bonaventure_LA,38,The Employer shall not implement Marriott’s Make a Green Choice process or a similar Employer process.,HARD,deontic:prohibition|deontic:obligation,2,,,,,,
UNITE_HE_0317,UNITE_HERE_Westin_Bonaventure_LA,38,The existing Green Seal process shall continue to be on a voluntary basis in the Housekeeping Department. 2.,HARD,deontic:obligation,2,,,,,,
UNITE_HE_0318,UNITE_HERE_Westin_Bonaventure_LA,38,"No later than January 1, 2020, the Employer shall provide fitted sheets instead of a flat sheet as a bottom sheet on all hotel beds.",HARD,deontic:obligation,2,,,,,,
UNITE_HE_0319,UNITE_HERE_Westin_Bonaventure_LA,38,The Union shall have the right to approve the quality of the sheets before utilization by the Employer. 3.,HARD,deontic:obligation,2,,,,,,
UNITE_HE_0320,UNITE_HERE_Westin_Bonaventure_LA,39,"House attendants shall not be required to perform other jurisdiction craft work, such as painters, plumbing, and operating engineers. 4.",HARD,deontic:prohibition|deontic:obligation,2,,,,,,
UNITE_HE_0321,UNITE_HERE_Westin_Bonaventure_LA,39,Room attendants shall clean fifteen (15) rooms/credits in an eight,HARD,deontic:obligation,2,,,,,,
UNITE_HE_0322,UNITE_HERE_Westin_Bonaventure_LA,39,"(8) hour shift, which shall be reduced as follows: a.",HARD,deontic:obligation,2,,,,,,
UNITE_HE_0323,UNITE_HERE_Westin_Bonaventure_LA,39,The Employer shall reduce the contractual room quota to no more than eight,HARD,deontic:obligation,2,,,,,,
UNITE_HE_0324,UNITE_HERE_Westin_Bonaventure_LA,39,Room attendants shall receive one-half,HARD,deontic:obligation,2,,,,,,
UNITE_HE_0325,UNITE_HERE_Westin_Bonaventure_LA,39,"Room attendants shall receive $3.00 for each cot, crib, sofa bed, or roll-a-way bed made up and such work shall not result in room drops regardless of past practice. 8.",HARD,deontic:prohibition|deontic:obligation,2,,,,,,
UNITE_HE_0326,UNITE_HERE_Westin_Bonaventure_LA,39,Service Express runners shall receive $1.00 for each roll-a-way delivered to a room. 9.,HARD,deontic:obligation,2,,,,,,
UNITE_HE_0327,UNITE_HERE_Westin_Bonaventure_LA,39,"The number of rooms/credits to be fully cleaned by turndown attendants shall be determined as follows: 60 minus number of turndown rooms, divided by 4, with the above-reductions for checkouts, travel, and double beds being factored into the product.",HARD,deontic:obligation,2,,,,,,
UNITE_HE_0328,UNITE_HERE_Westin_Bonaventure_LA,39,"Room attendants shall not clean drinking glasses, coffee carafes, or mugs.",HARD,deontic:prohibition|deontic:obligation,2,,,,,,
UNITE_HE_0267,UNITE_HERE_Westin_Bonaventure_LA,33,"It is agreed that the following wearing apparel shall not constitute a uniform within the meaning of this Section 11: shoes, stockings, underclothing, men’s shirts or neckties, or any other type of clothing normally used for street wear, where the Employer does not require or specify the color, style, or design thereof.",HARD,deontic:prohibition|deontic:obligation,2,,,,,,
UNITE_HE_0275,UNITE_HERE_Westin_Bonaventure_LA,34,"All non-tipped employees (including coffee bar attendant/barista) shall receive the following wage increases: December 1, 2018 $2.00 January 1, 2020 $0.50 June 1, 2020 $0.50 December 1, 2020 $0.50 June 1, 2021 $0.55 December 1, 2021 $0.55 June 1, 2022 $0.55 December 1, 2022 $0.55 June 1, 2023 $0.55 2.",HARD,deontic:obligation,2,,,,,,
UNITE_HE_0264,UNITE_HERE_Westin_Bonaventure_LA,33,"Housekeeping department employees, excluding the assistant housekeeper and the secretary of housekeeping, shall be provided a minimum of at least two",HARD,deontic:obligation,2,,,,,,
UNITE_HE_0237,UNITE_HERE_Westin_Bonaventure_LA,31,(4) days per week shall receive an extra work differential for both full shifts and short shifts in the amount set forth in Schedule A.,HARD,deontic:obligation,2,,,,,,
UNITE_HE_0235,UNITE_HERE_Westin_Bonaventure_LA,31,All employees shall receive the night shift differential set forth in Schedule A for working a night shift starting at or after 8:00 p.m. and before 4:00 a.m.,HARD,deontic:obligation,2,,,,,,
UNITE_HE_0234,UNITE_HERE_Westin_Bonaventure_LA,31,"(7) consecutive days shall be paid at the rate of double time for such seventh day, with the maximum not to exceed two and one-half times pay regardless of other premiums due.",HARD,deontic:obligation,2,,,,,,
UNITE_HE_0233,UNITE_HERE_Westin_Bonaventure_LA,31,Employees working daily three (3)- or four (4)-hour shifts may be employed six,SOFT,deontic:permission,2,,,,,,
UNITE_HE_0232,UNITE_HERE_Westin_Bonaventure_LA,31,"Banquet servers, banquet bartenders, and banquet bussers that incur overtime working a third function in a workday shall be paid overtime at one and one-half (1-½) times the employee’s base hourly rate. 4.",HARD,deontic:obligation,2,,,,,,
UNITE_HE_0229,UNITE_HERE_Westin_Bonaventure_LA,30,"(7) consecutive workdays shall be paid at the rate of one and one-half (1-½) times the regular rate of pay, and any work performed at the request of the Employer in excess of eight",HARD,deontic:obligation,2,,,,,,
UNITE_HE_0226,UNITE_HERE_Westin_Bonaventure_LA,30,"(2) days off are not consecutive, he or she shall receive penalty pay of an additional one-half",HARD,deontic:obligation,2,,,,,,
UNITE_HE_0224,UNITE_HERE_Westin_Bonaventure_LA,30,All employees shall receive two,HARD,deontic:obligation,2,,,,,,
UNITE_HE_0223,UNITE_HERE_Westin_Bonaventure_LA,30,(5) days shall constitute a week’s work.,HARD,deontic:obligation,2,,,,,,
UNITE_HE_0222,UNITE_HERE_Westin_Bonaventure_LA,30,Overtime shall be paid as incurred.,HARD,deontic:obligation,2,,,,,,
UNITE_HE_0221,UNITE_HERE_Westin_Bonaventure_LA,30,Wage differentials for split and short shifts (where permitted) above the regular wage shall be set forth in Schedule A.,HARD,deontic:obligation,2,,,,,,
UNITE_HE_0220,UNITE_HERE_Westin_Bonaventure_LA,30,Split and short shifts shall be permitted only in accordance with Schedule A.,HARD,deontic:obligation,2,,,,,,
UNITE_HE_0219,UNITE_HERE_Westin_Bonaventure_LA,30,Any hours worked within this twelve-hour period shall be paid at the overtime rates set forth in this Agreement.,HARD,deontic:obligation,2,,,,,,
UNITE_HE_0217,UNITE_HERE_Westin_Bonaventure_LA,30,There shall be no split shift between the hours of 6:00 P.M. and 4:00 A.M.,HARD,deontic:obligation,2,,,,,,
UNITE_HE_0216,UNITE_HERE_Westin_Bonaventure_LA,30,There shall be no more than one split in a shift.,HARD,deontic:obligation,2,,,,,,
UNITE_HE_0215,UNITE_HERE_Westin_Bonaventure_LA,30,Dining Room employees shall not work more than eight,HARD,deontic:prohibition|deontic:obligation,2,,,,,,
UNITE_HE_0213,UNITE_HERE_Westin_Bonaventure_LA,29,The workday shall normally be eight,HARD,deontic:obligation,2,,,,,,
UNITE_HE_0212,UNITE_HERE_Westin_Bonaventure_LA,29,The contributions shall be submitted together with a report of the employee data required by the Committee in the format prescribed by the Committee.,HARD,deontic:obligation,2,,,,,,
UNITE_HE_0211,UNITE_HERE_Westin_Bonaventure_LA,29,"(1) annual lump-sum sum payment at the beginning of each fiscal year, which shall be calculated based on all hours for which employees covered by this Agreement were compensated during the preceding year, including and without limitation, PTO and holiday hours, at a rate of eight cents ($0.08) per hour.",HARD,deontic:obligation,2,,,,,,
UNITE_HE_0210,UNITE_HERE_Westin_Bonaventure_LA,29,The Employer shall commence the submission of contributions to the Committee based on hours compensated in August 2019.,HARD,deontic:obligation,2,,,,,,
UNITE_HE_0209,UNITE_HERE_Westin_Bonaventure_LA,29,The Employer shall execute and deliver to the HILMC Fund Trustees an agreement in writing to participate in the HILMC Fund pursuant to the terms of the Trust Agreement and this Agreement. 2.,HARD,deontic:obligation,2,,,,,,
UNITE_HE_0208,UNITE_HERE_Westin_Bonaventure_LA,29,Contributions may be waived by mutual agreement. 3.,SOFT,deontic:permission,2,,,,,,
UNITE_HE_0207,UNITE_HERE_Westin_Bonaventure_LA,29,The Employer shall continue to contribute five and one-half cents ($0.055) per hour worked or paid.,HARD,deontic:obligation,2,,,,,,
UNITE_HE_0206,UNITE_HERE_Westin_Bonaventure_LA,28,The Employer shall submit all wage and employee census data for annual discrimination testing in accordance with the time requirements and format specified by the Plan.,HARD,deontic:obligation,2,,,,,,
UNITE_HE_0205,UNITE_HERE_Westin_Bonaventure_LA,28,The Employer shall not be obliged to make any contributions to such Plan and shall only be obliged to facilitate administrative withholding and reporting procedures to effect voluntary payroll deductions set forth in the provisions of the Plan. 3.,HARD,deontic:prohibition|deontic:obligation,2,,,,,,
UNITE_HE_0204,UNITE_HERE_Westin_Bonaventure_LA,28,The Employer shall provide payroll deduction services to its employees covered under this Agreement with Union to permit voluntary employee contributions to the Labor Unions 401(k) Plan (“Plan”). 2.,HARD,deontic:obligation,2,,,,,,
UNITE_HE_0202,UNITE_HERE_Westin_Bonaventure_LA,28,The Employer shall continue to contribute eleven cents ($0.11) per hour worked or for which the Employer is required to pay the employee to the Legal Services Fund.,HARD,deontic:obligation|deontic:obligation,2,,,,,,
UNITE_HE_0201,UNITE_HERE_Westin_Bonaventure_LA,27,"Said Fund shall be jointly administered by the Legal Services Fund Trustees, limited only by the terms and provision of this Agreement and the Trust Agreements, as amended, establishing and continuing the Fund. 24",HARD,deontic:obligation,2,,,,,,
UNITE_HE_0198,UNITE_HERE_Westin_Bonaventure_LA,27,"In the event the Trustees determine that the Employer failed to make the required contributions, the Trustees may assess the Employer the cost of the audit. 7.",SOFT,deontic:permission,2,,,,,,
UNITE_HE_0197,UNITE_HERE_Westin_Bonaventure_LA,27,"Upon request of the Trustees the Employer shall make available such books, records and reports as the Trustees’ auditor deems appropriate to determine that the Employer has made required contributions.",HARD,deontic:obligation,2,,,,,,
UNITE_HE_0236,UNITE_HERE_Westin_Bonaventure_LA,31,Twenty-four (24) hour operations shall have one shift of employees receiving the night shift differential.,HARD,deontic:obligation,2,,,,,,
UNITE_HE_0231,UNITE_HERE_Westin_Bonaventure_LA,30,"(4) hours during their regular five-day workweek, they shall be paid at the rate set forth in Schedule A for each hour worked on the sixth and seventh day of employment. 27",HARD,deontic:obligation,2,,,,,,
UNITE_HE_0335,UNITE_HERE_Westin_Bonaventure_LA,40,"Gratuities on charged checks, excluding banquets, shall be paid by the Employer on the date of service without requiring the employee to wait for a charged bill to be paid by the customer.",HARD,deontic:obligation,2,,,,,,
UNITE_HE_0245,UNITE_HERE_Westin_Bonaventure_LA,31,"If the meeting is scheduled on the employee’s day off, the employee shall be paid for a minimum of four",HARD,deontic:obligation,2,,,,,,
UNITE_HE_0252,UNITE_HERE_Westin_Bonaventure_LA,32,All hotel service employees shall receive one,HARD,deontic:obligation,2,,,,,,
UNITE_HE_0254,UNITE_HERE_Westin_Bonaventure_LA,32,Meals shall be balanced and shall consist of food comparable to that served customers.,HARD,deontic:obligation,2,,,,,,
UNITE_HE_0256,UNITE_HERE_Westin_Bonaventure_LA,32,All employees shall be allowed thirty (30) minutes to eat one,HARD,deontic:obligation,2,,,,,,
UNITE_HE_0257,UNITE_HERE_Westin_Bonaventure_LA,32,All employees shall be allowed two,HARD,deontic:obligation,2,,,,,,
UNITE_HE_0258,UNITE_HERE_Westin_Bonaventure_LA,32,"The thirty (30) minute meal period and the rest periods are paid time and must be included as such in making health and welfare and retirement contributions and also for purposes of computing overtime, vacation, and holiday pay.",HARD,deontic:obligation,2,,,,,,
UNITE_HE_0251,UNITE_HERE_Westin_Bonaventure_LA,32,(6) hours shall receive two,HARD,deontic:obligation,2,,,,,,
UNITE_HE_0250,UNITE_HERE_Westin_Bonaventure_LA,32,(6) hours shall receive one,HARD,deontic:obligation,2,,,,,,
UNITE_HE_0248,UNITE_HERE_Westin_Bonaventure_LA,32,"(4) hours’ notice of the cancellation of a mandatory meeting, the Employer shall pay each employee who reports to the meeting hour",HARD,deontic:obligation,2,,,,,,
UNITE_HE_0247,UNITE_HERE_Westin_Bonaventure_LA,32,The Employer shall provide at least twenty-four (24) hours’ notice of a meeting and at least four,HARD,deontic:obligation,2,,,,,,
UNITE_HE_0259,UNITE_HERE_Westin_Bonaventure_LA,32,The Employer shall not require as a condition of employment that any employee eat or lodge at the place of employment or accept food or lodging where the cost is deducted from the wages provided for under this Agreement.,HARD,deontic:prohibition|deontic:obligation,2,,,,,,
UNITE_HE_0262,UNITE_HERE_Westin_Bonaventure_LA,33,The Employer must provide a minimum of at least two,HARD,deontic:obligation,2,,,,,,
UNITE_HE_0261,UNITE_HERE_Westin_Bonaventure_LA,33,"However, for cooks, the Employer shall launder or clean the uniforms, but may opt to pay employees $0.50 per day or $2.50 per week for furnishing their own uniforms.",HARD,deontic:obligation|deontic:permission,2,,,,,,
UNITE_HE_0242,UNITE_HERE_Westin_Bonaventure_LA,31,Under no circumstances shall an employee be entitled to receive more than two and one-half times his or her regular base rate of pay.,HARD,deontic:obligation,2,,,,,,
UNITE_HE_0244,UNITE_HERE_Westin_Bonaventure_LA,31,The Employer may require all employees covered by this Agreement to attend mandatory training/department meeting sessions as needed.,SOFT,deontic:permission,2,,,,,,
UNITE_HE_0238,UNITE_HERE_Westin_Bonaventure_LA,31,(4) days per week and who are not notified of change in that status shall continue to receive the extra work differential.,HARD,deontic:obligation,2,,,,,,
UNITE_HE_0241,UNITE_HERE_Westin_Bonaventure_LA,31,Excluding work performed during lunch periods or relief periods where an employee performs duties which combine two or more classifications of work he or she shall be paid at the rate specified for each classification only for the time actually worked in each classification.,HARD,deontic:obligation,2,,,,,,
UNITE_HE_0263,UNITE_HERE_Westin_Bonaventure_LA,33,All bell service department employees shall be provided at least two,HARD,deontic:obligation,2,,,,,,
UNITE_HE_0243,UNITE_HERE_Westin_Bonaventure_LA,31,"In applying this provision, overscale wage rates shall not be considered as premium pay.",HARD,deontic:prohibition|deontic:obligation,2,,,,,,
UNITE_HE_0253,UNITE_HERE_Westin_Bonaventure_LA,32,All employees working a split shift shall receive two,HARD,deontic:obligation,2,,,,,,
UNITE_HE_0486,UNITE_HERE_Westin_Bonaventure_LA,55,The parties agree that such employees would be subject to a probationary period in this event. 3.,UNCLEAR,exception,1,,,,,,
UNITE_HE_0568,UNITE_HERE_Westin_Bonaventure_LA,68,"08/24/2021 12/01/2021 06/01/2022 12/01/2022 06/01/2023 CafeNow Delivery & Attendant $22.50 $23.05 $23.60 $24.15 $24.70 CafeNow Kitchen Expediter $23.00 $23.55 $24.10 $24.65 $25.20 California Minimum Wage + Service Charges Server (Room Service) 01/01/2019 01/01/2020 8 hour shift $12.00 $13.00 Short Shift (4 to 6 hours) $13.20 $14.30 BANQUETS Hourly Wage + Service Charges Lead Banquet Captain 05/19/2021 12/01/2021 06/01/2022 12/01/2022 06/01/2023 8 Hour Shift $27.00 $27.55 $28.10 $28.65 $29.20 California Minimum Wage + $1.00 + Service Charges Captains 01/01/2019 01/01/2020 01/01/2021 01/01/2022 01/01/2023 8 Hour Shift $13.00 $14.00 $15.00 $16.00 $16.00 Servers California Minimum Wage + Service Charges Breakfast, Lunch, or Tea beginning $12.00 $13.00 $14.00 $15.00 $15.00 before 4:00 p.m.; 3 hours minimum Dinner 4 hours minimum $12.00 $13.00 $14.00 $15.00 $15.00 Dinner-Dance - 8 hours or less $12.00 $13.00 $14.00 $15.00 $15.00 Hourly Overshift Rate for 3-4 hour shifts $12.00 $13.00 $14.00 $15.00 $15.00 Hourly Overtime Rate for Work Over 8 $18.00 $19.50 $21.00 $22.50 $22.50 hours* 12/01/2018 01/01/2020 06/01/2020 12/01/2020 06/01/2021 12/01/2021 06/01/2022 12/01/2022 06/01/2023 Banquet House Attendant $22.50 $23.00 $23.50 $24.00 $24.55 $25.10 $25.65 $26.20 $26.75 Lead Banquet House Attendant $23.50 $24.00 $24.50 $25.00 $25.55 $26.10 $26.65 $27.20 $27.75 12/10/2021 06/01/2022 12/01/2022 06/01/2023 Senior Lead Banquet House Attendant $28.00 $28.55 $29.10 $29.65 65",UNCLEAR,threshold,1,,,,,,
UNITE_HE_0487,UNITE_HERE_Westin_Bonaventure_LA,55,"While English is the language of the workplace, the Employer recognizes the right of employees to use the language of their choice when speaking among themselves during work hours provided that such conversations are conducted in a manner that is respectful of 52",UNCLEAR,exception,1,,,,,,
UNITE_HE_0567,UNITE_HERE_Westin_Bonaventure_LA,67,COOKS 12/10/2021 06/01/2022 12/01/2022 06/01/2023 Senior Lead Cook $29.00 $29.55 $30.10 $30.65 COOKS 12/01/2018 01/01/2020 06/01/2020 12/01/2020 06/01/2021 12/01/2021 06/01/2022 12/01/2022 06/01/2023 Lead Cook $24.80 $25.30 $25.80 $26.30 $26.85 $27.40 $27.95 $28.50 $29.05 Cook $23.96 $24.46 $24.96 $25.46 $26.01 $26.56 $27.11 $27.66 $28.21 Saucier $23.96 $24.46 $24.96 $25.46 $26.01 $26.56 $27.11 $27.66 $28.21 Head Garde Manger $23.96 $24.46 $24.96 $25.46 $26.01 $26.56 $27.11 $27.66 $28.21 Garde Manger $23.20 $23.70 $24.20 $24.70 $25.25 $25.80 $26.35 $26.90 $27.45 Pastry Cook $22.83 $23.33 $23.83 $24.33 $24.88 $25.43 $25.98 $26.53 $27.08 Baker $22.83 $23.33 $23.83 $24.33 $24.88 $25.43 $25.98 $26.53 $27.08 Pantry $22.83 $23.33 $23.83 $24.33 $24.88 $25.43 $25.98 $26.53 $27.08 OUTLET EMPLOYEES Los Angeles Minimum Wage Server 12/01/2018 07/01/2019 07/01/2020 07/01/2022 8 hour shift $13.25 $14.25 $15.00 + CPI Short Shift (4 to 6 hours) $14.58 $15.68 $16.50 + CPI CA Minimum Wage + $3.50 12/01/2018 01/01/2020 01/01/2021 01/01/2022 01/01/2023 *Dining Room Attendant (Bus $17.00 $17.50 $18.00 $18.50 $18.50 Attendant) 12/01/2018 01/01/2020 01/01/2021 01/01/2022 01/01/2023 *Overscale Increases $0.55 $0.55 $0.50 $0.40 $0.40 12/01/2018 01/01/2020 06/01/2020 12/01/2020 06/01/2021 12/01/2021 06/01/2022 12/01/2022 06/01/2023 Buffet Runner/Attendant $20.30 $20.80 $21.30 $21.80 $22.35 $22.90 $23.45 $24.00 $24.55 Barista $20.96 $21.46 $21.96 $22.46 $23.01 $23.56 $24.11 $24.66 $25.21 Cashier/Order Taker $21.34 $21.84 $22.34 $22.84 $23.39 $23.94 $24.49 $25.04 $25.59 Greeter $21.34 $21.84 $22.34 $22.84 $23.39 $23.94 $24.49 $25.04 $25.59 64,UNCLEAR,threshold,1,,,,,,
UNITE_HE_0579,UNITE_HERE_Westin_Bonaventure_LA,72,"Notwithstanding any change in applicable law or in conditions or circumstances, whether contemplated by the parties or not (including but not limited to changes in circumstances relating to the implementation of or modifications to applicable laws regulating health care or benefit fund funding requirements or minimum wage 69",UNCLEAR,exception,1,,,,,,
UNITE_HE_0645,UNITE_HERE_Westin_Bonaventure_LA,89,"Mansoorian: The parties have agreed to replace the side letter regarding Chinese-style banquets, dated March 18, 1998, with the following: Notwithstanding Section 38 of the Collective Bargaining Agreement, the Union will allow the Employer to use an outside catering company to prepare traditional Chinese meals for up to 26 Chinese banquets per contract year.",UNCLEAR,exception,1,,,,,,
UNITE_HE_0493,UNITE_HERE_Westin_Bonaventure_LA,56,Except as required by law the Employer agrees not to permit any private or public entity to conduct an audit or inspection of its Forms I-9 or personnel records.,UNCLEAR,exception,1,,,,,,
UNITE_HE_0652,UNITE_HERE_Westin_Bonaventure_LA,91,"Prices are as follows: 0 - l hour $15 l - 2 hours $30 2 - 4 hours $40 Vehicles cannot be held for more I than 4 hours ,04 SOUTH FIGUERO!'.",UNCLEAR,threshold,1,,,,,,
UNITE_HE_0203,UNITE_HERE_Westin_Bonaventure_LA,28,"Effective January 1, 2021, and continuing through the expiration of this Agreement, the Employer agrees to increase its contribution rate as determined by the Union in accordance with the terms of the Memorandum of Understanding Concerning Trust Fund Increases, and subject to the limits therein.",UNCLEAR,exception,1,,,,,,
UNITE_HE_0494,UNITE_HERE_Westin_Bonaventure_LA,56,"The Employer agrees not to use the E-Verify system or any other similar federal program for non-probationary employees, except if required to do so as a federal contractor or by other law.",UNCLEAR,exception,1,,,,,,
UNITE_HE_0004,UNITE_HERE_Westin_Bonaventure_LA,4,"In the event of reorganization of the Union currently covered hereunder, this Agreement will be amended to substitute the new names and/or local union numbers as parties hereto.",UNCLEAR,exception,1,,,,,,
UNITE_HE_0023,UNITE_HERE_Westin_Bonaventure_LA,7,"Subject to the same conditions, initiation fees and/or reinstatement fees will be deducted on the basis of 50% from the first pay period after the authorization is signed, and the remaining 50% from the second pay period.",UNCLEAR,exception,1,,,,,,
UNITE_HE_0109,UNITE_HERE_Westin_Bonaventure_LA,17,"Upon written request made in advance, except in the event of a bona fide emergency, employees with six",UNCLEAR,exception,1,,,,,,
UNITE_HE_0646,UNITE_HERE_Westin_Bonaventure_LA,89,"For purposes of this side letter only, a Chinese banquet is defined as serving a minimum of 100 guests.",UNCLEAR,threshold,1,,,,,,
UNITE_HE_0008,UNITE_HERE_Westin_Bonaventure_LA,5,"In the event that the hotel becomes subject to a state or federal right to work law, the Employer agrees to remain neutral with respect to any of its employees’ or prospective employees’ decisions regarding membership in or support for the Union.",UNCLEAR,exception,1,,,,,,
UNITE_HE_0186,UNITE_HERE_Westin_Bonaventure_LA,25,"Effective April 1, 2021, and continuing through the expiration of this Agreement, the Employer agrees to increase its contribution rate as determined by the Union in accordance with the terms of the Memorandum of Understanding Concerning Trust Fund Increases, and subject to the limits therein. 3.",UNCLEAR,exception,1,,,,,,
UNITE_HE_0608,UNITE_HERE_Westin_Bonaventure_LA,79,"(i) have more than one year of service as of their date of layoff, (ii) do not opt for the severance pay provisions set forth in paragraph 1 above, (iii) were not terminated or did not quit their employment with the hotel except for reasons associated with the closure, and (iv) remained available for employment at the hotel until laid off. b.",UNCLEAR,exception,1,,,,,,
UNITE_HE_0167,UNITE_HERE_Westin_Bonaventure_LA,23,"Concerning Trust Fund Increases, and subject to the limits therein. 3.",UNCLEAR,exception,1,,,,,,
UNITE_HE_0440,UNITE_HERE_Westin_Bonaventure_LA,49,Grievance Procedure Flow Chart (all are calendar days) STEP 1: Notify the other party of a violation within 60 days of its occurrence.,UNCLEAR,threshold,1,,,,,,
UNITE_HE_0611,UNITE_HERE_Westin_Bonaventure_LA,79,The Employer will send letters by certified mail to the employee’s last known address notifying employees who are subject to recall of available job openings in the relevant job classification at least thirty (30) days prior to the date employment in the relevant job classification is available.,UNCLEAR,exception,1,,,,,,
UNITE_HE_0612,UNITE_HERE_Westin_Bonaventure_LA,79,Employees who are subject to recall and who do not reply in person and in writing to the Employer’s notice of recall letter within the specified time period or who do not return to work on the date and at the time specified in the Employer’s notice of recall letter will be deemed to have waived their recall rights.,UNCLEAR,exception,1,,,,,,
UNITE_HE_0543,UNITE_HERE_Westin_Bonaventure_LA,63,"(1) week of pay for every year of service, subject to all legally required taxes and withholdings and a general release of claims.",UNCLEAR,exception,1,,,,,,
UNITE_HE_0615,UNITE_HERE_Westin_Bonaventure_LA,81,All banquet servers’ (except steady extras) checks will either be mailed to the Union or picked up by a Union runner. 3.,UNCLEAR,exception,1,,,,,,
UNITE_HE_0057,UNITE_HERE_Westin_Bonaventure_LA,12,"of space that is not controlled or managed by the Employer as an existing part of the hotel operation, or preclude the continued leasing or future leasing, whether to the current or any other lessee, of any space currently leased in the hotel, or preclude the leasing of space currently controlled by the Employer to a different third party subject to the provisions of part (ii) in the following sentence.",UNCLEAR,exception,1,,,,,,
UNITE_HE_0053,UNITE_HERE_Westin_Bonaventure_LA,11,"Owner further agrees that, to the extent it has such documents, as a condition of any such sale, transfer, or assignment, it will transfer to the successor(s) completed Forms I-9 for all bargaining unit employees, obtain from its successor(s) a written agreement that the successor(s) will maintain these Forms I-9 in lieu of completing new Forms I-9 for bargaining unit employees (“I-9 Agreement”) and furnish a copy of the I-9 Agreement (but not copies of the I-9s themselves) to the Union not less than 30 calendar days prior to the closing of the transaction.",UNCLEAR,threshold,1,,,,,,
UNITE_HE_0147,UNITE_HERE_Westin_Bonaventure_LA,20,"For purposes of this provision, the holidays of New Year’s Day, Labor Day, Thanksgiving Day and Christmas Day mean the twenty-four (24) hours of the calendar day specified, except that if any fall on Sunday, the Employer 17",UNCLEAR,exception,1,,,,,,
UNITE_HE_0266,UNITE_HERE_Westin_Bonaventure_LA,33,"For purposes of this Section 11 “uniforms and linens” mean any apparel specified by the Employer to be worn by employees in the service of the Employer, except that a black tuxedo for a head server or captain and black pants and white shirt for a dining room attendant, server, or bartender, are not considered a uniform.",UNCLEAR,exception,1,,,,,,
UNITE_HE_0624,UNITE_HERE_Westin_Bonaventure_LA,83,The daily speculator sign-up sheets will be kept by each hotel for a minimum of 60 days. 12.,UNCLEAR,threshold,1,,,,,,
UNITE_HE_0535,UNITE_HERE_Westin_Bonaventure_LA,62,"Preference in hiring also will be given to any employee displaced due to technological change, who applies for another position for which he or she is qualified, at other Employer-operated hotels subject to a collective bargaining agreement with the Union.",UNCLEAR,exception,1,,,,,,
UNITE_HE_0227,UNITE_HERE_Westin_Bonaventure_LA,30,"(½) day’s pay, except as provided in this Section 9. 2.",UNCLEAR,exception,1,,,,,,
UNITE_HE_0600,UNITE_HERE_Westin_Bonaventure_LA,78,"Except as required by paragraph 3 below, the Union and the Employer expressly waive all rights they might otherwise have now or in the future to negotiate or bargain over any decision to suspend operations for remodeling, or any effects of that decision which are or could be subject to collective bargaining.",UNCLEAR,exception,1,,,,,,
UNITE_HE_0042,UNITE_HERE_Westin_Bonaventure_LA,9,"Laundry operations only as done in the past or in cases of inoperative laundry equipment or emergencies, provided all bargaining unit members have been offered an opportunity to perform available work, and provided further that when work is subcontracted as a result of inoperative equipment, the Employer will make reasonable efforts to repair or replace the equipment as soon as practicable.",UNCLEAR,exception,1,,,,,,
UNITE_HE_0041,UNITE_HERE_Westin_Bonaventure_LA,9,Cleaning services currently being subcontracted out unless it is the subject of a dispute or grievance as of the signing of this Agreement. 4.,UNCLEAR,exception,1,,,,,,
UNITE_HE_0225,UNITE_HERE_Westin_Bonaventure_LA,30,"(7) consecutive days, except in those departments operating six",UNCLEAR,exception,1,,,,,,
UNITE_HE_0447,UNITE_HERE_Westin_Bonaventure_LA,49,"If mediation fails to produce a settlement, refer to arbitration (Step 6) within 30 days of the mediation hearing.",UNCLEAR,threshold,1,,,,,,
UNITE_HE_0443,UNITE_HERE_Westin_Bonaventure_LA,49,STEP 5: Refer to arbitration within 30 days after Step 4 or unsuccessful Mediation Hearing.,UNCLEAR,threshold,1,,,,,,
UNITE_HE_0442,UNITE_HERE_Westin_Bonaventure_LA,49,STEP 4: Attempt to settle grievance within 14 days of Step 3 written grievance.,UNCLEAR,threshold,1,,,,,,
UNITE_HE_0473,UNITE_HERE_Westin_Bonaventure_LA,53,"Unless objected to by the affected employee, notify the Union by facsimile and electronic mail immediately, but no later than within twenty-four (24) hours of receipt, of a search and/or arrest warrant, an administrative warrant or subpoena, or other request for documents from DHS that relate to specific employees.",UNCLEAR,exception,1,,,,,,
UNITE_HE_0068,UNITE_HERE_Westin_Bonaventure_LA,13,"(i) the obligation of the purchaser or transferee (the “New Owner”) to assume this Agreement and to retain the then-current bargaining unit employees, both of which as and to the extent required by subsection 3(D) above, or (ii) if the New Owner is not the operator of the hotel, either directly or through a wholly owned or controlled affiliate, the obligation not to hire a replacement managing entity unless that entity agrees to assume this Agreement and to retain the thencurrent bargaining unit employees, both of which as and to the extent required by subsection 3(E) above.",UNCLEAR,exception,1,,,,,,
UNITE_HE_0475,UNITE_HERE_Westin_Bonaventure_LA,53,"Refuse admittance of any agents of the DHS who do not possess a search and/or arrest warrant, administrative warrant, subpoena, or other legal process signed by a federal judge or magistrate, unless the Employer is otherwise required by law to admit such persons. 4.",UNCLEAR,exception,1,,,,,,
UNITE_HE_0441,UNITE_HERE_Westin_Bonaventure_LA,49,STEP 2: Attempt to settle the grievance within 7 days from Step I notification.,UNCLEAR,threshold,1,,,,,,
