sentence_id,source_doc,page_num,raw_text,predicted_type,signals,confidence_score,is_constraint,constraint_type,entities,threshold,exception,notes
UNITE_HE_0001,UNITE_HERE_Compass_Google,4,"The Employer hereby recognizes the Union as the exclusive representative for collective bargaining negotiations concerning terms and conditions of employment for its full-time and regular part-time hourly food service employees in classifications listed in Paragraph 1 in respective Side Letters attached hereto, at Google Buildings in New York City, Santa Clara County, CA, Santa Cruz County, CA, San Mateo County, CA, Washtenaw County, MI, Alleghany County, PA, Detroit Metropolitan Area, Middlesex County, MA, Washington, DC Metropolitan Area, Multnomah County, OR, the Seattle Metropolitan Area, Cook County, IL and Ontario, Canada, provided that recognition of the Union as the collective bargaining representative of such employees at any new operation, within the geographic scope of the this Section, is conditioned on and shall occur when the Union demonstrates that it has been authorized by a majority of such employees to represent them for the purposes of collective bargaining.",HARD,deontic:obligation|exception,3,,,,,,
UNITE_HE_0041,UNITE_HERE_Compass_Google,9,The Employer shall not take action against any employee solely because the employee is subject to an immigration proceeding where the employee is otherwise permitted to work. 9,HARD,deontic:prohibition|deontic:obligation|exception,3,,,,,,
UNITE_HE_0330,UNITE_HERE_Compass_Google,39,"The Employer agrees and acknowledges that if it fails to supply the electronic payments and reports in the format required by the Fund (which may be in Excel format until such time as the Employer’s online account is established), the Fund will have no obligation to process the report or payment until it is submitted electronically and such report will be considered late and subject to interest, liquidated damages and late fees under the Fund’s collection procedures.",SOFT,deontic:permission|exception,3,,,,,,
UNITE_HE_0206,UNITE_HERE_Compass_Google,27,"In the event of a reduction in force, the least senior person in the affected job classification shall be the first person to be laid off so long as the remaining employees are qualified to perform the remaining work with minimal training.",HARD,deontic:obligation|exception,3,,,,,,
UNITE_HE_0080,UNITE_HERE_Compass_Google,15,"Any and all claims by employees against Employer, its agents and/or employees, alleging discrimination in violation of these laws and/or any common law claims alleging discrimination shall be subject to the grievance and arbitration procedures set forth in Article 8 herein as the sole and exclusive remedy and forum for pursuit of said claims.",HARD,deontic:obligation|exception,3,,,,,,
UNITE_HE_0455,UNITE_HERE_Compass_Google,57,"(1) year thereafter, provided that in the event the Union is recognized at a time when no collective bargaining agreement is in effect with the Employer, then the terms and conditions to be extended to Employees upon recognition of the Union pursuant to Paragraph 8 shall be the terms and conditions then legally applicable to other employees of the Employer until a new collective bargaining agreement exists, at which time such new collective bargaining agreement shall apply. 11.",HARD,deontic:obligation|exception,3,,,,,,
UNITE_HE_0073,UNITE_HERE_Compass_Google,14,No employee shall be subject to sexual harassment in the workplace.,HARD,deontic:obligation|deontic:prohibition|exception,3,,,,,,
UNITE_HE_0460,UNITE_HERE_Compass_Google,60,"This bargaining unit shall become, effective October 1st, 2021, a part of the Compass @Google Buildings Bargaining unit and be covered under all of the terms of that agreement, except for the modifications below.",HARD,deontic:obligation|exception,3,,,,,,
UNITE_HE_0065,UNITE_HERE_Compass_Google,13,"In no event shall the Employer be required to act contrary to its Affirmative Action Plan, nor shall its Affirmative Action Plan or actions taken pursuant to that plan be subject to the grievance and arbitration provision of the Agreement. e.",HARD,deontic:obligation|exception,3,,,,,,
UNITE_HE_0314,UNITE_HERE_Compass_Google,37,Effective the week after the first payroll period following the signing of this agreement; no employee who at that time is receiving more than the agreed upon scale shall have his or her wage scale reduced except in cases where an employee’s Job classification changes and the base wage scale for the new position is lower.,HARD,deontic:obligation|deontic:prohibition|exception,3,,,,,,
UNITE_HE_0312,UNITE_HERE_Compass_Google,36,No picket lines may be respected or honored by any employees under this contract unless it is a primary picket line sanctioned by the President of the UNITE HERE International Union with respect to this labor agreement and employees covered by it.,SOFT,deontic:permission|exception,3,,,,,,
UNITE_HE_0473,UNITE_HERE_Compass_Google,66,"SIDE LETTER ON ONTARIO, CANADA The Compass@Google Buildings Collective Bargaining Agreement between Compass Group North America and UNITE HERE International Union shall apply to the Google Buildings in Ontario in full except as modified below.",HARD,deontic:obligation|exception,3,,,,,,
UNITE_HE_0474,UNITE_HERE_Compass_Google,66,"In the event of any inconsistency between any provision of this Side Letter and any provision of the Agreement, the provisions of this Side Letter shall govern unless expressly stated otherwise.",HARD,deontic:obligation|exception,3,,,,,,
UNITE_HE_0054,UNITE_HERE_Compass_Google,11,"In the event of a sale of the business or its assets, the Employer shall offer to transfer the I-9 forms of any of its employees who authorize such transfer in writing to the new Employer or, at the Employer's option, to jointly maintain the I9 forms of its employees who authorize such joint maintenance in writing with the successor Employer for the period of three",HARD,deontic:obligation|exception,3,,,,,,
UNITE_HE_0053,UNITE_HERE_Compass_Google,11,"If reverification is required by law when a document used to prove authorization to work expires, the Employer shall, whenever possible, provide the Union and the employee at least 120 days advance notice. g.",HARD,deontic:obligation|threshold,3,,,,,,
UNITE_HE_0052,UNITE_HERE_Compass_Google,11,"The Employer shall not verify non-probationary employees' identities, immigration status, and authorization to work in the United States or social security numbers through E-Verify, the Social Security Administration's Social Security Number Verification Service, or any other method of checking information about employees with any government agency, unless required by law.",HARD,deontic:prohibition|deontic:obligation|exception,3,,,,,,
UNITE_HE_0051,UNITE_HERE_Compass_Google,11,"The Employer shall not require or demand proof of immigration status, except as may be required by 8 USC§ 1324a (1)(B) and listed on the back of the I-9 form or as otherwise required by law.",HARD,deontic:prohibition|deontic:obligation|deontic:permission|exception,3,,,,,,
UNITE_HE_0046,UNITE_HERE_Compass_Google,11,"The Employer shall, unless objected to by the affected employee, notify a representative of the Union as soon as practical if the Employer receives a no-match letter from the Social Security Administration, or is contacted by the Department of Homeland Security (DHS) related to the immigration status of an employee covered by this Agreement or if a search and/or arrest warrant, administrative warrant, subpoena, or other request for documents is presented in order that the Union can take steps to protect the rights of its members.",HARD,deontic:obligation|exception,3,,,,,,
UNITE_HE_0482,UNITE_HERE_Compass_Google,67,"ARTICLE 12 – PROBATIONARY PERIOD Section 2 of the Agreement is modified by removing the second sentence and replacing it with “Any employee discharged during such probationary period shall not have recourse to the grievance procedure as set forth in this Agreement unless the employee was dealt with in a bad faith, arbitrary or discriminatory manner.” 5.",HARD,deontic:prohibition|deontic:obligation|exception,3,,,,,,
UNITE_HE_0088,UNITE_HERE_Compass_Google,17,"Any and all claims by employees against the Employer, its agents and/or employees, alleging violations of these laws (including, but not limited to, claims for wages, overtime, premium pay, meal and rest break violations, waiting time penalties, inaccurate wage statements, improper deductions, unlawful reimbursements, and unfair business practices) and/or any common law claims for same (including, but not limited to, claims alleging conversion, breach of contract and/or implied contract, unjust enrichment and/or quantum meruit) shall be subject to the grievance and arbitration procedures set forth in Article 8 herein as the sole and exclusive remedy and forum for pursuit of said claims.",HARD,deontic:obligation|exception,3,,,,,,
UNITE_HE_0444,UNITE_HERE_Compass_Google,52,There shall be no charge for breakage or loss of equipment/inventory unless is shown that the breakage or loss of equipment/inventory is caused by the willful or grossly negligent act of the employee. 52,HARD,deontic:obligation|exception,3,,,,,,
UNITE_HE_0196,UNITE_HERE_Compass_Google,26,"Seniority shall govern with respect to layoff and recall, vacation, choice of shifts, days off and overtime subject to the Employer’s establishment of designated work schedules.",HARD,deontic:obligation|exception,3,,,,,,
UNITE_HE_0401,UNITE_HERE_Compass_Google,48,"Except as otherwise provided herein, employees on the C-list shall be utilized prior to the Employer utilizing non-union Compass employees and/or the Union Referral System (D-List). h.",HARD,deontic:obligation|exception,3,,,,,,
UNITE_HE_0375,UNITE_HERE_Compass_Google,45,(3) years of service may carry over up to 160 hours.,SOFT,deontic:permission|threshold,3,,,,,,
UNITE_HE_0374,UNITE_HERE_Compass_Google,45,"Employees who do not use all unused vacation at the end of their calendar year may carry over the balance to the next year, up to a maximum of 40 hours more than the employee’s current allowance.",SOFT,deontic:permission|threshold,3,,,,,,
UNITE_HE_0389,UNITE_HERE_Compass_Google,46,"Outside of Ontario, except as otherwise required by applicable law, when a member of the bargaining unit is summoned for jury duty and presents a jury summons, the Employer shall grant such employee time off for jury duty and will pay the employee the difference between their jury duty pay and the regular straight time hourly rate for the regularly scheduled hours of work for up to 20 work days in any calendar year.",HARD,deontic:obligation|exception,3,,,,,,
UNITE_HE_0373,UNITE_HERE_Compass_Google,45,"Employees shall accrue paid vacation hours, according to the following schedule: Years of Service Hourly Accrual Not to Exceed 0-1 years 0.03846 80 hours 1-7 years 0.05769 120 hours 8-14 years 0.07692 160 hours 15-24 years 0.09615 200 hours 25 Years 0.11538 240 Hours Section 3.",HARD,deontic:obligation|threshold,3,,,,,,
UNITE_HE_0393,UNITE_HERE_Compass_Google,47,The forty (40) hour schedule and the full-time/part-time ratio as provided in this Article may be subject to a reopener after one,SOFT,deontic:permission|exception,3,,,,,,
UNITE_HE_0395,UNITE_HERE_Compass_Google,47,"Part-time employees shall have their hours maximized, unless they request fewer hours or are part of community outreach program.",HARD,deontic:obligation|exception,3,,,,,,
UNITE_HE_0370,UNITE_HERE_Compass_Google,44,"Employees scheduled to work either the day before or the day after the holiday, or on the holiday must be present on the scheduled days in order to be paid for the holiday unless they are on jury duty or bereavement leave.",HARD,deontic:obligation|exception,3,,,,,,
UNITE_HE_0402,UNITE_HERE_Compass_Google,48,"After utilizing employees on the A-List, B-List and C-List, the Employer shall contact the union for referrals of qualified candidates and may use non-union Compass employees prior to using qualified candidates from an outside source, except that a non-union butler pool may continue to be utilized in New York City when members of the A-List and B-List are not available.",HARD,deontic:obligation|deontic:permission|exception,3,,,,,,
UNITE_HE_0432,UNITE_HERE_Compass_Google,51,"Employees called in from home to work extra time outside their regular hours, shall be guaranteed a minimum of 4 hours work or the pay equivalent thereto.",HARD,deontic:obligation|threshold,3,,,,,,
UNITE_HE_0404,UNITE_HERE_Compass_Google,48,"Days off, schedules and shifts shall not be changed unless the employee receives one",HARD,deontic:prohibition|deontic:obligation|exception,3,,,,,,
UNITE_HE_0171,UNITE_HERE_Compass_Google,24,"At the final step of progressive discipline, or in the event of a single serious incident or rule violation, the employee may be suspended pending investigation and with the intention to terminate.",SOFT,deontic:permission|exception,3,,,,,,
UNITE_HE_0421,UNITE_HERE_Compass_Google,50,No employee shall work overtime unless such overtime work has been authorized in advance by their supervisor.,HARD,deontic:obligation|deontic:prohibition|exception,3,,,,,,
UNITE_HE_0180,UNITE_HERE_Compass_Google,24,"In cases of severe misconduct, employees may be discharged without prior notice.",SOFT,deontic:permission|exception,3,,,,,,
UNITE_HE_0347,UNITE_HERE_Compass_Google,42,"The Employer shall release for 30 minutes on work time all employees eligible to enroll to meet with a representative of the Union, who will show employees how to enroll electronically and explain important information about their new FSP II.",HARD,deontic:obligation|threshold,3,,,,,,
UNITE_HE_0104,UNITE_HERE_Compass_Google,19,"Settlements reached during the Step One Process shall be considered nonprecedent setting and non-prejudicial, unless the Employer and the Union expressly agree that the settlement shall be reduced to writing and may be used as precedent in the future.",HARD,deontic:obligation|deontic:permission|exception,3,,,,,,
UNITE_HE_0430,UNITE_HERE_Compass_Google,50,"This section shall not apply in cases of fire, flood, natural disaster, utilities failure, or an Act of God.",HARD,deontic:prohibition|deontic:obligation|exception,3,,,,,,
UNITE_HE_0301,UNITE_HERE_Compass_Google,35,"Notwithstanding anything elsewhere in this Agreement, the work performed pursuant to certain subcontracts or other arrangements set forth below shall not be limited in any way by this Agreement: a.",HARD,deontic:prohibition|deontic:obligation|exception,3,,,,,,
UNITE_HE_0380,UNITE_HERE_Compass_Google,46,"Unused sick days shall be paid out at the end of the calendar year, except where prohibited by applicable law.",HARD,deontic:obligation|exception,3,,,,,,
UNITE_HE_0512,UNITE_HERE_Compass_Google,75,(3) years of service may carry over up to 240 hours of unused vacation. 2 Includes Food Transporter/Delivery Driver.,SOFT,deontic:permission|threshold,3,,,,,,
UNITE_HE_0009,UNITE_HERE_Compass_Google,5,"The Employer shall not abridge, add to, or change any section of this Agreement, except for any changes reached by mutual agreement, and the Employer shall not enter into any separate agreements, covenants or contracts with any individual who is part of the bargaining unit, which would abridge, add to, or change this Agreement.",HARD,deontic:prohibition|deontic:obligation|exception,3,,,,,,
UNITE_HE_0249,UNITE_HERE_Compass_Google,30,The Employer shall continue to pay for the employee's benefits during such leaves provided that the Union and/or employee reimburse the company in full for such benefits.,HARD,deontic:obligation|exception,3,,,,,,
UNITE_HE_0251,UNITE_HERE_Compass_Google,30,"Upon the Union's request and subject to the Employer’s business requirements, union members serving as stewards, alternate stewards under this contract shall be granted special training leaves to attend group trainings provided by the union.",HARD,deontic:obligation|exception,3,,,,,,
UNITE_HE_0267,UNITE_HERE_Compass_Google,32,"(1) year each or for the period of each succeeding applicable collective bargaining agreement between the parties, whichever shall be shorter, unless written notice is given by the employee to both the Employer and the Union not more than twenty (20) nor less than ten days prior to the expiration of each period of one",HARD,deontic:obligation|exception,3,,,,,,
UNITE_HE_0266,UNITE_HERE_Compass_Google,32,"(1) year from the date the same is signed or until the termination of the Agreement, whichever occurs sooner, provided that such authorization shall be automatically renewed and shall be irrevocable for the successive periods of one",HARD,deontic:obligation|exception,3,,,,,,
UNITE_HE_0519,UNITE_HERE_Compass_Google,79,"Newly hired employees shall be eligible for: • 8 sick days if hired in the first quarter of the calendar year • 6 sick days if hired in the second quarter of the calendar year • 4 sick days if hired in the third quarter of the calendar year • 2 sick days if hired in the fourth quart of the calendar year Unused sick days shall be paid out at the end of the calendar year, except as prohibited by Seattle law. 79",HARD,deontic:obligation|exception,3,,,,,,
UNITE_HE_0253,UNITE_HERE_Compass_Google,31,"An employee returning from any leave shall be entitled to reinstatement to their position, hours and Campus unless the position has been eliminated as a result of layoffs or other legitimate business needs.",HARD,deontic:obligation|exception,3,,,,,,
UNITE_HE_0246,UNITE_HERE_Compass_Google,30,"In the event an employee is hired or appointed to short-term employment with the Union, the employee shall be allowed to take leave, subject to the Employer’s legitimate business needs.",HARD,deontic:obligation|exception,3,,,,,,
UNITE_HE_0291,UNITE_HERE_Compass_Google,34,The Union acknowledges that the operations of the Employer are subject to the rules and regulations of the Employer’s client and that such rules and regulations may restrict and/or modify the provisions for Union access otherwise provided for in this Agreement.,SOFT,deontic:permission|exception,3,,,,,,
UNITE_HE_0263,UNITE_HERE_Compass_Google,31,"No employee shall have their wages, benefits or other working conditions reduced as a result of the signing of this Agreement unless mutually agreed upon by the parties.",HARD,deontic:obligation|deontic:prohibition|exception,3,,,,,,
UNITE_HE_0248,UNITE_HERE_Compass_Google,30,"No more than one for every hundred employees in a Campus shall be awarded such leave at a time, unless mutually agreed upon by the Parties.",HARD,deontic:obligation|exception,3,,,,,,
UNITE_HE_0277,UNITE_HERE_Compass_Google,32,"In advance of the orientation meeting, the Employer shall provide the Union with the location and time of the orientation meeting.",HARD,deontic:obligation,2,,,,,,
UNITE_HE_0352,UNITE_HERE_Compass_Google,43,The Employer will contribute to Fund at the following hourly rates: 1/1/19 - $0.40 1/1/20 - $0.90 1/1/21 - $1.40 1/1/22 - $2.25 1/1/23 - $3.00 Contributions shall be made on behalf of all full time and part time benefit eligible employees after ninety (90) days of employment.,HARD,deontic:obligation,2,,,,,,
UNITE_HE_0350,UNITE_HERE_Compass_Google,42,The parties agree that an employee may only change his or her enrollment election during the Open Enrollment period of each year of the Agreement or such other times as allowed 42,SOFT,deontic:permission,2,,,,,,
UNITE_HE_0353,UNITE_HERE_Compass_Google,43,Employees shall be eligible to participate in the Compass 401(k) Retirement Savings Plan in accordance with the terms and conditions of the Plan by the Plan Administrators.,HARD,deontic:obligation,2,,,,,,
UNITE_HE_0354,UNITE_HERE_Compass_Google,43,Each employee shall receive a housing subsidy bonus of $290.00 per month.,HARD,deontic:obligation,2,,,,,,
UNITE_HE_0355,UNITE_HERE_Compass_Google,43,Effective 1/1/22 the subsidy shall be increased to $290.00 per month.,HARD,deontic:obligation,2,,,,,,
UNITE_HE_0356,UNITE_HERE_Compass_Google,43,Effective 1/1/23 the subsidy shall be increased to $300.00 per month.,HARD,deontic:obligation,2,,,,,,
UNITE_HE_0278,UNITE_HERE_Compass_Google,32,Neither the Employer nor the Union shall make any negative 32,HARD,deontic:obligation,2,,,,,,
UNITE_HE_0346,UNITE_HERE_Compass_Google,42,"Compass Group Voluntary Plans Employees shall continue to be eligible for the Compass Group Voluntary plans or other such plans by other names as determined solely by Compass Group, to the extent that such plans are offered to non-unionized employees.",HARD,deontic:obligation,2,,,,,,
UNITE_HE_0349,UNITE_HERE_Compass_Google,42,"For Employees hired after the effective date of this agreement, or who become eligible to enroll in the FSP II after the effective date of this agreement, the Employer shall make available a computer for employees to use during such employee’s enrollment period to electronically enroll in the FSP II.",HARD,deontic:obligation,2,,,,,,
UNITE_HE_0348,UNITE_HERE_Compass_Google,42,"For any coverage level for which there is an employee co-premium, the Employer is required to remit contributions to the Fund for those employees who enroll in the FSP II and agree to remit the required applicable co-premium via payroll deduction.",HARD,deontic:obligation,2,,,,,,
UNITE_HE_0279,UNITE_HERE_Compass_Google,33,"The Union shall certify to the Employer, in writing, the current rate of its membership dues and initiation fees.",HARD,deontic:obligation,2,,,,,,
UNITE_HE_0345,UNITE_HERE_Compass_Google,42,Such coverages shall be offered at the Employee’s cost. h.,HARD,deontic:obligation,2,,,,,,
UNITE_HE_0344,UNITE_HERE_Compass_Google,42,"Optional Benefits Effective January 1, 2022 the Employer, through payroll deduction, shall offer all optional benefits (i.e.",HARD,deontic:obligation,2,,,,,,
UNITE_HE_0280,UNITE_HERE_Compass_Google,33,"If the Union changes the rate of its membership dues, it shall give the Employer thirty (30) days written notice prior to the effective date of such change.",HARD,deontic:obligation,2,,,,,,
UNITE_HE_0281,UNITE_HERE_Compass_Google,33,"The Union shall indemnify and hold the Employer harmless against any and all claims, demands, suits or other forms of liability that shall rise out of or by reason of action taken by the Employer in reliance upon said dues deduction authorization cards submitted by the Union to the Employer.",HARD,deontic:obligation,2,,,,,,
UNITE_HE_0343,UNITE_HERE_Compass_Google,42,"The parties agree and understand that, if the appropriate contribution rates are not paid, the Trustees of the Fund may eliminate benefits to otherwise eligible participants and terminate the Employer’s participation pursuant to the Fund’s Minimum Standards. g.",SOFT,deontic:permission,2,,,,,,
UNITE_HE_0282,UNITE_HERE_Compass_Google,33,In the United States the Employer shall deduct and transmit to the Treasurer of UNITE HERE TIP Campaign Committee the amount of contribution specified for each payroll period or other designated period worked from the wages of those employees who voluntarily authorize such contribution at least seven,HARD,deontic:obligation,2,,,,,,
UNITE_HE_0357,UNITE_HERE_Compass_Google,43,The Employer shall contribute $140.00 per month pre-tax to the Employer Transit Check Program for each employee.,HARD,deontic:obligation,2,,,,,,
UNITE_HE_0299,UNITE_HERE_Compass_Google,35,"If the Company does not exercise rights reserved to it or if it exercises such rights in a particular way, it shall not be deemed a waiver of the right to exercise such rights or of the right to exercise such rights in other ways not in conflict with the express terms of this Agreement.",HARD,deontic:prohibition|deontic:obligation,2,,,,,,
UNITE_HE_0358,UNITE_HERE_Compass_Google,43,"Employees may utilize this for parking, mass transit, and the cost of commuter vehicle programs.",SOFT,deontic:permission,2,,,,,,
UNITE_HE_0359,UNITE_HERE_Compass_Google,43,Employees may contribute on their own up to the maximum pre-tax benefit allowable by law. 43,SOFT,deontic:permission,2,,,,,,
UNITE_HE_0378,UNITE_HERE_Compass_Google,45,"Vacations may be taken by separate weeks, days or hours.",SOFT,deontic:permission,2,,,,,,
UNITE_HE_0377,UNITE_HERE_Compass_Google,45,Vacation Scheduling: Vacation time must be requested two weeks prior to the vacation date.,HARD,deontic:obligation,2,,,,,,
UNITE_HE_0376,UNITE_HERE_Compass_Google,45,Vacation Pay shall be based on eight,HARD,deontic:obligation,2,,,,,,
UNITE_HE_0272,UNITE_HERE_Compass_Google,32,"Within ten (10) days after receipt of written notice from the Union that any employee covered by this agreement has failed pursuant to the terms of this Article, to tender payment of the periodic dues and initiation fees and other costs germane to new employees and uniformly required for retaining membership in the Union, the Employer shall terminate the employee.",HARD,deontic:obligation,2,,,,,,
UNITE_HE_0372,UNITE_HERE_Compass_Google,45,Employees who are on lay off or leave of absence shall not receive payment for any holiday which occurs during the absence.,HARD,deontic:prohibition|deontic:obligation,2,,,,,,
UNITE_HE_0273,UNITE_HERE_Compass_Google,32,"In order to simplify the Employer’s and the Union's administration of this section, the Employer shall upon the hiring of new employees give each employee an application for union membership and a dues check-off authorization form.",HARD,deontic:obligation,2,,,,,,
UNITE_HE_0371,UNITE_HERE_Compass_Google,44,Employees who call in sick on either day before or the day after the holiday may be requested to furnish proof of illness for the holiday to be paid. 44,SOFT,deontic:permission,2,,,,,,
UNITE_HE_0369,UNITE_HERE_Compass_Google,44,Employees shall be eligible for holiday pay upon completion of their probationary period.,HARD,deontic:obligation,2,,,,,,
UNITE_HE_0368,UNITE_HERE_Compass_Google,44,When an employee does not work on a paid holiday that employee shall be paid the number of hours on his or her regularly scheduled shift for the day.,HARD,deontic:obligation,2,,,,,,
UNITE_HE_0367,UNITE_HERE_Compass_Google,44,"When an employee works on a paid holiday, they shall receive pay based on the length of their regularly scheduled shift in addition to any time worked.",HARD,deontic:obligation,2,,,,,,
UNITE_HE_0274,UNITE_HERE_Compass_Google,32,The Employer shall remit the completed forms to the union monthly.,HARD,deontic:obligation,2,,,,,,
UNITE_HE_0275,UNITE_HERE_Compass_Google,32,All new employees shall be entitled to receive a thirty (30) minute orientation provided by the Union.,HARD,deontic:obligation,2,,,,,,
UNITE_HE_0366,UNITE_HERE_Compass_Google,44,"For Part-Time employees, the holiday shall be paid on a prorated basis.",HARD,deontic:obligation,2,,,,,,
UNITE_HE_0276,UNITE_HERE_Compass_Google,32,"Where practicable and/or where such meetings take place, the Employer shall provide the Union the option to participate in an orientation meeting, without management present, for each new employee or group of employees.",HARD,deontic:obligation,2,,,,,,
UNITE_HE_0365,UNITE_HERE_Compass_Google,44,Holidays shall be paid out at eight,HARD,deontic:obligation,2,,,,,,
UNITE_HE_0364,UNITE_HERE_Compass_Google,44,Client’s current holidays are set forth below: • New Year’s Day • Martin Luther King Day • President’s Day • Memorial Day • Independence Day • Additional Independence Day • Labor Day • Thanksgiving Day • Day After Thanksgiving • Christmas Eve • Christmas Day • New Year’s Eve The Employer shall confirm and notify employees and the union of such holidays no later than December each year for the following year.,HARD,deontic:obligation,2,,,,,,
UNITE_HE_0363,UNITE_HERE_Compass_Google,44,All post-probationary employees of the bargaining unit shall be entitled to the paid holidays that the Employer’s client provides its workers.,HARD,deontic:obligation,2,,,,,,
UNITE_HE_0362,UNITE_HERE_Compass_Google,44,Employees shall have an option of choosing to have the subsidy deposited directly into their paycheck instead of through the Employer Transit Check Program.,HARD,deontic:obligation,2,,,,,,
UNITE_HE_0361,UNITE_HERE_Compass_Google,44,Effective 1/1/23 the subsidy shall be increased to $150.00 per month.,HARD,deontic:obligation,2,,,,,,
UNITE_HE_0360,UNITE_HERE_Compass_Google,44,Effective 1/1/22 the subsidy shall be increased to $145.00 per month.,HARD,deontic:obligation,2,,,,,,
UNITE_HE_0341,UNITE_HERE_Compass_Google,41,Employees shall be able to choose between the two plans.,HARD,deontic:obligation,2,,,,,,
UNITE_HE_0342,UNITE_HERE_Compass_Google,41,Vision The Employer shall contribute the sums stated below for each eligible employee.,HARD,deontic:obligation,2,,,,,,
UNITE_HE_0337,UNITE_HERE_Compass_Google,40,The Employer shall promptly report all new hires to the Fund as required in accordance with Section 1 of this Article.,HARD,deontic:obligation,2,,,,,,
UNITE_HE_0340,UNITE_HERE_Compass_Google,41,The Employer shall contribute the sums stated below for each eligible employee.,HARD,deontic:obligation,2,,,,,,
UNITE_HE_0308,UNITE_HERE_Compass_Google,35,A copy of any handbook or policy will be shared with the Union and the Union will be permitted to comment on any concern they may have.,SOFT,deontic:permission,2,,,,,,
UNITE_HE_0316,UNITE_HERE_Compass_Google,37,"If then current start rate for Cook is $16.00 and then current start rate for Lead Cook is $19.00, the Employee shall receive $21.00 per hour ($19.00 plus seniority increase of $2.00) as a Lead Cook.",HARD,deontic:obligation,2,,,,,,
UNITE_HE_0287,UNITE_HERE_Compass_Google,33,A steward may be released from their regular duties to investigate grievances and attend grievance/disciplinary meetings on Employer time.,SOFT,deontic:permission,2,,,,,,
UNITE_HE_0315,UNITE_HERE_Compass_Google,37,"When an employee’s classification changes (because of a promotion, demotion or lateral move), the Employer shall pay the employee the start rate of the new position plus the amount above scale that the employee was earning in the employee’s previous position (hereinafter referred to as “seniority increases”).",HARD,deontic:obligation,2,,,,,,
UNITE_HE_0288,UNITE_HERE_Compass_Google,33,The steward shall contact their direct supervisor in advance to determine a time when such investigation will not interfere with the steward's work and the work of the person with whom the steward wants to meet.,HARD,deontic:obligation,2,,,,,,
UNITE_HE_0313,UNITE_HERE_Compass_Google,36,The minimum wage scales for all classifications within the scope of this Agreement shall be set forth in the attached Paragraph 1 of respective Side Letters.,HARD,deontic:obligation,2,,,,,,
UNITE_HE_0289,UNITE_HERE_Compass_Google,33,"The Union, through its representatives, shall have access and the right to visit working areas in the unit where employees covered by this Agreement are assigned 33",HARD,deontic:obligation,2,,,,,,
UNITE_HE_0311,UNITE_HERE_Compass_Google,36,The Union agrees that if employees covered by this Agreement are in violation of this provision it shall direct the employees to cease and desist and return to work immediately and take steps to ensure compliance with that request.,HARD,deontic:obligation,2,,,,,,
UNITE_HE_0310,UNITE_HERE_Compass_Google,36,Employees who engage in any activity in violation of this Article shall subject themselves to discipline up to and including termination.,HARD,deontic:obligation,2,,,,,,
UNITE_HE_0309,UNITE_HERE_Compass_Google,35,"If a concern is not resolved to the Union's satisfaction, the Union may grieve the policy or 35",SOFT,deontic:permission,2,,,,,,
UNITE_HE_0290,UNITE_HERE_Compass_Google,34,The Union agrees that it shall not interfere with any working operations and shall contact the Resident District Manager or designee by email or upon arrival and shall abide by the security procedures and requirements of the Employer’s client.,HARD,deontic:prohibition|deontic:obligation,2,,,,,,
UNITE_HE_0292,UNITE_HERE_Compass_Google,34,The Employer shall permit the Union the reasonable use of bulletin boards for the purpose of posting information.,HARD,deontic:obligation,2,,,,,,
UNITE_HE_0339,UNITE_HERE_Compass_Google,40,Employees shall be offered a choice between Kaiser HMO and Platinum PPO.,HARD,deontic:obligation,2,,,,,,
UNITE_HE_0293,UNITE_HERE_Compass_Google,34,Copies shall be provided to the Resident District Manager or designee in advance of posting and shall not contain inflammatory or defamatory text toward the Employer or the Employer’s client.,HARD,deontic:prohibition|deontic:obligation,2,,,,,,
UNITE_HE_0294,UNITE_HERE_Compass_Google,34,"While on the job, employees may wear one UNITE HERE button that is no more than two",SOFT,deontic:permission,2,,,,,,
UNITE_HE_0295,UNITE_HERE_Compass_Google,34,"Should the Company sell, assign or otherwise transfer the facility, the Company shall notify the union in writing, and it shall notify the transferee of this Agreement.",HARD,deontic:obligation|deontic:preference,2,,,,,,
UNITE_HE_0307,UNITE_HERE_Compass_Google,35,The parties recognize that the Employer may establish reasonable policies and procedures.,SOFT,deontic:permission,2,,,,,,
UNITE_HE_0306,UNITE_HERE_Compass_Google,35,The parties agree that they may discuss this issue in Joint Labor Management Process and reopen this section for discussion at the end of the first twelve months; and c.,SOFT,deontic:permission,2,,,,,,
UNITE_HE_0305,UNITE_HERE_Compass_Google,35,Featured chefs and pop-up restaurants must be on a temporary basis of no more than five consecutive business days; and 2.,HARD,deontic:obligation,2,,,,,,
UNITE_HE_0304,UNITE_HERE_Compass_Google,35,Featured chefs and pop-up restaurants and their staff who shall not displace bargaining unit employees or cause a reduction in their hours; 1.,HARD,deontic:prohibition|deontic:obligation,2,,,,,,
UNITE_HE_0296,UNITE_HERE_Compass_Google,34,The Employer shall notify the Union promptly when they have been notified that their contract with the client is going out to bid or otherwise terminated.,HARD,deontic:obligation,2,,,,,,
UNITE_HE_0303,UNITE_HERE_Compass_Google,35,"In the event the Employer plans to subcontract food preparation, it shall notify the Designee and Union Representative in writing; b.",HARD,deontic:obligation,2,,,,,,
UNITE_HE_0302,UNITE_HERE_Compass_Google,35,The Employer shall not abuse this exclusion.,HARD,deontic:prohibition|deontic:obligation,2,,,,,,
UNITE_HE_0317,UNITE_HERE_Compass_Google,37,"If then current start rate for a Cook is $16.00 and then current start rate for the Lead Cook is $19.00, the Employee shall receive $19.00 per hour ($16.00 plus seniority increase of $3.00) as a Cook.",HARD,deontic:obligation,2,,,,,,
UNITE_HE_0318,UNITE_HERE_Compass_Google,37,"If then current start rate for a Dishwasher is $15.60 and then current start rate for the Prep Cook is $15.60, the Employee shall receive $16.50 per hour ($15.60 plus seniority increase of $0.90) as a Prep Cook.",HARD,deontic:obligation,2,,,,,,
UNITE_HE_0319,UNITE_HERE_Compass_Google,37,There shall be no reduction in an employee’s pay if assigned to work on a temporary basis in a lower paid classification.,HARD,deontic:obligation,2,,,,,,
UNITE_HE_0320,UNITE_HERE_Compass_Google,37,"If a bargaining unit employee is assigned by management to provide training, the employee shall receive a training differential of one ($1.00) dollar per hour for the hours that the training is performed.",HARD,deontic:obligation,2,,,,,,
UNITE_HE_0338,UNITE_HERE_Compass_Google,40,Medical The Employer shall contribute the sums stated below for each eligible employee.,HARD,deontic:obligation,2,,,,,,
UNITE_HE_0298,UNITE_HERE_Compass_Google,34,"Examples of the authority, rights and powers which are hereby vested in the Company, with only such modification as is expressly stated in a specific provision of this Agreement, include, but are not limited to, the following: The right to schedule, adjust, and assign work and hours of employees; to assign and require overtime work; to determine production requirements and the method by which such production shall be accomplished; to hire, promote, transfer, reclassify, suspend, discipline, demote, layoff or discharge employees; to determine the work to be done by the Company’s employees; to determine the size of the work force and the amounts and kinds of supervision necessary to temporarily or permanently shut down its entire operation or a portion thereof; to temporarily or permanently move its entire operation or a portion thereof to another location(s); to establish or change rules and safety standards; to 34",HARD,deontic:obligation,2,,,,,,
UNITE_HE_0336,UNITE_HERE_Compass_Google,39,The Employer shall contribute to the Fund for all eligible employees.,HARD,deontic:obligation,2,,,,,,
UNITE_HE_0335,UNITE_HERE_Compass_Google,39,"If the Employer fails to timely report such change, the Employer must pay the entire contribution for that employee, including any co-premium normally paid by the employee, for the subsequent month and each additional month until the status change is reported to the Fund.",HARD,deontic:obligation,2,,,,,,
UNITE_HE_0334,UNITE_HERE_Compass_Google,39,"Change in Employee Status: In addition to providing the monthly report and payment set forth in Paragraph A of this Section, the Employer must report to the Fund, no later than by 10am on the last business day of the month of the change, any changes in the status of an employee that affects that employee’s coverage (new hires, newly eligibles, terminations, layoffs, FMLA leave, disability).",HARD,deontic:obligation,2,,,,,,
UNITE_HE_0283,UNITE_HERE_Compass_Google,33,"These transmittals shall occur no later than the fifteenth (15th) day of the following month, and shall be accompanied by a list setting forth as to each contributing employee, his or her name, address, occupation, rate of PAC payroll deduction by the payroll or other designated period, and contribution amount.",HARD,deontic:obligation,2,,,,,,
UNITE_HE_0333,UNITE_HERE_Compass_Google,39,"Any provision in this Agreement that is inconsistent with the Trust Agreement, or the Plan of Benefits, rules, or procedures established by the Trustees, shall be null and void. b.",HARD,deontic:obligation,2,,,,,,
UNITE_HE_0332,UNITE_HERE_Compass_Google,39,"The Employer and the Union agree to be bound by the Agreement and Declaration of Trust (“Trust Agreement”) of the Fund as may, from time to time, be amended, and they do hereby irrevocably designate as their respective representatives on the Board of Trustees, such Trustees named in said Trust Agreement as Employer and Union Trustees, together with their successors selected as provided therein, and agree to abide and be bound by all procedures established and actions taken by the Trustees pursuant to said Trust Agreement.",SOFT,deontic:permission,2,,,,,,
UNITE_HE_0331,UNITE_HERE_Compass_Google,39,"Additionally, the Union and the Employer acknowledge that the Employer’s late report may result in a delay in the benefits of otherwise eligible employees.",SOFT,deontic:permission,2,,,,,,
UNITE_HE_0284,UNITE_HERE_Compass_Google,33,"The Employer shall send these transmittals and this list to: Attn: Treasurer UNITE HERE TIP Campaign Committee 275 Seventh Avenue New York, NY 10001 ARTICLE 22 – SHOP STEWARDS AND VISITATION Section 1.",HARD,deontic:obligation,2,,,,,,
UNITE_HE_0329,UNITE_HERE_Compass_Google,38,Said contributions shall be submitted 38,HARD,deontic:obligation,2,,,,,,
UNITE_HE_0328,UNITE_HERE_Compass_Google,38,"Effective January 1, 2019 the Employer agrees to contribute for each employee covered by this agreement to UNITE HERE HEALTH (“Fund”) for the purpose of providing health and welfare benefits under the UNITE HERE HEALTH Food Service Plan Unit II (“FSP II”), or such new, merged or consolidated plan units as may be adopted by the Trustees.",SOFT,deontic:permission,2,,,,,,
UNITE_HE_0327,UNITE_HERE_Compass_Google,38,"If additional Specialty Cook designations are required, the Employer shall notify the Union in advance in accordance with Article 1, Section 1 of the CBA.",HARD,deontic:obligation,2,,,,,,
UNITE_HE_0326,UNITE_HERE_Compass_Google,38,A Specialty Cook shall receive a premium of $1.50 per hour above the Cook Rate in accordance with Section 3 above All current open positions in the classification which the Employer intends to fill shall be posted for bid.,HARD,deontic:obligation,2,,,,,,
UNITE_HE_0325,UNITE_HERE_Compass_Google,38,The results of any demonstration shall be maintained by the Employer and provided to the Union upon request.,HARD,deontic:obligation,2,,,,,,
UNITE_HE_0285,UNITE_HERE_Compass_Google,33,The Union shall have the right to designate shop stewards who shall represent the Union for the purpose of presenting and adjusting grievances.,HARD,deontic:obligation,2,,,,,,
UNITE_HE_0324,UNITE_HERE_Compass_Google,38,"Shop Stewards shall be able to attend any such demonstrations, providing that a Shop Steward’s request to attend is made in writing and in advance of the demonstration.",HARD,deontic:obligation,2,,,,,,
UNITE_HE_0381,UNITE_HERE_Compass_Google,46,"The Employer shall not take any corrective action for an employee's use of paid benefit time provided under this Agreement nor for any other type of protected leave under Federal, State, Provincal and Local laws (i.e.",HARD,deontic:prohibition|deontic:obligation,2,,,,,,
UNITE_HE_0322,UNITE_HERE_Compass_Google,37,"In addition, employees shall be eligible for travel reimbursement in regard to any such training.",HARD,deontic:obligation,2,,,,,,
UNITE_HE_0321,UNITE_HERE_Compass_Google,37,All employees shall be compensated at their hourly rate of pay for any training required by the Employer.,HARD,deontic:obligation,2,,,,,,
UNITE_HE_0286,UNITE_HERE_Compass_Google,33,The Union shall provide the names of the Union stewards in writing to the Employer within two,HARD,deontic:obligation,2,,,,,,
UNITE_HE_0323,UNITE_HERE_Compass_Google,38,"Baker/Baking Kitchen To bid on a Specialty Cook position, the employee must demonstrate the special skill and/or unique ability for which they are bidding.",HARD,deontic:obligation,2,,,,,,
UNITE_HE_0398,UNITE_HERE_Compass_Google,48,Qualified non-catering employees shall be offered the opportunity to sign up for the B-List. e.,HARD,deontic:obligation,2,,,,,,
UNITE_HE_0382,UNITE_HERE_Compass_Google,46,Employees may use their sick days as personal days provided they schedule such days at least one,SOFT,deontic:permission,2,,,,,,
UNITE_HE_0475,UNITE_HERE_Compass_Google,66,"As appropriate and necessary, references to the “United States” shall be amended to “Canada” and any references to a United States Government Department, Agency or law shall be amended and replaced with a comparable Canadian Government Department, Agency or law.",HARD,deontic:obligation,2,,,,,,
UNITE_HE_0488,UNITE_HERE_Compass_Google,68,"The request must state: date of commencement, duration of such leave and the reason for requesting the leave.",HARD,deontic:obligation,2,,,,,,
UNITE_HE_0487,UNITE_HERE_Compass_Google,68,"Requests for a leave of absence must be made in writing to the Unit Manager as early as possible, but not later than two",HARD,deontic:obligation,2,,,,,,
UNITE_HE_0486,UNITE_HERE_Compass_Google,68,"Part-time employees shall be deemed to fall within the seniority provisions of this Agreement and shall be considered to be on a leave of absence when laid off, pending recall.",HARD,deontic:obligation,2,,,,,,
UNITE_HE_0485,UNITE_HERE_Compass_Google,68,"(1) year to any employee for legitimate personal reasons, and any employee who is absent with such written permission shall not be considered to be laid off, and his or her seniority shall continue to accumulate during his or her absence.",HARD,deontic:prohibition|deontic:obligation,2,,,,,,
UNITE_HE_0484,UNITE_HERE_Compass_Google,68,The Employer may grant a leave of absence of up to one,SOFT,deontic:permission,2,,,,,,
UNITE_HE_0483,UNITE_HERE_Compass_Google,68,"ARTICLE 18 – LEAVES Article 18 is replaced in its entirety with the following Employees shall be entitled to all leaves of absence in accordance with the Employment Standards Act, 2000.",HARD,deontic:obligation,2,,,,,,
UNITE_HE_0481,UNITE_HERE_Compass_Google,67,"Section 3 (Step Five) is modified by: • removing the qualification that designees be arbitrators registered and in good standing with the American Arbitration Association’s National Academy Panel of Arbitrators; • requiring that all demands for arbitration shall be submitted for final and binding adjudication by an arbitrator selected exclusively from the parties’ Ontario Permanent Arbitrator Panel set out in Exhibit A; and, • replacing reference to “the United States District Court” with “a court of competent jurisdiction”. 4.",HARD,deontic:obligation,2,,,,,,
UNITE_HE_0480,UNITE_HERE_Compass_Google,67,"(2) union representatives plus, at the request of either party, a neutral mediator selected from the Ontario arbitrators listed in the parties’ Permanent Arbitrator Panel, who shall act as Chairman and who shall mediate the dispute in an attempt to have the parties reach a settlement.",HARD,deontic:obligation,2,,,,,,
UNITE_HE_0479,UNITE_HERE_Compass_Google,67,"Section 3 (Step Three: Grievance Mediation Procedure, c.) of the Agreement is modified as follows: The Grievance Mediation shall consist of two",HARD,deontic:obligation,2,,,,,,
UNITE_HE_0478,UNITE_HERE_Compass_Google,67,Section 1. of the Agreement is modified as follows: “There shall be no discrimination by the parties against an employee in breach of the Ontario Human Rights Code.,HARD,deontic:obligation,2,,,,,,
UNITE_HE_0477,UNITE_HERE_Compass_Google,67,References to “state and/or federal laws” and “state and federal” shall be amended to “provincial and/or federal laws” and “provincial and federal”.,HARD,deontic:obligation,2,,,,,,
UNITE_HE_0476,UNITE_HERE_Compass_Google,66,"ONTARIO WAGE RATES ONTARIO STARTING WAGE 2/1/21 1/1/22 1/1/23 RATES COOK $19.50 $19.80 $20.10 ATTENDANT, STOREROOM/MK $17.50 $17.80 $18.10 FOOD SVC WORKER, UTILITY $17.25 $17.55 $17.85 DISHWASHER $17.00 $17.30 $17.60 COOK, LEAD $21.50 $21.80 $22.10 BARISTA $19.00 $19.30 $19.60 RUNNER $18.50 $18.80 $19.10 ATTENDANT, CATERING $18.50 $18.80 $19.10 CAPTAIN, CATERING $20.50 $20.80 $21.10 General Increase $2.00 $0.75 $1.00 Employees shall receive the minimum classification rate or the general wage increase, whichever affords the employee a higher wage increase. 2.",HARD,deontic:obligation,2,,,,,,
UNITE_HE_0472,UNITE_HERE_Compass_Google,65,Super-Seniority for Shop Stewards Shop stewards in New York City shall have super seniority only for purposes of lay-off and recall. 65,HARD,deontic:obligation,2,,,,,,
UNITE_HE_0490,UNITE_HERE_Compass_Google,68,Approval for a leave of absence shall not be unreasonably withheld.,HARD,deontic:prohibition|deontic:obligation,2,,,,,,
UNITE_HE_0471,UNITE_HERE_Compass_Google,64,"Multnomah County, OR Wage Rates Multnomah County, OR Start Rates 1/1/2021 1/1/2022 1/1/2023 Attendant, Catering $20.60 $20.90 $21.20 Attendant, MK/Vending $20.60 $20.90 $21.20 Lead Specialty Cook $25.10 $25.40 $25.70 Specialty Cook $24.10 $24.40 $24.70 Barista $21.60 $21.90 $22.20 Captain Catering $23.60 $23.90 $24.20 Lead Cook $23.60 $23.90 $24.20 Cook $22.60 $22.90 $23.20 Cook, Prep $20.60 $20.90 $21.20 Dishwasher $20.60 $20.90 $21.20 Food SVC Utility $21.60 $21.90 $22.20 Line Server $20.60 $20.90 $21.20 Runner $20.60 $20.90 $21.20 SUPV, SHIFT-HRLY $23.60 $23.90 $24.20 General Wage Increases $0.75 $0.75 $1.00 Employees shall receive the minimum classification rate or the general wage increase, whichever affords the employee a higher wage increase. 64",HARD,deontic:obligation,2,,,,,,
UNITE_HE_0470,UNITE_HERE_Compass_Google,63,"Middlesex County Wage Rates Middlesex County Start 1/1/21 1/1/22 1/1/23 Rates ATTENDANT, CATERING $ 22.30 $ 22.60 $ 22.90 ATTENDANT, STOREROOM/WAREHOUSE $ 18.30 $ 18.60 $ 18.90 BARISTA $ 22.30 $ 22.60 $ 22.90 CAPTAIN, CATERING $ 27.30 $ 27.60 $ 27.90 COOK $ 22.30 $ 22.60 $ 22.90 COOK, PREP $ 21.30 $ 21.60 $ 21.90 LEAD COOK $ 24.30 $ 24.60 $ 24.90 DISHWASHER $ 18.30 $ 18.60 $ 18.90 FOOD SVC WORKER $ 20.30 $ 20.60 $ 20.90 RUNNER $ 19.30 $ 19.60 $ 19.90 GENERAL WAGE INCREASE $ 0.75 $ 0.75 $ 1.00 Employees shall receive the minimum classification rate or the general wage increase, whichever affords the employee a higher wage increase 63",HARD,deontic:obligation,2,,,,,,
UNITE_HE_0469,UNITE_HERE_Compass_Google,62,"Merger of Units Effective July 1st, 2021, Washtenaw County Locale Unit shall be merged into this agreement for the Detroit Metropolitan Area. 62",HARD,deontic:obligation,2,,,,,,
UNITE_HE_0468,UNITE_HERE_Compass_Google,62,"Detroit Metropolitan Area Wage Rates Detroit Metropolitan Area Start Rates 1/1/21 1/1/22 1/1/23 ATTENDANT, STOREROOM/WAREHOUSE $ 19.80 $ 20.10 $ 20.40 RUNNER $ 17.80 $ 18.10 $ 18.40 SHIFT SUPV, HOURLY $ 24.30 $ 24.60 $ 24.90 BARISTA $ 18.30 $ 18.60 $ 18.90 COOK $ 23.30 $ 23.60 $ 23.90 COOK, PREP $ 21.30 $ 21.60 $ 21.90 DISHWASHER $ 17.30 $ 17.60 $ 17.90 FOOD SVC WORKER $ 18.30 $ 18.60 $ 18.90 LEAD COOK $ 24.30 $ 24.60 $ 24.90 GENERAL INCREASE $ 0.75 $ 0.75 $ 1.00 Employees shall receive the minimum classification rate or the general wage increase, whichever affords the employee a higher wage increase. 2.",HARD,deontic:obligation,2,,,,,,
UNITE_HE_0467,UNITE_HERE_Compass_Google,61,"Housing and Transportation Subsidies – Article 30 The Employer shall increase the subsidies to the rates called for in this Agreement effective June 1, 2021. 5.",HARD,deontic:obligation,2,,,,,,
UNITE_HE_0466,UNITE_HERE_Compass_Google,61,"Pension – Article 29 The Employer shall update the Trust Agreement to cover this location and begin contributions effective June 1, 2021. 4.",HARD,deontic:obligation,2,,,,,,
UNITE_HE_0465,UNITE_HERE_Compass_Google,60,"Health and Welfare – Article 28 The Employer shall update the Trust Agreement to cover this location and begin contributions for all benefits currently available to other Compass employees covered by this Agreement effective June 1, 2021. 60",HARD,deontic:obligation,2,,,,,,
UNITE_HE_0464,UNITE_HERE_Compass_Google,60,"Cook County Illinois Wage Rates COOK COUNTY STARTING 4/1/21 1/1/22 1/1/23 WAGE RATES ATTENDANT, STOREROOM $ 19.50 $ 19.80 $ 20.10 ATTENDANT, CATERING $ 20.50 $ 20.80 $ 21.10 BARISTA $ 21.00 $ 21.30 $ 21.60 CAPTAIN, CATERING $ 25.00 $ 25.30 $ 25.60 COOK $ 21.00 $ 21.30 $ 21.60 LEAD COOK $ 24.00 $ 24.30 $ 24.60 DISHWASHER $ 17.50 $ 17.80 $ 18.10 FOOD SVC WORKER $ 18.50 $ 18.80 $ 19.10 RUNNER $ 19.00 $ 19.30 $ 19.60 General Wage Increase $ 2.00 $ 0.75 $ 1.00 Employees shall receive the minimum classification rate or the general wage increase, whichever affords the employee a higher wage increase. 2.",HARD,deontic:obligation,2,,,,,,
UNITE_HE_0463,UNITE_HERE_Compass_Google,60,"The Article 1 – Recognition and the Preamble of the Compass @Google Buildings CBA shall be modified to include Cook County, Illinois. 1.",HARD,deontic:obligation,2,,,,,,
UNITE_HE_0462,UNITE_HERE_Compass_Google,60,Any term contained in this agreement shall prevail in a dispute between this agreement and the Compass @Google Buildings CBA.,HARD,deontic:obligation,2,,,,,,
UNITE_HE_0461,UNITE_HERE_Compass_Google,60,"From April 1st, 2021 through September 30th, 2021 this location shall be covered under the same terms as the Compass @Google Buildings CBA, but not be a part of that bargaining unit.",HARD,deontic:obligation,2,,,,,,
UNITE_HE_0459,UNITE_HERE_Compass_Google,59,"Allegheny County Wage Rates Allegheny County 1/1/21 1/1/22 1/1/23 Start Rates ATTENDANT, STOREROOM/WAREHOUSE $ 19.80 $ 20.10 $ 20.40 RUNNER $ 17.80 $ 18.10 $ 18.40 SHIFT SUPV, HOURLY $ 24.30 $ 24.60 $ 24.90 BARISTA $ 18.30 $ 18.60 $ 18.90 COOK $ 23.30 $ 23.60 $ 23.90 COOK, PREP $ 21.30 $ 21.60 $ 21.90 DISHWASHER $ 17.30 $ 17.60 $ 17.90 FOOD SVC WORKER $ 18.30 $ 18.60 $ 18.90 LEAD COOK $ 24.30 $ 24.60 $ 24.90 GENERAL INCREASE $ 0.75 $ 0.75 $ 1.00 Employees shall receive the minimum classification rate or the general wage increase, whichever affords the employee a higher wage increase. 59",HARD,deontic:obligation,2,,,,,,
UNITE_HE_0489,UNITE_HERE_Compass_Google,68,"The Employer shall reply, in writing, to the employee within one",HARD,deontic:obligation,2,,,,,,
UNITE_HE_0491,UNITE_HERE_Compass_Google,68,"The Employer shall grant to an employee who has been appointed, elected or hired to a full-time position with the Union an unpaid leave of absence for a period of up to twelve (12) months or the duration of this Agreement, whichever is greater.",HARD,deontic:obligation,2,,,,,,
UNITE_HE_0457,UNITE_HERE_Compass_Google,57,Both parties agree that the subject matter of any provision found to be invalid shall be renegotiated for the purpose of replacing the invalidated provision with a valid substitute which most nearly achieves the same objective.,HARD,deontic:obligation,2,,,,,,
UNITE_HE_0506,UNITE_HERE_Compass_Google,73,"San Mateo County Wage Rates San Mateo County 1/1/21 1/1/22 1/1/23 Start Rates GENERAL LABOR/MAINTENANCE $ 22.25 $ 22.50 $ 22.75 ATTENDANT, VENDING $ 21.45 $ 21.70 $ 21.95 ATTENDANT, WAREHOUSE $ 22.25 $ 22.50 $ 22.75 DRIVER, HELPER1 $ 24.25 $ 24.50 $ 24.75 SERVER $ 21.45 $ 21.70 $ 21.95 HOST $ 21.45 $ 21.70 $ 21.95 SHIFT SUPV, HOURLY-LEAD BARISTA $ 23.45 $ 23.70 $ 23.95 SHIFT SUPV, HOURLY-LEAD HOST $ 23.45 $ 23.70 $ 23.95 CATERING CAPTAIN $ 23.45 $ 23.70 $ 23.95 ATTENDANT, CATERING $ 21.45 $ 21.70 $ 21.95 BARISTA $ 21.45 $ 21.70 $ 21.95 COOK $ 24.45 $ 24.70 $ 24.95 COOK, PREP $ 22.45 $ 22.70 $ 22.95 DISHWASHER $ 20.25 $ 20.50 $ 20.75 FOOD SVC UTILITY $ 21.45 $ 21.70 $ 21.95 LEAD COOK $ 26.45 $ 26.70 $ 26.95 SPECIALTY COOK $ 25.95 $ 26.20 $ 26.45 GENERAL INCREASE $ 0.75 $ 0.75 $ 1.00 Employees shall receive the minimum classification rate or the general wage increase, whichever affords the employee a higher wage increase. 2.",HARD,deontic:obligation,2,,,,,,
UNITE_HE_0521,UNITE_HERE_Compass_Google,81,"Washington DC Metropolitan Area Wage Rates Washington DC Metropolitan Area Start Rates 1/1/21 1/1/22 1/1/23 ATTENDANT, STOREROOM/WAREHOUSE $21.30 $21.60 $21.90 BARISTA $22.30 $22.60 $22.90 CAPTAIN, CATERING $26.30 $26.60 $26.90 COOK $24.30 $24.60 $24.90 COOK, PREP $22.30 $22.60 $22.90 LEAD COOK $26.30 $26.60 $26.90 COOK, PREP $22.30 $22.60 $22.90 DISHWASHER $20.30 $20.60 $20.90 FOOD SVC WORKER $20.30 $20.60 $20.90 UTILITY $19.30 $19.60 $19.90 GENERAL INCREASE $0.75 $0.75 $1.00 Employees shall receive the minimum classification rate or the general wage increase, whichever affords the employee a higher wage increase. 81",HARD,deontic:obligation,2,,,,,,
UNITE_HE_0520,UNITE_HERE_Compass_Google,80,"Washtenaw County Wage Rates Washtenaw County 1/1/21 1/1/22 1/1/23 Start Rates ATTENDANT, STOREROOM/WAREHOUSE $ 19.80 $ 20.10 $ 20.40 RUNNER $ 17.80 $ 18.10 $ 18.40 SHIFT SUPV, HOURLY $ 24.30 $ 24.60 $ 24.90 BARISTA $ 18.30 $ 18.60 $ 18.90 COOK $ 23.30 $ 23.60 $ 23.90 COOK, PREP $ 21.30 $ 21.60 $ 21.90 DISHWASHER $ 17.30 $ 17.60 $ 17.90 FOOD SVC WORKER $ 18.30 $ 18.60 $ 18.90 LEAD COOK $ 24.30 $ 24.60 $ 24.90 GENERAL INCREASE $ 0.75 $ 0.75 $ 1.00 Employees shall receive the minimum classification rate or the general wage increase, whichever affords the employee a higher wage increase. 2.",HARD,deontic:obligation,2,,,,,,
UNITE_HE_0518,UNITE_HERE_Compass_Google,78,All enforcement of this ordinance shall be handled by the grievance and arbitration provisions of this Agreement. 4.,HARD,deontic:obligation,2,,,,,,
UNITE_HE_0517,UNITE_HERE_Compass_Google,78,Regional Joint Labor Management Committee - SEA The parties agree that initial subjects for discussion and resolution in the RJLMC-SEA shall be: a.,HARD,deontic:obligation,2,,,,,,
UNITE_HE_0516,UNITE_HERE_Compass_Google,78,"Seattle Metropolitan Area Start Rates Seattle Metro Area 1/1/2021 1/1/2022 1/1/2023 Start Rates Attendant, Catering $20.60 $20.90 $21.20 Attendant, MK/Vending $20.60 $20.90 $21.20 Lead Specialty Cook $25.10 $25.40 $25.70 Specialty Cook $24.10 $24.40 $24.70 Barista $21.60 $21.90 $22.20 Captain Catering $23.60 $23.90 $24.20 Lead Cook $23.60 $23.90 $24.20 Cook $22.60 $22.90 $23.20 Cook, Prep $20.60 $20.90 $21.20 Dishwasher $20.60 $20.90 $21.20 Food SVC Utility $21.60 $21.90 $22.20 Line Server $20.60 $20.90 $21.20 Runner $20.60 $20.90 $21.20 SUPV, SHIFT-HRLY $23.60 $23.90 $24.20 General Wage Increases $0.75 $0.75 $1.00 Employees shall receive the minimum classification rate or the general wage increase, whichever affords the employee a higher wage increase. 2.",HARD,deontic:obligation,2,,,,,,
UNITE_HE_0515,UNITE_HERE_Compass_Google,76,Must be trained and qualified to drive. 76,HARD,deontic:obligation,2,,,,,,
UNITE_HE_0514,UNITE_HERE_Compass_Google,76,"Santa Cruz County Wage Rates Santa Cruz County 1/1/21 1/1/22 1/1/23 Start Rates GENERAL LABOR/MAINTENANCE $ 22.25 $ 22.50 $ 22.75 ATTENDANT, VENDING $ 21.45 $ 21.70 $ 21.95 ATTENDANT, WAREHOUSE $ 22.25 $ 22.50 $ 22.75 DRIVER, HELPER 3 $ 24.25 $ 24.50 $ 24.75 SERVER $ 21.45 $ 21.70 $ 21.95 HOST $ 21.45 $ 21.70 $ 21.95 SHIFT SUPV, HOURLY-LEAD BARISTA $ 23.45 $ 23.70 $ 23.95 SHIFT SUPV, HOURLY-LEAD HOST $ 23.45 $ 23.70 $ 23.95 CATERING CAPTAIN $ 23.45 $ 23.70 $ 23.95 ATTENDANT, CATERING $ 21.45 $ 21.70 $ 21.95 BARISTA $ 21.45 $ 21.70 $ 21.95 COOK $ 24.45 $ 24.70 $ 24.95 COOK, PREP $ 22.45 $ 22.70 $ 22.95 DISHWASHER $ 20.25 $ 20.50 $ 20.75 FOOD SVC UTILITY $ 21.45 $ 21.70 $ 21.95 LEAD COOK $ 26.45 $ 26.70 $ 26.95 SPECIALTY COOK $ 25.95 $ 26.20 $ 26.45 GENERAL INCREASE $ 0.75 $ 0.75 $ 1.00 Employees shall receive the minimum classification rate or the general wage increase, whichever affords the employee a higher wage increase. 2.",HARD,deontic:obligation,2,,,,,,
UNITE_HE_0513,UNITE_HERE_Compass_Google,75,Must be trained and qualified to drive. 75,HARD,deontic:obligation,2,,,,,,
UNITE_HE_0511,UNITE_HERE_Compass_Google,75,"Vacation – Article 32 Modify Section 3 as follows: In accordance with state law, employees who do not use all unused vacation at the end of their calendar year may carry over the balance to the next year, up to a two",SOFT,deontic:permission,2,,,,,,
UNITE_HE_0510,UNITE_HERE_Compass_Google,75,"Santa Clara County Wage Rates Santa Clara County 1/1/21 1/1/22 1/1/23 Start Rates GENERAL LABOR/MAINTENANCE $ 22.25 $ 22.50 $ 22.75 ATTENDANT, VENDING $ 21.45 $ 21.70 $ 21.95 ATTENDANT, WAREHOUSE $ 22.25 $ 22.50 $ 22.75 DRIVER, HELPER 2 $ 24.25 $ 24.50 $ 24.75 SERVER $ 21.45 $ 21.70 $ 21.95 HOST $ 21.45 $ 21.70 $ 21.95 SHIFT SUPV, HOURLY-LEAD BARISTA $ 23.45 $ 23.70 $ 23.95 SHIFT SUPV, HOURLY-LEAD HOST $ 23.45 $ 23.70 $ 23.95 CATERING CAPTAIN $ 23.45 $ 23.70 $ 23.95 ATTENDANT, CATERING $ 21.45 $ 21.70 $ 21.95 BARISTA $ 21.45 $ 21.70 $ 21.95 COOK $ 24.45 $ 24.70 $ 24.95 COOK, PREP $ 22.45 $ 22.70 $ 22.95 DISHWASHER $ 20.25 $ 20.50 $ 20.75 FOOD SVC UTILITY $ 21.45 $ 21.70 $ 21.95 LEAD COOK $ 26.45 $ 26.70 $ 26.95 SPECIALTY COOK $ 25.95 $ 26.20 $ 26.45 GENERAL INCREASE* $ 0.75 $ 0.75 $ 1.00 Employees shall receive the minimum classification rate or the general wage increase, whichever affords the employee a higher wage increase. 2.",HARD,deontic:obligation,2,,,,,,
UNITE_HE_0509,UNITE_HERE_Compass_Google,74,"In California, employees who do not use all unused vacation at the end of the calendar year may carry over the balance to the next year. 74",SOFT,deontic:permission,2,,,,,,
UNITE_HE_0508,UNITE_HERE_Compass_Google,73,Must be trained and qualified to drive 73,HARD,deontic:obligation,2,,,,,,
UNITE_HE_0505,UNITE_HERE_Compass_Google,72,These employees shall receive premium pay of $1.00 per hour for all hours paid. 72,HARD,deontic:obligation,2,,,,,,
UNITE_HE_0492,UNITE_HERE_Compass_Google,68,"Upon the conclusion of the leave of absence, the employee shall be entitled to return to his or her position in the bargaining unit, with no loss of seniority or service.",HARD,deontic:obligation,2,,,,,,
UNITE_HE_0504,UNITE_HERE_Compass_Google,72,ONTARIO SIDE LETTER ON WORK OUTSIDE CLASSIFICATION The following employees shall continue performing their traditional duties outside of their current classification: • Kathryn Dandyk • Charlotte Van Ryn These duties shall continue so long as they work with the company or they bid to change their classification.,HARD,deontic:obligation,2,,,,,,
UNITE_HE_0503,UNITE_HERE_Compass_Google,71,"• Easter Monday • Victoria Day • Canada Day • Civic Holiday • Labour Day • Thanksgiving Day • Christmas Eve • Christmas Day • Boxing Day • New Years Day The third sentence of Section 2 of the Agreement is modified as follows: “When an employee works on a paid holiday, they shall receive holiday pay plus premium pay for all hours worked on the holiday, or they shall receive their regular wages for all hours worked on the holiday and receive another substitute holiday for which they shall be paid holiday pay.",HARD,deontic:obligation,2,,,,,,
UNITE_HE_0502,UNITE_HERE_Compass_Google,70,ARTICLE 31 - HOLIDAYS Section 1 of the Agreement is modified as follows: All employees of the bargaining unit shall be entitled to the paid holidays that the Employer’s client provides its workers.,HARD,deontic:obligation,2,,,,,,
UNITE_HE_0501,UNITE_HERE_Compass_Google,70,"ARTICLE 29 – PENSION FUND AND 401(K) Upon completion of the probationary period, the Employer shall contribute the following for each employee into the UNITE HERE Pension Plan for all employees: Upon ratification, the Employer will contribute the following hourly rates: Date Amount April 1, 2021 $1.40 January 1, 2022 $2.25 January 1, 2023 $3.00 11.",HARD,deontic:obligation,2,,,,,,
UNITE_HE_0500,UNITE_HERE_Compass_Google,70,"All Health and Welfare payments shall be calculated from the first (1st) day of each month to the last day of each month and shall be remitted and received by the trust of the Health and Welfare Plan of Local 75, prior to the fifteenth (15th) day of the following month.",HARD,deontic:obligation,2,,,,,,
UNITE_HE_0499,UNITE_HERE_Compass_Google,69,"The Union shall indemnify and save harmless the Company, its agents and/or employees acting on behalf of the Company from any claims, demands, actions or causes of action arising out of, in any way connected with the collection and remittance of such dues or the providing to the Union of the employee’s SIN. 8.",HARD,deontic:obligation,2,,,,,,
UNITE_HE_0498,UNITE_HERE_Compass_Google,69,"At the Union's request, the Employer may allow the Union to review payroll records, schedules, sign-in sheets and any other information reasonably required to satisfy the Union that dues and initiation fees are being deducted correctly.",SOFT,deontic:permission,2,,,,,,
UNITE_HE_0497,UNITE_HERE_Compass_Google,69,"The Employer shall provide the Union with the following information with respect to each employee in the bargaining unit and shall update it each month: names, addresses, Social Insurance Numbers (with Employee consent) telephone numbers, classifications, employment status, (full-time, part-time etc.) seniority, date of change of status if applicable and their rate of pay.",HARD,deontic:obligation,2,,,,,,
UNITE_HE_0496,UNITE_HERE_Compass_Google,69,The Union shall notify the Employer in writing thirty (30) days in advance of any change in the amount of Union dues and such notification shall be the Company's conclusive authority to make the deductions specified.,HARD,deontic:obligation,2,,,,,,
UNITE_HE_0495,UNITE_HERE_Compass_Google,69,The Employer shall provide with the remittance an alphabetic list of all employees specifying the amount deducted for each employee.,HARD,deontic:obligation,2,,,,,,
UNITE_HE_0494,UNITE_HERE_Compass_Google,69,"The Employer shall remit this amount to the Union Office monthly, not later than the fifteenth (15th) day of the month following the month for which such deduction is made.",HARD,deontic:obligation,2,,,,,,
UNITE_HE_0493,UNITE_HERE_Compass_Google,68,"An employee summoned for jury duty shall be paid their full pay for the period served, and such employee will return their jury pay, if any, to the Employer. 7.",HARD,deontic:obligation,2,,,,,,
UNITE_HE_0458,UNITE_HERE_Compass_Google,57,"In the event the parties are unable to agree on a substitute, the matter shall be submitted to arbitration as provided in Paragraph 9; the arbitrator shall choose or formulate a substitute provision which accomplishes the purposes of the preceding sentence.",HARD,deontic:obligation,2,,,,,,
UNITE_HE_0456,UNITE_HERE_Compass_Google,57,"In the event that any provision of this Agreement should be rendered invalid by applicable legislation or be declared invalid by any court or regulatory agency of competent jurisdiction, such action shall not invalidate the entire Agreement, it being the express intention of the parties hereto that all other provisions not rendered invalid shall remain in full force and effect.",HARD,deontic:prohibition|deontic:obligation|deontic:preference,2,,,,,,
UNITE_HE_0383,UNITE_HERE_Compass_Google,46,Request to use sick/personal days as personal days shall not be unreasonably denied.,HARD,deontic:prohibition|deontic:obligation,2,,,,,,
UNITE_HE_0406,UNITE_HERE_Compass_Google,49,(5) or more hours in a day shall receive a onehalf (1/2) unpaid meal break to be scheduled by the manager or designee.,HARD,deontic:obligation,2,,,,,,
UNITE_HE_0418,UNITE_HERE_Compass_Google,50,Unscheduled overtime may at times be mandatory for all employees in a classification and will be assigned to the employees in the classification where the work has to be performed.,SOFT,deontic:permission,2,,,,,,
UNITE_HE_0417,UNITE_HERE_Compass_Google,50,"Whenever possible, overtime scheduled shall be posted the day before such overtime is scheduled.",HARD,deontic:obligation,2,,,,,,
UNITE_HE_0416,UNITE_HERE_Compass_Google,49,Overtime shall be paid in the pay cycle following that in which the overtime 49,HARD,deontic:obligation,2,,,,,,
UNITE_HE_0415,UNITE_HERE_Compass_Google,49,"If there are insufficient volunteers, the Employer may require employees in the classification to work in inverse seniority order.",SOFT,deontic:permission,2,,,,,,
UNITE_HE_0414,UNITE_HERE_Compass_Google,49,"Holiday, vacation, sick and benefit hours shall not count toward overtime, only hours actually worked.",HARD,deontic:prohibition|deontic:obligation,2,,,,,,
UNITE_HE_0413,UNITE_HERE_Compass_Google,49,Nothing in this Agreement shall be construed to require the payment of overtime and/or premium pay more than once for the same hours worked.,HARD,deontic:obligation,2,,,,,,
UNITE_HE_0412,UNITE_HERE_Compass_Google,49,There shall be no duplication or pyramiding in the computation of overtime and/or premium pay.,HARD,deontic:obligation,2,,,,,,
UNITE_HE_0411,UNITE_HERE_Compass_Google,49,"(1) week, shall be paid time and one-half (1 ½) for hours worked in excess of ten (10) hours per day or forty (40) hours per week.",HARD,deontic:obligation,2,,,,,,
UNITE_HE_0410,UNITE_HERE_Compass_Google,49,"(8) hours in a single day, shall be compensated at the rate of time and one-half (1 ½) the regular rate of pay, and all work performed on the seventh (7th) consecutive day shall be paid at two",HARD,deontic:obligation,2,,,,,,
UNITE_HE_0409,UNITE_HERE_Compass_Google,49,"Employees shall also be entitled to fountain drinks, coffee and tea.",HARD,deontic:obligation,2,,,,,,
UNITE_HE_0408,UNITE_HERE_Compass_Google,49,Employees shall be eligible for one free wholesome meal of the type served to customers for the day worked in accordance with company policy.,HARD,deontic:obligation,2,,,,,,
UNITE_HE_0407,UNITE_HERE_Compass_Google,49,Employees who work through their breaks with management approval shall be paid for all time worked.,HARD,deontic:obligation,2,,,,,,
UNITE_HE_0403,UNITE_HERE_Compass_Google,48,Weekly work schedules shall be posted by noon on Friday for the following week.,HARD,deontic:obligation,2,,,,,,
UNITE_HE_0420,UNITE_HERE_Compass_Google,50,Employees shall be expected to work a reasonable amount of overtime when requested.,HARD,deontic:obligation,2,,,,,,
UNITE_HE_0400,UNITE_HERE_Compass_Google,48,Compass employees covered by other UNITE HERE collective bargaining agreements from outside of this bargaining unit shall have the opportunity to sign up for additional shifts in the Catering department so long as they possess the required skills (C-List). g.,HARD,deontic:obligation,2,,,,,,
UNITE_HE_0399,UNITE_HERE_Compass_Google,48,No less than once a calendar year non-catering employees shall be offered paid training opportunities in the Catering Department. f.,HARD,deontic:obligation,2,,,,,,
UNITE_HE_0270,UNITE_HERE_Compass_Google,32,The Employer shall show on the employee's statement of earnings and withholdings the Union fees deducted and remitted to the Union.,HARD,deontic:obligation,2,,,,,,
UNITE_HE_0397,UNITE_HERE_Compass_Google,48,B-List employees shall have their schedules maximized in seniority order up to forty (40) hours per week and will be offered the ability to work all available hours prior to the employees outside of the bargaining unit. d.,HARD,deontic:obligation,2,,,,,,
UNITE_HE_0396,UNITE_HERE_Compass_Google,48,A-List employees shall have their schedules maximized in seniority order up to forty (40) hours per week and will be offered the ability to work all available hours prior to scheduling employees on the B-List. c.,HARD,deontic:obligation,2,,,,,,
UNITE_HE_0392,UNITE_HERE_Compass_Google,47,"Before taking paid bereavement, employees must alert management of the need for time away and under what benefit they are requesting (Immediate or Extended Family.) The Employer may require that employees provide documentation for leave under this Article.",HARD,deontic:obligation|deontic:permission,2,,,,,,
UNITE_HE_0390,UNITE_HERE_Compass_Google,46,The employee must present their summons to the Employer when received for scheduling purposes.,HARD,deontic:obligation,2,,,,,,
UNITE_HE_0388,UNITE_HERE_Compass_Google,46,"(3) day period shall not apply in cases where there is a pattern of absences, excessive absences or suspected abuse where the employee and Union have been advised of this prior to the absence.",HARD,deontic:prohibition|deontic:obligation,2,,,,,,
UNITE_HE_0387,UNITE_HERE_Compass_Google,46,Employees must have their physician complete the Employer provided Wellness Pay form at the time of their visit.,HARD,deontic:obligation,2,,,,,,
UNITE_HE_0386,UNITE_HERE_Compass_Google,46,"To qualify for the pay, the employee must be enrolled in the Health and Welfare Plan and have been employed by the Employer for at least twelve (12) months.",HARD,deontic:obligation,2,,,,,,
UNITE_HE_0385,UNITE_HERE_Compass_Google,46,"For PartTime employees, Sick/Personal days shall be paid on a prorated basis.",HARD,deontic:obligation,2,,,,,,
UNITE_HE_0384,UNITE_HERE_Compass_Google,46,Sick/Personal days shall be paid out at eight,HARD,deontic:obligation,2,,,,,,
UNITE_HE_0419,UNITE_HERE_Compass_Google,50,Employees working overtime shall be permitted to make such necessary notification to their homes and families.,HARD,deontic:obligation,2,,,,,,
UNITE_HE_0422,UNITE_HERE_Compass_Google,50,Overtime shall be verified in writing by the Supervisor on the employee’s time record.,HARD,deontic:obligation,2,,,,,,
UNITE_HE_0454,UNITE_HERE_Compass_Google,57,"This Memorandum and Article 1, Section 1 of the Collective Bargaining Agreement shall survive the expiration or termination of the Collective Bargaining Agreement, and shall remain in effect for one",HARD,deontic:obligation,2,,,,,,
UNITE_HE_0439,UNITE_HERE_Compass_Google,52,"Such discussions shall not ""open"" the Agreement during its term.",HARD,deontic:prohibition|deontic:obligation,2,,,,,,
UNITE_HE_0453,UNITE_HERE_Compass_Google,57,Any disputes over the interpretation or application of this Agreement shall be resolved in accordance with the arbitration procedure in Article 8 of the Collective Bargaining Agreement. 10.,HARD,deontic:obligation,2,,,,,,
UNITE_HE_0452,UNITE_HERE_Compass_Google,57,The Union may request recognition as the exclusive collective bargaining agent for such Employees.,SOFT,deontic:permission,2,,,,,,
UNITE_HE_0451,UNITE_HERE_Compass_Google,56,"The Union may engage in organizing efforts in non-public areas of the Employer’s facility during Employees’ non-working times (before work, after work, and during meals and breaks) and/or during such other periods as the parties may mutually agree upon. 56",SOFT,deontic:permission,2,,,,,,
UNITE_HE_0450,UNITE_HERE_Compass_Google,56,"If the Union provides written notice to the Employer of its intent to organize Employees covered by this Agreement, the Employer shall provide access to its premises and to such Employees by the Union.",HARD,deontic:obligation,2,,,,,,
UNITE_HE_0449,UNITE_HERE_Compass_Google,56,"The Employer shall notify employees about such opportunity in the same manner that the Employer notifies Employees about other work-related matters, and such notice shall include instructions about how to request a transfer and shall state that the Collective Bargaining Agreement will apply if a majority of employees in the new operation choose to be represented by the Union. 6.",HARD,deontic:obligation,2,,,,,,
UNITE_HE_0448,UNITE_HERE_Compass_Google,56,This right to transfer shall be in preference to any other applicants for employment and shall be accorded to bargaining unit employees before applicants from any other source are sought.,HARD,deontic:obligation,2,,,,,,
UNITE_HE_0447,UNITE_HERE_Compass_Google,56,Bargaining unit employees represented by the Union and covered by the Collective Bargaining Agreement between the parties who have successfully completed their probationary periods shall have the right to transfer to any available positions in an operation covered by this Agreement for which they are qualified or can be qualified with the same training that would be provided to a new employee.,HARD,deontic:obligation,2,,,,,,
UNITE_HE_0446,UNITE_HERE_Compass_Google,55,"WASHINGTON, DC METROPOLITIAN AREA LOCALE These Regions, Districts, Campuses and Locales shall be updated jointly by the parties. 55",HARD,deontic:obligation,2,,,,,,
UNITE_HE_0445,UNITE_HERE_Compass_Google,54,EXHIBIT A: ARBITRATION PANEL East Coat Arbitration Panel Robert Douglas Jay Nadelbach Barbara Deinhardt Abigail Levy Bonnie Weinstock Susan Mackenzie West Coat Arbitration Panel Katherine Thomson Carol Vendrillo Gary Axon Alexander “Buddy” Cohn William Riker Matthew Goldberg Ontario Arbitration Panel Sheri Price Gail Misra Ian Anderson This Exhibit may be mutually updated by the parties if more arbitrators are needed according to the same process utilized in Article 8. 54,SOFT,deontic:permission,2,,,,,,
UNITE_HE_0442,UNITE_HERE_Compass_Google,52,"The Employer’s client shall have the right to install and monitor photographic, audio, and/or video recording equipment at any and all times at all client locations, with the exception of inside locker and/or restroom facilities, as deemed appropriate by the Employer’s client.",HARD,deontic:obligation,2,,,,,,
UNITE_HE_0441,UNITE_HERE_Compass_Google,52,Employees shall be able to access and view their personnel files upon request of the employee.,HARD,deontic:obligation,2,,,,,,
UNITE_HE_0440,UNITE_HERE_Compass_Google,52,The parties agree that nothing in this Agreement shall be interpreted to require the Employer to act or refrain from acting in a manner that is prohibited by law.,HARD,deontic:obligation,2,,,,,,
UNITE_HE_0438,UNITE_HERE_Compass_Google,52,The parties agree to meet promptly to discuss the impact of the affected text in Section 1 above and to create new text as may be needed.,SOFT,deontic:permission,2,,,,,,
UNITE_HE_0423,UNITE_HERE_Compass_Google,50,"In the event that the scheduled hours for a given classification are reduced, then the least senior employee in a given classification involved shall be affected first and so on as long as the remaining employees are qualified to perform the work with minimal training.",HARD,deontic:obligation,2,,,,,,
UNITE_HE_0437,UNITE_HERE_Compass_Google,52,"If any provision of this Agreement or any application of this Agreement to any employee or group of employees is held invalid by operation of law or by a Court or other tribunal of competent jurisdiction, such provision shall be inoperative, but all other provisions shall not be affected thereby and shall continue in full force and effect.",HARD,deontic:prohibition|deontic:obligation,2,,,,,,
UNITE_HE_0436,UNITE_HERE_Compass_Google,51,The Employer shall supply all regularly scheduled employees with: a.,HARD,deontic:obligation,2,,,,,,
UNITE_HE_0435,UNITE_HERE_Compass_Google,51,All uniforms and linens shall be furnished by the Employer.,HARD,deontic:obligation,2,,,,,,
UNITE_HE_0434,UNITE_HERE_Compass_Google,51,"Workers shall continue to receive all current benefits, amenities, and perks provided by Compass’s client, and shall be eligible to all benefits, amenities, and perks provided directly by Compass’s client to Compass Employees.",HARD,deontic:obligation,2,,,,,,
UNITE_HE_0433,UNITE_HERE_Compass_Google,51,"Any employee who is required to utilize their own vehicle, or is requested to perform work at another location, shall receive a mileage allowance at the rate of the prevailing IRS rate in effect, or be reimbursed the appropriate fee for use of public transportation, if necessary.",HARD,deontic:obligation|deontic:obligation,2,,,,,,
UNITE_HE_0431,UNITE_HERE_Compass_Google,50,The decision whether an employee shall be excused or shall work will be at the discretion of management and shall be made on the basis of seniority. 50,HARD,deontic:obligation,2,,,,,,
UNITE_HE_0429,UNITE_HERE_Compass_Google,50,The Employer shall not place undue pressure on employees to volunteer.,HARD,deontic:prohibition|deontic:obligation,2,,,,,,
UNITE_HE_0428,UNITE_HERE_Compass_Google,50,"When work planned for the facility has been completed, the Employer may canvass employees by seniority to determine if there are volunteers to leave early in lieu of receiving the report in pay guaranteed by this Section.",SOFT,deontic:permission,2,,,,,,
UNITE_HE_0427,UNITE_HERE_Compass_Google,50,"Once employees begin their scheduled shift, they shall be paid for all hours worked, or one-half the hours in their regular shift, whichever is greater.",HARD,deontic:obligation,2,,,,,,
UNITE_HE_0426,UNITE_HERE_Compass_Google,50,Employees who report to work without having been notified by the Employer or by public announcement that the operation is closed shall be guaranteed either onehalf their scheduled hours or pay in lieu thereof.,HARD,deontic:obligation,2,,,,,,
UNITE_HE_0425,UNITE_HERE_Compass_Google,50,"Employees may use vacation or sick/personal days to count for full days during ""slow day"" reduced staff situations.",SOFT,deontic:permission,2,,,,,,
UNITE_HE_0424,UNITE_HERE_Compass_Google,50,"In the event that the scheduled hours for a given classification are increased, then the most senior employee qualified to perform the work with minimal training in the given classification shall be affected first and so on.",HARD,deontic:obligation,2,,,,,,
UNITE_HE_0271,UNITE_HERE_Compass_Google,32,"Employees shall become and remain members of the Union in good standing upon completion of thirty (30) days of employment with the Employer or thirty (30) days after the effective date of this Agreement, whichever is later.",HARD,deontic:obligation,2,,,,,,
UNITE_HE_0262,UNITE_HERE_Compass_Google,31,"The Employer will first offer additional hours to qualified, available employees who will not incur overtime, including “splitting” the hours, if necessary, then the Employer will offer additional hours to qualified available employees who may incur overtime, including “splitting” the hours, if necessary.",SOFT,deontic:permission,2,,,,,,
UNITE_HE_0269,UNITE_HERE_Compass_Google,32,"The Employer shall, deposit the list in an electronic format approved by the Union on the Union's FTP site or will send the approved list by e-mail.",HARD,deontic:obligation,2,,,,,,
UNITE_HE_0141,UNITE_HERE_Compass_Google,22,The PAP shall consist of a pool of six arbitrators comprised of three nominees from each party.,HARD,deontic:obligation,2,,,,,,
UNITE_HE_0109,UNITE_HERE_Compass_Google,20,The Designee shall review such review the results and settlements as needed at Step Four or SJLMC. i.,HARD,deontic:obligation,2,,,,,,
UNITE_HE_0108,UNITE_HERE_Compass_Google,19,Such forms shall also be kept in a centralized location accessible to employees in each kitchen and in the commissary. 19,HARD,deontic:obligation,2,,,,,,
UNITE_HE_0107,UNITE_HERE_Compass_Google,19,Shop stewards and supervisors/managers shall have blank copies of the Step One Meeting Request Forms.,HARD,deontic:obligation,2,,,,,,
UNITE_HE_0106,UNITE_HERE_Compass_Google,19,"The employee, supervisor/manager and the shop steward may mutually agree to waive the timelines noted above. f.",SOFT,deontic:permission,2,,,,,,
UNITE_HE_0105,UNITE_HERE_Compass_Google,19,"However, the Parties agree that if a resolution is reached during the Step One process, documentation of the resolution shall be prepared and signed off on by the supervisor/manager, the employee and the shop steward (if involved). e.",HARD,deontic:obligation,2,,,,,,
UNITE_HE_0103,UNITE_HERE_Compass_Google,19,"If the Parties are unable to resolve a dispute or complaint in the Step One Process, such dispute or complaint may be reduced to writing as a formal grievance and shall proceed to Step 2 of Article 8. d.",HARD,deontic:obligation|deontic:permission,2,,,,,,
UNITE_HE_0102,UNITE_HERE_Compass_Google,19,Such response may be in the form of a proposed resolution of the matter or may be a communication to the employee scheduling a meeting to further discuss the matter.,SOFT,deontic:permission,2,,,,,,
UNITE_HE_0101,UNITE_HERE_Compass_Google,19,The supervisor or manager involved in the Step One Meeting shall use their best efforts to respond to the employee within seven,HARD,deontic:obligation,2,,,,,,
UNITE_HE_0100,UNITE_HERE_Compass_Google,19,The manager or supervisor shall provide a copy of the Step One Meeting Request Form to the employee and shall provide a copy of the completed form to Human Resources. c.,HARD,deontic:obligation,2,,,,,,
UNITE_HE_0099,UNITE_HERE_Compass_Google,19,"Upon receipt of a Step One Meeting Request Form, the supervisor or manager shall schedule such meeting to be held within three",HARD,deontic:obligation,2,,,,,,
UNITE_HE_0098,UNITE_HERE_Compass_Google,19,"To initiate the Step One process, the employee must complete a Step One Meeting Request Form (Appendix A) and submit the Form to the supervisor or manager.",HARD,deontic:obligation,2,,,,,,
UNITE_HE_0097,UNITE_HERE_Compass_Google,19,"Under the Step One Process, an employee with a complaint or dispute shall use his or her best efforts to, within ten (10) calendar days of the incident or circumstances giving rise to the dispute, or within ten (10) calendar days of the time the employee reasonably could have acquired knowledge of the event, present the matter to their immediate supervisor or manager.",HARD,deontic:obligation,2,,,,,,
UNITE_HE_0095,UNITE_HERE_Compass_Google,18,Such extensions shall be in writing.,HARD,deontic:obligation,2,,,,,,
UNITE_HE_0094,UNITE_HERE_Compass_Google,18,The time limitations may be extended on a case-by-case basis by mutual agreement.,SOFT,deontic:permission,2,,,,,,
UNITE_HE_0093,UNITE_HERE_Compass_Google,18,Failure on the part of management to respond within the time limits shall result in a grievance being automatically moved to the next step.,HARD,deontic:obligation,2,,,,,,
UNITE_HE_0092,UNITE_HERE_Compass_Google,18,The number of days indicated at each step of the grievance procedure shall be considered maximum and every effort should be made to expedite the process.,HARD,deontic:obligation|deontic:preference,2,,,,,,
UNITE_HE_0091,UNITE_HERE_Compass_Google,18,The parties agree that grievances must be processed and resolved as rapidly as possible.,HARD,deontic:obligation,2,,,,,,
UNITE_HE_0090,UNITE_HERE_Compass_Google,18,"The term ""Grievance"" as used herein means any alleged violation, misinterpretation, or misapplication of this Agreement, and may be raised by an individual or group of individuals covered by this Agreement, or the Union on behalf of an individual or group of individuals covered by this Agreement.",SOFT,deontic:permission,2,,,,,,
UNITE_HE_0089,UNITE_HERE_Compass_Google,17,The only exception to the procedures in Article 8 shall be that any such claim may be submitted to the grievance process in the same time period as required under the applicable law for filing said claims in court or with an administrative agency.,HARD,deontic:obligation|deontic:permission,2,,,,,,
UNITE_HE_0087,UNITE_HERE_Compass_Google,16,"Should a dispute arise with respect to such issues and should the parties fail to reach agreement, such dispute shall be submitted to final and binding arbitration as provided under this clause.",HARD,deontic:obligation|deontic:preference,2,,,,,,
UNITE_HE_0086,UNITE_HERE_Compass_Google,16,The Union and the Employer further agree that they shall interpret this Agreement to be consistent with the Americans With Disabilities Act (ADA).,HARD,deontic:obligation,2,,,,,,
UNITE_HE_0085,UNITE_HERE_Compass_Google,16,"If and when the Union determines not to participate in any claim brought under this section, the employee shall have the right to continue to arbitrate said claim at the employee’s expense for the employee’s own attorney’s fees and costs.",HARD,deontic:obligation,2,,,,,,
UNITE_HE_0084,UNITE_HERE_Compass_Google,16,"The Employer shall pay the administrative costs of said arbitration and the arbitrator’s fees, but the parties will bear their own attorney’s fees and costs (e.g., witness fees, etc.).",HARD,deontic:obligation,2,,,,,,
UNITE_HE_0083,UNITE_HERE_Compass_Google,15,"If and when such claims proceed to arbitration, the arbitrator shall:",HARD,deontic:obligation,2,,,,,,
UNITE_HE_0082,UNITE_HERE_Compass_Google,15,The arbitration of said claims shall be final and binding on all parties. c.,HARD,deontic:obligation,2,,,,,,
UNITE_HE_0081,UNITE_HERE_Compass_Google,15,The only exception to the procedures in Article 8 shall be that any claim alleging discrimination may be submitted to the grievance process in the same time period as required under the applicable statute for filing said claims in court or with an administrative agency.,HARD,deontic:obligation|deontic:permission,2,,,,,,
UNITE_HE_0079,UNITE_HERE_Compass_Google,15,"The parties agree that any accommodation made by the Employer with respect to job duties or any other term or condition of employment shall not in any way become applicable to any other individual, class or group of employees, but shall apply only to the person accommodated.",HARD,deontic:prohibition|deontic:obligation,2,,,,,,
UNITE_HE_0110,UNITE_HERE_Compass_Google,20,"(7) calendar days of the answer, the Grievance shall be reduced to writing and provided to the VP of Operations and/or Senior People Operations BP.",HARD,deontic:obligation,2,,,,,,
UNITE_HE_0111,UNITE_HERE_Compass_Google,20,The written Grievance shall list the specific provision(s) of this Agreement alleged to have been violated and remedy sought.,HARD,deontic:obligation,2,,,,,,
UNITE_HE_0112,UNITE_HERE_Compass_Google,20,"(7) calendar days of the Grievance being filed in writing, a meeting shall occur between the VP of Operations and/or Senior People Operations BP, the Shop Steward and the grievant in an effort to resolve the Grievance.",HARD,deontic:obligation,2,,,,,,
UNITE_HE_0127,UNITE_HERE_Compass_Google,21,The rules of evidence shall not apply and no formal record of the Grievance Mediation shall be made. 6.,HARD,deontic:prohibition|deontic:obligation,2,,,,,,
UNITE_HE_0139,UNITE_HERE_Compass_Google,21,"Step Five: If the Grievance cannot be satisfactorily adjusted at Step Four, the matter may be referred by the International or the Chief People Officer, for final 21",SOFT,deontic:permission,2,,,,,,
UNITE_HE_0138,UNITE_HERE_Compass_Google,21,The timelines set forth herein may be extended by mutual agreement of the parties.,SOFT,deontic:permission,2,,,,,,
UNITE_HE_0268,UNITE_HERE_Compass_Google,32,"No later, than the 15th day of each month, the Employer shall submit one check for the previous month's dues deductions together with one list of all bargaining unit employees, showing their names, their social security numbers, their dates of hire, hourly wage rate, Campus, District and cafe, classification, home address, phone number, average hours, status (FT/PT/LOA/Terminated) and the total amount deducted from each employee each month, and the reason if no deduction was made.",HARD,deontic:obligation,2,,,,,,
UNITE_HE_0136,UNITE_HERE_Compass_Google,21,"This thirty (30) calendar day period shall begin either ten days after the meeting, or on the date the Employer sends written notification to the Union that the grievance is denied.",HARD,deontic:obligation,2,,,,,,
UNITE_HE_0135,UNITE_HERE_Compass_Google,21,"If there is no resolution (whether during or after the meeting), or if there is no response by the Labor Relations Representative within ten (10) calendar days of this meeting, either the International President or the Chief People Officer shall have thirty (30) calendar days to file a Demand for Arbitration as outlined in this Article.",HARD,deontic:obligation,2,,,,,,
UNITE_HE_0134,UNITE_HERE_Compass_Google,21,"Step Four: System Wide Step If the parties are unable to resolve the grievance at Step Three of the grievance procedure, prior to filing a demand for arbitration, Compass's Chief People Officer and the President of UNITE HERE International, or their respective designees, with settlement authority, shall meet within thirty (30) calendar days of the Step Three responses in an effort to resolve the dispute.",HARD,deontic:obligation,2,,,,,,
UNITE_HE_0133,UNITE_HERE_Compass_Google,21,The cost of the mediator shall be split between Compass and UNITE HERE.,HARD,deontic:obligation,2,,,,,,
UNITE_HE_0132,UNITE_HERE_Compass_Google,21,The Grievance Mediation shall have no power to alter or amend the terms of the Collective Bargaining Agreement. 11.,HARD,deontic:obligation,2,,,,,,
UNITE_HE_0131,UNITE_HERE_Compass_Google,21,Grievance Mediation shall occur regularly in each region to ensure prompt resolution of all grievances and disputes and shall be on a schedule to be developed by the Regional JLMC and approved by the National JLMC. 10.,HARD,deontic:obligation,2,,,,,,
UNITE_HE_0130,UNITE_HERE_Compass_Google,21,The mediator shall state the grounds for their advisory decision. 9.,HARD,deontic:obligation,2,,,,,,
UNITE_HE_0129,UNITE_HERE_Compass_Google,21,"If no settlement is reached, the mediator shall provide the parties with an immediate written advisory decision. 8.",HARD,deontic:obligation,2,,,,,,
UNITE_HE_0128,UNITE_HERE_Compass_Google,21,The mediator shall have the authority to meet separately with any person or persons but will not have the authority to compel a resolution of a grievance. 7.,HARD,deontic:obligation,2,,,,,,
UNITE_HE_0126,UNITE_HERE_Compass_Google,21,Proceedings shall be informal in nature.,HARD,deontic:obligation,2,,,,,,
UNITE_HE_0113,UNITE_HERE_Compass_Google,20,The VP of Operations and/or Senior People Operations BP shall provide a written response within seven,HARD,deontic:obligation,2,,,,,,
UNITE_HE_0125,UNITE_HERE_Compass_Google,21,Any documents presented to the mediator shall be returned to the respective parties at the conclusion of the hearing. 5.,HARD,deontic:obligation,2,,,,,,
UNITE_HE_0124,UNITE_HERE_Compass_Google,21,Outside lawyers or consultants shall not participate in a Grievance Mediation. 4.,HARD,deontic:prohibition|deontic:obligation,2,,,,,,
UNITE_HE_0123,UNITE_HERE_Compass_Google,21,Each party shall have one,HARD,deontic:obligation,2,,,,,,
UNITE_HE_0122,UNITE_HERE_Compass_Google,21,The grievant shall have a right to be present at the Grievance Mediation. 2.,HARD,deontic:obligation,2,,,,,,
UNITE_HE_0121,UNITE_HERE_Compass_Google,21,The Grievance Mediation shall be governed by the following rules: 1.,HARD,deontic:obligation,2,,,,,,
UNITE_HE_0120,UNITE_HERE_Compass_Google,21,The manager involved in the incident or circumstances giving rise to the dispute should be present at the Grievance Mediation. d.,SOFT,deontic:preference,2,,,,,,
UNITE_HE_0119,UNITE_HERE_Compass_Google,20,(2) union representatives plus an FMCS neutral mediator who shall act as Chairman and who shall mediate the dispute in an attempt to have the parties 20,HARD,deontic:obligation,2,,,,,,
UNITE_HE_0118,UNITE_HERE_Compass_Google,20,The Grievance Mediation shall consists of two,HARD,deontic:obligation,2,,,,,,
UNITE_HE_0117,UNITE_HERE_Compass_Google,20,The Grievance Mediation shall be held within thirty (30) calendar days of the written request. c.,HARD,deontic:obligation,2,,,,,,
UNITE_HE_0116,UNITE_HERE_Compass_Google,20,The written grievance shall set forth the facts giving rise to the dispute including the date and person(s) involved and shall designate the grievant as well as the remedy sought. b.,HARD,deontic:obligation,2,,,,,,
UNITE_HE_0115,UNITE_HERE_Compass_Google,20,"If there is no response from management under Step Two, the Union shall have ten (10) days from the date of the Step Two meeting to submit the written request.",HARD,deontic:obligation,2,,,,,,
UNITE_HE_0114,UNITE_HERE_Compass_Google,20,If the matter is not satisfactorily resolved at Step Two of the Grievance Procedure the Union may file a written request for a Grievance Mediation hearing within seven,SOFT,deontic:permission,2,,,,,,
UNITE_HE_0078,UNITE_HERE_Compass_Google,15,"If providing such an accommodation would violate a specific term or terms of this Agreement, the parties agree to meet and discuss the reasonableness of the accommodation requested, whether it should be granted and if so, the duration for which it will be granted.",SOFT,deontic:preference,2,,,,,,
UNITE_HE_0077,UNITE_HERE_Compass_Google,15,"This agreement shall be interpreted to permit reasonable accommodations of disabled persons as required by state, provincial and/or federal laws, including the Americans with Disabilities Act (ADA), as amended.",HARD,deontic:obligation,2,,,,,,
UNITE_HE_0076,UNITE_HERE_Compass_Google,15,The first such training shall occur within sixty (60) days of the ratification of this Agreement.,HARD,deontic:obligation,2,,,,,,
UNITE_HE_0017,UNITE_HERE_Compass_Google,6,"Meetings shall be regularly scheduled on published dates, during the first week of 6",HARD,deontic:obligation,2,,,,,,
UNITE_HE_0030,UNITE_HERE_Compass_Google,8,"By mutual agreement of the parties, the designees may bring a limited number of other participants to these meetings.",SOFT,deontic:permission,2,,,,,,
UNITE_HE_0029,UNITE_HERE_Compass_Google,8,The National JLMC shall meet every six,HARD,deontic:obligation,2,,,,,,
UNITE_HE_0028,UNITE_HERE_Compass_Google,8,However the JLMC and interest based problem solving training shall take place at no later than one hundred and twenty (120) days after ratification.,HARD,deontic:obligation,2,,,,,,
UNITE_HE_0027,UNITE_HERE_Compass_Google,8,LJLMC’s shall set their own schedules for such trainings in a mutually agreeable timeline taking into account their own turn over and needs.,HARD,deontic:obligation,2,,,,,,
UNITE_HE_0025,UNITE_HERE_Compass_Google,7,"Any agreement reached by the RJLMC, DJLMC or LJLMC to alter, change or amend the Labor Agreement will become final and may be implemented only after it is 7",SOFT,deontic:permission,2,,,,,,
UNITE_HE_0024,UNITE_HERE_Compass_Google,7,"No rights either party has under the Grievance and Arbitration procedure or any other article of the Agreement shall be waived by utilizing the RJLMC, DJLMC or LJLMC, including the exercise of management's rights by Compass not to conflict with the Agreement.",HARD,deontic:obligation,2,,,,,,
UNITE_HE_0023,UNITE_HERE_Compass_Google,7,Such meetings shall not be construed as opening the Agreement for negotiations nor shall such meeting be considered as a step in the grievance procedure.,HARD,deontic:prohibition|deontic:obligation,2,,,,,,
UNITE_HE_0022,UNITE_HERE_Compass_Google,7,Employees assigned to a JLMC shall be paid their regular hourly rate for the time spent as a committee member on a JLMC.,HARD,deontic:obligation,2,,,,,,
UNITE_HE_0021,UNITE_HERE_Compass_Google,7,Locales shall hold quarterly Unit Joint Labor Management Committee (“LJLMC”) meetings consisting of no more than three,HARD,deontic:obligation,2,,,,,,
UNITE_HE_0020,UNITE_HERE_Compass_Google,7,Districts shall hold quarterly District Joint Labor Management Committee (“DJLMC”) meetings consisting of no more than five,HARD,deontic:obligation,2,,,,,,
UNITE_HE_0019,UNITE_HERE_Compass_Google,7,(3) business days in advance of the meeting and joint written minutes of the meeting shall be shared and available for use in the next meeting and shall be submitted jointly for review by the national JLMC every six,HARD,deontic:obligation,2,,,,,,
UNITE_HE_0018,UNITE_HERE_Compass_Google,7,A joint written agenda shall be shared between the parties at least,HARD,deontic:obligation,2,,,,,,
UNITE_HE_0016,UNITE_HERE_Compass_Google,6,A written agenda shall be agreed to and established no less than one week in advance of the meeting.,HARD,deontic:obligation,2,,,,,,
UNITE_HE_0032,UNITE_HERE_Compass_Google,8,"The Parties agree to discuss a potential “cap” on the number of sick days that may be paid out at the end of the year, with the remaining sick days to be rolled over.",SOFT,deontic:permission,2,,,,,,
UNITE_HE_0015,UNITE_HERE_Compass_Google,6,"The names of the committee members shall be submitted by each party to the other, in writing.",HARD,deontic:obligation,2,,,,,,
UNITE_HE_0014,UNITE_HERE_Compass_Google,6,"Compass and the Union agree there shall be a Region, District and Locale Joint Labor Management Committees as defined below: a.",HARD,deontic:obligation,2,,,,,,
UNITE_HE_0013,UNITE_HERE_Compass_Google,6,"• Region – A group of geographically contiguous or related Campuses or Districts, as may be agreed upon by the parties as listed and will be updated in Exhibit B, that are covered by this Agreement with their own wage scale defined in Paragraph 1 of respective Side Letter. • System – The entirety of the bargaining unit, including all Locales, Campuses, Districts and Regions.",SOFT,deontic:permission,2,,,,,,
UNITE_HE_0012,UNITE_HERE_Compass_Google,5,"ARTICLE 2 – DEFINITIONS • Full Time – Employees who regularly work or are paid thirty (30) hours or more per week. • Regular Part Time – Employees who regularly work or are paid less than thirty (30) hours or more per week. • Locale – Any location with a Wage Scale listed in Paragraph 1 of respective Side Letter covering a geography with fewer than 100 bargaining unit members. • Campus – An individual food service location, group of locations, building or group of buildings that may utilize employees between the various components of the Campus, as may be agreed upon by the parties as listed and will be updated in Exhibit B. • District – A group of Campuses within a Region, as may be agreed upon by the parties as listed and will be updated in Exhibit B. 5",SOFT,deontic:permission,2,,,,,,
UNITE_HE_0011,UNITE_HERE_Compass_Google,5,"For greater clarity, upon recognition, the newly represented employees in Ontario shall not be merged into the existing bargaining unit represented by the Union under the Agreement.",HARD,deontic:prohibition|deontic:obligation,2,,,,,,
UNITE_HE_0010,UNITE_HERE_Compass_Google,5,"Excluded from the bargaining unit shall be managers, management trainees, receptionists, nutritionists and registered or licensed dieticians, interns, licensed/certified maintenance workers not employed by the Employer, subcontractors, chefs, sous chefs, special needs program participants, confidential and clerical employees, office/professional employees, janitors, supervisors, and guards as defined in the National Labor Relations Act.",HARD,deontic:obligation,2,,,,,,
UNITE_HE_0008,UNITE_HERE_Compass_Google,5,"If the Union invokes its right to negotiate over the wage rate, the parties shall meet for that purpose.",HARD,deontic:obligation,2,,,,,,
UNITE_HE_0007,UNITE_HERE_Compass_Google,5,"Should the Employer determine to add any additional full-time or regular part time hourly food service classifications within the scope of the bargaining unit, the Employer will notify the Union and provide it with both a job description for the classification and the initial wage rate.",SOFT,deontic:preference,2,,,,,,
UNITE_HE_0006,UNITE_HERE_Compass_Google,5,"Where appropriate, the term “Union” in this Agreement shall encompass the Union’s servicing agent.",HARD,deontic:obligation,2,,,,,,
UNITE_HE_0005,UNITE_HERE_Compass_Google,4,"The term “Union” as used in this Agreement shall mean UNITE HERE International Union, which shall have sole authority to assign one or more UNITE HERE local(s) to act as its servicing agent(s), to change such assignments at any time, and to define the scope of 4",HARD,deontic:obligation,2,,,,,,
UNITE_HE_0004,UNITE_HERE_Compass_Google,4,"The term “Employer” shall be deemed to include any person, firm, partnership, corporation, joint venture or other legal entity substantially under the control of the Employer covered by this Agreement, or one or more principal(s) of the Employer covered by this Agreement or a subsidiary of the Employer covered by this Agreement, or any person, firm, partnership, corporation, joint venture or other legal entity which substantially controls the Employer covered by this Agreement.",HARD,deontic:obligation,2,,,,,,
UNITE_HE_0003,UNITE_HERE_Compass_Google,4,"Immediately upon recognition, the newly-represented employees shall be merged into the existing bargaining unit represented by the Union.",HARD,deontic:obligation,2,,,,,,
UNITE_HE_0031,UNITE_HERE_Compass_Google,8,Each party shall provide reasonable advance notice of other participants whom they would like to attend such meetings. a.,HARD,deontic:obligation,2,,,,,,
UNITE_HE_0033,UNITE_HERE_Compass_Google,9,The Employer and Union agree that each employee and supervisory representative of the Employer shall be treated with dignity and respect.,HARD,deontic:obligation,2,,,,,,
UNITE_HE_0075,UNITE_HERE_Compass_Google,15,Attendance at such training shall be on compensable time.,HARD,deontic:obligation,2,,,,,,
UNITE_HE_0060,UNITE_HERE_Compass_Google,12,The Parties agree that nothing in this Article shall be interpreted or require the Employer to act or refrain from acting in a manner that is prohibited by law. j.,HARD,deontic:obligation,2,,,,,,
UNITE_HE_0074,UNITE_HERE_Compass_Google,14,This shall include sexual harassment because of a person’s sexual preference.,HARD,deontic:obligation,2,,,,,,
UNITE_HE_0072,UNITE_HERE_Compass_Google,14,No employee shall be discriminated against because of their membership in the Union or because of any lawful activities by such employee on behalf of the Union.,HARD,deontic:obligation|deontic:prohibition,2,,,,,,
UNITE_HE_0071,UNITE_HERE_Compass_Google,14,"There shall be no discrimination by the parties against an employee on account of race, color, gender, age, creed, marital status, gender expression, gender identity, disability, sexual orientation or national origin or other protected status under applicable federal, state, provincial and local anti-discrimination laws.",HARD,deontic:obligation,2,,,,,,
UNITE_HE_0070,UNITE_HERE_Compass_Google,14,"If an employee needs such a break, the employee should alert their manager or Human Resources, who will work to find a place for these breaks that is private in nature and free from the view of co-workers and the public.",SOFT,deontic:preference,2,,,,,,
UNITE_HE_0069,UNITE_HERE_Compass_Google,14,"If an employee needs a pregnancyrelated workplace accommodation, including but not limited to: modified duty work assignment, more frequent or additional breaks, assistance with lifting or carrying, modifications to equipment or assigned duties, or temporary transfer to another position, the employee should contact Human Resources. b.",SOFT,deontic:preference,2,,,,,,
UNITE_HE_0068,UNITE_HERE_Compass_Google,14,In the event that the Employer’s client increases the paid parental leave such increased leave shall be made available to the bargaining unit.,HARD,deontic:obligation,2,,,,,,
UNITE_HE_0067,UNITE_HERE_Compass_Google,13,"In the United States, the Employer shall provide to all employees, with at least six",HARD,deontic:obligation,2,,,,,,
UNITE_HE_0066,UNITE_HERE_Compass_Google,13,"In the United States, While it is understood some legally required posting and corporate materials may be available in limited languages, both the Employer and the Union agree to post all material produced by the Employer at the unit level and by the union local in Spanish.",SOFT,deontic:permission,2,,,,,,
UNITE_HE_0064,UNITE_HERE_Compass_Google,13,Actions taken by the Employer in accordance with its current Affirmative Action Plan may also meet goals of the outreach program.,SOFT,deontic:permission,2,,,,,,
UNITE_HE_0063,UNITE_HERE_Compass_Google,13,"If the employee translator/interpreter is not the steward, they shall translate/interpret for both sides but shall not function in the role of steward. d.",HARD,deontic:prohibition|deontic:obligation,2,,,,,,
UNITE_HE_0062,UNITE_HERE_Compass_Google,13,Said employee translator /interpreter may be the union steward who shall function both as translator/interpreter for both parties and representative of the union; and 4.,HARD,deontic:obligation|deontic:permission,2,,,,,,
UNITE_HE_0061,UNITE_HERE_Compass_Google,12,"Both the Employer and employees must be sensitive to excluding supervisors, coworkers and customers from understanding the subject of conversation when speaking in the presence of others who do not understand the language they are using. b.",HARD,deontic:obligation,2,,,,,,
UNITE_HE_0058,UNITE_HERE_Compass_Google,12,"The Union and the Employer agree that this Agreement shall not be interpreted to cause or require the Employer to violate IRCA, 8 USC §1324a or any other applicable law.",HARD,deontic:prohibition|deontic:obligation,2,,,,,,
UNITE_HE_0034,UNITE_HERE_Compass_Google,9,Discipline shall be handled in a professional manner.,HARD,deontic:obligation,2,,,,,,
UNITE_HE_0057,UNITE_HERE_Compass_Google,12,The Employer may request verification of such absence. i. .Legality.,SOFT,deontic:permission,2,,,,,,
UNITE_HE_0056,UNITE_HERE_Compass_Google,12,"Upon request, employees shall be released for a total of five",HARD,deontic:obligation,2,,,,,,
UNITE_HE_0055,UNITE_HERE_Compass_Google,11,"(3) years, after which the successor Employer shall maintain said forms. 11",HARD,deontic:obligation,2,,,,,,
UNITE_HE_0050,UNITE_HERE_Compass_Google,11,The Employer shall not retain in its files copies of the identity and work authorization documents presented by the employee.,HARD,deontic:prohibition|deontic:obligation,2,,,,,,
UNITE_HE_0048,UNITE_HERE_Compass_Google,11,"To the extent legally possible, the Employer shall offer a private setting for questioning of employees by DHS.",HARD,deontic:obligation,2,,,,,,
UNITE_HE_0047,UNITE_HERE_Compass_Google,11,The Union agrees that it shall keep confidential any information it obtains pursuant to this provision and that it will use any such information solely to represent and/or assist the affected employee(s) in regard to the DHS matter.,HARD,deontic:obligation,2,,,,,,
UNITE_HE_0042,UNITE_HERE_Compass_Google,10,"In the event that an employee has a problem with their right to work in the United States after completing their introductory or probationary period, the Employer shall notify the Union in writing prior to taking any action.",HARD,deontic:obligation,2,,,,,,
UNITE_HE_0040,UNITE_HERE_Compass_Google,9,"No employee covered by this Agreement will experience a loss of seniority, compensation, or benefits due to the submission of legally documented changes in their name and/or social security number.",HARD,deontic:prohibition,2,,,,,,
UNITE_HE_0039,UNITE_HERE_Compass_Google,9,Employees requiring time off must notify their supervisor two days before voting and must present a voter's receipt to their supervisor upon return to work from voting.,HARD,deontic:obligation,2,,,,,,
UNITE_HE_0038,UNITE_HERE_Compass_Google,9,"Full-time employees who demonstrably lack sufficient time outside scheduled work hours to vote in local, state and federal elections may take up to two",SOFT,deontic:permission,2,,,,,,
UNITE_HE_0036,UNITE_HERE_Compass_Google,9,"The Employer may not obtain such information through application forms, interviews, or criminal history checks. c.",SOFT,deontic:restriction|deontic:permission,2,,,,,,
UNITE_HE_0035,UNITE_HERE_Compass_Google,9,"The Employer shall not condition the continued employment, transfer or promotion of any bargaining unit employee on a review of the employee's credit history or reports derived from the employee's credit information. b.",HARD,deontic:prohibition|deontic:obligation,2,,,,,,
UNITE_HE_0140,UNITE_HERE_Compass_Google,22,Every demand for arbitration shall be submitted for final and binding adjudication by an arbitrator selected exclusively from the parties’ Permanent Arbitrator Panel (“PAP”).,HARD,deontic:obligation,2,,,,,,
UNITE_HE_0137,UNITE_HERE_Compass_Google,21,"If no such Demand is filed within thirty (30) calendar days as outlined, the grievance shall not proceed to arbitration.",HARD,deontic:prohibition|deontic:obligation,2,,,,,,
UNITE_HE_0204,UNITE_HERE_Compass_Google,27,"During the aforementioned probationary period, the Employer may discharge such employee for any reason whatsoever.",SOFT,deontic:permission,2,,,,,,
UNITE_HE_0207,UNITE_HERE_Compass_Google,27,The displaced employee may bump a less senior employee in the bargaining unit provided they have the seniority and are qualified to perform the work successfully with minimal training.,SOFT,deontic:permission,2,,,,,,
UNITE_HE_0218,UNITE_HERE_Compass_Google,27,Vacancy shall be defined as a regular position which is vacated by the separation of an employee and one the Employer determines should be replaced or a newly created position. 27,HARD,deontic:obligation|deontic:preference,2,,,,,,
UNITE_HE_0217,UNITE_HERE_Compass_Google,27,"When more than one active current employee meets the qualifications for a position, selection of employee to fill the vacancy ·shall be governed by seniority.",HARD,deontic:obligation,2,,,,,,
UNITE_HE_0216,UNITE_HERE_Compass_Google,27,Persons shall apply for the posted vacancies by either signing their names to the posting notice or by sending a written request to the Local Director of Operations.,HARD,deontic:obligation,2,,,,,,
UNITE_HE_0215,UNITE_HERE_Compass_Google,27,A copy of the posting shall be given to the Shop Steward and sent via email to the Union Representative.,HARD,deontic:obligation,2,,,,,,
UNITE_HE_0214,UNITE_HERE_Compass_Google,27,All vacancies shall be posted in writing for seven,HARD,deontic:obligation,2,,,,,,
UNITE_HE_0213,UNITE_HERE_Compass_Google,27,"Employees shall be provided with letters from the Employer, notifying them of the layoff, and the expected date of return if known.",HARD,deontic:obligation,2,,,,,,
UNITE_HE_0212,UNITE_HERE_Compass_Google,27,Notice of recall shall be sent to the employee's last known address on file with the Employer and by telephone to the last known phone number on file with the Employer.,HARD,deontic:obligation,2,,,,,,
UNITE_HE_0211,UNITE_HERE_Compass_Google,27,"If the employee returns to their prior classification, they shall be paid their former rate of pay plus any increases that have occurred during their displacement.",HARD,deontic:obligation,2,,,,,,
UNITE_HE_0210,UNITE_HERE_Compass_Google,27,Employees shall be recalled to their former position in inverse order of seniority as business needs dictate.,HARD,deontic:obligation,2,,,,,,
UNITE_HE_0209,UNITE_HERE_Compass_Google,27,The displaced employee without seniority to bump shall be laid off.,HARD,deontic:obligation,2,,,,,,
UNITE_HE_0208,UNITE_HERE_Compass_Google,27,"(3) months, the employee’s rate of pay shall be reduced by the difference between the two",HARD,deontic:obligation,2,,,,,,
UNITE_HE_0205,UNITE_HERE_Compass_Google,27,Any employee discharged during such probationary period shall not have recourse to the grievance procedure as set forth in this Agreement.,HARD,deontic:prohibition|deontic:obligation,2,,,,,,
UNITE_HE_0191,UNITE_HERE_Compass_Google,25,(1) opportunity to seek treatment and shall not suffer the loss of employment.,HARD,deontic:prohibition|deontic:obligation,2,,,,,,
UNITE_HE_0142,UNITE_HERE_Compass_Google,22,All designees must be arbitrators registered and in good standing with the American Arbitration Association‘s National Academy Panel of Arbitrators.,HARD,deontic:obligation,2,,,,,,
UNITE_HE_0203,UNITE_HERE_Compass_Google,26,The Employer may extend probation an additional thirty (30) workdays upon notice and consent from the Union. 26,SOFT,deontic:permission,2,,,,,,
UNITE_HE_0202,UNITE_HERE_Compass_Google,26,The first sixty (60) workdays of employment for all new employees shall be considered a probationary period for purposes of this Agreement.,HARD,deontic:obligation,2,,,,,,
UNITE_HE_0254,UNITE_HERE_Compass_Google,31,"In such event, the employee may use their seniority as provided for in Article 13 - Force Reductions and Bumping/Recall.",SOFT,deontic:permission,2,,,,,,
UNITE_HE_0255,UNITE_HERE_Compass_Google,31,"An employee may, at their option, utilize paid vacation during a medical leave of absence or FMLA leave of absence.",SOFT,deontic:permission,2,,,,,,
UNITE_HE_0199,UNITE_HERE_Compass_Google,26,Seniority shall be deemed broken for the following reasons: a.,HARD,deontic:obligation,2,,,,,,
UNITE_HE_0198,UNITE_HERE_Compass_Google,26,In the event that two or more employees are hired on the same day their seniority shall be decided by lottery.,HARD,deontic:obligation,2,,,,,,
UNITE_HE_0197,UNITE_HERE_Compass_Google,26,"For purposes of this Section, seniority shall be the last date of hire in a food service position at Google.",HARD,deontic:obligation,2,,,,,,
UNITE_HE_0256,UNITE_HERE_Compass_Google,31,"No leave of absence, whether medical or personal, may exceed the employee's length of service with the Employer or one",SOFT,deontic:permission,2,,,,,,
UNITE_HE_0194,UNITE_HERE_Compass_Google,25,Such offer shall be made in a non-discriminatory manner. 25,HARD,deontic:obligation,2,,,,,,
UNITE_HE_0193,UNITE_HERE_Compass_Google,25,"In the event that an employee informs the Employer about his or her need for treatment only after the employee has violated the Employer’s work rules, the Employer, at its sole discretion, may make a one-time opportunity for treatment available to such employee.",SOFT,deontic:permission,2,,,,,,
UNITE_HE_0252,UNITE_HERE_Compass_Google,30,"The Union will work with the Employer to schedule such training in a manner that minimizes the impact of the attendees' absence on the Employer’s business, and will provide the Employer with as much notice as is practicable, which in any event shall not be less than ten (10) working days.",HARD,deontic:prohibition|deontic:obligation,2,,,,,,
UNITE_HE_0219,UNITE_HERE_Compass_Google,28,The Employer shall be entitled to extend the trial period for an additional thirty (30) workdays upon written notification to the Union. a.,HARD,deontic:obligation,2,,,,,,
UNITE_HE_0220,UNITE_HERE_Compass_Google,28,"During the aforementioned trial period, the employee's service in the new position may be ended by the Employer for any reason.",SOFT,deontic:permission,2,,,,,,
UNITE_HE_0221,UNITE_HERE_Compass_Google,28,"If they are disqualified during the trial period by the Employer or, if they ask to be returned to their prior position during the trial period, they may not bid again for a period of six",SOFT,deontic:restriction|deontic:permission,2,,,,,,
UNITE_HE_0238,UNITE_HERE_Compass_Google,29,"A medical leave of absence, whether due to occupational or non-occupational injury or illness, may not exceed the period of time the employee is certified as being medically disabled from 29",SOFT,deontic:restriction|deontic:permission,2,,,,,,
UNITE_HE_0241,UNITE_HERE_Compass_Google,30,"At the option of the employee, the examination may be made by a physician of their own choosing.",SOFT,deontic:permission,2,,,,,,
UNITE_HE_0237,UNITE_HERE_Compass_Google,29,"Medical leaves of absence, without loss of seniority (of up to twelve (12) months, or length of service, whichever is less), shall be granted by the Employer upon a reasonable showing by the employee of medical necessity.",HARD,deontic:obligation,2,,,,,,
UNITE_HE_0236,UNITE_HERE_Compass_Google,29,Employees must receive approval by the Employer for the leave; such approval will not be unreasonably withheld.,HARD,deontic:obligation,2,,,,,,
UNITE_HE_0235,UNITE_HERE_Compass_Google,29,The employee shall give a minimum of fifteen (15) days’ notice of such request.,HARD,deontic:obligation,2,,,,,,
UNITE_HE_0242,UNITE_HERE_Compass_Google,30,"In this event, the employee shall bear the expense of the examination by the physician of their own choosing.",HARD,deontic:obligation,2,,,,,,
UNITE_HE_0234,UNITE_HERE_Compass_Google,29,The leave may be extended by mutual agreement of the parties in writing in advance of the conclusion of the original leave.,SOFT,deontic:permission,2,,,,,,
UNITE_HE_0233,UNITE_HERE_Compass_Google,29,The application shall specify the reason and the requested length of time for leave.,HARD,deontic:obligation,2,,,,,,
UNITE_HE_0243,UNITE_HERE_Compass_Google,30,The results must be made available to a physician of the Employer’s choosing for evaluation.,HARD,deontic:obligation,2,,,,,,
UNITE_HE_0232,UNITE_HERE_Compass_Google,29,"An employee must submit a written request at least thirty (30) calendar days in advance; however, the Employer will consider exceptions for unforeseen circumstances.",HARD,deontic:obligation,2,,,,,,
UNITE_HE_0231,UNITE_HERE_Compass_Google,29,(6) months of service may apply for a personal leave of absence of up to sixty (60) days.,SOFT,deontic:permission,2,,,,,,
UNITE_HE_0230,UNITE_HERE_Compass_Google,29,"The Employer shall make available appropriate personal protective equipment and replace for normal wear and tear as needed, at no cost to the employee.",HARD,deontic:obligation,2,,,,,,
UNITE_HE_0229,UNITE_HERE_Compass_Google,29,The System JLMC may establish a System Joint Safety and Health Committee at its own discretion.,SOFT,deontic:permission,2,,,,,,
UNITE_HE_0228,UNITE_HERE_Compass_Google,29,Issues raised in the Joint Safety and Health Committee not resolved by the Committee may be elevated to the System Joint Labor Management Committee.,SOFT,deontic:permission,2,,,,,,
UNITE_HE_0227,UNITE_HERE_Compass_Google,29,The Committee shall be organized to provide assistance in identifying and eliminating potential safety hazards throughout the facility.,HARD,deontic:obligation,2,,,,,,
UNITE_HE_0226,UNITE_HERE_Compass_Google,28,Any impact on the rate of pay and/or benefits of the employee caused by said move shall be governed by this collective bargaining Agreement.,HARD,deontic:obligation,2,,,,,,
UNITE_HE_0245,UNITE_HERE_Compass_Google,30,Employees shall provide a note upon Employer request.,HARD,deontic:obligation,2,,,,,,
UNITE_HE_0247,UNITE_HERE_Compass_Google,30,Such leave shall not exceed twelve (12) months.,HARD,deontic:prohibition|deontic:obligation,2,,,,,,
UNITE_HE_0225,UNITE_HERE_Compass_Google,28,An employee may request a transfer or reassignment to an equal or lower rated position.,SOFT,deontic:permission,2,,,,,,
UNITE_HE_0224,UNITE_HERE_Compass_Google,28,Employees who receive promotions to non-bargaining unit positions shall retain seniority within the bargaining unit in the event that they return to their prior positions within one,HARD,deontic:obligation,2,,,,,,
UNITE_HE_0250,UNITE_HERE_Compass_Google,30,The employee shall continue to pay their share of any benefits.,HARD,deontic:obligation,2,,,,,,
UNITE_HE_0223,UNITE_HERE_Compass_Google,28,Employees who successfully bid for new promotional opportunities may apply for a subsequent promotional opportunity without a time bar restriction.,SOFT,deontic:permission,2,,,,,,
UNITE_HE_0222,UNITE_HERE_Compass_Google,28,"Upon such disqualification or if they ask, the employee shall be entitled to return to the position previously held or a substantially similar position and they shall suffer no loss of seniority occasioned by the promotion. c.",HARD,deontic:obligation,2,,,,,,
UNITE_HE_0240,UNITE_HERE_Compass_Google,30,"For employees taking a medical leave of absence (including maternity leave) which is supported by a physician's statement verifying the medical need for the leave, upon showing of reasonable cause, an employee at any time may be requested to submit to a medical examination at Employer expense and upon reasonable notice.",SOFT,deontic:permission,2,,,,,,
UNITE_HE_0192,UNITE_HERE_Compass_Google,25,Such opportunity for treatment shall be made available if the employee informs the Employer about his or her alcohol or substance abuse problem before they violate the Employer’s work rules.,HARD,deontic:obligation,2,,,,,,
UNITE_HE_0190,UNITE_HERE_Compass_Google,25,"A positive reading for the presence of any illegal or controlled substance resulting from a gc/ms test, shall constitute just cause for discharge.",HARD,deontic:obligation,2,,,,,,
UNITE_HE_0257,UNITE_HERE_Compass_Google,31,"No leave of absence for any on the job injury or illness shall exceed the employee's length of service with the Employer or twenty-four months (24) months, whichever period is shorter.",HARD,deontic:obligation,2,,,,,,
UNITE_HE_0162,UNITE_HERE_Compass_Google,23,"Non-probationary employees shall be discharged, suspended, barred or otherwise disciplined only with just cause.",HARD,deontic:obligation,2,,,,,,
UNITE_HE_0161,UNITE_HERE_Compass_Google,23,The initial consideration of such grievances shall commence with the Grievance Mediation as provided for in Step 3.,HARD,deontic:obligation,2,,,,,,
UNITE_HE_0160,UNITE_HERE_Compass_Google,23,The Employer and/or the Union shall be free to file grievances as described in,HARD,deontic:obligation,2,,,,,,
UNITE_HE_0159,UNITE_HERE_Compass_Google,23,The System JLMC shall periodically review the results of grievance mediations and arbitrations at the Regional level to ensure that all participants are proceeding in good faith to resolve all disputes locally and expeditiously.,HARD,deontic:obligation,2,,,,,,
UNITE_HE_0158,UNITE_HERE_Compass_Google,23,Any dispute or grievance that isn’t resolved in a timely manner under these procedures may be referred in writing on an emergency basis for expedited consideration by the President of the International Union and the Compass Chief People Person. a.,SOFT,deontic:permission,2,,,,,,
UNITE_HE_0157,UNITE_HERE_Compass_Google,23,"No Delegations or Demonstrations: All disputes and grievances arising between the parties shall be resolved expeditiously and effectively through the grievance procedure and dispute resolution provisions of this Agreement including its grievance, grievance mediation, arbitration, and JLMC provisions.",HARD,deontic:obligation,2,,,,,,
UNITE_HE_0156,UNITE_HERE_Compass_Google,22,"Shop Stewards may use a computer designated by the Employer to scan and e-mail documents to the Union Offices, only before or after their shift or during their meal break upon approval by a supervisor or manager. 22",SOFT,deontic:permission,2,,,,,,
UNITE_HE_0155,UNITE_HERE_Compass_Google,22,"To facilitate the efficient and timely administration of this Article, Parties may participate in grievance investigations and meetings via telephone.",SOFT,deontic:permission,2,,,,,,
UNITE_HE_0154,UNITE_HERE_Compass_Google,22,Expedited Termination Grievances Only: Any grievance of an employee termination may be expedited by the Union or the Employer following the Step Three answer.,SOFT,deontic:permission,2,,,,,,
UNITE_HE_0153,UNITE_HERE_Compass_Google,22,"Any other expenses incurred, including but not limited to the presentation of witnesses shall be paid by the party incurring same.",HARD,deontic:obligation,2,,,,,,
UNITE_HE_0002,UNITE_HERE_Compass_Google,4,The method by which the Union may demonstrate majority support is set out in the Memorandum of Agreement attached as Exhibit C.,SOFT,deontic:permission,2,,,,,,
UNITE_HE_0152,UNITE_HERE_Compass_Google,22,Costs of the arbitrator shall be shared equally by the parties.,HARD,deontic:obligation,2,,,,,,
UNITE_HE_0264,UNITE_HERE_Compass_Google,32,"signed an appropriate authorization and filed same with the Employer, Union dues, assessments, initiation fees, arrears and reinstatement fees and remit the total deductions monthly to the Union or to such person as may be designated by the Union.",SOFT,deontic:permission,2,,,,,,
UNITE_HE_0151,UNITE_HERE_Compass_Google,22,"The Arbitrator shall have no power to add, subtract from or modify any terms of the Agreement.",HARD,deontic:obligation,2,,,,,,
UNITE_HE_0150,UNITE_HERE_Compass_Google,22,Both parties agree that a judgement may be entered enforcing any award as above in the United States District Court having jurisdiction over the status of the principal office the Employer.,SOFT,deontic:permission,2,,,,,,
UNITE_HE_0149,UNITE_HERE_Compass_Google,22,The arbitrator may enter an ex-parte default award.,SOFT,deontic:permission,2,,,,,,
UNITE_HE_0148,UNITE_HERE_Compass_Google,22,The arbitrator shall be bound and governed by the provisions of this Agreement and the arbitrator shall be limited to the interpretation of the terms set forth in the Agreement.,HARD,deontic:obligation,2,,,,,,
UNITE_HE_0147,UNITE_HERE_Compass_Google,22,The decision of the arbitrator shall be final and binding upon the parties.,HARD,deontic:obligation,2,,,,,,
UNITE_HE_0146,UNITE_HERE_Compass_Google,22,"The arbitrator selected through the above request for arbitration filing process shall hold a hearing promptly and shall issue a written decision not later than thirty (30) calendar days from date of the close of the hearings or, if oral hearings have been waived, then from the date on which the written final statements and proofs on issues were submitted.",HARD,deontic:obligation,2,,,,,,
UNITE_HE_0145,UNITE_HERE_Compass_Google,22,The union shall always make the first strike from the list.,HARD,deontic:obligation,2,,,,,,
UNITE_HE_0144,UNITE_HERE_Compass_Google,22,"Upon the timely filing of a demand for arbitration, an arbitrator shall be selected within five calendar days by the parties alternately striking names from the PAP list after first removing the name of the last arbitrator to have heard and decided a case.",HARD,deontic:obligation,2,,,,,,
UNITE_HE_0265,UNITE_HERE_Compass_Google,32,The form of such authorization has been agreed upon and such authorization shall be irrevocable for a period of one,HARD,deontic:obligation,2,,,,,,
UNITE_HE_0143,UNITE_HERE_Compass_Google,22,In the event a PAP position becomes vacant the party from whose list the vacancy originated shall nominate and appoint a permanent replacement.,HARD,deontic:obligation,2,,,,,,
UNITE_HE_0163,UNITE_HERE_Compass_Google,23,In the event the Union claims the discharge or suspension is unjust the grievance may be referred directly to Step 2 of the grievance procedure within fourteen (14) calendar days of the occurrence.,SOFT,deontic:permission,2,,,,,,
UNITE_HE_0164,UNITE_HERE_Compass_Google,23,"An employee shall be permitted to have a Shop Steward or Union representative at any meeting with the Employer, or its agents, which meeting is for the purpose of investigating alleged misconduct by the employee that might be the basis for, or which may result in, the discharge, suspension or other disciplinary action with respect to the employee.",HARD,deontic:obligation|deontic:permission,2,,,,,,
UNITE_HE_0165,UNITE_HERE_Compass_Google,23,"If the employee indicates that they wish a steward to be present, and one is not available, the disciplinary meeting shall be temporarily postponed but not for more than two",HARD,deontic:obligation,2,,,,,,
UNITE_HE_0261,UNITE_HERE_Compass_Google,31,"(8) hours in advance and management has determined that the vacancy should be filled, the vacancy will be filled using the method in Articles 36 and 37 prior to the use of temporary employment agencies.",SOFT,deontic:preference,2,,,,,,
UNITE_HE_0189,UNITE_HERE_Compass_Google,25,"The Employer shall pay for the cost of the examination, and the employee shall be paid for all time required for the examination.",HARD,deontic:obligation,2,,,,,,
UNITE_HE_0188,UNITE_HERE_Compass_Google,25,"Where the Employer has reasonable cause to believe that an employee is under the influence of alcohol or a controlled substance, or if there is evidence that an employee has directly contributed to an accident that causes property damage or personal injury to the employee or to any other person, such as unusual conduct or a pattern of injuries, an employee, after being notified of the contents of this subsection, must consent to an immediate physical examination at an independent medical facility or suffer the penalty of discharge.",HARD,deontic:obligation,2,,,,,,
UNITE_HE_0187,UNITE_HERE_Compass_Google,25,"For purposes of this Agreement, the term ""drugs"" shall include both drugs and alcohol, as appropriate.",HARD,deontic:obligation,2,,,,,,
UNITE_HE_0186,UNITE_HERE_Compass_Google,25,"As part of its efforts to achieve that goal, it must require that its work be performed by employees who are not under the influence of illegal drugs or alcohol at work.",HARD,deontic:obligation,2,,,,,,
UNITE_HE_0185,UNITE_HERE_Compass_Google,25,"The Employer and the Union recognize that they must endeavor to provide safe and efficient operations for the protection and benefit of the general public, its guests and its employees.",HARD,deontic:obligation,2,,,,,,
UNITE_HE_0258,UNITE_HERE_Compass_Google,31,The Employee must have a medical release in order to return to work within the aforementioned time limits.,HARD,deontic:obligation,2,,,,,,
UNITE_HE_0184,UNITE_HERE_Compass_Google,25,Employees shall not receive discipline or attendance points towards discipline for not being able to call off or within the time frames of the Employers Time and Attendance Policy for reasons such as a medical emergency or incarceration.,HARD,deontic:prohibition|deontic:obligation,2,,,,,,
UNITE_HE_0183,UNITE_HERE_Compass_Google,25,"Informal counseling shall normally be given prior to any written warning, though not required.",HARD,deontic:obligation,2,,,,,,
UNITE_HE_0182,UNITE_HERE_Compass_Google,25,The Employer may request additional time to continue its investigation from the Union.,SOFT,deontic:permission,2,,,,,,
UNITE_HE_0181,UNITE_HERE_Compass_Google,25,list of actions which may result in immediate discharge.,SOFT,deontic:permission,2,,,,,,
UNITE_HE_0179,UNITE_HERE_Compass_Google,24,"Cash handling issues shall be considered on their own disciplinary track, separate from other issues.",HARD,deontic:obligation,2,,,,,,
UNITE_HE_0239,UNITE_HERE_Compass_Google,30,"In the event an employee medically able to return to work desires to extend the leave of absence, the employee shall notify the Employer and apply for a personal leave of absence in accordance with the requirements of this Article for personal leaves of absence.",HARD,deontic:obligation,2,,,,,,
UNITE_HE_0178,UNITE_HERE_Compass_Google,24,"Attendance issues shall be considered on a separate disciplinary track, separate from other issues.",HARD,deontic:obligation,2,,,,,,
UNITE_HE_0260,UNITE_HERE_Compass_Google,31,The Employer may use the services of a temporary employment agency when there are not enough qualified bargaining unit employees to perform the work or there is conflict with a qualified employee's regular schedule but not substantially beyond current practice.,SOFT,deontic:permission,2,,,,,,
UNITE_HE_0176,UNITE_HERE_Compass_Google,24,For discipline situations that are appropriate for progressive discipline the progressive steps shall be: 1.,HARD,deontic:obligation,2,,,,,,
UNITE_HE_0175,UNITE_HERE_Compass_Google,24,"However, the Employer may request additional time in order to continue its investigation from the Union.",SOFT,deontic:permission,2,,,,,,
UNITE_HE_0174,UNITE_HERE_Compass_Google,24,"(7) calendar days, and notice of disposition shall be sent to the Union.",HARD,deontic:obligation,2,,,,,,
UNITE_HE_0173,UNITE_HERE_Compass_Google,24,The final disposition of the matter shall be made within seven,HARD,deontic:obligation,2,,,,,,
UNITE_HE_0172,UNITE_HERE_Compass_Google,24,The Union shall be given notice of such suspension within three,HARD,deontic:obligation,2,,,,,,
UNITE_HE_0170,UNITE_HERE_Compass_Google,24,Copies of all formal written discipline shall be provided to the Union Steward present at the counseling session or the Union Steward assigned to the shift.,HARD,deontic:obligation,2,,,,,,
UNITE_HE_0169,UNITE_HERE_Compass_Google,24,Such documents more than twelve (12) months old may only be used as evidence that an employee was aware of a rule or policy.,SOFT,deontic:permission,2,,,,,,
UNITE_HE_0168,UNITE_HERE_Compass_Google,24,Disciplinary or corrective counseling notices may not be considered as a step in progressive discipline if they were written more than twelve (12) months prior to the date of a new disciplinary or corrective counseling action.,SOFT,deontic:restriction|deontic:permission,2,,,,,,
UNITE_HE_0167,UNITE_HERE_Compass_Google,23,"In such cases, another bargaining unit person of the employee's choosing shall be asked to sit in as a witness. 23",HARD,deontic:obligation,2,,,,,,
UNITE_HE_0259,UNITE_HERE_Compass_Google,31,Supervisors and other non-bargaining unit employees will not perform bargaining unit work except when there are no unit employees to perform the work needed or when such is necessary for the legitimate emergencies or for the instruction of personnel.,UNCLEAR,exception,1,,,,,,
UNITE_HE_0507,UNITE_HERE_Compass_Google,73,"Supplement Section 2, as follows: The maximum vacation that can be accrued by employees in California is 2 times the annual accrual rate of 420 hours [1.75 x 240 hours], whichever is less. b.",UNCLEAR,threshold,1,,,,,,
UNITE_HE_0244,UNITE_HERE_Compass_Google,30,Such leave will be unpaid and without continued medical coverage except as mandated by statute.,UNCLEAR,exception,1,,,,,,
UNITE_HE_0391,UNITE_HERE_Compass_Google,47,"In the event of the death of an employee’s extended family member, all full-time and part-time employees are entitled to paid bereavement of one",UNCLEAR,exception,1,,,,,,
UNITE_HE_0026,UNITE_HERE_Compass_Google,8,"With 180 days of the ratification of this Agreement, the Federal Mediation and Conciliation Service (FMCS) will deliver mandatory training in interest-based problem solving to all JLMC participants.",UNCLEAR,threshold,1,,,,,,
UNITE_HE_0195,UNITE_HERE_Compass_Google,26,"Notwithstanding the purpose of seniority, it is not intended to allow senior employees the option of changing hours of work, days off, and shift assignments on a day to day or any other basis not expressly permitted by this Agreement.",UNCLEAR,exception,1,,,,,,
UNITE_HE_0394,UNITE_HERE_Compass_Google,47,"Current full-time employees will be considered full-time for the remainder of their employment, unless they choose to be part-time or in the event of layoffs.",UNCLEAR,exception,1,,,,,,
UNITE_HE_0379,UNITE_HERE_Compass_Google,46,(3) sick days once they complete 90 days of employment.,UNCLEAR,threshold,1,,,,,,
UNITE_HE_0405,UNITE_HERE_Compass_Google,48,(1) week notice of the change where practicable and subject to exceptional 48,UNCLEAR,exception,1,,,,,,
UNITE_HE_0166,UNITE_HERE_Compass_Google,23,(2) days unless it is an event covered in Section 4 below.,UNCLEAR,exception,1,,,,,,
UNITE_HE_0177,UNITE_HERE_Compass_Google,24,Suspension (1 – 3 days) 5.,UNCLEAR,threshold,1,,,,,,
UNITE_HE_0351,UNITE_HERE_Compass_Google,43,"An employee who enrolls in coverage will automatically be enrolled in the same level of coverage each subsequent enrollment period, unless they elect to change their level of coverage during Open Enrollment.",UNCLEAR,exception,1,,,,,,
UNITE_HE_0096,UNITE_HERE_Compass_Google,18,"The following constitutes the exclusive method for resolving grievances between the parties under this Agreement, unless any step is waived or modified, in writing, by mutual consent of the Employer and the Union.",UNCLEAR,exception,1,,,,,,
UNITE_HE_0443,UNITE_HERE_Compass_Google,52,No deductions from wages will be made by the Employer unless the dedication is authorized in writing by the employee or required by a court of government agency of competent jurisdiction.,UNCLEAR,exception,1,,,,,,
UNITE_HE_0200,UNITE_HERE_Compass_Google,26,"Illness or injury absence equal to the employee's length of service when the leave began or twelve (12) months, whichever is less, unless not allowed by law; g.",UNCLEAR,exception,1,,,,,,
UNITE_HE_0297,UNITE_HERE_Compass_Google,34,"Except as expressly modified by a specific provision of this Agreement, all the authority, rights and powers which the Company had prior to the signing of this Agreement are retained by the Company and remain exclusively and without limitation the rights of management.",UNCLEAR,exception,1,,,,,,
UNITE_HE_0201,UNITE_HERE_Compass_Google,26,(3) consecutive workdays no call/no show unless failure to call is due to an emergency beyond the control of the employee.,UNCLEAR,exception,1,,,,,,
UNITE_HE_0059,UNITE_HERE_Compass_Google,12,Except as required by law the Employer agrees not to permit any private or public entity to conduct an audit or inspection of its I9 forms or personnel records.,UNCLEAR,exception,1,,,,,,
UNITE_HE_0049,UNITE_HERE_Compass_Google,11,"The Employer will not audit or inspect its I-9 forms or allow any private or public entity to do so for non-probationary employees, unless required by law.",UNCLEAR,exception,1,,,,,,
UNITE_HE_0045,UNITE_HERE_Compass_Google,10,"The Employer agrees not to contact the SSA or any other governmental agency, solely as a result of receiving a no-match from the SSA, unless required by law or if the response is to correct apparent incorrect information (i.e. misspellings, transposed numbers, etc.) 10",UNCLEAR,exception,1,,,,,,
UNITE_HE_0044,UNITE_HERE_Compass_Google,10,"The Employer agrees that it will not, unless required by law, require employees listed on the notice to bring in a copy of their Social Security card for the Employer's review, complete a new I-9 form, or provide new or additional proof of work authorization or immigration status, solely as a result of the receipt of a no- match letter, and 3.",UNCLEAR,exception,1,,,,,,
UNITE_HE_0043,UNITE_HERE_Compass_Google,10,The parties agree that such employees would be subject to a probationary period in this event. d.,UNCLEAR,exception,1,,,,,,
UNITE_HE_0037,UNITE_HERE_Compass_Google,9,The Parties agree that the above sections are agreed to provided that the above is consistent with any specific client/security requirements in order to obtain access to the facility.,UNCLEAR,exception,1,,,,,,
UNITE_HE_0300,UNITE_HERE_Compass_Google,35,The Employer retains the right to subcontract out production work to an offpremise subcontractor as the dictates of business demand or if the Employer in its discretion deems it necessary as long as it does not directly displace or result in the layoff of a regular employee except as a result of cause beyond the control of the Employer.,UNCLEAR,exception,1,,,,,,
UNITE_HE_0522,UNITE_HERE_Compass_Google,82,"INDEX ARBITRATION PANEL ................................................................................................ 54 BARGAINING UNIT WORK ......................................................................................... 31 BEREAVEMENT LEAVE ............................................................................................. 46 BREAKAGE.................................................................................................................. 52 CATERING SCHEDULES ............................................................................................ 53 CHANGES IN HOURS ................................................................................................. 50 COMPASS/UNITE HERE DISPUTE RESOLUTION PROCEDURE .............................. 6 DEDUCTIONS AND DONATIONS ............................................................................... 52 DEFINITIONS ................................................................................................................. 5 DRUGS & ALCOHOL ................................................................................................... 25 DURATION ................................................................................................................... 53 EQUALITY .................................................................................................................... 51 FORCE REDUCTIONS, BUMPING, RECALL ............................................................. 27 GRIEVANCE PROCEDURE ........................................................................................ 18 HEALTH AND WELFARE FUND ................................................................................. 38 HOLIDAYS ................................................................................................................... 44 HOURS OF WORK ...................................................................................................... 47 HOUSING & TRANSPORTATION SUBSIDIES ........................................................... 43 IMMIGRATION, DIVERSITY AND CIVIL RIGHTS ......................................................... 9 JURY DUTY ................................................................................................................. 46 JUST CAUSE, DISCIPLINE & DISCHARGE ............................................................... 23 LEAVES ....................................................................................................................... 29 MANAGEMENT RIGHTS ............................................................................................. 34 NEW OPERATIONS .................................................................................................... 56 NO REDUCTIONS ....................................................................................................... 31 NO STRIKE/NO LOCKOUT ......................................................................................... 36 NON-DISCRIMINATION AND HARASSMENT ............................................................ 14 ONTARIO SIDELETTER ON WORK OUTSIDE CLASSIFICATION ............................ 72 OVERTIME AND PREMIUM PAY ................................................................................ 49 PARENTAL LEAVE, PREGNANCY, AND LACTATION .............................................. 13 PENSION FUND AND 401(K) ...................................................................................... 43 PERSONNEL FILES AND RECORDING EQUIPMENT .............................................. 52 PROBATIONARY PERIOD .......................................................................................... 26 RECOGNITION .............................................................................................................. 4 REGIONS, DISTRICTS, CAMPUSES AND LOCALES ............................................... 55 REPORT IN PAY .......................................................................................................... 50 RESPECT & DIGNITY ................................................................................................... 8 SAFETY ....................................................................................................................... 29 SENIORITY .................................................................................................................. 26 SEPARABILITY AND SAVINGS .................................................................................. 52 SHOP STEWARDS AND VISITATION ........................................................................ 33 SICK/PERSONAL DAYS ............................................................................................. 45 SIDE LETTER ON ALLEGHENY COUNTY ................................................................. 59 SIDE LETTER ON COOK COUNTY, ILLINOIS ........................................................... 60 82",UNCLEAR,threshold,1,,,,,,
