sentence_id,source_doc,page_num,raw_text,predicted_type,signals,confidence_score,is_constraint,constraint_type,entities,threshold,exception,notes
SEIU_102_0969,SEIU_1021_SF_2022_2024,113,"Sick leave with pay credits shall be earned at the rate of .05 hours for each hour of regularly scheduled paid service excluding, 1) overtime exceeding 40 hours per week and 2) holiday pay, except that an employee on disability leave shall earn sick leave with pay credits at the normal rate.",HARD,deontic:obligation|threshold|exception,4,,,,,,
SEIU_102_1279,SEIU_1021_SF_2022_2024,183,"The Airport will annually require at least 25% of the covered employees to undergo drug testing, except that the Airport Director may revise the testing rate after reviewing data concerning the rate of positive tests in the previous calendar year.",SOFT,deontic:permission|threshold|exception,4,,,,,,
SEIU_102_0777,SEIU_1021_SF_2022_2024,93,"An employee subject to suspension or discharge, shall be entitled, prior to the imposition of that discipline or discharge, to a hearing and to the following: 639. a.",HARD,deontic:obligation|exception,3,,,,,,
SEIU_102_0678,SEIU_1021_SF_2022_2024,84,"Subject to the approval of the Appointing Officer, vacation periods and days off shall be scheduled by mutual agreement of the employee and the employee’s supervisor.",HARD,deontic:obligation|exception,3,,,,,,
SEIU_102_0652,SEIU_1021_SF_2022_2024,81,An employee shall be released from work to attend the seminar unless staffing requirements or other Departmental operational necessities require the employee's attendance at work on the day such seminar is scheduled.,HARD,deontic:obligation|exception,3,,,,,,
SEIU_102_0650,SEIU_1021_SF_2022_2024,81,"Subject to development, availability and scheduling by SFERS and PERS, employees shall be allowed not more than one",HARD,deontic:obligation|exception,3,,,,,,
SEIU_102_0648,SEIU_1021_SF_2022_2024,80,Initial monthly retirement Initial payment shall begin within sixty (60) allowance. days after the first of the month following the date of retirement provided that the appropriate forms of the Retirement System have been submitted. 532.,HARD,deontic:obligation|exception,3,,,,,,
SEIU_102_0647,SEIU_1021_SF_2022_2024,80,"The Retirement Board shall process and pay retirement claims, except in cases beyond the Board's control, in the following manner: BENEFIT PROCESSING TIME 531.",HARD,deontic:obligation|exception,3,,,,,,
SEIU_102_0642,SEIU_1021_SF_2022_2024,80,This reopener shall be subject to the impasse resolution procedures and criteria set forth in Charter Section A8.409-4. 2.,HARD,deontic:obligation|exception,3,,,,,,
SEIU_102_0641,SEIU_1021_SF_2022_2024,80,"Notwithstanding the above paragraphs, in the event that a change in state law causes the implementation, during the term of this Agreement, of an increase in the employee contribution to CalPERS for employees covered by this Agreement, either party may elect to reopen this Agreement to address the impact of the change in state law.",SOFT,deontic:permission|exception,3,,,,,,
SEIU_102_0632,SEIU_1021_SF_2022_2024,77,"The City shall provide to employees with six months continuous service a Long Term Disability (LTD) plan that provides, after a one hundred eighty (180) day elimination period, sixty percent (60%) salary (subject to integration) up to age sixty-five.",HARD,deontic:obligation|exception,3,,,,,,
SEIU_102_0628,SEIU_1021_SF_2022_2024,77,"Notwithstanding paragraph 517, employees who enroll in the Delta Dental PPO Plan shall pay the following premiums for the respective coverage levels: $5/month for employee-only, $10/month for employee + 1 dependent, or $15/month for employee + 2 or more dependents. 515.",HARD,deontic:obligation|exception,3,,,,,,
SEIU_102_0623,SEIU_1021_SF_2022_2024,76,"The City and SEIU Local 1021 shall, no later than 120 days following the execution of this agreement, form and jointly petition HSS to participate in a joint labor-management committee to do the following, including but not limited to: 511.",HARD,deontic:obligation|threshold,3,,,,,,
SEIU_102_0603,SEIU_1021_SF_2022_2024,74,"Each year of satisfactory service normally shall make an employee eligible for consideration for salary advancement within the salary range of the employee’s classification, except where such employee is in a class for which there is a single rate of pay.",HARD,deontic:obligation|exception,3,,,,,,
SEIU_102_0601,SEIU_1021_SF_2022_2024,74,"Except as otherwise provided herein, employees shall advance to the second step upon completion of one thousand forty (1,040) hours worked and to each successive step upon completion of the one",HARD,deontic:obligation|exception,3,,,,,,
SEIU_102_0595,SEIU_1021_SF_2022_2024,73,"Employees who have worked 1040 hours in any consecutive twelve (12) month period shall receive all benefits which are provided to permanent employees, including but not limited to retirement, premiums, vacation pay, sick pay, holiday pay and jury duty pay.",HARD,deontic:obligation|threshold,3,,,,,,
SEIU_102_0593,SEIU_1021_SF_2022_2024,73,"A represented employee working less than full-time, who would not receive a salary increment adjustment otherwise, shall be granted a one-time step increase, not to exceed top step of class, when the employee completes 1040 hours of service in the employee’s classification.",HARD,deontic:obligation|threshold,3,,,,,,
SEIU_102_0586,SEIU_1021_SF_2022_2024,73,"The Committee shall complete its work no later than the expiration of this agreement, unless the parties mutually agree to a later date.",HARD,deontic:obligation|exception,3,,,,,,
SEIU_102_0574,SEIU_1021_SF_2022_2024,72,"An employee who has completed the probationary period in a promotive appointment that is two or more steps higher in an occupational series than the permanent position from which promoted and who is subsequently laid off and returned to a position in an intermediate ranking classification shall receive a salary based upon actual permanent service in the higher classification, unless such salary is less than the employee would have been entitled to if promoted directly to the intermediate classification.",HARD,deontic:obligation|exception,3,,,,,,
SEIU_102_0553,SEIU_1021_SF_2022_2024,69,"Consistent with the Temporary Employees' Agreement attached hereto, a provisional appointee who accepts appointment to a promotive position from a regular eligible list shall have the employee’s salary in the promotive appointment based on the salary in the employee’s regular civil service next lowest rank position from which the employee gained promotive eligibility, except as herein provided. 457.",HARD,deontic:obligation|exception,3,,,,,,
SEIU_102_0548,SEIU_1021_SF_2022_2024,68,Appointments to positions in the City and County service shall be at the entrance rate established for the position except as otherwise provided herein.,HARD,deontic:obligation|exception,3,,,,,,
SEIU_102_0541,SEIU_1021_SF_2022_2024,68,"Persons employed for holiday work only, or persons employed on a part-time work schedule which is less than twenty (20) hours in a biweekly pay period, or, except as provided in paragraph 490 (Benefits for Non-Permanent employees) of this Agreement, persons employed on an intermittent part-time work schedule (not regularly scheduled), or persons on leave without pay status both immediately preceding and immediately following the legal holiday shall not receive holiday pay.",HARD,deontic:prohibition|deontic:obligation|exception,3,,,,,,
SEIU_102_0655,SEIU_1021_SF_2022_2024,81,This section shall not be subject to the grievance procedure.,HARD,deontic:prohibition|deontic:obligation|exception,3,,,,,,
SEIU_102_0679,SEIU_1021_SF_2022_2024,84,"In the event of a conflict where two or more employees desire the same vacation period or days off, the supervisor shall grant the preference of the more senior employee, after taking into account the needs of the service.",HARD,deontic:obligation|exception,3,,,,,,
SEIU_102_0520,SEIU_1021_SF_2022_2024,67,"Employees shall receive floating holidays totaling thirty-two (32) hours off per fiscal year (prorated for eligible part-time employees) selected by the employee, subject to the approval of the Appointing Officer.",HARD,deontic:obligation|exception,3,,,,,,
SEIU_102_0684,SEIU_1021_SF_2022_2024,85,"ARTICLE III – PAY, HOURS AND BENEFITS no employee may accumulate unused vacation allowance in excess of 400 hours regardless of length of service. 568.",HARD,deontic:prohibition|deontic:permission|threshold,3,,,,,,
SEIU_102_0811,SEIU_1021_SF_2022_2024,95,"Such application for tuition reimbursement shall be made prior to the date of enrollment in the course and, if approved by the Appointing Officer (or designee) and the Human Resources Department in the Online Tuition Reimbursement System, reimbursement shall be subject to successful completion of the course. 656.",HARD,deontic:obligation|exception,3,,,,,,
SEIU_102_0806,SEIU_1021_SF_2022_2024,95,"Solely at the discretion of the Appointing Officer or designee, such funds may be supplemented with department funds budgeted for training, subject to the restrictions of applicable law, including Administrative Code Chapter 12X.",SOFT,deontic:permission|exception,3,,,,,,
SEIU_102_0804,SEIU_1021_SF_2022_2024,95,"Until such funds are exhausted, and subject to approval by the Appointing Officer or appropriate designee, an eligible employee may utilize up to a maximum of $1,000 per fiscal year for tuition, registration fees, books, professional conferences, professional association memberships, professional journal subscriptions, professional certifications, and licenses relevant to the employee’s current classification.",SOFT,deontic:permission|exception,3,,,,,,
SEIU_102_0799,SEIU_1021_SF_2022_2024,94,"Negative information regarding any individual employee’s performance shall not be publicly displayed, except as may otherwise be required by law or court order.",HARD,deontic:prohibition|deontic:obligation|deontic:permission|exception,3,,,,,,
SEIU_102_0798,SEIU_1021_SF_2022_2024,94,"Notwithstanding the above, if an employee believes the employee’s personnel file contains a personnel evaluation that negatively references employee’s authorized and proper use of leave under the Family and Medical Leave Act (FMLA) or the California Family Rights Act (CFRA), the employee should notify the employee’s Department’s Personnel Officer and/or Equal Employment Opportunity Officer, who shall review the matter and ensure any reference to such use of FMLA or CFRA leave is removed from the evaluation.",HARD,deontic:obligation|deontic:preference|exception,3,,,,,,
SEIU_102_0791,SEIU_1021_SF_2022_2024,94,No action to impose discipline against an employee shall be initiated more than thirty (30) days from the date the employer knows of the conduct after diligent and timely investigation except for conduct which would constitute the commission of a crime.,HARD,deontic:obligation|exception,3,,,,,,
SEIU_102_0789,SEIU_1021_SF_2022_2024,93,"The City may transmit documents to the employee at the employee's last known address by means of U.S. mail or hand-delivery, except disciplinary notification, which must be sent by certified mail when the employee is on leave. 644.",HARD,deontic:obligation|deontic:permission|exception,3,,,,,,
SEIU_102_0786,SEIU_1021_SF_2022_2024,93,"An employee shall have the opportunity to review, sign and date any and all material to be included in the file except routine matters chronicling job and pay charges.",HARD,deontic:obligation|exception,3,,,,,,
SEIU_102_0780,SEIU_1021_SF_2022_2024,93,The official file shall be located in the Department's personnel office unless another location is designated and the employee notified in writing.,HARD,deontic:obligation|exception,3,,,,,,
SEIU_102_0776,SEIU_1021_SF_2022_2024,93,"Employees covered by this agreement with temporary status shall be subject to termination or dismissal for just cause only, and the rights described in these sections of the Agreement, including the right to expedited or regular arbitration, in the appropriate case, upon their completion of six",HARD,deontic:obligation|exception,3,,,,,,
SEIU_102_0774,SEIU_1021_SF_2022_2024,93,"Employees who are released or disciplined during their initial probationary period or during any probationary period established by this Agreement, may appeal the release or discipline provided that the grounds for the grievance or appeal shall be limited to a claimed violation of the provisions of Article II.A.",HARD,deontic:obligation|deontic:permission|exception,3,,,,,,
SEIU_102_0772,SEIU_1021_SF_2022_2024,92,"In the event that an expedited arbitration hearing is canceled resulting in a cancellation fee, the party initiating the request or causing the cancellation shall bear the full cost of the cancellation fee, unless a mutually agreed upon alternative is established.",HARD,deontic:obligation|exception,3,,,,,,
SEIU_102_0769,SEIU_1021_SF_2022_2024,92,"These decisions will be final and binding, and shall not be used in any other cases except those of the grievant involved.",HARD,deontic:prohibition|deontic:obligation|exception,3,,,,,,
SEIU_102_0751,SEIU_1021_SF_2022_2024,91,"Except when a statement of facts mutually agreeable to the Union and City is submitted to the arbitrator, it shall be the duty of the arbitrator to hear and consider facts submitted by the parties. 626.",HARD,deontic:obligation|exception,3,,,,,,
SEIU_102_0741,SEIU_1021_SF_2022_2024,90,"Subject to applicable law, the Director of Employee Relations shall have authority to settle grievances at this step.",HARD,deontic:obligation|exception,3,,,,,,
SEIU_102_0737,SEIU_1021_SF_2022_2024,90,"The parties shall meet within fifteen (15) calendar days, unless a mutually agreed upon alternative is established.",HARD,deontic:obligation|exception,3,,,,,,
SEIU_102_0726,SEIU_1021_SF_2022_2024,89,"Failure by the Union to follow the time limits, unless mutually extended, shall cause the grievance to be withdrawn.",HARD,deontic:obligation|exception,3,,,,,,
SEIU_102_0708,SEIU_1021_SF_2022_2024,87,"The City further assures that in the event of an alleged overpayment by the City to the employee, the City shall not unilaterally reverse a payment to the direct deposit account or bank pay card. 587.",HARD,deontic:prohibition|deontic:obligation|exception,3,,,,,,
SEIU_102_0525,SEIU_1021_SF_2022_2024,67,"In the event a legal holiday falls on Saturday, the preceding Friday shall be observed as a holiday; provided, however, that except where the Governor declares that such preceding Friday shall be a legal holiday, each department head shall make provision for the staffing of public offices under the Department Head’s jurisdiction on such preceding Friday so that said public offices may serve the public as provided in San Francisco Administrative Code Section 16.4.",HARD,deontic:obligation|deontic:permission|exception,3,,,,,,
SEIU_102_0518,SEIU_1021_SF_2022_2024,66,"Except when normal operations require, or in an emergency, employees shall not be required to work on the following days hereby declared to be holidays for such employees: 436.",HARD,deontic:prohibition|deontic:obligation|exception,3,,,,,,
SEIU_102_0824,SEIU_1021_SF_2022_2024,96,An employee on educational leave shall not accept other employment without approval of the appointing officer except for employment in vacant positions with the City and County during school vacations. 664.,HARD,deontic:prohibition|deontic:obligation|exception,3,,,,,,
SEIU_102_0288,SEIU_1021_SF_2022_2024,41,Service as a DSW shall not result in an extension of probation unless mutually agreed upon by the probationary employee and the department. 248.,HARD,deontic:prohibition|deontic:obligation|exception,3,,,,,,
SEIU_102_0348,SEIU_1021_SF_2022_2024,47,"If an employee has voluntarily requested an alternate work schedule that does not meet this requirement, and the City has granted that request, the voluntary alternate work schedule shall not be subject to the requirements of this section.",HARD,deontic:prohibition|deontic:obligation|exception,3,,,,,,
SEIU_102_0339,SEIU_1021_SF_2022_2024,47,Existing departmental practices with respect to break and lunch periods shall continue unless modified after the conclusion of the meet and confer process.,HARD,deontic:obligation|exception,3,,,,,,
SEIU_102_0336,SEIU_1021_SF_2022_2024,46,"It is agreed that pursuant to the exercise of management rights, normal work schedules may be changed without mutual agreement, subject to compliance with other provisions of this Agreement.",SOFT,deontic:permission|exception,3,,,,,,
SEIU_102_0332,SEIU_1021_SF_2022_2024,46,"Notwithstanding any changes agreed to under this section, the work year shall continue to be two thousand eighty (2080) hours (2088 in leap years) and that overtime shall be earned on a daily and/or weekly basis, provided, however, the Union and the affected department may mutually agree on cost equivalent alternative scheduling practices.",HARD,deontic:obligation|deontic:permission|exception,3,,,,,,
SEIU_102_0320,SEIU_1021_SF_2022_2024,45,"City-Wide Voluntary Reduced Work Week Employees in any classification, upon the recommendation of the appointing officer and subject to the approval of the Human Resources Director, may voluntarily elect to work a reduced week for a specific period of time.",SOFT,deontic:permission|exception,3,,,,,,
SEIU_102_0315,SEIU_1021_SF_2022_2024,44,Employees shall have two consecutive days off except by mutual agreement of the parties. 3.,HARD,deontic:obligation|exception,3,,,,,,
SEIU_102_0312,SEIU_1021_SF_2022_2024,44,"Effective January 6, 2024, represented employees shall receive a base wage increase of 2.25%, except that if the March 2023 Joint Report, prepared by the Controller, the Mayor’s Budget Director, and the Board of Supervisors’ Budget Analyst, projects a budget deficit for fiscal year 2023-2024 that exceeds $300 million, then the base wage adjustment due on January 6, 2024, will be delayed by approximately six",HARD,deontic:obligation|exception,3,,,,,,
SEIU_102_0311,SEIU_1021_SF_2022_2024,44,"Effective July 1, 2023, represented employees shall receive a base wage increase of 2.50%, except that if the March 2023 Joint Report, prepared by the Controller, the Mayor’s Budget Director, and the Board of Supervisors’ Budget Analyst, projects a budget deficit for fiscal year 2023-2024 that exceeds $300 million, then the base wage adjustment due on July 1, 2023, will be delayed by approximately six",HARD,deontic:obligation|exception,3,,,,,,
SEIU_102_0289,SEIU_1021_SF_2022_2024,41,"Within 72 hours of the declaration of emergency, the City shall establish a command center to oversee DSW interdepartmental assignments.",HARD,deontic:obligation|threshold,3,,,,,,
SEIU_102_0278,SEIU_1021_SF_2022_2024,40,"All bargaining unit members renting PUC housing shall be subject to signed leases, in the form presently utilized by the PUC.",HARD,deontic:obligation|exception,3,,,,,,
SEIU_102_0510,SEIU_1021_SF_2022_2024,65,"Employees occupying non-""Z"" designated positions may not accumulate a balance of compensatory time earned in excess of 240 hours calculated at the rate of time and one half (1-1/2).",SOFT,deontic:restriction|deontic:permission|threshold,3,,,,,,
SEIU_102_0271,SEIU_1021_SF_2022_2024,40,Bargaining Unit members in classes 7470 and 7270 occupying PUC housing presently reserved for employees deemed essential by the PUC shall be subject to the following: 237. a.,HARD,deontic:obligation|exception,3,,,,,,
SEIU_102_0257,SEIU_1021_SF_2022_2024,38,"The Police Services Supervisor/Aide shall wear the protective vest while in uniform, unless directed otherwise by the employee’s supervisor.",HARD,deontic:obligation|exception,3,,,,,,
SEIU_102_0244,SEIU_1021_SF_2022_2024,37,"If provided a protective vest by the City, an 8208 or 8210 Park Patrol Officer shall wear the protective vest while in uniform, unless directed otherwise by the employee’s supervisor.",HARD,deontic:obligation|exception,3,,,,,,
SEIU_102_0224,SEIU_1021_SF_2022_2024,35,"Specifications for uniforms subject to this Agreement including prescribed items, optional items, and rain gear, shall be prepared by the Appointing Officer, after consultation with the Union and the Purchaser but such specifications must not be so narrowly drawn as to prevent or unreasonably prohibit competitive bidding and must take relevant safety and environmental concerns into consideration.",HARD,deontic:prohibition|deontic:obligation|deontic:obligation|exception,3,,,,,,
SEIU_102_0217,SEIU_1021_SF_2022_2024,33,"There shall be no limit on outside employment, or service as an independent contractor, imposed upon any employee covered by this agreement, unless such employment can be shown to create a conflict of interest with the employee’s City employment.",HARD,deontic:obligation|exception,3,,,,,,
SEIU_102_0216,SEIU_1021_SF_2022_2024,33,"The City agrees that in the event an employee resigns with services designated as unsatisfactory, the City shall not provide information to any inquiry or referral regarding the resignation other than that the employee has resigned, except as required by law.",HARD,deontic:prohibition|deontic:obligation|exception,3,,,,,,
SEIU_102_0211,SEIU_1021_SF_2022_2024,33,Employees subject to this Agreement shall have a reasonable expectation of privacy and to be secure from unreasonable searches and seizures the employee’s person and the employee’s work area to the extent provided by law.,HARD,deontic:obligation|exception,3,,,,,,
SEIU_102_0362,SEIU_1021_SF_2022_2024,48,Employees shall be paid ten percent (10%) more than the base rate for each hour worked between the hours of midnight (12:00 a.m.) and 7:00 a.m. provided that the employees’ regular shift includes at least five,HARD,deontic:obligation|exception,3,,,,,,
SEIU_102_0366,SEIU_1021_SF_2022_2024,50,Employee shall be paid ten percent (10%) more than the base rate for each hour worked between the hours of midnight (12:00 a.m.) and 7:00 a.m. provided that the employees’ regular shift includes at least five,HARD,deontic:obligation|exception,3,,,,,,
SEIU_102_0374,SEIU_1021_SF_2022_2024,51,"Subject to Department of Human Resources approval, employees who are certified as bilingual and who are assigned to perform bilingual services shall receive a bilingual premium of sixty dollars ($60) per pay period.",HARD,deontic:obligation|exception,3,,,,,,
SEIU_102_0376,SEIU_1021_SF_2022_2024,51,Compensation of a supervisory employee whose schedule of compensation is set herein shall be adjusted subject to the following conditions: 322. 1.,HARD,deontic:obligation|exception,3,,,,,,
SEIU_102_0508,SEIU_1021_SF_2022_2024,65,"Non ""Z"" designated employees and employees in Class 2450 Pharmacist who work or, who are suffered to work overtime shall be paid in salary unless the employee and Appointing Officer mutually agree to compensatory time off in lieu of paid overtime.",HARD,deontic:obligation|exception,3,,,,,,
SEIU_102_0505,SEIU_1021_SF_2022_2024,65,"In the event of an insufficient number of volunteers, employees shall be drafted to work the overtime by reverse seniority. 426.",HARD,deontic:obligation|exception,3,,,,,,
SEIU_102_0495,SEIU_1021_SF_2022_2024,64,Overtime compensation so earned shall be computed subject to all the provisions and conditions set forth herein.,HARD,deontic:obligation|exception,3,,,,,,
SEIU_102_0463,SEIU_1021_SF_2022_2024,61,"All other appointees to classification 3278, including incumbents in classification 3279 who were appointed to class 3279 after the date the City establishes class 3278 who are appointed to class 3278 shall be appointed at Step 1, unless the Appointing Officer uses the appointment above entrance provision of this Agreement.",HARD,deontic:obligation|exception,3,,,,,,
SEIU_102_0457,SEIU_1021_SF_2022_2024,60,"Employees hired into classes 2905, 2912, and 9703 shall advance through the salary range in accordance with Article III.I (Seniority Increments) of this agreement, except that all employees shall advance to Step 5 upon completion of six",HARD,deontic:obligation|exception,3,,,,,,
SEIU_102_0440,SEIU_1021_SF_2022_2024,59,"Notwithstanding the preceding sentence, an employee who currently receives longevity pay shall continue to receive longevity pay, unless the employee voluntarily moves to another classification.",HARD,deontic:obligation|exception,3,,,,,,
SEIU_102_0436,SEIU_1021_SF_2022_2024,59,"Effective July 1, 2022, employees in classification 4215 Assessor-Recorder Senior Office Specialist who have completed 12 months of service at Step 5 in the 4215 classification, shall be eligible to receive Step 6.",HARD,deontic:obligation|threshold,3,,,,,,
SEIU_102_0435,SEIU_1021_SF_2022_2024,58,"Employees in classification 4215 Assessor-Recorder Senior Office Specialist who possess a valid County Recorders’ Association of California (CRAC) Recordable Document Examiner certificate and have completed 12 months of service at Step 5 in this classification, shall be eligible to receive Step 6, if assigned to the Recorder’s unit.",HARD,deontic:obligation|threshold,3,,,,,,
SEIU_102_0432,SEIU_1021_SF_2022_2024,57,"Subject to the approval of the Appointing Officer and the operational needs of the department, a Level I employee who possesses the requisite Level II qualifications and who is assigned the Level II duties shall be assigned to Level II and appointed at the Step corresponding to the requisite years of experience. 369.",HARD,deontic:obligation|exception,3,,,,,,
SEIU_102_0415,SEIU_1021_SF_2022_2024,55,Requests for classification or reclassification review shall not be governed by this provision but shall be submitted to the Civil Service Commission whose determination is final and not subject to the grievance procedure.,HARD,deontic:prohibition|deontic:obligation|exception,3,,,,,,
SEIU_102_0406,SEIU_1021_SF_2022_2024,54,"Upon written approval by the Department Head or designee, an employee shall be authorized to receive an increase of one salary step above the employee's base salary (except for employees who are at the top step, who shall receive at least five percent (5%) more than their base rate) but which does not exceed the maximum step of the salary schedule of the class to which temporarily assigned.",HARD,deontic:obligation|exception,3,,,,,,
SEIU_102_0403,SEIU_1021_SF_2022_2024,54,"In cases of denial, the Department Head or designee shall state the reason for denials.",HARD,deontic:obligation|exception,3,,,,,,
SEIU_102_0393,SEIU_1021_SF_2022_2024,53,Employees in general clerical and personnel clerical classes assigned to the Referral Unit of the Department of Human Resources (except the Unit Supervisor) shall receive fifty cents ($.50) per hour in addition to the regularly established salary rates.,HARD,deontic:obligation|exception,3,,,,,,
SEIU_102_0385,SEIU_1021_SF_2022_2024,52,"Employees called back or called in to their work locations, except those at remote locations where City-Supplied housing has been offered, shall be granted a minimum of four",HARD,deontic:obligation|exception,3,,,,,,
SEIU_102_0382,SEIU_1021_SF_2022_2024,52,No employee shall be compensated for standby service unless the appointing officer assigns said employee to such standby service.,HARD,deontic:obligation|deontic:prohibition|exception,3,,,,,,
SEIU_102_0381,SEIU_1021_SF_2022_2024,52,"Notwithstanding the general provisions of this section, standby pay shall not be allowed in classes whose duties are primarily administrative in nature. 329.",HARD,deontic:prohibition|deontic:obligation|exception,3,,,,,,
SEIU_102_0378,SEIU_1021_SF_2022_2024,51,"If the application of this section adjusts the rate of pay of an employee in excess of the employee’s immediate supervisor, the pay of such immediate supervisor shall be adjusted to an amount One Dollar ($1.00) biweekly in excess of the base rate of the supervisor’s highest paid subordinate, provided that the applicable conditions under this section are also met.",HARD,deontic:obligation|exception,3,,,,,,
SEIU_102_0812,SEIU_1021_SF_2022_2024,95,"In addition, subject to approval by the Appointing Officer or designee, and as permissible under applicable law, including Administrative Code Chapter 12X, employees may utilize up to $250 of the funds available to them for that fiscal year under this article to pay for up to 50% of the cost of necessary travel outside of the nine Bay Area Counties for approved training.",SOFT,deontic:permission|exception,3,,,,,,
SEIU_102_0846,SEIU_1021_SF_2022_2024,97,"The City will notify the Union and employees who may be eligible, at least 60 days prior to the application date.",SOFT,deontic:permission|threshold,3,,,,,,
SEIU_102_0833,SEIU_1021_SF_2022_2024,97,The Appointing Officer and the Human Resources Director or their designees may approve the request subject to availability of funds for replacement where replacement is required.,SOFT,deontic:permission|exception,3,,,,,,
SEIU_102_1256,SEIU_1021_SF_2022_2024,180,"All employees performing safety-sensitive functions, as provided in III.A. above, shall be subject to urine drug testing and alcohol testing by an evidential breath testing (EBT) device, for reasonable suspicion (see G. below), following an accident (see H. below), on a random and unannounced basis, and prior to return to duty and on a follow-up basis after rehabilitation (see I. below). 1.",HARD,deontic:obligation|exception,3,,,,,,
SEIU_102_1283,SEIU_1021_SF_2022_2024,183,"In the event of an accident described in 1. above, urine specimens must be collected, not later than eight",HARD,deontic:obligation|exception,3,,,,,,
SEIU_102_1280,SEIU_1021_SF_2022_2024,183,Reasonable Suspicion Testing All employees shall be subject to reasonable-suspicion testing in classifications set forth in Section II.A. and B.,HARD,deontic:obligation|exception,3,,,,,,
SEIU_102_1271,SEIU_1021_SF_2022_2024,182,"Applicants, except current City employees, for classifications whose incumbents must obtain security clearances because of their access to areas secured by U.S.",HARD,deontic:obligation|exception,3,,,,,,
SEIU_102_1265,SEIU_1021_SF_2022_2024,181,"Such follow-up tests shall not exceed a two year period, unless special circumstances prompt the SAP to recommend an extension of this period.",HARD,deontic:prohibition|deontic:obligation|exception,3,,,,,,
SEIU_102_1262,SEIU_1021_SF_2022_2024,181,An employee will be subject to alcohol testing in a post-accident situation only when the employee's conduct causes a supervisor or manager reasonably to suspect that the employee may be under the influence of alcohol.,SOFT,deontic:permission|exception,3,,,,,,
SEIU_102_1261,SEIU_1021_SF_2022_2024,180,"H. ""Post-accident"" testing as used in this policy means a drug or alcohol test required in the event of an occurrence (accident), in which an individual dies, or any nonfatal accident involving an Airport vehicle in which an individual is injured and immediately receives medical treatment away from the scene, or in which one or more vehicles involved sustains disabling damage as a result of the occurrence and must be towed away.",HARD,deontic:obligation|exception,3,,,,,,
SEIU_102_1259,SEIU_1021_SF_2022_2024,180,"If an employee is seen drinking alcohol while on duty, the employee may be subject to serious discipline, up to and including discharge for the first offense. 4.",SOFT,deontic:permission|exception,3,,,,,,
SEIU_102_1258,SEIU_1021_SF_2022_2024,180,"If an employee tests positive for alcohol with an alcohol concentration of at least 0.02 but less than 0.04, that employee shall immediately be removed from service; said employee shall be counseled, and shall be advised to seek professional help in the event the employee may have a substance abuse problem.",HARD,deontic:obligation|deontic:permission|threshold,3,,,,,,
SEIU_102_1257,SEIU_1021_SF_2022_2024,180,"If an employee in a safety-sensitive position refuses to take a required drug or alcohol test, tests positive for any of the above-listed drugs, or shows an alcohol concentration of 0.04 or greater, such employee shall be immediately relieved of the employee’s safety-sensitive functions, shall be referred to the Medical Review Officer (""MRO""), and may be subject to discipline based on the facts of the case, up to and including discharge. 3.",HARD,deontic:obligation|deontic:permission|exception,3,,,,,,
SEIU_102_1249,SEIU_1021_SF_2022_2024,178,"Employees employed in ""safety sensitive"" positions as described in Section III.A., who test positive may be subject to return-to-duty and follow-up testing as described in Section III.H.",SOFT,deontic:permission|exception,3,,,,,,
SEIU_102_0192,SEIU_1021_SF_2022_2024,31,"City employees shall, subject to the procedures established by the Controller, be reimbursed for the reasonable and actual costs of meals upon presentation of receipts in the following circumstances: 170.",HARD,deontic:obligation|exception,3,,,,,,
SEIU_102_1248,SEIU_1021_SF_2022_2024,178,"If the employee passes the test(s), all lost pay shall be restored to the employee unless there was conduct which may supply an independent basis for disciplinary action. 4.",HARD,deontic:obligation|deontic:permission|exception,3,,,,,,
SEIU_102_1237,SEIU_1021_SF_2022_2024,176,"An employee who self-identifies and fulfills the employee’s obligations for rehabilitation as recommended by an Airport-authorized Substance Abuse Professional (""SAP"") may be subject to return-to-duty and followup testing as described in Section IV.E.",SOFT,deontic:permission|exception,3,,,,,,
SEIU_102_1225,SEIU_1021_SF_2022_2024,174,"Safety Clothing/7 Point Stars Not later than 15 days after the effective date of this Agreement, the Airport and the Union shall commence meeting and conferring for the purpose of reaching SUPPLEMENTAL AGREEMENTS TO THE JULY 1, 2022 - JUNE 30, 2024 CBA BETWEEN CITY AND COUNTY OF SAN FRANCISCO AND SEIU LOCAL 1021 163",HARD,deontic:obligation|threshold,3,,,,,,
SEIU_102_1221,SEIU_1021_SF_2022_2024,174,"LEAVES OF ABSENCE Leaves of Absences – Submission of Leave Request Except for vacation leave, witness or jury duty leave, compulsory sick leave or disability leave, an employee requesting leave for more than forty (40) hours shall submit a request in writing to the Appointing Officer or designee on an official Request for Leave form.",HARD,deontic:obligation|exception,3,,,,,,
SEIU_102_1217,SEIU_1021_SF_2022_2024,173,The meet and confer shall begin not later than 45 days prior to the implementation date of this section.,HARD,deontic:obligation|threshold,3,,,,,,
SEIU_102_1215,SEIU_1021_SF_2022_2024,173,"Break Commencement Meal and rest breaks shall commence once an employee arrives at the rest area, provided that the employee shall make best efforts to go directly to the rest area and return to the employee’s post after the meal or rest break is over.",HARD,deontic:obligation|exception,3,,,,,,
SEIU_102_1196,SEIU_1021_SF_2022_2024,167,"The Health Department Personnel Office shall make good faith efforts to assist an employee who is denied access to an EAP Stress Reduction Program offered at the worksites due to limitations on the number of program participants to be provided with a Stress Reduction Program within three months, except in emergency situations.",HARD,deontic:obligation|exception,3,,,,,,
SEIU_102_1182,SEIU_1021_SF_2022_2024,165,"Any employee who fails to submit a choice or any new employee who misses the sign-up period shall schedule vacation by mutual agreement with the Department, provided that such scheduling shall not supersede a vacation scheduled by prior submission.",HARD,deontic:prohibition|deontic:obligation|exception,3,,,,,,
SEIU_102_1289,SEIU_1021_SF_2022_2024,184,"If an employee leaves the scene without authorization or is otherwise unavailable for testing, the employee shall be considered to have refused the test and shall be subject to appropriate discipline. 3.",HARD,deontic:obligation|exception,3,,,,,,
SEIU_102_1292,SEIU_1021_SF_2022_2024,184,Employees who are subject to follow-up testing must undergo unannounced testing if such testing is recommended for the SAP.,HARD,deontic:obligation|exception,3,,,,,,
SEIU_102_1293,SEIU_1021_SF_2022_2024,184,"The duration and frequency of their tests will also be determined by the SAP, but may not exceed 2 years unless circumstances arise which cause the SAP to recommend an extension.",SOFT,deontic:restriction|deontic:permission|exception,3,,,,,,
SEIU_102_1294,SEIU_1021_SF_2022_2024,185,Employees subject to follow-up testing will at all times remain in the random testing pool so that such employees may be required to undergo random testing in addition to follow-up testing.,SOFT,deontic:permission|exception,3,,,,,,
SEIU_102_1535,SEIU_1021_SF_2022_2024,238,"Access and Presentation: At all NEOs, the Union shall be afforded thirty (30) minutes to meet with represented new employees who are present, unless the Union’s Memorandum of Understanding (MOU) provides for more than thirty (30) minutes.",HARD,deontic:obligation|exception,3,,,,,,
SEIU_102_1529,SEIU_1021_SF_2022_2024,238,Said meeting and conferring shall not be subject to the impasse procedures in Government Code Section 3557.,HARD,deontic:prohibition|deontic:obligation|exception,3,,,,,,
SEIU_102_1514,SEIU_1021_SF_2022_2024,232,Either party may terminate this Sideletter with 30 days written notice. 10.,SOFT,deontic:permission|threshold,3,,,,,,
SEIU_102_1499,SEIU_1021_SF_2022_2024,230,"The Union shall update the list whenever there is a change in Officers, and may otherwise update the list in the Union’s discretion, subject to the overall limit on the number of Officers for this paid Union Leave arrangement as specified in Paragraph (1).",HARD,deontic:obligation|deontic:permission|exception,3,,,,,,
SEIU_102_1486,SEIU_1021_SF_2022_2024,227,"Career Counseling: Subject to DHR securing sufficient funding and staff to provide these services, the City shall provide career counseling services to employees, including resume review, SmartRecruiters job application support, identification of education opportunities and best practices for application submission, and assistance with improving interviewing skills and civil service exam preparation.",HARD,deontic:obligation|exception,3,,,,,,
SEIU_102_1461,SEIU_1021_SF_2022_2024,218,"As an example, a typical 8.25-hour day shift schedule would typically be as follows: • 6:45 am start; • Paid line-up time will routinely occur within the first 15 minutes of the shift; • A 60-minute lunch period, consisting of 45 minutes paid, of which 30 minutes shall be encumbered, and 15 minutes unpaid and unencumbered.",HARD,deontic:obligation|threshold,3,,,,,,
SEIU_102_1457,SEIU_1021_SF_2022_2024,217,"All shift bids are subject to the approval of the Appointing Officer, or designee, and may be adjusted to ensure an appropriate skill/experience mix, and compliance with applicable laws; and 6.",SOFT,deontic:permission|exception,3,,,,,,
SEIU_102_1456,SEIU_1021_SF_2022_2024,217,No Park Patrol Officer may stay on the same shift for longer than 24 months; 5.,SOFT,deontic:permission|threshold,3,,,,,,
SEIU_102_1432,SEIU_1021_SF_2022_2024,213,The parties further agree that any classification may be subject to the pilot Job Experience Crediting Program by good faith mutual agreement of both parties. 4.,SOFT,deontic:permission|exception,3,,,,,,
SEIU_102_1430,SEIU_1021_SF_2022_2024,213,"Effective July 1, 2014, the City shall implement a pilot Job Experience Crediting program to be in effect for 3 years, sunsetting June 30, 2017, unless the parties mutually agree to extend the program. 2.",HARD,deontic:obligation|exception,3,,,,,,
SEIU_102_1398,SEIU_1021_SF_2022_2024,203,(c) The parties affirm the language of paragraph 285 that there shall be no mandatory unpaid administrative leaves (furloughs) of any duration for employees subject to this Agreement;,HARD,deontic:obligation|exception,3,,,,,,
SEIU_102_1343,SEIU_1021_SF_2022_2024,192,"(1.) The MRO or SAP shall determine, among other things, the employee's fitness for duty, whether and what rehabilitation programs may be appropriate, the period of time the employee should be subject to follow-up alcohol testing after return to duty as discussed elsewhere, and whether follow-up drug testing should also be included.",HARD,deontic:obligation|deontic:preference|deontic:permission|exception,3,,,,,,
SEIU_102_1341,SEIU_1021_SF_2022_2024,192,"Depending on the facts of the case, that employee may also be subject to appropriate discipline.",SOFT,deontic:permission|exception,3,,,,,,
SEIU_102_1333,SEIU_1021_SF_2022_2024,191,"In the event of an incomplete test, the BAT must begin a new test using a new alcohol testing form with a new sequential test number. g.",HARD,deontic:obligation|exception,3,,,,,,
SEIU_102_1330,SEIU_1021_SF_2022_2024,190,"The confirmation test must be conducted at least 15 minutes, but not more than 20 minutes, after the completion of the screening test.",HARD,deontic:obligation|threshold,3,,,,,,
SEIU_102_1321,SEIU_1021_SF_2022_2024,189,"An employee who refuses to take a required drug test will be presumed to have tested positive, and shall be subject to appropriate disciplinary action, based upon the facts of the case, up to and including discharge. 10.",HARD,deontic:obligation|exception,3,,,,,,
SEIU_102_1313,SEIU_1021_SF_2022_2024,188,"When the MRO reports a positive result for an employee and depending on the facts of the case, the employee may be subject to disciplinary action, up to and including discharge 7.",SOFT,deontic:permission|exception,3,,,,,,
SEIU_102_1307,SEIU_1021_SF_2022_2024,187,"In the event of a positive test result, the MRO shall give the individual an opportunity to discuss the test result with the MRO before reporting the result as positive to the Airport. b.",HARD,deontic:obligation|exception,3,,,,,,
SEIU_102_1179,SEIU_1021_SF_2022_2024,165,"In the event of a conflict between granting a similar request of two or more employees, the matter shall be decided in favor of the employee having the longest service in a classification and shift at the facility.",HARD,deontic:obligation|exception,3,,,,,,
SEIU_102_1178,SEIU_1021_SF_2022_2024,165,"Except as provided in paragraph B of this Section, vacations shall be scheduled by mutual agreement of the employee and the Department.",HARD,deontic:obligation|exception,3,,,,,,
SEIU_102_1177,SEIU_1021_SF_2022_2024,165,"Floating Holidays Unless otherwise agreed to in writing between the employee or Union and the supervisor, floating holidays shall be requested by employees on or before March 1 of each fiscal year.",HARD,deontic:obligation|exception,3,,,,,,
SEIU_102_0977,SEIU_1021_SF_2022_2024,114,Sick leave without pay may be approved for employees for the period of the illness provided that requests for prolonged leave shall be renewed every six,HARD,deontic:obligation|deontic:permission|exception,3,,,,,,
SEIU_102_0965,SEIU_1021_SF_2022_2024,113,There shall be a limit on the accumulation of sick leave of 1040 hours. 776.,HARD,deontic:obligation|threshold,3,,,,,,
SEIU_102_0963,SEIU_1021_SF_2022_2024,112,(6) continuous months of regularly scheduled paid service except that supplemental disability credits may be used to supplement disability indemnity payments as provided elsewhere in this section regardless of length of service and except that an authorized leave of absence with or without pay granted under this section shall not be considered as a break in the continuous service of an employee.,HARD,deontic:prohibition|deontic:obligation|deontic:permission|exception,3,,,,,,
SEIU_102_0959,SEIU_1021_SF_2022_2024,112,Such extensions shall be subject to the provisions of this section governing sick leave without pay. e.,HARD,deontic:obligation|exception,3,,,,,,
SEIU_102_0958,SEIU_1021_SF_2022_2024,112,Maternity leave shall not exceed six months provided that such leave may be extended for employees if a physician certifies that a longer convalescence period is required.,HARD,deontic:prohibition|deontic:obligation|deontic:permission|exception,3,,,,,,
SEIU_102_0952,SEIU_1021_SF_2022_2024,111,"Except when an employee requesting sick leave has accumulated unused sick leave with pay credits and except for employees eligible for military leave with pay, witness or jury duty leave, disability leave or leave due to battery as provided elsewhere in this section, or for authorized holiday, compensatory time off, or vacation, leaves shall be without pay. 761.",HARD,deontic:obligation|exception,3,,,,,,
SEIU_102_0951,SEIU_1021_SF_2022_2024,111,"Except as otherwise provided in these provisions, leave granted for the period stated on the prescribed form may be extended or abridged only with the approval of the appointing officer or designee. 760.",SOFT,deontic:permission|exception,3,,,,,,
SEIU_102_0950,SEIU_1021_SF_2022_2024,111,"(7) calendar days in the case of part-time employees) as provided elsewhere in this provision shall be required on an individual basis only and shall be based upon an evaluation of the individual attendance record of an employee, provided that the employee has been previously notified in writing that such certification will be required for absences of less than five",HARD,deontic:obligation|exception,3,,,,,,
SEIU_102_0948,SEIU_1021_SF_2022_2024,111,"Except for vacation leave, witness or jury duty leave, compulsory sick leave, or disability leave, an employee requesting a leave for more than five working days shall submit such request to the appointing officer or designee.",HARD,deontic:obligation|exception,3,,,,,,
SEIU_102_0946,SEIU_1021_SF_2022_2024,111,Requests for leave shall be subject to the approval of the appointing officer or designee.,HARD,deontic:obligation|exception,3,,,,,,
SEIU_102_0923,SEIU_1021_SF_2022_2024,106,"Appointees of the Union shall serve on released time subject to departmental approval which shall not be unreasonably JULY 1, 2022 - JUNE 30, 2024 CBA BETWEEN CITY AND COUNTY OF SAN FRANCISCO AND SEIU LOCAL 1021 95",HARD,deontic:prohibition|deontic:obligation|exception,3,,,,,,
SEIU_102_0915,SEIU_1021_SF_2022_2024,106,Employees shall not be subject to discipline or retaliation for exercising any rights under this Section unless it is finally determined that the employee's complaint was made or pursued in bad faith or for ulterior motives unrelated to the merits of the dispute. 723.,HARD,deontic:prohibition|deontic:obligation|exception,3,,,,,,
SEIU_102_0913,SEIU_1021_SF_2022_2024,105,"If the employee elects option three, the employee shall not be paid unless the employee executes an agreement that if it is ultimately determined that the complaint was invalid, the money shall be repaid to the City.",HARD,deontic:prohibition|deontic:obligation|exception,3,,,,,,
SEIU_102_0894,SEIU_1021_SF_2022_2024,103,"Subject to available resources, refresher trainings shall be given to these employees at least every two",HARD,deontic:obligation|exception,3,,,,,,
SEIU_102_0882,SEIU_1021_SF_2022_2024,101,"(1) year for training and development purposes; provided that the employees so exchanged must be permanent employees in the same class or in occupations deemed by the Human Resources Director, to be closely related in duties and responsibilities, training and experience requirements, and further provided that such temporary training service may be terminated by either appointing officer at any time during such training period. 698.",HARD,deontic:obligation|deontic:permission|exception,3,,,,,,
SEIU_102_0871,SEIU_1021_SF_2022_2024,100,"The Committee shall also establish an on-line training program on Workplace Bullying, subject to approval by the Department of Human Resources, which shall be made available to all SEIUrepresented employees. 685.",HARD,deontic:obligation|exception,3,,,,,,
SEIU_102_0864,SEIU_1021_SF_2022_2024,99,At no time shall the Educational Leave balance exceed 32 hours for each individual. 680.,HARD,deontic:obligation|threshold,3,,,,,,
SEIU_102_0854,SEIU_1021_SF_2022_2024,98,Continued participation in the program shall be subject to successful completion of the courses enrolled and attended each semester.,HARD,deontic:obligation|exception,3,,,,,,
SEIU_102_0849,SEIU_1021_SF_2022_2024,97,"In the event of applicants with the same citywide seniority date, classification seniority shall be the determining factor. 670. 5.",HARD,deontic:obligation|exception,3,,,,,,
SEIU_102_0970,SEIU_1021_SF_2022_2024,113,Employees working a ten (10) hour shift shall earn sick leave at the rate of .0625 hours per hour worked until they earn 104 hours of paid sick leave.,HARD,deontic:obligation|threshold,3,,,,,,
SEIU_102_0997,SEIU_1021_SF_2022_2024,115,"Supplemental disability credits shall be an account separate from, but equivalent to, the employee's accumulated unused sick leave with pay credit balance except that the supplemental disability credit account shall be adjusted as provided below. 796.",HARD,deontic:obligation|exception,3,,,,,,
SEIU_102_1171,SEIU_1021_SF_2022_2024,164,Such denials shall not be subject to the Grievance Procedure.,HARD,deontic:prohibition|deontic:obligation|exception,3,,,,,,
SEIU_102_1167,SEIU_1021_SF_2022_2024,164,"An employee may elect to add accumulated days off in lieu of holiday to the employee’s annual vacation, provided that this election is made at the time vacation schedules are being prepared. 3.",SOFT,deontic:permission|exception,3,,,,,,
SEIU_102_1149,SEIU_1021_SF_2022_2024,162,"Seniority, as used herein, shall begin on the first day of employment in the class in the hospital a) Voluntary and involuntary changes of shift or work location within the same hospital: 1) Voluntary: An employee who voluntarily changes shift or work location within a hospital shall have no access to seniority earned at the employee’s last assignment for the first (1st) 3 months on the new assignment.",HARD,deontic:obligation|threshold,3,,,,,,
SEIU_102_1145,SEIU_1021_SF_2022_2024,162,Full time employees at San Francisco General Hospital and Laguna Honda Hospital shall have fixed days off unless an election is held for rotating days off.,HARD,deontic:obligation|exception,3,,,,,,
SEIU_102_1144,SEIU_1021_SF_2022_2024,162,"Except in cases of emergency, as determined by the Department, 1428 Ward Clerks at SFGH Inpatient Nursing Department shall be given a minimum of ten (10) working days advance notice SECTION 9.",HARD,deontic:obligation|exception,3,,,,,,
SEIU_102_1142,SEIU_1021_SF_2022_2024,162,"Except as expressed above, this section shall not be interpreted as interfering with the department’s ability to reassign employees.",HARD,deontic:prohibition|deontic:obligation|exception,3,,,,,,
SEIU_102_1138,SEIU_1021_SF_2022_2024,161,Such agreement shall not be unreasonably denied nor shall it be subject to the grievance procedure.,HARD,deontic:prohibition|deontic:obligation|exception,3,,,,,,
SEIU_102_1126,SEIU_1021_SF_2022_2024,159,Proposed changes shall be subject to the meet and confer process.,HARD,deontic:obligation|exception,3,,,,,,
SEIU_102_1106,SEIU_1021_SF_2022_2024,157,"Selection of Neutral Third Party Unless the parties agree otherwise, the third party neutral shall be selected by alternately striking names (first strike determined by lot) from the following list of five (5): (All names to be subject to mutual agreement) 1._____________________ 2._____________________ 3._____________________ 4._____________________ 5._____________________ The Union and the City shall share equally the fees of the third party neutral.",HARD,deontic:obligation|exception,3,,,,,,
SEIU_102_1073,SEIU_1021_SF_2022_2024,153,"In accordance with Civil Service rules, the Appointing Officer has the authority to assign an employee to perform work provided that it is consistent with the kind of duties and level of responsibility of the employee’s classification although the work may not be specifically described in the class specification.",SOFT,deontic:restriction|deontic:permission|exception,3,,,,,,
SEIU_102_1070,SEIU_1021_SF_2022_2024,152,Disputes concerning this paragraph shall be submitted to the Civil Service Commission for determination and shall not be subject to the Grievance Procedure.,HARD,deontic:prohibition|deontic:obligation|exception,3,,,,,,
SEIU_102_1051,SEIU_1021_SF_2022_2024,121,"This Agreement shall remain in full force and effect through that date and from year to year thereafter unless either party serves written notice on the other at least sixty (60) days prior to June 30, 2024 or June 30th of any subsequent year of its desire to open the Agreement for the purpose of meeting and conferring on proposed changes. 851.",HARD,deontic:obligation|exception,3,,,,,,
SEIU_102_1047,SEIU_1021_SF_2022_2024,120,Nothing in this agreement shall have application to changes of Civil Service rules excluded from bargaining pursuant to Charter Section A8.409-3 except as they may affect compensation.,HARD,deontic:obligation|deontic:permission|exception,3,,,,,,
SEIU_102_1042,SEIU_1021_SF_2022_2024,120,"Management, except in the event of an emergency as defined by state law, shall advise the union of the date of the intended implementation of such proposed change, which shall be no sooner than forty (40) working days from the date receipted written notice is received by the Union. 841.",HARD,deontic:obligation|exception,3,,,,,,
SEIU_102_1038,SEIU_1021_SF_2022_2024,119,"Notwithstanding any other provision of this Agreement, the supplemental disability income credit program shall continue in effect during the term of this Agreement, except that the employee’s pay shall be supplemented under the program up to the employee’s approximate net pay rather than gross pay.",HARD,deontic:obligation|exception,3,,,,,,
SEIU_102_1029,SEIU_1021_SF_2022_2024,118,Personal leave for permanent employees may be approved for a period of up to 12 months within any two-year period.,SOFT,deontic:permission|threshold,3,,,,,,
SEIU_102_1028,SEIU_1021_SF_2022_2024,118,"Religious leave shall be without pay unless the employee elects to use accumulated compensatory time off, vacation time, or floating holiday time.",HARD,deontic:obligation|exception,3,,,,,,
SEIU_102_1024,SEIU_1021_SF_2022_2024,118,An employee who is summoned to serve as a witness in cases which involve outside employment or personal business affairs shall be placed on leave without pay unless vacation leave or compensatory time is requested. 827.,HARD,deontic:obligation|exception,3,,,,,,
SEIU_102_0210,SEIU_1021_SF_2022_2024,33,"The City shall defend and indemnify an employee against any claim or action against the employee on account of an act or omission in the scope of the employee's employment with the City, in accord with, and subject to, the provisions of California Government Code Sections 825 et seq and 995 et seq.",HARD,deontic:obligation|exception,3,,,,,,
SEIU_102_1553,SEIU_1021_SF_2022_2024,239,"Data Provisions Subject to the limitations contained in CA Government Code Section 3558, the City shall provide the Union with all required information on newly-hired employees to the extent it is made available to the City.",HARD,deontic:obligation|exception,3,,,,,,
SEIU_102_0046,SEIU_1021_SF_2022_2024,16,"Except in emergency situations, an investigative, disciplinary or grievance meeting shall be rescheduled if a Shop Steward is denied release time. 35.",HARD,deontic:obligation|exception,3,,,,,,
SEIU_102_0008,SEIU_1021_SF_2022_2024,12,Issues related to classification descriptions shall be subject to the meet and confer process with final review by the Civil Service Commission.,HARD,deontic:obligation|exception,3,,,,,,
SEIU_102_0018,SEIU_1021_SF_2022_2024,14,"Except as provided otherwise herein, and in accordance with applicable federal, state and local law, the provisions of this Section shall apply to all employees of the City in all classifications represented by the Union.",HARD,deontic:obligation|exception,3,,,,,,
SEIU_102_0120,SEIU_1021_SF_2022_2024,23,"Notwithstanding any other provision of this section, the Mayor may propose pursuant to the City's standard procedures to contract out work currently performed by existing City employees",SOFT,deontic:permission|exception,3,,,,,,
SEIU_102_0063,SEIU_1021_SF_2022_2024,17,"Union representatives may use Department meeting space with a reasonable amount of notice, subject to availability. 46.",SOFT,deontic:permission|exception,3,,,,,,
SEIU_102_0169,SEIU_1021_SF_2022_2024,29,"The committee shall consist of no more than 10 representatives from each party, including a representative from the Mayor’s Office and DHR.",HARD,deontic:obligation|threshold,3,,,,,,
SEIU_102_0034,SEIU_1021_SF_2022_2024,15,Official representatives shall not be provided compensatory release time for participating in meeting and conferring on regular days off except as may be mutually determined. 28.,HARD,deontic:prohibition|deontic:obligation|deontic:permission|exception,3,,,,,,
SEIU_102_0013,SEIU_1021_SF_2022_2024,13,"Except to the extent there is contained in this Agreement express and specific provision to the contrary, nothing herein shall be construed to restrict any legal city rights concerning direction of its work force, or consideration of the merits, necessity or organization of any service or activity provided by the City.",HARD,deontic:obligation|exception,3,,,,,,
SEIU_102_0099,SEIU_1021_SF_2022_2024,21,The Committee shall meet quarterly unless the parties mutually agree to an alternative schedule. 72.,HARD,deontic:obligation|exception,3,,,,,,
SEIU_102_0137,SEIU_1021_SF_2022_2024,27,The City may temporarily assign sworn police officers to perform bargaining unit work in the event of an emergency situation or for short-term purposes in order to comply with the medical restrictions upon the police officer.,SOFT,deontic:permission|exception,3,,,,,,
SEIU_102_0025,SEIU_1021_SF_2022_2024,14,"The Union shall be entitled to collect, through the payroll deduction method, membership dues, COPE deductions, and any special membership assessments, and through that system, may make changes as may be required, from time-to-time, subject to the Union providing certification that it has and will maintain an authorization for the applicable deductions, signed by the employees from whose salary or wages the City will make the deductions.",HARD,deontic:obligation|deontic:permission|exception,3,,,,,,
SEIU_102_0040,SEIU_1021_SF_2022_2024,16,"Upon notification of an appropriate management person, stewards and designated officers of the Union, subject to management approval, which shall not be unreasonably withheld, shall be granted reasonable release time to investigate and process grievances, disciplinary appeals and attend meetings with Management without loss of pay or benefits.",HARD,deontic:prohibition|deontic:obligation|exception,3,,,,,,
SEIU_102_0009,SEIU_1021_SF_2022_2024,12,"Issues related to the effects of classification decisions on hours, wages, terms and conditions of employment shall be subject to negotiations and interest arbitration.",HARD,deontic:obligation|exception,3,,,,,,
SEIU_102_0055,SEIU_1021_SF_2022_2024,17,"Subject to operational needs, the City shall allow one",HARD,deontic:obligation|exception,3,,,,,,
SEIU_102_0061,SEIU_1021_SF_2022_2024,17,"The Union shall have reasonable access to all work locations to verify that the terms and conditions of this Agreement are being carried out and for the purpose of conferring with employees provided that access shall be subject to such rules and regulations immediately below, as well as to such rules and regulations as may be agreed to by the department and the Union. 44.",HARD,deontic:obligation|deontic:permission|exception,3,,,,,,
SEIU_102_0102,SEIU_1021_SF_2022_2024,22,"All permanent appointees shall serve a six month probationary period, except as provided below: 74. 1.",HARD,deontic:obligation|exception,3,,,,,,
SEIU_102_0103,SEIU_1021_SF_2022_2024,22,Employees who move from a part-time to a full-time position within a classification shall be subject to a three,HARD,deontic:obligation|exception,3,,,,,,
SEIU_102_0171,SEIU_1021_SF_2022_2024,29,"For the first ninety (90) days after its establishment, the committee shall meet at least once a week unless mutually agreed otherwise.",HARD,deontic:obligation|exception,3,,,,,,
SEIU_102_0165,SEIU_1021_SF_2022_2024,29,"The notice shall advise the employee that the employee has fourteen (14) calendar days after receipt as defined by State law (e.g., allowing maximum of 5-days for notice by mail if notice is not given in any other manner) to make an election.",HARD,deontic:obligation|threshold,3,,,,,,
SEIU_102_0029,SEIU_1021_SF_2022_2024,15,"The selection of such employee members, or substitutions or replacements therefore, and their attendance at meetings during their regular duty or work hours, shall be subject to the following: 24. a.",HARD,deontic:obligation|exception,3,,,,,,
SEIU_102_1067,SEIU_1021_SF_2022_2024,152,"If in the opinion of the office work unit manager, distribution of literature interferes with the work of employees, the department shall notify the Union in writing and meetings shall immediately commence in order to reach agreement on mutually acceptable literature distribution rules.",HARD,deontic:obligation,2,,,,,,
SEIU_102_1066,SEIU_1021_SF_2022_2024,152,The distribution of literature shall not interfere with the work of any employee.,HARD,deontic:prohibition|deontic:obligation,2,,,,,,
SEIU_102_1068,SEIU_1021_SF_2022_2024,152,"Pending establishment of such rules, distribution of literature shall be permitted only in non-work areas as defined above.",HARD,deontic:obligation,2,,,,,,
SEIU_102_0060,SEIU_1021_SF_2022_2024,17,"To the extent permissible under the law, the Union may make reasonable use of the City's interoffice mail and email systems to communicate with appointing officers, personnel officers, stewards and officers of the Union in order to carry out Union representation of unit employees in administration of the MOU.",SOFT,deontic:permission,2,,,,,,
SEIU_102_1063,SEIU_1021_SF_2022_2024,151,All existing bulletin boards currently in place shall be maintained.,HARD,deontic:obligation,2,,,,,,
SEIU_102_1071,SEIU_1021_SF_2022_2024,153,"Current Civil Service class specifications may not be up to date in all cases, and do not necessarily reflect presently assigned duties and responsibilities.",SOFT,deontic:restriction|deontic:permission,2,,,,,,
SEIU_102_1065,SEIU_1021_SF_2022_2024,152,Distribution of literature to employees in office work locations shall be permitted provided the Union notifies the Department within thirty days of the ratification of this agreement of the areas or work locations where Union literature will be distributed.,HARD,deontic:obligation,2,,,,,,
SEIU_102_1064,SEIU_1021_SF_2022_2024,152,Distribution of literature shall be restricted to non-work areas so as not to interfere with patient care or with the operation of any facility or institution of the Department.,HARD,deontic:obligation,2,,,,,,
SEIU_102_1072,SEIU_1021_SF_2022_2024,153,Class specifications are descriptive of the class and shall not be considered as a restriction on the assignment of duties not specifically listed.,HARD,deontic:prohibition|deontic:obligation,2,,,,,,
SEIU_102_1076,SEIU_1021_SF_2022_2024,153,The LMC may make recommendations to appropriate executive management members.,SOFT,deontic:permission,2,,,,,,
SEIU_102_0059,SEIU_1021_SF_2022_2024,17,"Upon request of the City to meet and discuss Union materials posted on bulletin boards, the Union shall make itself available to meet within forty-eight (48) hours.",HARD,deontic:obligation,2,,,,,,
SEIU_102_1074,SEIU_1021_SF_2022_2024,153,Additional LMCs may be established upon mutual agreement between the Union and the Department.,SOFT,deontic:permission,2,,,,,,
SEIU_102_1095,SEIU_1021_SF_2022_2024,156,A majority of the review committee may invite resource persons to attend and participate in such review committee meetings.,SOFT,deontic:permission,2,,,,,,
SEIU_102_1094,SEIU_1021_SF_2022_2024,156,(2) representatives shall be selected by the Union and two,HARD,deontic:obligation,2,,,,,,
SEIU_102_1093,SEIU_1021_SF_2022_2024,156,"Review Committee If the patient care committee cannot reach agreement on a recommendation, the issue may be referred to a Review Committee of four",SOFT,deontic:permission,2,,,,,,
SEIU_102_1091,SEIU_1021_SF_2022_2024,156,Additional meetings may be scheduled by mutual agreement.,SOFT,deontic:permission,2,,,,,,
SEIU_102_1090,SEIU_1021_SF_2022_2024,156,Ten (10) days’ notice shall be given by the moving party along with an oral or written proposed agenda.,HARD,deontic:obligation,2,,,,,,
SEIU_102_1089,SEIU_1021_SF_2022_2024,156,The parties may mutually agree to expand the number of representatives to the committees as the need may arise. 2.,SOFT,deontic:permission,2,,,,,,
SEIU_102_1088,SEIU_1021_SF_2022_2024,155,The committee will notify managers of approved work projects so that union representatives may be appropriately released or granted compensatory time off pursuant to this agreement.,SOFT,deontic:permission,2,,,,,,
SEIU_102_1087,SEIU_1021_SF_2022_2024,155,Participation in committee-approved work projects may occur outside of regular committee meetings.,SOFT,deontic:permission,2,,,,,,
SEIU_102_1086,SEIU_1021_SF_2022_2024,155,(R) The committee may assign specific work projects to one or more of its members.,SOFT,deontic:permission,2,,,,,,
SEIU_102_1085,SEIU_1021_SF_2022_2024,155,This shall be in addition to the release time granted to attend committee meetings.,HARD,deontic:obligation,2,,,,,,
SEIU_102_1084,SEIU_1021_SF_2022_2024,155,(Q) The Labor co-chair of the committee shall be granted up to one,HARD,deontic:obligation,2,,,,,,
SEIU_102_1080,SEIU_1021_SF_2022_2024,154,"(I) Decisions of the committee will be made by consensus wherever possible; however, in the absence of consensus the committee may make decisions by majority vote.",SOFT,deontic:permission,2,,,,,,
SEIU_102_1079,SEIU_1021_SF_2022_2024,154,(C) Participation on the committee or in the committee’s work shall not include individuals with any past or current financial interest in or affiliation with manufacturers of engineered safety devices.,HARD,deontic:prohibition|deontic:obligation,2,,,,,,
SEIU_102_1078,SEIU_1021_SF_2022_2024,153,"The committee may request other experts to participate in committee activities; however, expert participation will be limited to an advisory capacity only.",SOFT,deontic:permission,2,,,,,,
SEIU_102_1077,SEIU_1021_SF_2022_2024,153,Labor and management may also select additional alternative representatives that may attend in the place of their designated representatives.,SOFT,deontic:permission,2,,,,,,
SEIU_102_1060,SEIU_1021_SF_2022_2024,150,"All posted material shall be signed and dated, shall bear the identity of the sponsor, shall be neatly displayed, and shall be removed when no longer timely. 2.",HARD,deontic:obligation,2,,,,,,
SEIU_102_1075,SEIU_1021_SF_2022_2024,153,"Each LMC shall meet at least quarterly, but no more than once per month, to discuss matters such as patient care improvement, staffing, safety issues, and the impact of the Affordable Care Act (“ACA”) on employees and Department services.",HARD,deontic:obligation,2,,,,,,
SEIU_102_1061,SEIU_1021_SF_2022_2024,150,"Should the department have objections to material posted on approved bulletin boards, the department shall discuss the issue with the union steward prior to removing any posted notices or material. 3.",HARD,deontic:obligation|deontic:preference,2,,,,,,
SEIU_102_1055,SEIU_1021_SF_2022_2024,150,The Union may deliver a copy of this Supplemental Agreement to employees in the covered classifications.,SOFT,deontic:permission,2,,,,,,
SEIU_102_1059,SEIU_1021_SF_2022_2024,150,"Posted material shall not be obscene, or of a partisan political nature, nor shall it pertain to public issues which do not involve the city and its relations with employees.",HARD,deontic:prohibition|deontic:obligation,2,,,,,,
SEIU_102_1027,SEIU_1021_SF_2022_2024,118,An employee who takes vacation leave while on witness leave shall receive regular salary.,HARD,deontic:obligation,2,,,,,,
SEIU_102_1034,SEIU_1021_SF_2022_2024,119,Written requests made subsequent to this time shall be effective at the start of the payroll period following the request.,HARD,deontic:obligation,2,,,,,,
SEIU_102_1033,SEIU_1021_SF_2022_2024,119,"An employee who is absent because of an occupational or non-occupational disability and who is receiving Temporary Disability, Vocational Rehabilitation Maintenance Allowance, State Disability Insurance, may request that the amount of disability indemnity payment be supplemented with salary to be charged against the employee's accumulated unused sick leave with pay credit balance at the time of disability, compensatory time off, or vacation, so as to equal the normal salary the employee would have earned for the regular work schedule. 833.",SOFT,deontic:permission,2,,,,,,
SEIU_102_1032,SEIU_1021_SF_2022_2024,119,"(3) months, the parties shall evaluate the modified duty assignment in conjunction with the employee's medical restrictions.",HARD,deontic:obligation,2,,,,,,
SEIU_102_1031,SEIU_1021_SF_2022_2024,119,"Where appropriate modified duty is not available within the employee's classification, on the employee's regular shift (including regular days off), and in the employee's department, the employee may be temporarily assigned pursuant to this section to work in another classification, on a different shift (including different days off), and/or in another department.",SOFT,deontic:permission,2,,,,,,
SEIU_102_1030,SEIU_1021_SF_2022_2024,119,Duties of the modified assignment may differ from the employee's regular job duties and/or from job duties regularly assigned to employees in the injured employee's class.,SOFT,deontic:permission,2,,,,,,
SEIU_102_0066,SEIU_1021_SF_2022_2024,18,"The City shall provide the Library with the following items, not to exceed fifteen (15) sets, to be placed at libraries selected by the Librarian: Charter, San Francisco Administrative Code, Annual Salary Ordinances, Civil Service Rules and this Agreement.",HARD,deontic:obligation,2,,,,,,
SEIU_102_0067,SEIU_1021_SF_2022_2024,18,"Posted information shall include but not be limited to: job classification, shift, days-off and worksite as available.",HARD,deontic:obligation,2,,,,,,
SEIU_102_1026,SEIU_1021_SF_2022_2024,118,But employees shall not be expected to work on any shift on days they have served as a witness. 828.,HARD,deontic:prohibition|deontic:obligation,2,,,,,,
SEIU_102_1037,SEIU_1021_SF_2022_2024,119,"Sick leave with pay, vacation or compensatory time credits shall be used to supplement disability indemnity pay at the minimum rate of one",HARD,deontic:obligation,2,,,,,,
SEIU_102_1025,SEIU_1021_SF_2022_2024,118,Paid witness leave shall be only from an employee's scheduled duty time and shall not include hours outside of scheduled hours of work or on days off.,HARD,deontic:prohibition|deontic:obligation,2,,,,,,
SEIU_102_1023,SEIU_1021_SF_2022_2024,118,An employee who is summoned for witness shall be entitled to leave with pay less the amount of witness fee paid for the period required for such service.,HARD,deontic:obligation,2,,,,,,
SEIU_102_1022,SEIU_1021_SF_2022_2024,118,Paragraphs 819 through 824 above shall apply to non-permanent employees.,HARD,deontic:obligation,2,,,,,,
SEIU_102_1021,SEIU_1021_SF_2022_2024,118,"At the employee’s request, and when approved, family care leave shall be granted in addition to accumulated compensatory time off, vacation time, floating holiday time or sick leave as specified under Sick Leave - Illness or Medical Appointment of Child. 825.",HARD,deontic:obligation,2,,,,,,
SEIU_102_1020,SEIU_1021_SF_2022_2024,118,Permanent employees who have one or more years of continuous service in any status may be granted up to one year of unpaid family care leave for the following reasons: 820. 1) The birth of a biological child of the employee; 821. 2) The assumption by the employee of parenting or child rearing responsibilities.,SOFT,deontic:permission,2,,,,,,
SEIU_102_1019,SEIU_1021_SF_2022_2024,117,Leave for permanent appointees may be approved for the duration of such service.,SOFT,deontic:permission,2,,,,,,
SEIU_102_1018,SEIU_1021_SF_2022_2024,117,Requests for such leave of longer than one year must be renewed each year.,HARD,deontic:obligation,2,,,,,,
SEIU_102_1036,SEIU_1021_SF_2022_2024,119,"Salary may be paid on regular time-rolls and charged against the employee's sick leave with pay, vacation, or compensatory time credit balance during any period prior to the determination of eligibility for disability indemnity payment without requiring a signed option by the employee. 835.",SOFT,deontic:permission,2,,,,,,
SEIU_102_0065,SEIU_1021_SF_2022_2024,17,"Further, the departments may implement additional rules and regulations after meeting and conferring with the Union.",SOFT,deontic:permission,2,,,,,,
SEIU_102_1058,SEIU_1021_SF_2022_2024,150,"Material shall be posted upon the bulletin board space as designated, and not upon walls, doors, windows or any other place.",HARD,deontic:obligation,2,,,,,,
SEIU_102_1049,SEIU_1021_SF_2022_2024,121,"The Union shall assume the defense of, indemnify and hold the City harmless from any and all claims, demands, suits, or any other action arising from agency shop provisions herein, or from complying with any demand for termination hereunder.",HARD,deontic:obligation,2,,,,,,
SEIU_102_1057,SEIU_1021_SF_2022_2024,150,The work location of the employees shall be available in the office of the appropriate departmental subdivision.,HARD,deontic:obligation,2,,,,,,
SEIU_102_1056,SEIU_1021_SF_2022_2024,150,"Semiannually, the Department shall furnish the Union with updated seniority lists for all permanent employees working in classifications represented by the Union.",HARD,deontic:obligation,2,,,,,,
SEIU_102_1097,SEIU_1021_SF_2022_2024,156,The review committee may adopt recommendations by a majority vote of all four,SOFT,deontic:permission,2,,,,,,
SEIU_102_1054,SEIU_1021_SF_2022_2024,150,"The Department shall furnish to the Union upon request, but no more frequently than once a month, a list of names, classifications, and work locations as are available in the Personnel or Payroll Office of new employees in represented classes, and the names of employees separated.",HARD,deontic:obligation,2,,,,,,
SEIU_102_1052,SEIU_1021_SF_2022_2024,121,The effective date of those provisions herein that have been determined by the arbitration board established pursuant to Charter Section A8.409.4 shall be the date that the board issues its decision.,HARD,deontic:obligation,2,,,,,,
SEIU_102_0062,SEIU_1021_SF_2022_2024,17,Union representatives must identify themselves upon arrival at a City department.,HARD,deontic:obligation,2,,,,,,
SEIU_102_1050,SEIU_1021_SF_2022_2024,121,"This Agreement shall be effective July 1, 2022 and shall remain in full force and effect through June 30, 2024. 850.",HARD,deontic:obligation,2,,,,,,
SEIU_102_1048,SEIU_1021_SF_2022_2024,120,"Should any part hereof or any provisions herein be declared invalid by a court of competent jurisdiction, such invalidation of such part or portion of this Agreement shall not invalidate the remaining portions hereof and the remaining portions hereof shall remain in full force and effect for the duration of the Agreement.",HARD,deontic:prohibition|deontic:obligation|deontic:preference,2,,,,,,
SEIU_102_1039,SEIU_1021_SF_2022_2024,120,"This agreement may be modified, but only in writing, upon the mutual consent of the parties. 839.",SOFT,deontic:permission,2,,,,,,
SEIU_102_1046,SEIU_1021_SF_2022_2024,120,The Employee Relations Ordinance in the Administrative Code shall not apply to the application of this section. 845. 4.,HARD,deontic:prohibition|deontic:obligation,2,,,,,,
SEIU_102_1045,SEIU_1021_SF_2022_2024,120,"To determine whether there are negative practical consequences of any such proposed changes on wages, hours benefits or other terms and conditions of employment as to which the parties have not agreed and, if so, how such consequences shall be dealt with.",HARD,deontic:obligation,2,,,,,,
SEIU_102_1044,SEIU_1021_SF_2022_2024,120,"Whether the city's proposed change(s) violate the terms of this agreement and, if so, what shall be the remedy; 843. 2.",HARD,deontic:obligation,2,,,,,,
SEIU_102_1043,SEIU_1021_SF_2022_2024,120,"In the event the parties do not reach agreement thereon, the union may grieve and take to expedited arbitration such disagreements as it may have.",SOFT,deontic:permission,2,,,,,,
SEIU_102_0064,SEIU_1021_SF_2022_2024,17,"In work units where the work is of a confidential nature and in which the department requires it of other non-employees, the department may require that union representatives be escorted by a department representative when in areas where said confidential work is taking place. 47.",SOFT,deontic:permission,2,,,,,,
SEIU_102_1041,SEIU_1021_SF_2022_2024,120,"Said notice shall state the proposed change, an explanation of the reason(s) for said change, as well as the effect on represented employees that would result. 840.",HARD,deontic:obligation,2,,,,,,
SEIU_102_1040,SEIU_1021_SF_2022_2024,120,"In the event management seeks to institute a change in methods or operations within the scope of representation under state law or the charter which it believes is not covered by this Agreement, the parties shall begin to meet and confer as required by state law within fifteen (15) working days from the date receipted written notice is received by the Union at the affected Union's executive offices.",HARD,deontic:obligation,2,,,,,,
SEIU_102_1096,SEIU_1021_SF_2022_2024,156,Such resource persons may review all relevant information before the committee pertaining to the subject matter under consideration and offer advice to resolve differences between the parties.,SOFT,deontic:permission,2,,,,,,
SEIU_102_1102,SEIU_1021_SF_2022_2024,157,The determination of the third-party neutral shall cover no more than a single staffing issue at a time.,HARD,deontic:obligation,2,,,,,,
SEIU_102_1098,SEIU_1021_SF_2022_2024,156,"Thirty (30) calendar days after receipt of a recommendation, the appropriate administrative director will send the Patient Care Committee a written summary of progress and may at the Patient Care Committee coSUPPLEMENTAL AGREEMENTS TO THE JULY 1, 2022 - JUNE 30, 2024 CBA BETWEEN CITY AND COUNTY OF SAN FRANCISCO AND SEIU LOCAL 1021 145",SOFT,deontic:permission,2,,,,,,
SEIU_102_1154,SEIU_1021_SF_2022_2024,163,An employee may at any time request reassignment to another position in the employee’s class in the Department.,SOFT,deontic:permission,2,,,,,,
SEIU_102_1161,SEIU_1021_SF_2022_2024,164,"When an employee is reassigned pursuant to this Section, the employee’s seniority for scheduling days off and vacation shall be in accordance with Section 9B of this MOU.",HARD,deontic:obligation,2,,,,,,
SEIU_102_1160,SEIU_1021_SF_2022_2024,164,"Seniority, performance and ability shall be considered in the event the department elects to grant a requested reassignment.",HARD,deontic:obligation,2,,,,,,
SEIU_102_1159,SEIU_1021_SF_2022_2024,164,"When a vacancy occurs, employees may bid for reassignment.",SOFT,deontic:permission,2,,,,,,
SEIU_102_1158,SEIU_1021_SF_2022_2024,163,"Such notices shall SUPPLEMENTAL AGREEMENTS TO THE JULY 1, 2022 - JUNE 30, 2024 CBA BETWEEN CITY AND COUNTY OF SAN FRANCISCO AND SEIU LOCAL 1021 152",HARD,deontic:obligation,2,,,,,,
SEIU_102_1157,SEIU_1021_SF_2022_2024,163,Personnel Officers shall post notices of vacancies approved for filling on bulletin boards listed in this Agreement until such time as the position is filled.,HARD,deontic:obligation,2,,,,,,
SEIU_102_1156,SEIU_1021_SF_2022_2024,163,"Such notices shall consist of class number and title, and information regarding the assignment, shift and work location which is vacant.",HARD,deontic:obligation,2,,,,,,
SEIU_102_1155,SEIU_1021_SF_2022_2024,163,"Each section or division within the Department shall post notices of vacant assignments, shifts, or work locations on a bulletin board in the section or division with the vacancy for a period of not less than seven",HARD,deontic:obligation,2,,,,,,
SEIU_102_1153,SEIU_1021_SF_2022_2024,163,"(1) employee is permanently assigned to a specialty job assignment, the most senior employee in the specialty job assignment shall have the choice of days off for the assignment.",HARD,deontic:obligation,2,,,,,,
SEIU_102_1163,SEIU_1021_SF_2022_2024,164,Definition of In-lieu Holidays In-lieu holidays are days off taken in lieu of holidays which fall on a regular day off and shall be scheduled as follows: 1.,HARD,deontic:obligation,2,,,,,,
SEIU_102_1152,SEIU_1021_SF_2022_2024,163,"The department shall determine available days off as agreed in Section 8, paragraph B of this Agreement. 2.",HARD,deontic:obligation,2,,,,,,
SEIU_102_1150,SEIU_1021_SF_2022_2024,162,"Beginning with the fourth (4th) month on the new shift or work location, such employee shall regain the employee’s original seniority from the SUPPLEMENTAL AGREEMENTS TO THE JULY 1, 2022 - JUNE 30, 2024 CBA BETWEEN CITY AND COUNTY OF SAN FRANCISCO AND SEIU LOCAL 1021 151",HARD,deontic:obligation,2,,,,,,
SEIU_102_0052,SEIU_1021_SF_2022_2024,16,Newly-elected Stewards shall be allowed four,HARD,deontic:obligation,2,,,,,,
SEIU_102_1148,SEIU_1021_SF_2022_2024,162,The second choice shall go to the second most senior employee and so forth. 3.,HARD,deontic:obligation,2,,,,,,
SEIU_102_1147,SEIU_1021_SF_2022_2024,162,"The Department shall determine the available days off and in the scheduling of such days, the first choice shall go to that employee having the most seniority in a classification in the facility, department and shift.",HARD,deontic:obligation,2,,,,,,
SEIU_102_1146,SEIU_1021_SF_2022_2024,162,Seniority shall be the governing factor in determining days off under the Section. 2.,HARD,deontic:obligation,2,,,,,,
SEIU_102_1162,SEIU_1021_SF_2022_2024,164,Temporary assignments may be made pending permanent assignments in order to provide proper care.,SOFT,deontic:permission,2,,,,,,
SEIU_102_1164,SEIU_1021_SF_2022_2024,164,"Any employee who accumulates a day or days off in lieu of a holiday may elect to add said day or days off to the employee’s normal days off, and such approval shall not be unreasonably denied.",HARD,deontic:prohibition|deontic:obligation|deontic:permission,2,,,,,,
SEIU_102_0054,SEIU_1021_SF_2022_2024,16,The parties shall mutually agree to the number of Stewards to be released at any one time.,HARD,deontic:obligation,2,,,,,,
SEIU_102_1174,SEIU_1021_SF_2022_2024,165,"Using the City-wide seniority list for each Unit, the rotation shall begin with the most senior qualified employee in the classification for which the holiday assignment is being made, and continue down through the seniority list.",HARD,deontic:obligation,2,,,,,,
SEIU_102_1181,SEIU_1021_SF_2022_2024,165,The Department shall approve such choices on the basis of employee seniority within the employee’s classification and shift at the facility and shall post a list of scheduled vacations within thirty (30) days.,HARD,deontic:obligation,2,,,,,,
SEIU_102_1180,SEIU_1021_SF_2022_2024,165,"Prior to January 1st of any year, any employee may submit up to three",SOFT,deontic:permission,2,,,,,,
SEIU_102_0047,SEIU_1021_SF_2022_2024,16,Shop stewards shall not interfere with the work of any employee.,HARD,deontic:prohibition|deontic:obligation,2,,,,,,
SEIU_102_0048,SEIU_1021_SF_2022_2024,16,"A shop steward may interview an employee during the employee's regular work time in order to investigate or process a grievance or disciplinary appeal with the approval of the employee's supervisor, which shall not unreasonably be withheld. 36.",HARD,deontic:prohibition|deontic:obligation|deontic:permission,2,,,,,,
SEIU_102_0049,SEIU_1021_SF_2022_2024,16,"Stewards shall be responsible for the performance of their work load, consistent with release time approved pursuant to rules established herein. 37.",HARD,deontic:obligation,2,,,,,,
SEIU_102_1176,SEIU_1021_SF_2022_2024,165,The only remedy for grievances regarding the holiday overtime rotation process shall be the opportunity to work on the following paid holiday.,HARD,deontic:obligation,2,,,,,,
SEIU_102_1175,SEIU_1021_SF_2022_2024,165,"Should there be no volunteers to work on a paid holiday after providing the opportunity to all employees in the rotation, the manager may assign the least senior employee in the rotation to work on the holiday.",SOFT,deontic:preference|deontic:permission,2,,,,,,
SEIU_102_1173,SEIU_1021_SF_2022_2024,164,A holiday overtime assignment shall not involuntarily displace a regularly scheduled employee.,HARD,deontic:prohibition|deontic:obligation,2,,,,,,
SEIU_102_1165,SEIU_1021_SF_2022_2024,164,The scheduling of in-lieu days shall be by mutual agreement by the employee and the Department.,HARD,deontic:obligation,2,,,,,,
SEIU_102_1172,SEIU_1021_SF_2022_2024,164,"Should the Department make a holiday overtime assignment, the assignment will be made in addition to staff already assigned to work the paid holiday as part of their regular shift.",SOFT,deontic:preference,2,,,,,,
SEIU_102_0050,SEIU_1021_SF_2022_2024,16,Stewards shall receive timely notice of and shall be permitted to make appearances at departmental orientation sessions in order to distribute union materials and to discuss employee rights and obligations under this Agreement. 38.,HARD,deontic:obligation,2,,,,,,
SEIU_102_1170,SEIU_1021_SF_2022_2024,164,"In the event the Department shall deny an employee’s request in full, it shall be for good cause only and a statement of the reasons for such denial shall be given the employee.",HARD,deontic:obligation,2,,,,,,
SEIU_102_1169,SEIU_1021_SF_2022_2024,164,"If two or more employees request the same day or days, the conflict shall be resolved in favor of the employee whose request has been received first.",HARD,deontic:obligation,2,,,,,,
SEIU_102_1168,SEIU_1021_SF_2022_2024,164,The department shall respond to all such request in writing within ten (10) working days.,HARD,deontic:obligation,2,,,,,,
SEIU_102_0051,SEIU_1021_SF_2022_2024,16,Any meeting of shop steward and supervisor shall be held in private surroundings and shall be held in a quiet and dignified manner. 39.,HARD,deontic:obligation,2,,,,,,
SEIU_102_1166,SEIU_1021_SF_2022_2024,164,Such days off must be taken within the fiscal year of the date of the holiday or the following fiscal year. 2.,HARD,deontic:obligation,2,,,,,,
SEIU_102_0053,SEIU_1021_SF_2022_2024,16,(4) hours paid release time shall be paid for Stewards for training regarding the provisions of the new Collective Bargaining Agreement within six,HARD,deontic:obligation,2,,,,,,
SEIU_102_1143,SEIU_1021_SF_2022_2024,162,The Department may not change shift or work assignments for punitive reasons.,SOFT,deontic:restriction|deontic:permission,2,,,,,,
SEIU_102_1099,SEIU_1021_SF_2022_2024,157,"Resolution of Staffing Issues In the event the Review Committee is unable to reach agreement on a recommendation concerning a staffing issue, or a recommendation of the Patient Care Committee or Review Committee is not implemented by the Department, a mutually agreed third-party neutral may be brought to join the Review Committee, provided, however, the third-party neutral may only be brought in two",SOFT,deontic:permission,2,,,,,,
SEIU_102_1108,SEIU_1021_SF_2022_2024,158,If the employee cannot be located or cannot be interrupted a message shall be left with the immediate supervisor or designee. 2.,HARD,deontic:obligation,2,,,,,,
SEIU_102_1117,SEIU_1021_SF_2022_2024,159,"Every six months, watch supervisors shall prepare a list of all available 8204 assignments, including investigations and traffic control, by shift and days off, based on the needs of the Department. 2.",HARD,deontic:obligation,2,,,,,,
SEIU_102_1116,SEIU_1021_SF_2022_2024,159,Employees who are chronically tardy may be refused permission to work when tardy after having been notified in writing in advance of such proposed action.,SOFT,deontic:permission,2,,,,,,
SEIU_102_1115,SEIU_1021_SF_2022_2024,158,"(1) hereof said employee shall be allowed to work the balance of the shift, if, in the judgment of the Department Head or designee, the tardiness is excusable.",HARD,deontic:obligation,2,,,,,,
SEIU_102_1113,SEIU_1021_SF_2022_2024,158,"If such employee who has not called in is more than fifteen (15) minutes late, the employee may be replaced by another employee on the employee’s assigned shift and will be given a float assignment. 3.",SOFT,deontic:permission,2,,,,,,
SEIU_102_1111,SEIU_1021_SF_2022_2024,158,Rights granted under this Section shall be exercised reasonably.,HARD,deontic:obligation,2,,,,,,
SEIU_102_1110,SEIU_1021_SF_2022_2024,158,All calls of an emergency nature should be identified as such to the answering party.,SOFT,deontic:preference,2,,,,,,
SEIU_102_1109,SEIU_1021_SF_2022_2024,158,"Employees should remind relatives, and persons in charge of the well-being of relatives, to identify their status to the staff person who takes the call.",SOFT,deontic:preference,2,,,,,,
SEIU_102_1107,SEIU_1021_SF_2022_2024,158,"All calls from a child, school, babysitters, or other persons involved in child care, and calls identified as emergencies shall be connected to the employee immediately.",HARD,deontic:obligation,2,,,,,,
SEIU_102_1119,SEIU_1021_SF_2022_2024,159,"The primary selection criteria shall be seniority; however, officers bidding on a special assignment must demonstrate and maintain an acceptable level of performance in order to retain the assignments for the full term.",HARD,deontic:obligation|deontic:obligation,2,,,,,,
SEIU_102_0058,SEIU_1021_SF_2022_2024,17,The Department may remove literature that is discriminatory or violates applicable law immediately and shall notify the Union of its removal.,HARD,deontic:obligation|deontic:permission,2,,,,,,
SEIU_102_1105,SEIU_1021_SF_2022_2024,157,"In determining a staffing issue, the third-party neutral’s determination must fall within allocated DPH resources. 4.",HARD,deontic:obligation,2,,,,,,
SEIU_102_1104,SEIU_1021_SF_2022_2024,157,"In reaching a determination, the third-party neutral must take into account area standards regarding staffing, state and federal laws, physicians’ recommendations regarding quality of care, business needs, the City’s financial ability to comply with the proposed resolution, and any other relevant information presented by the parties.",HARD,deontic:obligation,2,,,,,,
SEIU_102_1103,SEIU_1021_SF_2022_2024,157,"The determination shall not add to or modify the MOU, nor shall it cause the City to violate the terms of any City labor agreement or any local, state or federal law.",HARD,deontic:prohibition|deontic:obligation,2,,,,,,
SEIU_102_1016,SEIU_1021_SF_2022_2024,117,Such leave by an employee may be approved for the duration of such appointment Leave for Civilian Service in the National Interest 817.,SOFT,deontic:permission,2,,,,,,
SEIU_102_1101,SEIU_1021_SF_2022_2024,157,"The third-party neutral’s authority is limited to a specific staffing issue only and shall not include other matters such as job assignments, work schedules or other matters covered by this MOU.",HARD,deontic:prohibition|deontic:obligation,2,,,,,,
SEIU_102_1100,SEIU_1021_SF_2022_2024,157,"In the event the Review Committee remains unable to resolve the staffing issue, the third party neutral shall make a binding determination to resolve the dispute.",HARD,deontic:obligation,2,,,,,,
SEIU_102_1118,SEIU_1021_SF_2022_2024,159,Officers shall select their assignments and shift in the order of their seniority.,HARD,deontic:obligation,2,,,,,,
SEIU_102_1120,SEIU_1021_SF_2022_2024,159,"If a senior candidate is not retained in the assignment, the senior candidate shall receive a written explanation. 3.",HARD,deontic:obligation,2,,,,,,
SEIU_102_1141,SEIU_1021_SF_2022_2024,162,"This section shall not apply to changes in hours within an A.M., P.M., or night shift as defined by the department.",HARD,deontic:prohibition|deontic:obligation,2,,,,,,
SEIU_102_1130,SEIU_1021_SF_2022_2024,160,"Caseload Management (Medical & Psychiatric Social Workers and Psychologists) Upon request, unit managers shall meet with professional staff of any department work unit to discuss caseload distribution and management.",HARD,deontic:obligation,2,,,,,,
SEIU_102_1140,SEIU_1021_SF_2022_2024,162,Shift assignment may be change without regard to seniority for up to a,SOFT,deontic:permission,2,,,,,,
SEIU_102_0056,SEIU_1021_SF_2022_2024,17,Reasonable space shall be allowed on bulletin boards for use by the Union to communicate with employees as may be agreed between the Union and the affected department head.,HARD,deontic:obligation|deontic:permission,2,,,,,,
SEIU_102_1137,SEIU_1021_SF_2022_2024,161,"If employees desire to exchange shifts, they shall be able to implement the change with the agreement of their immediate supervisor.",HARD,deontic:obligation,2,,,,,,
SEIU_102_1136,SEIU_1021_SF_2022_2024,161,Employees of the same classification may request to change shifts within the same location or work unit.,SOFT,deontic:permission,2,,,,,,
SEIU_102_1135,SEIU_1021_SF_2022_2024,161,"Employees who are regularly scheduled in a unit may be temporarily reassigned (floated) to another unit within areas of specialization, whenever applicable and practicable, in a given shift because of departmental needs. 2.",SOFT,deontic:permission,2,,,,,,
SEIU_102_1134,SEIU_1021_SF_2022_2024,161,"Permanent float employees may be assigned temporarily to work in place of an absent employee and, until such temporary assignment is completed, they are no longer considered on float status.",SOFT,deontic:permission,2,,,,,,
SEIU_102_1132,SEIU_1021_SF_2022_2024,160,"The Department retains the right to determine the number of permanent float employees. a) Voluntary assignment to permanent float status shall be based upon department need, employee’s performance, ability and seniority. b) Involuntary assignment to permanent float status shall be based upon inverse seniority providing performance and ability are equal.",HARD,deontic:obligation,2,,,,,,
SEIU_102_1129,SEIU_1021_SF_2022_2024,160,"In the event many such requests are made, employees selected for cross training shall be selected in accordance with the factors listed in Paragraph F.1.b of this section.",HARD,deontic:obligation,2,,,,,,
SEIU_102_1121,SEIU_1021_SF_2022_2024,159,Seniority shall be determined by the length of time served in each classification at SFGH.,HARD,deontic:obligation,2,,,,,,
SEIU_102_1128,SEIU_1021_SF_2022_2024,160,"Cross Training The Department shall attempt to provide cross training, upon request, consistent with the needs of the service and quality patient care.",HARD,deontic:obligation,2,,,,,,
SEIU_102_1127,SEIU_1021_SF_2022_2024,160,"a) The Department, in accordance with the Agreement, reserves the right to determine job assignments in the Radiology Department of San Francisco General Hospital. b) The following factors shall be considered in determining job assignments: Performance, skills an ability, education, reliability (attendance and punctuality), affirmative action, seniority and the need for cross training. 2.",HARD,deontic:obligation,2,,,,,,
SEIU_102_0057,SEIU_1021_SF_2022_2024,17,The Union shall not post literature that is discriminatory or violates applicable law.,HARD,deontic:prohibition|deontic:obligation,2,,,,,,
SEIU_102_1125,SEIU_1021_SF_2022_2024,159,The department or the Union may propose changes in the procedures outlined above during the term of this agreement.,SOFT,deontic:permission,2,,,,,,
SEIU_102_1124,SEIU_1021_SF_2022_2024,159,"The selection process shall be utilized as specified in #2 above, if staffing levels permit filling the assignment on an interim basis. 5.",HARD,deontic:obligation,2,,,,,,
SEIU_102_1123,SEIU_1021_SF_2022_2024,159,"When a shift or assignment becomes vacant more than two months prior to the twice yearly shift/assignment bidding process, the department shall post a notice for five",HARD,deontic:obligation,2,,,,,,
SEIU_102_1122,SEIU_1021_SF_2022_2024,159,"This shall include all temporary, limited tenure and permanent time worked at SFGH provided there is no break in service in excess of six months. 4.",HARD,deontic:obligation,2,,,,,,
SEIU_102_1017,SEIU_1021_SF_2022_2024,117,Such leave may be approved for permanent appointees for a period of up to one year.,SOFT,deontic:permission,2,,,,,,
SEIU_102_0189,SEIU_1021_SF_2022_2024,31,"An employee who qualifies for reimbursement of such damaged, destroyed or stolen property shall submit a claim to the employee’s department head with all available documentation not later than thirty (30) calendar days after the date of such alleged occurrence.",HARD,deontic:obligation,2,,,,,,
SEIU_102_1015,SEIU_1021_SF_2022_2024,117,The Commission shall amend this section to implement such ordinance.,HARD,deontic:obligation,2,,,,,,
SEIU_102_0887,SEIU_1021_SF_2022_2024,102,MFT candidates must receive at least one,HARD,deontic:obligation,2,,,,,,
SEIU_102_0908,SEIU_1021_SF_2022_2024,105,"While the employee is awaiting the arrival of the in-house officer, and until the officer has made a determination of the safety, the employee shall not be required to perform the disputed assignment.",HARD,deontic:prohibition|deontic:obligation,2,,,,,,
SEIU_102_0907,SEIU_1021_SF_2022_2024,105,The in-house safety officer shall promptly investigate the complaint.,HARD,deontic:obligation,2,,,,,,
SEIU_102_0906,SEIU_1021_SF_2022_2024,105,"When in such a case an employee declines to begin or continue a work assignment, the employee shall notify the in-house safety officer of the situation.",HARD,deontic:obligation,2,,,,,,
SEIU_102_0905,SEIU_1021_SF_2022_2024,105,"Where the employee has a good faith belief that a work assignment presents health and safety risks outside those normally associated with the work, the employee may refuse to begin or continue a work assignment. 719.",SOFT,deontic:permission,2,,,,,,
SEIU_102_0904,SEIU_1021_SF_2022_2024,105,"Departmental in-house safety officers shall be encouraged to seek input from the Joint SEIU Labor-Management Occupational Health and Safety and Workers’ Compensation Committee, as defined in paragraph 729, if available. 718.",HARD,deontic:obligation,2,,,,,,
SEIU_102_0903,SEIU_1021_SF_2022_2024,105,"The City agrees to maintain and regularly update its Illness and Injury Prevention Program, which may include training programs for designated Departmental in-house safety officers.",SOFT,deontic:permission,2,,,,,,
SEIU_102_0902,SEIU_1021_SF_2022_2024,105,"These discussions may include proposals to provide cellular phones, personal alarm devices, additional security personnel, security escorts to and from public transportation depots and parking facilities during and proximate to the workday, and/or other options where appropriate. 717.",SOFT,deontic:permission,2,,,,,,
SEIU_102_0901,SEIU_1021_SF_2022_2024,105,Employees shall have input into the safety training programs in their respective departments. 716.,HARD,deontic:obligation,2,,,,,,
SEIU_102_0900,SEIU_1021_SF_2022_2024,104,"ARTICLE V - TRAINING beginning on June 30, 2020, the City shall provide training on recognizing, identifying, and working with persons with mental illness and developmental disabilities upon the request of the employee.",HARD,deontic:obligation,2,,,,,,
SEIU_102_0898,SEIU_1021_SF_2022_2024,103,All new DPH employees who are required to access EPIC on an ongoing basis as part of their regular job duties will receive training commensurate with their assigned job duties.,HARD,deontic:obligation,2,,,,,,
SEIU_102_0896,SEIU_1021_SF_2022_2024,103,"The City shall provide supervisors with 24-PLUS training, or equivalent. 711.",HARD,deontic:obligation,2,,,,,,
SEIU_102_0895,SEIU_1021_SF_2022_2024,103,The parties agree to meet to discuss whether additional employee classifications should be added to the above list.,SOFT,deontic:preference,2,,,,,,
SEIU_102_0087,SEIU_1021_SF_2022_2024,20,"If no accommodation in the current assignment is possible, the Employer shall evaluate alternative job assignments for possible accommodation.",HARD,deontic:obligation,2,,,,,,
SEIU_102_0893,SEIU_1021_SF_2022_2024,103,"If an employee voluntarily terminates employment with the City prior to the completion of the two-year commitment, the employee shall reimburse the City the amount of $500.00 to offset the cost of licensing supervision.",HARD,deontic:obligation,2,,,,,,
SEIU_102_0892,SEIU_1021_SF_2022_2024,103,Candidates are required to make a two-year employment commitment to the City in return for licensing supervision.,HARD,deontic:obligation,2,,,,,,
SEIU_102_0891,SEIU_1021_SF_2022_2024,102,Protective Service staff seeking supervision and Protective Service staff providing supervision must mutually agree to the assignment. 705.,HARD,deontic:obligation,2,,,,,,
SEIU_102_0890,SEIU_1021_SF_2022_2024,102,Protective Service Worker staff seeking LCSW or MFT supervision may contact any person on the list of staff eligible to provide the supervision.,SOFT,deontic:permission,2,,,,,,
SEIU_102_0909,SEIU_1021_SF_2022_2024,105,The City shall post in all areas where notices are regularly posted the name and contact information of the safety officer and update as necessary via e-mail if the safety officer changes. 720.,HARD,deontic:obligation,2,,,,,,
SEIU_102_0910,SEIU_1021_SF_2022_2024,105,"If the safety officer determines that the complaint is valid, that decision shall override the ""departmental"" management decisions, including abatement procedures or employee reassignments.",HARD,deontic:obligation,2,,,,,,
SEIU_102_0911,SEIU_1021_SF_2022_2024,105,"If, after investigation, the in-house officer determines that the work assignment does not present an unsafe condition, the officer shall notify the employee.",HARD,deontic:obligation,2,,,,,,
SEIU_102_0921,SEIU_1021_SF_2022_2024,106,"If an employee is assaulted during the workday and/or on City premises, the City shall make EAP or other counseling services available to the employee and witnesses of the assault, during their working hours with no loss of pay.",HARD,deontic:obligation,2,,,,,,
SEIU_102_0928,SEIU_1021_SF_2022_2024,107,The committee shall include three members appointed by the Union and three by the City.,HARD,deontic:obligation,2,,,,,,
SEIU_102_0927,SEIU_1021_SF_2022_2024,107,"No later than October 1, 2022, the City and the Union shall establish a Tenderloin/SOMA Safety Committee to discuss safety issues for employees who regularly work in the Tenderloin area.",HARD,deontic:obligation,2,,,,,,
SEIU_102_0926,SEIU_1021_SF_2022_2024,107,The committee shall make a report to the Board of Supervisors and the Union each September regarding its activities.,HARD,deontic:obligation,2,,,,,,
SEIU_102_0924,SEIU_1021_SF_2022_2024,107,"The Committee shall begin to meet at least once each quarter, or more frequently as may be mutually agreed.",HARD,deontic:obligation|deontic:permission,2,,,,,,
SEIU_102_0084,SEIU_1021_SF_2022_2024,20,The written response shall include an update on the status of the employee’s request.,HARD,deontic:obligation,2,,,,,,
SEIU_102_0922,SEIU_1021_SF_2022_2024,106,The Committee shall be co-chaired by one representative designated by the Union and one representative designated by the City.,HARD,deontic:obligation,2,,,,,,
SEIU_102_0920,SEIU_1021_SF_2022_2024,106,"Upon written request of the Union, the Department of Human Resources agrees to provide a report on incidents of assault against City workers, including information on department and classification of injured employees to the Union which shall be no more often than quarterly. 727.",HARD,deontic:obligation,2,,,,,,
SEIU_102_0912,SEIU_1021_SF_2022_2024,105,"The employee shall then have the following options: 1. continue the work in reliance on the decision; 2. request a re-assignment, which shall not be unreasonably denied; or 3. continue to refuse the work assignment. 721.",HARD,deontic:prohibition|deontic:obligation,2,,,,,,
SEIU_102_0919,SEIU_1021_SF_2022_2024,106,"These reports shall include the nature of the illness or injury, cost of injury, and other information reasonably available in the electronic claims system for the purpose of evaluating injury trends, identifying prevention strategies, and making recommendations for safety improvements.",HARD,deontic:obligation,2,,,,,,
SEIU_102_0918,SEIU_1021_SF_2022_2024,106,The City’s Department of Human Resources Worker's Compensation Division shall provide the Union with reports on all work-related injuries and illnesses.,HARD,deontic:obligation,2,,,,,,
SEIU_102_0917,SEIU_1021_SF_2022_2024,106,"If after consultation between the two, the dispute remains unresolved, it shall be submitted for final determination to a neutral arbitrator selected pursuant to the provisions of the section covering Expedited Arbitration (paragraphs 632 - 634) or another mutually agreed upon third party.",HARD,deontic:obligation,2,,,,,,
SEIU_102_0916,SEIU_1021_SF_2022_2024,106,The Union may employ or assign its own safety consultant to investigate the situation in conjunction with the City's in-house officer.,SOFT,deontic:permission,2,,,,,,
SEIU_102_0085,SEIU_1021_SF_2022_2024,20,"When the City grants an accommodation, the City shall provide a written description of the accommodation to the employee.",HARD,deontic:obligation,2,,,,,,
SEIU_102_0914,SEIU_1021_SF_2022_2024,106,"ARTICLE VI – HEALTH & SAFETY the employee has not elected to be paid, the employee shall be made whole for all lost wages and benefits. 722.",HARD,deontic:obligation,2,,,,,,
SEIU_102_0086,SEIU_1021_SF_2022_2024,20,"If no accommodation is granted, upon request the City shall provide a written reason for the denial to the employee.",HARD,deontic:obligation,2,,,,,,
SEIU_102_0889,SEIU_1021_SF_2022_2024,102,"There is no maximum number of participants each employee may supervise, however those providing clinical supervision are expected to use judgment regarding the number of workers that can be reasonably supervised at any one time.",SOFT,deontic:permission,2,,,,,,
SEIU_102_0886,SEIU_1021_SF_2022_2024,102,MFT’s must complete the State-mandated required hours of post-degree experience.,HARD,deontic:obligation,2,,,,,,
SEIU_102_1014,SEIU_1021_SF_2022_2024,117,"In time of war or while any act authorizing compulsory military service or training is in effect, the Board of Supervisors may provide by ordinance that leaves of absence shall be granted to officers and employees for sea duty as licensed officers aboard ships operated by or for the United States government.",HARD,deontic:obligation|deontic:permission,2,,,,,,
SEIU_102_0885,SEIU_1021_SF_2022_2024,102,LCSW candidates must have at least one,HARD,deontic:obligation,2,,,,,,
SEIU_102_0090,SEIU_1021_SF_2022_2024,21,"Neither the City nor the Union shall interfere with, intimidate, retaliate, restrain, coerce or discriminate against any employee because of the exercise of the employee’s rights granted pursuant to this Agreement, the Employee Relations Ordinance and the Meyers-Milias-Brown Act.",HARD,deontic:obligation,2,,,,,,
SEIU_102_0863,SEIU_1021_SF_2022_2024,99,(8) unused educational leave hours not used in the present fiscal year may be rolled over into the following fiscal year.,SOFT,deontic:permission,2,,,,,,
SEIU_102_0862,SEIU_1021_SF_2022_2024,99,"Each fulltime and regularly scheduled part-time LVN/LPT shall be allowed a maximum of twenty-four (24) hours educational leave with pay per fiscal year or a prorata share thereof to complete programs approved by the California Board of Licensed Vocational Nurses/Licensed Psychiatric Technicians for Continuing Education Units, Continuing Medical Education, California Board of Registered Nurses or which are necessary to achieve the particular classification’s recertification or relicensure or which promote professional nursing development and education.",HARD,deontic:obligation,2,,,,,,
SEIU_102_0861,SEIU_1021_SF_2022_2024,99,"During the term of the Agreement, the parties may mutually agree to add additional classifications to this list.",SOFT,deontic:permission,2,,,,,,
SEIU_102_0859,SEIU_1021_SF_2022_2024,98,"Such educational leave with pay shall include CPR certification for LVN’s, LPT’s and other classifications who are required to re-certify CPR for re-licensure, if DPH does not provide CPR on an in service basis. 677.",HARD,deontic:obligation|deontic:obligation,2,,,,,,
SEIU_102_0091,SEIU_1021_SF_2022_2024,21,"No employee seeking promotion, reassignment or transfer shall in any way be discriminated against because of their Union activities.",HARD,deontic:obligation|deontic:prohibition,2,,,,,,
SEIU_102_0857,SEIU_1021_SF_2022_2024,98,(2) year period following completion of the educational course or courses shall be required to repay an amount equivalent to the payroll cost of such assigned time for leave for the Work Training Program.,HARD,deontic:obligation,2,,,,,,
SEIU_102_0856,SEIU_1021_SF_2022_2024,98,Qualified employees must receive passing grades on all courses enrolled and attended under the program in order to continue participation in the program. 674. 9.,HARD,deontic:obligation,2,,,,,,
SEIU_102_0855,SEIU_1021_SF_2022_2024,98,Qualified employees must submit proof of course completion at the end of every semester prior to reapplying for continued participation in the program.,HARD,deontic:obligation,2,,,,,,
SEIU_102_0092,SEIU_1021_SF_2022_2024,21,EEO complaints shall be investigated by staff who are neutral and have no connection to the complaint or involved parties.,HARD,deontic:obligation,2,,,,,,
SEIU_102_0853,SEIU_1021_SF_2022_2024,98,The department head will be responsible for reviewing and checking the attendance of the employee in class during the specified assigned time and the employee on such assigned time must return to work status when school is not in session.,HARD,deontic:obligation,2,,,,,,
SEIU_102_0852,SEIU_1021_SF_2022_2024,98,"Such assigned time for educational purposes with pay shall not be granted to employees who are eligible for other benefits through the Veterans' Administration, the State Department of Veterans' Affairs or other benefit programs. 673. 8.",HARD,deontic:prohibition|deontic:obligation,2,,,,,,
SEIU_102_0851,SEIU_1021_SF_2022_2024,97,Such assigned time for educational purposes shall not be granted if the course is available at a time other than the employee's regular work shift.,HARD,deontic:prohibition|deontic:obligation,2,,,,,,
SEIU_102_0850,SEIU_1021_SF_2022_2024,97,Such assigned time with pay for educational purposes shall only be granted when the class session is during a regular work shift and the employee cannot be reassigned to another work shift. 671. 6.,HARD,deontic:obligation,2,,,,,,
SEIU_102_0093,SEIU_1021_SF_2022_2024,21,"Within sixty (60) days of the effective date of this Agreement, the Union and the City shall establish a labor management committee to discuss issues in the workplace for City employees represented by the Union related to diversity and an equitable and inclusive City workplace.",HARD,deontic:obligation,2,,,,,,
SEIU_102_0848,SEIU_1021_SF_2022_2024,97,"Not later than July 1, 2023, the City and the Union shall meet to discuss potential avenues of career advancement (e.g., Museum Guard to Parking Control Officer, Medical Evaluations Assistant to Registered Nurse), and, if mutually agreed, expand the Work Training Program.",HARD,deontic:obligation,2,,,,,,
SEIU_102_0865,SEIU_1021_SF_2022_2024,99,"Mandatory, in-house training shall not be counted toward the educational leave hours allotted for in the paragraph above.",HARD,deontic:prohibition|deontic:obligation,2,,,,,,
SEIU_102_0866,SEIU_1021_SF_2022_2024,100,The Committee shall consist of four,HARD,deontic:obligation,2,,,,,,
SEIU_102_0867,SEIU_1021_SF_2022_2024,100,"(4) Union representatives who shall meet at least quarterly to discuss issues related to training, retraining, cultural competency, and career development.",HARD,deontic:obligation,2,,,,,,
SEIU_102_0877,SEIU_1021_SF_2022_2024,101,"Prior to adopting new software portals, employees shall receive available training in their use.",HARD,deontic:obligation,2,,,,,,
SEIU_102_0884,SEIU_1021_SF_2022_2024,102,Licensed Clinical Social Workers (LCSW): LCSW’s must complete the State-mandated required hours of work experience.,HARD,deontic:obligation,2,,,,,,
SEIU_102_0883,SEIU_1021_SF_2022_2024,101,Exchange assignments shall be recorded on employee history cards and employees shall be credited for the performance of the duties in the exchanged position.,HARD,deontic:obligation,2,,,,,,
SEIU_102_0088,SEIU_1021_SF_2022_2024,20,"While the employee’s request for reasonable accommodation is pending, the Employer shall make every JULY 1, 2022 - JUNE 30, 2024 CBA BETWEEN CITY AND COUNTY OF SAN FRANCISCO AND SEIU LOCAL 1021 9",HARD,deontic:obligation,2,,,,,,
SEIU_102_0881,SEIU_1021_SF_2022_2024,101,"Employees holding permanent civil service appointment in positions under different appointing officers or in another public agency, may, upon their written request and with the approval of the appointing officers concerned and the Human Resources Director, be exchanged in positions in the respective departments or other public agency for a period not to exceed one",SOFT,deontic:permission,2,,,,,,
SEIU_102_0880,SEIU_1021_SF_2022_2024,101,All new HOM employees who are required to access CareLink on an ongoing basis as part of their regular job duties will receive training commensurate with their assigned job duties.,HARD,deontic:obligation,2,,,,,,
SEIU_102_0879,SEIU_1021_SF_2022_2024,101,"All employees assigned to work in the Youth Guidance Center (YGC) shall receive no less than one additional day of training per year in working with adult (18-25) populations, including defensive tactics and extraction techniques.",HARD,deontic:obligation,2,,,,,,
SEIU_102_0878,SEIU_1021_SF_2022_2024,101,"This training shall be conducted in alignment with vendor, state, or federal government guidance and mandates.",HARD,deontic:obligation,2,,,,,,
SEIU_102_0876,SEIU_1021_SF_2022_2024,100,"In addition, training shall be provided when an employee gets a new or different assignment to perform coding duties.",HARD,deontic:obligation,2,,,,,,
SEIU_102_0868,SEIU_1021_SF_2022_2024,100,"Where possible, these programs shall be incorporated into existing department training budgets.",HARD,deontic:obligation|deontic:preference,2,,,,,,
SEIU_102_0875,SEIU_1021_SF_2022_2024,100,"In the event that significant changes are made to Diagnosis Coding or Diagnosis Coding Procedures implemented by the City, the City shall provide appropriate training to employees in positions who perform this task.",HARD,deontic:obligation,2,,,,,,
SEIU_102_0874,SEIU_1021_SF_2022_2024,100,"For any training which the Chief Medical Examiner requires of Class 2580 Coroner's Investigators, the City shall reimburse such investigators for expenses directly related to that training including tuition.",HARD,deontic:obligation,2,,,,,,
SEIU_102_0873,SEIU_1021_SF_2022_2024,100,"Additionally, the Committee may also consider relevant training issues, including, but not limited to, career paths, joint training programs, CPR and AED training, and employee development designed to enhance employees’ readiness to perform effectively in changing work environments. 688.",SOFT,deontic:permission,2,,,,,,
SEIU_102_0872,SEIU_1021_SF_2022_2024,100,The Committee may also consider training programs to be available to all employees represented by the Union. 686.,SOFT,deontic:permission,2,,,,,,
SEIU_102_0190,SEIU_1021_SF_2022_2024,31,An employee shall be entitled to the appropriate reimbursement no later than one hundred-twenty (120) days following the submission of such claim.,HARD,deontic:obligation,2,,,,,,
SEIU_102_0870,SEIU_1021_SF_2022_2024,100,The parties shall exercise all reasonable efforts to begin providing programs by September 2014. 684.,HARD,deontic:obligation,2,,,,,,
SEIU_102_0869,SEIU_1021_SF_2022_2024,100,"In the event that new programs exceed existing training budgets, a fund shall be established in an amount no greater than $250,000 for the term of this MOU.",HARD,deontic:obligation,2,,,,,,
SEIU_102_0929,SEIU_1021_SF_2022_2024,107,The committee shall meet quarterly.,HARD,deontic:obligation,2,,,,,,
SEIU_102_0930,SEIU_1021_SF_2022_2024,107,The goal of the members shall be to make joint City-Union recommendations to the Director of Human Resources for measures the City to adopt to improve employee safety in the Tenderloin and SOMA.,HARD,deontic:obligation,2,,,,,,
SEIU_102_0931,SEIU_1021_SF_2022_2024,108,"The City shall provide PPE consistent with Federal, State and Local mandates.",HARD,deontic:obligation,2,,,,,,
SEIU_102_0932,SEIU_1021_SF_2022_2024,108,"No later than October 1, 2022, the City and the Union shall establish a PPE/Safety Committee to discuss safety issues in the workplace, including the provision of PPE.",HARD,deontic:obligation,2,,,,,,
SEIU_102_0993,SEIU_1021_SF_2022_2024,115,An employee may remain on compulsory sick leave until such time as the employee is found to be competent to return to duty by a physician designated by the Human Resources Director.,SOFT,deontic:permission,2,,,,,,
SEIU_102_0992,SEIU_1021_SF_2022_2024,115,"If the medical specialist confirms the compulsory sick leave, the specialist shall specify the duration of the leave. 793.",HARD,deontic:obligation,2,,,,,,
SEIU_102_0991,SEIU_1021_SF_2022_2024,115,The decision of the medical specialist shall be final and no further appeal shall be allowed.,HARD,deontic:obligation,2,,,,,,
SEIU_102_0990,SEIU_1021_SF_2022_2024,114,"This evaluation shall be JULY 1, 2022 - JUNE 30, 2024 CBA BETWEEN CITY AND COUNTY OF SAN FRANCISCO AND SEIU LOCAL 1021 103",HARD,deontic:obligation,2,,,,,,
SEIU_102_0989,SEIU_1021_SF_2022_2024,114,"The Human Resources Director shall appoint a medical specialist not in the City and County service who practices in the City and County of San Francisco, to conduct an evaluation and to report the findings.",HARD,deontic:obligation,2,,,,,,
SEIU_102_0988,SEIU_1021_SF_2022_2024,114,An employee placed on compulsory sick leave may appeal the imposition of compulsory sick leave to the Human Resources Director within fifteen (15) calendar days of the effective date of the leave.,SOFT,deontic:permission,2,,,,,,
SEIU_102_0987,SEIU_1021_SF_2022_2024,114,Written notice of the imposition of compulsory leave shall be sent to the employee prior to the effective date of the leave.,HARD,deontic:obligation,2,,,,,,
SEIU_102_0986,SEIU_1021_SF_2022_2024,114,The employee shall be informed of the employee’s right to have a representative present. 791.,HARD,deontic:obligation,2,,,,,,
SEIU_102_0985,SEIU_1021_SF_2022_2024,114,"At the request of the employee, the appointing authority or designee at the level of Departmental Manager shall meet with the employee - and if the employee requests, a representative of the Union - prior to the imposition of a compulsory leave.",HARD,deontic:obligation,2,,,,,,
SEIU_102_0984,SEIU_1021_SF_2022_2024,114,"If the examining physician determines that the employee is not medically or physically competent and recommends the imposition of sick leave, the physician shall specify the duration of such leave. 790.",HARD,deontic:obligation,2,,,,,,
SEIU_102_0983,SEIU_1021_SF_2022_2024,114,"If the employee refuses to obtain such physician's certificate or if as a result of a medical evaluation, the employee is found not to be medically or physically competent, the appointing officer or designee may place the employee on compulsory sick leave and shall immediately report such action to the Human Resources Director.",HARD,deontic:obligation|deontic:permission,2,,,,,,
SEIU_102_0982,SEIU_1021_SF_2022_2024,114,"The appointing authority shall notify the employee in writing of the specific incidents or behavior that is considered to cause risk to co-workers, the public or the employee. 789.",HARD,deontic:obligation,2,,,,,,
SEIU_102_0981,SEIU_1021_SF_2022_2024,114,"An appointing officer or designee who has reason to believe that an employee is not medically or physically competent to perform assigned duties, and if allowed to continue in employment or return from leave may represent a risk to co-workers, the public and the employee, may require the employee to present a medical report from a physician designated by the Human Resources Director certifying the employee's medical or physical competency to perform the required duties. 788.",SOFT,deontic:permission,2,,,,,,
SEIU_102_0978,SEIU_1021_SF_2022_2024,114,(6) months and provided further that such leave shall not be extended beyond a period of one,HARD,deontic:prohibition|deontic:obligation,2,,,,,,
SEIU_102_0072,SEIU_1021_SF_2022_2024,18,"The City shall provide information to the Union electronically, as available, to permit the evaluation of contract compliance.",HARD,deontic:obligation,2,,,,,,
SEIU_102_0976,SEIU_1021_SF_2022_2024,114,Approved sick leave under this section shall be paid retroactive to the first day of injury.,HARD,deontic:obligation,2,,,,,,
SEIU_102_0975,SEIU_1021_SF_2022_2024,113,Sick leave under this section shall not be charged against earned sick leave with pay credits.,HARD,deontic:prohibition|deontic:obligation,2,,,,,,
SEIU_102_0994,SEIU_1021_SF_2022_2024,115,The compulsory sick leave may be abridged with the approval of the physician designated by the Human Resources Director.,SOFT,deontic:permission,2,,,,,,
SEIU_102_0995,SEIU_1021_SF_2022_2024,115,"An employee who is absent because of disability leave and who is receiving disability indemnity payments may request, by submitting a signed option statement to the employee's department following the release from disability leave, that the amount of disability indemnity payment be supplemented with salary to be charged against the employee's supplemental disability credits so as to equal the full salary the employee would have earned for the regular work schedule.",SOFT,deontic:permission,2,,,,,,
SEIU_102_0996,SEIU_1021_SF_2022_2024,115,The regular work schedule shall be that schedule in effect at the commencement of the disability leave. 795.,HARD,deontic:obligation,2,,,,,,
SEIU_102_1013,SEIU_1021_SF_2022_2024,117,The Board of Supervisors may provide by ordinance that leaves of absence shall be granted to officers and employees during time of war for service directly connected with the prosecution of the war or national defense or preparedness.,HARD,deontic:obligation|deontic:permission,2,,,,,,
SEIU_102_0069,SEIU_1021_SF_2022_2024,18,"The Union shall be responsible for their installation and operation and all costs relating thereto, including maintenance and insurance.",HARD,deontic:obligation,2,,,,,,
SEIU_102_1183,SEIU_1021_SF_2022_2024,166,The Safety Committees of Community Health Programs and Mental Health Programs may include three,SOFT,deontic:permission,2,,,,,,
SEIU_102_0070,SEIU_1021_SF_2022_2024,18,Proceeds from sales made through the vending machines shall be deposited in a special fund under the direction and control of the Union and allocated exclusively for the benefit of employees' recreation and welfare. 51.,HARD,deontic:obligation,2,,,,,,
SEIU_102_1007,SEIU_1021_SF_2022_2024,116,"An employee who wishes not to supplement, or who wishes to supplement with compensatory time, vacation or floating holidays must submit a written request to the appointing officer or designee within seven calendar days following the first date of absence. 807.",HARD,deontic:obligation,2,,,,,,
SEIU_102_1005,SEIU_1021_SF_2022_2024,116,Sick leave with pay credits shall be used to supplement State Disability Insurance (SDI) at the minimum rate in units of one hour. 805.,HARD,deontic:obligation,2,,,,,,
SEIU_102_0071,SEIU_1021_SF_2022_2024,18,"Effective July 1, 2014, the Union shall not establish any new vending machines, but the Union may continue operating vending machines where already established.",HARD,deontic:prohibition|deontic:obligation|deontic:permission,2,,,,,,
SEIU_102_1004,SEIU_1021_SF_2022_2024,116,"Should an employee suffer a recurrence or a new injury before all supplemental disability credits are regained, the supplemental disability credit balance shall be that balance existing at the beginning of the pay period in which the recurrence or new injury occurs and shall be adjusted for the amount of supplemental disability credits subsequently earned and sick leave with pay credits subsequently used.",HARD,deontic:obligation|deontic:preference,2,,,,,,
SEIU_102_1003,SEIU_1021_SF_2022_2024,115,"Upon return to duty, an employee who has used supplemental disability credits shall earn sick leave with pay credits at the normal rate and shall earn supplemental disability credits at twice the rate that sick leave with pay credits are earned until such time as the total hours of supplemental disability credits used are regained.",HARD,deontic:obligation,2,,,,,,
SEIU_102_1002,SEIU_1021_SF_2022_2024,115,"An employee who uses supplemental disability credits to supplement disability indemnity payments shall, while on disability leave, earn supplemental disability credits at the same rate as sick leave with pay credits. 802.",HARD,deontic:obligation,2,,,,,,
SEIU_102_1001,SEIU_1021_SF_2022_2024,115,"When an employee has used sick leave with pay credits and the Retirement System subsequently determines that the employee was entitled to disability indemnity payment for the period of absence, provision shall be made for adjusting the employee's sick leave with pay credit balance and for reimbursing the appropriate City fund for the amount of sick leave with pay credits charged and paid. 801.",HARD,deontic:obligation,2,,,,,,
SEIU_102_1000,SEIU_1021_SF_2022_2024,115,Salary may be paid on regular timerolls and charged against the unused sick leave with pay credit balance during any period prior to the commencement of the determination of eligibility for disability indemnity payment without requiring a signed option by the employee. 800.,SOFT,deontic:permission,2,,,,,,
SEIU_102_0999,SEIU_1021_SF_2022_2024,115,"The employee's department shall submit separate timerolls to reflect this action only after the Retirement System certifies the amount of disability indemnity payment, if any, for the period. 799.",HARD,deontic:obligation,2,,,,,,
SEIU_102_0998,SEIU_1021_SF_2022_2024,115,Supplemental disability credits shall be used at the minimum rate in units of one hour. 798.,HARD,deontic:obligation,2,,,,,,
SEIU_102_0974,SEIU_1021_SF_2022_2024,113,The equivalent number of hours shall be based on the employee's authorized normal daily work schedule. 6.,HARD,deontic:obligation,2,,,,,,
SEIU_102_0973,SEIU_1021_SF_2022_2024,113,Sick leave with pay credit balances shall be converted from days to hours based on the equivalent number of hours in such employee's sick leave with pay credit balances.,HARD,deontic:obligation,2,,,,,,
SEIU_102_0972,SEIU_1021_SF_2022_2024,113,Sick leave with pay credits shall be used and deducted at the minimum rate in units of one one-quarter (1/4) hour for those employees whose credits are calculated in hours. 5.,HARD,deontic:obligation,2,,,,,,
SEIU_102_0941,SEIU_1021_SF_2022_2024,109,"Departments may designate employees, other than uniformed members of the Police and Sheriff's Departments, but including Juvenile Court Counselors, whose position, hours and/or work location would warrant training in the use of mace.",SOFT,deontic:permission,2,,,,,,
SEIU_102_0082,SEIU_1021_SF_2022_2024,20,Departments shall maintain files on formal reasonable accommodation requests that include information related to: status of accommodation requests and the resolution of closed accommodation requests. 63.,HARD,deontic:obligation,2,,,,,,
SEIU_102_0947,SEIU_1021_SF_2022_2024,111,"Requests for military, maternity, or witness or jury duty leave shall be granted as provided herein. 758.",HARD,deontic:obligation,2,,,,,,
SEIU_102_0083,SEIU_1021_SF_2022_2024,20,"Following a reasonable period of time after the employee has submitted the information required or requested by the department for a reasonable accommodation, but not later than thirty days, the City shall provide a written response to the employee's request.",HARD,deontic:obligation,2,,,,,,
SEIU_102_0945,SEIU_1021_SF_2022_2024,109,The City shall provide training to all employees in classification 2708 (Custodian) and 2706 (Housekeeper/Food Service Cleaner) regarding proper procedures for infectious waste.,HARD,deontic:obligation,2,,,,,,
SEIU_102_0944,SEIU_1021_SF_2022_2024,109,"Benefits provided by this Section shall not exceed a total cost to the City of $10,000 in any fiscal year.",HARD,deontic:prohibition|deontic:obligation,2,,,,,,
SEIU_102_0943,SEIU_1021_SF_2022_2024,109,"An initial supply of Mace, replacement when needed, and a suitable holder shall be provided at no cost to the employee.",HARD,deontic:obligation,2,,,,,,
SEIU_102_0942,SEIU_1021_SF_2022_2024,109,Training shall be given at no cost to the employee.,HARD,deontic:obligation,2,,,,,,
SEIU_102_0940,SEIU_1021_SF_2022_2024,109,Inspections may be coordinated through the Departmental Personnel Officer or Safety Coordinator.,SOFT,deontic:permission,2,,,,,,
SEIU_102_0081,SEIU_1021_SF_2022_2024,20,"When an employee requests an accommodation pursuant to the ADA and the Fair Employment and Housing Act, as amended by the Prudence Kay Poppink Act, the City and its Departments shall meet with the employee and, at the request of the employee, with the employee’s Union representative.",HARD,deontic:obligation,2,,,,,,
SEIU_102_0939,SEIU_1021_SF_2022_2024,109,"Upon request, a pregnant employee shall have the right to be assigned duties or to be temporarily appointed to another position away from computers for the duration of pregnancy.",HARD,deontic:obligation,2,,,,,,
SEIU_102_0938,SEIU_1021_SF_2022_2024,109,"(2) hours, the employee shall be assigned duties away from the computer for fifteen (15) minutes after two",HARD,deontic:obligation,2,,,,,,
SEIU_102_0937,SEIU_1021_SF_2022_2024,109,Every employee working on a computer shall be required to take break away from the employee’s screen of at least fifteen (15) minutes after two,HARD,deontic:obligation,2,,,,,,
SEIU_102_0936,SEIU_1021_SF_2022_2024,108,This environment shall comply with any applicable regulatory requirements and promote employee health and safety.,HARD,deontic:obligation,2,,,,,,
SEIU_102_0935,SEIU_1021_SF_2022_2024,108,The City and the Union agree that employees working on computer equipment shall have safe and healthy work environments.,HARD,deontic:obligation,2,,,,,,
SEIU_102_0934,SEIU_1021_SF_2022_2024,108,The goal of the members shall be to make joint City-Union recommendations related to the use and the provision of appropriate PPE.,HARD,deontic:obligation,2,,,,,,
SEIU_102_0933,SEIU_1021_SF_2022_2024,108,The Committee shall meet twice annually.,HARD,deontic:obligation,2,,,,,,
SEIU_102_0949,SEIU_1021_SF_2022_2024,111,"(5) continuous working days shall be certified by a licensed medical doctor, doctor of dental surgery, doctor of podiatric medicine, licensed clinical psychologist, Christian Science Practitioner or licensed social worker, licensed doctor of chiropractic, optometrist, nurse practitioner or nurse midwife within the scope of their practice as defined by state law.",HARD,deontic:obligation,2,,,,,,
SEIU_102_0080,SEIU_1021_SF_2022_2024,20,The parties may extend this time limit by mutual agreement.,SOFT,deontic:permission,2,,,,,,
SEIU_102_0971,SEIU_1021_SF_2022_2024,113,For twelve (12) hour shift employees the rate shall be .075 per hour worked. 4.,HARD,deontic:obligation,2,,,,,,
SEIU_102_0962,SEIU_1021_SF_2022_2024,112,Sick leave with pay may be granted to employees who have earned sick leave with pay credits and who have served a total of six,SOFT,deontic:permission,2,,,,,,
SEIU_102_0073,SEIU_1021_SF_2022_2024,18,The information shall be provided within ten (10) calendar days of a written request to the Employee Relations Department.,HARD,deontic:obligation,2,,,,,,
SEIU_102_0074,SEIU_1021_SF_2022_2024,18,"This shall include, but not be limited to, Names, department, worksite, classification, seniority, hire date, and status of represented employees. 54.",HARD,deontic:obligation,2,,,,,,
SEIU_102_0967,SEIU_1021_SF_2022_2024,113,The rate of earning and accumulating sick leave with pay credits and authorization for its use under this Agreement shall in no way inhibit or restrict the right of an appointing officer to establish reasonable and uniform standards. 778.,HARD,deontic:obligation,2,,,,,,
SEIU_102_0966,SEIU_1021_SF_2022_2024,113,No single employee may contribute more than six,SOFT,deontic:permission,2,,,,,,
SEIU_102_0075,SEIU_1021_SF_2022_2024,18,The City shall provide to the Union every two weeks a report containing the following information for all represented employees: 1.,HARD,deontic:obligation,2,,,,,,
SEIU_102_0964,SEIU_1021_SF_2022_2024,113,"(6) continuous months by any employee other than an employee designated as a ""holdover"" will cause prior accumulated sick leave with pay credits to be canceled and eligibility for sick leave with pay must be re-established. 775.",HARD,deontic:obligation,2,,,,,,
SEIU_102_0076,SEIU_1021_SF_2022_2024,19,The City shall provide to the Union on an annual basis the Work Force Composition Report (EEO-4).,HARD,deontic:obligation,2,,,,,,
SEIU_102_0961,SEIU_1021_SF_2022_2024,112,(5) working days shall be abridged if the employee presents to the appointing officer or designee medical evidence of capability to resume all the duties of the position Sick Leave with Pay 1.,HARD,deontic:obligation,2,,,,,,
SEIU_102_0079,SEIU_1021_SF_2022_2024,20,"The Parties agree that they are required to provide reasonable accommodations for persons with disabilities in order to comply with the provisions of the Americans with Disabilities Act and the Fair Employment and Housing Act, as amended by the Prudence Kay Poppink Act.",HARD,deontic:obligation,2,,,,,,
SEIU_102_0960,SEIU_1021_SF_2022_2024,112,Sick leave shall automatically terminate on the effective date of an employee's retirement. 4.,HARD,deontic:obligation,2,,,,,,
SEIU_102_0078,SEIU_1021_SF_2022_2024,20,An employee may file a grievance under this section and/or pursue a complaint through the relevant City office related to the same event or conduct.,SOFT,deontic:permission,2,,,,,,
SEIU_102_0957,SEIU_1021_SF_2022_2024,112,"(2) Absence because of the death of any other person to whom the employee may be reasonably deemed to owe respect; leave shall be for not more than one working day; however, two additional working days shall be granted if travel outside the State of California is required as a result of the person's death. d.",HARD,deontic:obligation|deontic:permission,2,,,,,,
SEIU_102_0956,SEIU_1021_SF_2022_2024,112,"Such leave shall not exceed three working days and shall be taken within 30 calendar days after the date of death; however, two additional working days shall be granted in conjunction with the bereavement leave if travel outside the State of California is required as a result of the death. 767.",HARD,deontic:prohibition|deontic:obligation,2,,,,,,
SEIU_102_0955,SEIU_1021_SF_2022_2024,111,"A leave granted under this provision for one of the following reasons shall be known as ""sick leave"". 764. a.",HARD,deontic:obligation,2,,,,,,
SEIU_102_0953,SEIU_1021_SF_2022_2024,111,An authorized leave granted under this section shall not be considered as a break in the continuous service of an employee.,HARD,deontic:prohibition|deontic:obligation,2,,,,,,
SEIU_102_1011,SEIU_1021_SF_2022_2024,117,Officers and employees requesting military leave shall file with the Human Resources Director a copy of the orders necessitating such service prior to the effective date of the leave of absence and upon return from such leave shall submit a copy of the discharge or release. 6.,HARD,deontic:obligation,2,,,,,,
SEIU_102_1189,SEIU_1021_SF_2022_2024,167,Some employees may be exposed to infectious and communicable diseases in the normal course of work.,SOFT,deontic:permission,2,,,,,,
SEIU_102_1184,SEIU_1021_SF_2022_2024,166,Release Time Employee Representatives shall receive paid release time from regular duties for Safety Committee meetings and Committee-approved activities.,HARD,deontic:obligation,2,,,,,,
SEIU_102_0010,SEIU_1021_SF_2022_2024,12,"It is the intent of the parties signatory hereto that the provisions of this Agreement shall become binding upon adoption or acceptance by the City and ratification by the general memberships of JULY 1, 2022 - JUNE 30, 2024 CBA BETWEEN CITY AND COUNTY OF SAN FRANCISCO AND SEIU LOCAL 1021 1",HARD,deontic:obligation,2,,,,,,
SEIU_102_1428,SEIU_1021_SF_2022_2024,211,"The parties recognize that changes in workload may be driven by different factors, including changes in budgets or proposals for new capital projects, new information systems, or new government services.",SOFT,deontic:permission,2,,,,,,
SEIU_102_1425,SEIU_1021_SF_2022_2024,209,"The Committee agrees that the following definitions clarify the factors which departments may use as the basis for requesting approval of a PSC by the Civil Service Commission, and jointly agrees to present these recommended clarifications to the Civil Service Commission.",SOFT,deontic:permission,2,,,,,,
SEIU_102_1424,SEIU_1021_SF_2022_2024,209,"The City will continue to meet and discuss the design, production, development, and implementation date of this second phase of the PSC database with PEC representatives, which shall be incorporated into the existing PSC database. 2.",HARD,deontic:obligation,2,,,,,,
SEIU_102_1423,SEIU_1021_SF_2022_2024,209,"1.b.) Effective July 1, 2012, all departments submitting requests for approvals of PSCs shall utilize and enter all information into the PSC database regarding their request for a PSC. 1.c) Accountability in Financial Reporting of City Expenditures on PSCs In FY2012-13, the City will initiate and develop a timeline within three",HARD,deontic:obligation,2,,,,,,
SEIU_102_1422,SEIU_1021_SF_2022_2024,208,"The PSC database will enable tracking and monitoring of Personal Services Contracts submitted to and approved by the Civil Service Commission, and all City unions shall be able to access data, and produce and generate reports from the database.",HARD,deontic:obligation,2,,,,,,
SEIU_102_1421,SEIU_1021_SF_2022_2024,208,"Accountability and Transparency in Personal Services Contracting – Establishment of PSC Database 1.a) As a result of the work of the Committee, the PSC process has been made more transparent, resulting in the creation of a PSC database, which will enhance internal efficiency, create greater accountability, and shall allow all interested parties to access data that has historically been unavailable electronically.",HARD,deontic:obligation,2,,,,,,
SEIU_102_1420,SEIU_1021_SF_2022_2024,208,"The Committee's mission statement, adopted on May 13, 2011, affirmed that the City and the PEC are dedicated both to the long-term, responsible stewardship of the limited resources entrusted to the City and County of San Francisco and to the delivery of high-quality services to its residents.",SOFT,deontic:permission,2,,,,,,
SEIU_102_1418,SEIU_1021_SF_2022_2024,206,"Ongoing Planning and Evaluation with Consumers, Communities and Providers: To ensure accountability to providers and consumer communities and the protection and promotion of consumer rights, there must be mechanisms to ensure ongoing planning and evaluation of the system.",HARD,deontic:obligation,2,,,,,,
SEIU_102_1417,SEIU_1021_SF_2022_2024,206,Development of Health Workforce: Comprehensive health system reform must include support for the education and training of health care workers to ensure:,HARD,deontic:obligation,2,,,,,,
SEIU_102_1416,SEIU_1021_SF_2022_2024,206,Quality assurance should also address the cultural competence of care and assess whether culturally and linguistically appropriate services are being delivered.,SOFT,deontic:preference,2,,,,,,
SEIU_102_1415,SEIU_1021_SF_2022_2024,206,Mechanisms should include a process of appeal to ensure that patient rights are respected.,SOFT,deontic:preference,2,,,,,,
SEIU_102_1414,SEIU_1021_SF_2022_2024,206,Quality Assurance: There must be mechanisms and safeguards to ensure effective and efficient organization of services and high quality care.,HARD,deontic:obligation,2,,,,,,
SEIU_102_1413,SEIU_1021_SF_2022_2024,206,The health system should be financed through a combination of progressive financing mechanisms that reflect ability to pay.,SOFT,deontic:preference,2,,,,,,
SEIU_102_1412,SEIU_1021_SF_2022_2024,206,Financing: Health reform must recognize that individuals in society ultimately will pay for the financing of any health system.,HARD,deontic:obligation,2,,,,,,
SEIU_102_1411,SEIU_1021_SF_2022_2024,206,"These measures should be based on appropriate regulatory provisions and should cover all components of the health system, without creating barriers to appropriate care.",SOFT,deontic:preference,2,,,,,,
SEIU_102_1431,SEIU_1021_SF_2022_2024,213,"Job Experience Crediting, as described below, shall apply to classifications in which at least fifteen percent (15%) of the total base (i.e., pay code WKP) hours worked in the classification in the twelve (12) months ending three",HARD,deontic:obligation,2,,,,,,
SEIU_102_0012,SEIU_1021_SF_2022_2024,13,"In the event the parties reach a tentative agreement, the Employee Relations Director and the Union negotiating team shall present a full tentative agreement, signed by the Employee Relations Director and representatives of the Union negotiating team, to the City and the Union general membership for ratification within sixty (60) days of signing such full tentative agreement together with their recommendations. 10.",HARD,deontic:obligation,2,,,,,,
SEIU_102_1433,SEIU_1021_SF_2022_2024,213,"The Department of Human Resources shall establish and administer Classification Based Examinations (“CBT”) and direct the design and administration of Position-Based Examinations (“PBT”) using a Job Experience Crediting approach that acknowledges applicant work experience(s) related to the target job classification, based on the following criteria: 1.",HARD,deontic:obligation,2,,,,,,
SEIU_102_1446,SEIU_1021_SF_2022_2024,215,"The purpose of the Committee shall be to ensure compliance with this Side Letter, including the obligations to reduce inappropriate use of As-Needed employees.",HARD,deontic:obligation,2,,,,,,
SEIU_102_1455,SEIU_1021_SF_2022_2024,217,Only Civil Service class 8208 Park Patrol Officers who have passed SFRPD probation may bid; 2.,SOFT,deontic:permission,2,,,,,,
SEIU_102_1453,SEIU_1021_SF_2022_2024,217,"PARK PATROL SHIFT BID PILOT PROGRAM To ensure the safety of the parks and facilities used daily by the public, and to meet the challenges of providing coverage for over 200 such areas with 3400 acres in a 40+ square mile area, shift schedules must be carefully managed and assigned.",HARD,deontic:obligation,2,,,,,,
SEIU_102_1452,SEIU_1021_SF_2022_2024,216,Copies of the surveys shall be provided to the Labor Management As-Needed Adherence Committee.,HARD,deontic:obligation,2,,,,,,
SEIU_102_1450,SEIU_1021_SF_2022_2024,216,"The City shall provide the Union members of the Committee, including witnesses called to testify before the Committee, with fully-paid release time to participate in Committee meetings and caucuses.",HARD,deontic:obligation,2,,,,,,
SEIU_102_1449,SEIU_1021_SF_2022_2024,216,The Committee shall be comprised of six,HARD,deontic:obligation,2,,,,,,
SEIU_102_1448,SEIU_1021_SF_2022_2024,215,"The Committee may issue quarterly SIDE LETTERS TO THE JULY 1, 2022 - JUNE 30, 2024 CBA BETWEEN CITY AND COUNTY OF SAN FRANCISCO AND SEIU LOCAL 1021 204",SOFT,deontic:permission,2,,,,,,
SEIU_102_1447,SEIU_1021_SF_2022_2024,215,"The Committee shall be tasked with identifying job classifications where there appears to be inappropriate use of AsNeeded employees, and request timely corrective action.",HARD,deontic:obligation,2,,,,,,
SEIU_102_1442,SEIU_1021_SF_2022_2024,214,"Under this paragraph, an arbitrator may make an advisory recommendation to the Mayor or Civil Service Commission on matters that are beyond the scope of an arbitrator’s authority.",SOFT,deontic:permission,2,,,,,,
SEIU_102_1434,SEIU_1021_SF_2022_2024,213,Verification of satisfactory performance associated with the relevant work experience may be required with the submission of the application. b.,SOFT,deontic:permission,2,,,,,,
SEIU_102_1441,SEIU_1021_SF_2022_2024,214,"The arbitrator may not order relief that is inconsistent with, or interferes with, the authority reserved by the Charter to the Mayor, the Board of Supervisors, the Civil Service Commission, Retirement System, or Health Services System.",SOFT,deontic:restriction|deontic:permission,2,,,,,,
SEIU_102_1440,SEIU_1021_SF_2022_2024,214,"For violations of this side letter, the arbitrator may order the City to implement appropriate affirmative remedies, including monetary relief.",SOFT,deontic:permission,2,,,,,,
SEIU_102_1439,SEIU_1021_SF_2022_2024,214,"Violations of this side letter can be appealed through the grievance and arbitration procedure under Article IV of the MOU, and Arbitrator Robert Hirsch, or another mutually agreed upon arbitrator, shall serve as the Arbitrator.",HARD,deontic:obligation,2,,,,,,
SEIU_102_1438,SEIU_1021_SF_2022_2024,214,"Employment conditions prior to the term of this Agreement will not be sufficient standing alone to constitute a violation of this limitation, but may be admitted as evidence. 2.",SOFT,deontic:permission,2,,,,,,
SEIU_102_1437,SEIU_1021_SF_2022_2024,214,The City may not use As-Needed (Charter Section 10.104.16) employees to avoid hiring employees in permanent status or to circumvent the denial of departmental requests to fill vacancies.,SOFT,deontic:restriction|deontic:permission,2,,,,,,
SEIU_102_1436,SEIU_1021_SF_2022_2024,214,The parties shall jointly seek Civil Service Commission approval to expand the Commission’s policy to allow temporary exempt (Category 16) employees who are reachable under the certification rule to be selected for permanent appointment without participating in additional selection processes.,HARD,deontic:obligation,2,,,,,,
SEIU_102_1435,SEIU_1021_SF_2022_2024,214,The City shall cooperate with requests by the Union on behalf of current non-permanent employees for data that helps establish their eligibility for the Job Experience Crediting Program. 9.,HARD,deontic:obligation,2,,,,,,
SEIU_102_1410,SEIU_1021_SF_2022_2024,206,Cost Containment: Health reform must include a package of cost containment measures to control operating and capital expenses because excess costs ultimately limit access to services.,HARD,deontic:obligation,2,,,,,,
SEIU_102_1409,SEIU_1021_SF_2022_2024,205,"The plan should also include specified programs currently provided by public health departments, including mental health, family planning, long-term care, and substance abuse services.",SOFT,deontic:preference,2,,,,,,
SEIU_102_1408,SEIU_1021_SF_2022_2024,205,Covered services must include disease prevention and health promotion programs which will assist in long-term cost containment.,HARD,deontic:obligation,2,,,,,,
SEIU_102_1377,SEIU_1021_SF_2022_2024,196,A Reduced Work Schedule shall not be less than twenty (20) hours per week or for less than three,HARD,deontic:prohibition|deontic:obligation,2,,,,,,
SEIU_102_1384,SEIU_1021_SF_2022_2024,197,"volunteer coordinator, or shall be provided information about pending volunteer position descriptions upon request of the Union Business Representative.",HARD,deontic:obligation,2,,,,,,
SEIU_102_1383,SEIU_1021_SF_2022_2024,196,"Volunteers In addition to the language that exists in the current Collective Bargaining Agreement between SEIU and the City, the Library agrees to the following language: The Union shall be given a copy of each new approved volunteer position description as soon as it is prepared by the SUPPLEMENTAL AGREEMENTS TO THE JULY 1, 2022 - JUNE 30, 2024 CBA BETWEEN CITY AND COUNTY OF SAN FRANCISCO AND SEIU LOCAL 1021 185",HARD,deontic:obligation,2,,,,,,
SEIU_102_1382,SEIU_1021_SF_2022_2024,196,"Should a space currently in use as a staff lounge be needed for some other purpose, including renovation, the Library will meet and discuss alternatives with the affected staff with the intent of preserving a staff lounge area for that facility.",SOFT,deontic:preference,2,,,,,,
SEIU_102_1381,SEIU_1021_SF_2022_2024,196,"Attendance at Meetings If the Library Commission requests Union representatives at the regularly scheduled Library Commission Meeting, the Library shall allow one",HARD,deontic:obligation,2,,,,,,
SEIU_102_1380,SEIU_1021_SF_2022_2024,196,An employee may appeal a denial of the employee’s RWS request to the City Librarian within fourteen (14) calendar days of the denial.,SOFT,deontic:permission,2,,,,,,
SEIU_102_1379,SEIU_1021_SF_2022_2024,196,An employee may request alteration or cancellation of the employee’s RWS contract for promotion or reassignment purposes.,SOFT,deontic:permission,2,,,,,,
SEIU_102_1378,SEIU_1021_SF_2022_2024,196,"Once the request is approved, the Library or the employee may request a review at three",SOFT,deontic:permission,2,,,,,,
SEIU_102_1376,SEIU_1021_SF_2022_2024,196,Conditions and criteria for approval of RWS shall be discussed with the Union in April of each year.,HARD,deontic:obligation,2,,,,,,
SEIU_102_1386,SEIU_1021_SF_2022_2024,197,Meal Breaks (Unpaid) The Library shall not require any employee during an eight,HARD,deontic:prohibition|deontic:obligation,2,,,,,,
SEIU_102_1375,SEIU_1021_SF_2022_2024,196,Reduced work schedules shall be approved in an equitable manner.,HARD,deontic:obligation,2,,,,,,
SEIU_102_1374,SEIU_1021_SF_2022_2024,195,The application process will begin in May.,SOFT,deontic:permission,2,,,,,,
SEIU_102_1373,SEIU_1021_SF_2022_2024,195,Reduced Work Schedule The Library shall consider requests from full-time employees for voluntary reduced work schedules each fiscal year.,HARD,deontic:obligation,2,,,,,,
SEIU_102_1372,SEIU_1021_SF_2022_2024,195,"Employees who are required to attend training shall be funded, and such required training shall not be optional.",HARD,deontic:prohibition|deontic:obligation|deontic:obligation,2,,,,,,
SEIU_102_1371,SEIU_1021_SF_2022_2024,195,"If training occurs outside normal work hours the Library shall have the option to either change the employees work shift for the duration of the training or to provide compensatory time, based on the needs of the service.",HARD,deontic:obligation,2,,,,,,
SEIU_102_1370,SEIU_1021_SF_2022_2024,195,Whenever possible staff training shall be provided during regular shift hours.,HARD,deontic:obligation,2,,,,,,
SEIU_102_1369,SEIU_1021_SF_2022_2024,195,Whenever possible the Staff Development and Training Committee shall use existing City agencies to secure staff training.,HARD,deontic:obligation,2,,,,,,
SEIU_102_1385,SEIU_1021_SF_2022_2024,197,"The provisions of the Collective Bargain Agreement Volunteer SEIU and the City, paragraphs 128 - 129 Volunteers, SWAP, CALWORKS, CAAP Workforce, or others not covered by the agreement shall govern the use of volunteers in the Library and the pay of the supervisors of such volunteers.",HARD,deontic:obligation,2,,,,,,
SEIU_102_1388,SEIU_1021_SF_2022_2024,197,"Staff Safety No employee shall be required to work alone on any floor of a branch or department of the Main Library during open hours, or the facility (or floor/department of the facility) shall be closed to the public.",HARD,deontic:obligation|deontic:prohibition,2,,,,,,
SEIU_102_1407,SEIU_1021_SF_2022_2024,205,Comprehensive Benefits: There must be a guaranteed broad-based benefit package that emphasizes coordinated preventive and primary care services for individuals.,HARD,deontic:obligation,2,,,,,,
SEIU_102_1399,SEIU_1021_SF_2022_2024,203,(d) It is the intent of both parties that the VTOP contained in this MOU be administered and interpreted consistent with Civil Service Rule 120.28.2 which shall be incorporated as part of this Agreement.,HARD,deontic:obligation,2,,,,,,
SEIU_102_1406,SEIU_1021_SF_2022_2024,205,"Second, the public sector must be available to provide services to those who do not have access to other providers.",HARD,deontic:obligation,2,,,,,,
SEIU_102_1405,SEIU_1021_SF_2022_2024,205,"This is for at least three reasons: First, the public sector must always be ready to respond to health care crises, such as the HIV epidemic.",HARD,deontic:obligation,2,,,,,,
SEIU_102_1404,SEIU_1021_SF_2022_2024,205,These services must be recognized and adequately funded in any health reform plan.,HARD,deontic:obligation,2,,,,,,
SEIU_102_1403,SEIU_1021_SF_2022_2024,205,"Universal Coverage: Health system reform must guarantee health care as a right, not a privilege, with universal coverage and access for all people who live in California and in the United States, regardless of culture, class, ethnicity, and sexual orientation.",HARD,deontic:obligation,2,,,,,,
SEIU_102_1402,SEIU_1021_SF_2022_2024,205,"National health care reforms should recognize the best of local and state initiatives, including health care reforms that improve access, maximize delivery of cost-effective preventive care, and establish medical care payment programs designed to reduce overall medical costs.",SOFT,deontic:preference,2,,,,,,
SEIU_102_1401,SEIU_1021_SF_2022_2024,205,"Rather, a national framework for a health care system that works in partnership with the states is required to solve the three related problems of cost, quality, and access.",HARD,deontic:obligation,2,,,,,,
SEIU_102_0014,SEIU_1021_SF_2022_2024,13,"The City shall also have the right to determine the mission of its constituent departments, officers, boards and commissions; set standards of services to be offered to the public; and exercise control and discretion over the city's organization and operations.",HARD,deontic:obligation,2,,,,,,
SEIU_102_1389,SEIU_1021_SF_2022_2024,199,"RECREATION AND PARK SUPPLEMENTAL AGREEMENT Training / Classes Preparation Time Employees in classes 3204, 3210, 3214, 3280, 3284 and any other classes who are assigned by the Appointing Officer or designee to conduct training classes and/or training programs, shall be provided with necessary preparation time as deemed appropriate by the Appointing Officer or designee as part of their regular work schedule.",HARD,deontic:obligation,2,,,,,,
SEIU_102_1397,SEIU_1021_SF_2022_2024,203,(b) The Union shall provide the City with its input and recommendations as to how the present VTOP form should be amended so as to clearly express the rights and obligations of the employee and employer under this program;,HARD,deontic:obligation|deontic:preference,2,,,,,,
SEIU_102_1396,SEIU_1021_SF_2022_2024,201,"Arbitrator David Weinberg shall retain jurisdiction as neutral arbitrator and Chairperson to resolve such an impasse, through and until June 30, 2020.",HARD,deontic:obligation,2,,,,,,
SEIU_102_1395,SEIU_1021_SF_2022_2024,201,"At the conclusion of that four-month period, if the parties have not reached an agreement, either party may avail itself of the impasse resolution procedures in Charter Section A8.409-4.",SOFT,deontic:permission,2,,,,,,
SEIU_102_1394,SEIU_1021_SF_2022_2024,201,The meet and confer process shall conclude after four,HARD,deontic:obligation,2,,,,,,
SEIU_102_1393,SEIU_1021_SF_2022_2024,201,The Union shall elect two,HARD,deontic:obligation,2,,,,,,
SEIU_102_1392,SEIU_1021_SF_2022_2024,201,"Written Counseling The Sheriff’s Department may provide counseling in written form, but such counseling shall not constitute discipline or a performance improvement plan.",HARD,deontic:prohibition|deontic:obligation|deontic:permission,2,,,,,,
SEIU_102_1390,SEIU_1021_SF_2022_2024,200,"FINE ARTS SUPPLEMENTAL AGREEMENT Museum Training Training for classifications 8202 Security Guard, 8226 Museum Guard, and 8228 Senior Museum Guard shall continue by current practice.",HARD,deontic:obligation,2,,,,,,
SEIU_102_0011,SEIU_1021_SF_2022_2024,13,"Upon adoption, the provisions of this Agreement shall supersede and control over contrary or contradictory Charter provisions, ordinances, resolutions, rules or regulations of the City to the extent permissible by Charter Section A8.409. 9.",HARD,deontic:obligation,2,,,,,,
SEIU_102_1458,SEIU_1021_SF_2022_2024,217,The final approved shift assignments shall be posted in two conspicuous places in Park Patrol headquarters.,HARD,deontic:obligation,2,,,,,,
SEIU_102_1185,SEIU_1021_SF_2022_2024,166,Time off for representation should not unduly interfere with the performance of duties or with the work flow requirements of the department.,SOFT,deontic:preference,2,,,,,,
SEIU_102_1459,SEIU_1021_SF_2022_2024,217,"In the event a Park Patrol Officer must be moved from the Park Patrol Officer’s current shift to another shift, the Department will attempt to utilize the above criteria, however, once a Park Patrol Officer has moved to a new shift, the Officer will not be allowed to re-bid until the next scheduled shift-bidding process begins.",HARD,deontic:obligation,2,,,,,,
SEIU_102_1532,SEIU_1021_SF_2022_2024,238,This citywide NEO shall take place at minimum on a monthly basis.,HARD,deontic:obligation,2,,,,,,
SEIU_102_1531,SEIU_1021_SF_2022_2024,238,"Citywide and Departmental NEOs: New employees in those Departments identified in Attachment A shall attend a citywide NEO, sponsored by the Department of Human Resources.",HARD,deontic:obligation,2,,,,,,
SEIU_102_1530,SEIU_1021_SF_2022_2024,238,The Department sponsoring the NEO shall provide the foregoing information no less than five,HARD,deontic:obligation,2,,,,,,
SEIU_102_1528,SEIU_1021_SF_2022_2024,237,Notice of Enrollment: Notice shall include a list of new employees represented by the Union scheduled to attend the NEO.,HARD,deontic:obligation,2,,,,,,
SEIU_102_1527,SEIU_1021_SF_2022_2024,237,"This requirement shall apply to all NEOs in which City personnel provide newly-hired employees with information regarding employment status, rights, benefits, duties, responsibilities, or any other employmentrelated matters. 3.",HARD,deontic:obligation,2,,,,,,
SEIU_102_1526,SEIU_1021_SF_2022_2024,237,"Said notices shall be provided by email, to the Union NEO Coordinator.",HARD,deontic:obligation,2,,,,,,
SEIU_102_1525,SEIU_1021_SF_2022_2024,237,"For NEOs that are not offered on a regular, recurring schedule, the sponsoring Department shall provide no less than ten (10) business days’ notice.",HARD,deontic:obligation,2,,,,,,
SEIU_102_1524,SEIU_1021_SF_2022_2024,237,"Notice of Schedule: For any NEO that takes place on a regular, recurring schedule, the sponsoring Department shall be responsible for providing annual notice to the Union.",HARD,deontic:obligation,2,,,,,,
SEIU_102_1523,SEIU_1021_SF_2022_2024,237,"If the employee does not attend the subsequently scheduled NEO, the Union NEO Coordinator may contact the Departmental NEO coordinator to arrange a meeting with the employee pursuant to Section F., below.",SOFT,deontic:permission,2,,,,,,
SEIU_102_1522,SEIU_1021_SF_2022_2024,237,"In the event that a newly-hired employee’s regular schedule is outside of a scheduled NEO, the Department may make a one-time adjustment to the employee’s work schedule in order to accommodate this requirement.",SOFT,deontic:permission,2,,,,,,
SEIU_102_1521,SEIU_1021_SF_2022_2024,237,"NEOs shall be scheduled during an employee’s regularly scheduled, paid time.",HARD,deontic:obligation,2,,,,,,
SEIU_102_1520,SEIU_1021_SF_2022_2024,237,"The City shall provide the Union written notice of, and access to, new employee orientations (hereinafter NEOs) as set forth below.",HARD,deontic:obligation,2,,,,,,
SEIU_102_1519,SEIU_1021_SF_2022_2024,236,"Nothing in this side letter shall prevent either party from proposing rule changes, making recommendations, or taking other actions at the Civil Service Commission outside of the process set forth in this side letter to streamline City hiring processes.",HARD,deontic:obligation,2,,,,,,
SEIU_102_1518,SEIU_1021_SF_2022_2024,236,"Second, the parties recognize that under the City Charter section 10.101, the Civil Service Commission has the legal authority to establish examination and appointment rules, and many of those rules must either be amended, updated or rescinded to provide a merit-based system that better serves applicants, City employees and departments.",HARD,deontic:obligation,2,,,,,,
SEIU_102_1516,SEIU_1021_SF_2022_2024,234,"Employees will be appointed to the same step in class 2573 as they are appointed in their underlying 2574 classification and maintain their salary anniversary date. • DPH shall work with the CSC to have those employees appointed to the 2573 class granted the same PCS status in class 2573 as their PCS status in their underlying 2574 appointment by October 1, 2022.",HARD,deontic:obligation,2,,,,,,
SEIU_102_1515,SEIU_1021_SF_2022_2024,233,"HUMAN SERVICES AGENCY – 2907 ELIGIBILITY WORKER SUPERVISOR SIDE LETTER Effective July 1, 2022, HSA shall adjust the step of all current and future 2907 Eligibility Worker Supervisors to be no lower than step 4 to ensure that these employees will always earn more than the 2905 Eligibility Worker.",HARD,deontic:obligation,2,,,,,,
SEIU_102_1533,SEIU_1021_SF_2022_2024,238,"At the City’s discretion, Departments may be added to or removed from either Attachment A or Attachment B.",SOFT,deontic:permission,2,,,,,,
SEIU_102_1534,SEIU_1021_SF_2022_2024,238,Every City Department shall be listed on either Attachment A or Attachment B.,HARD,deontic:obligation,2,,,,,,
SEIU_102_0003,SEIU_1021_SF_2022_2024,12,"Any non-supervisory, new or amended classification or reclassification not claimed by another Union and related to SEIU-represented classes shall be automatically assigned to a bargaining unit represented by SEIU.",HARD,deontic:obligation,2,,,,,,
SEIU_102_1545,SEIU_1021_SF_2022_2024,239,This alternate procedure shall also apply to any employee who has promoted or transferred into the bargaining unit. 1.,HARD,deontic:obligation,2,,,,,,
SEIU_102_1552,SEIU_1021_SF_2022_2024,239,The 311 Customer Service Call Center shall maintain existing practice with respect to Union access to 311 Customer Service Agent Training.,HARD,deontic:obligation,2,,,,,,
SEIU_102_1551,SEIU_1021_SF_2022_2024,239,The following Departments shall maintain existing Union orientation arrangements: Department of Emergency Management;,HARD,deontic:obligation,2,,,,,,
SEIU_102_1550,SEIU_1021_SF_2022_2024,239,"Periodic Union orientations may be scheduled on an every-other-month, quarterly, or other basis.",SOFT,deontic:permission,2,,,,,,
SEIU_102_1549,SEIU_1021_SF_2022_2024,239,"Process for Periodic Union Orientations: By mutual agreement, the Union NEO Coordinator and the Departmental NEO Coordinator may schedule periodic thirty (30) minute Union orientations.",SOFT,deontic:permission,2,,,,,,
SEIU_102_1548,SEIU_1021_SF_2022_2024,239,"In the event the proposed time cannot be accommodated, the Union NEO Coordinator and the Departmental NEO Coordinator shall work together to find a mutually agreeable time within ten (10) business days of the Union’s request. 3.",HARD,deontic:obligation,2,,,,,,
SEIU_102_1547,SEIU_1021_SF_2022_2024,239,City representatives shall not be present during said meeting.,HARD,deontic:prohibition|deontic:obligation,2,,,,,,
SEIU_102_1546,SEIU_1021_SF_2022_2024,239,"The Union NEO Coordinator shall coordinate with the new employee(s) referenced in the preceding paragraph and the Departmental NEO Coordinator to schedule a fifteen (15) minute meeting during normally scheduled hours, which shall not be during employee’s break or meal period, for the Union representative(s) to meet privately with, and provide materials and information to, the new employee(s).",HARD,deontic:prohibition|deontic:obligation,2,,,,,,
SEIU_102_1544,SEIU_1021_SF_2022_2024,238,"Alternate Procedures: In the event the Union identifies one or more new employees who did not attend the Union’s presentation as described in Section E., above, the Union may contact the Departmental NEO coordinator to schedule a mutually-agreeable fifteen (15) minute time slot for the Union to meet privately with the new employee(s).",SOFT,deontic:permission,2,,,,,,
SEIU_102_1536,SEIU_1021_SF_2022_2024,238,"The City shall ensure privacy for the Union’s orientation, and it shall take place without City representatives present.",HARD,deontic:obligation,2,,,,,,
SEIU_102_1543,SEIU_1021_SF_2022_2024,238,Said request shall be made to the Employee Relations Division no less than three,HARD,deontic:obligation,2,,,,,,
SEIU_102_1542,SEIU_1021_SF_2022_2024,238,Release time shall not be unreasonably withheld.,HARD,deontic:prohibition|deontic:obligation,2,,,,,,
SEIU_102_1541,SEIU_1021_SF_2022_2024,238,"If not otherwise provided for in the MOU, the Union may request release of a Union-designated member to attend the NEO.",SOFT,deontic:permission,2,,,,,,
SEIU_102_1540,SEIU_1021_SF_2022_2024,238,Such member(s) shall be released to attend under the terms and conditions specified in the MOU.,HARD,deontic:obligation,2,,,,,,
SEIU_102_1539,SEIU_1021_SF_2022_2024,238,(1) of the Union’s representatives may be a Union member designated by the Union.,SOFT,deontic:permission,2,,,,,,
SEIU_102_1538,SEIU_1021_SF_2022_2024,238,"The Union’s presentation shall occur prior to any meal break, and will not be conducted during a scheduled break time.",HARD,deontic:obligation,2,,,,,,
SEIU_102_1537,SEIU_1021_SF_2022_2024,238,The Department responsible for scheduling the NEO shall be responsible for including Union presentations on the agenda.,HARD,deontic:obligation,2,,,,,,
SEIU_102_0005,SEIU_1021_SF_2022_2024,12,"Should there be a dispute regarding appropriate unit assignment of any such classification(s), such dispute shall be resolved in accordance with the grievance and arbitration procedure.",HARD,deontic:obligation|deontic:preference,2,,,,,,
SEIU_102_1512,SEIU_1021_SF_2022_2024,232,"If either party believes there has been a breach of any term of this Sideletter, that party shall provide written notice to the other party and the parties shall meet and confer in good faith in an effort to resolve the dispute.",HARD,deontic:obligation,2,,,,,,
SEIU_102_1511,SEIU_1021_SF_2022_2024,232,"within this Paragraph 8, even if the allegations are or may be groundless, false or fraudulent.",SOFT,deontic:permission,2,,,,,,
SEIU_102_1476,SEIU_1021_SF_2022_2024,225,"Once DHR has completed each study, the parties shall meet and discuss the results, including compensation adjustments and amendments to classification specifications.",HARD,deontic:obligation,2,,,,,,
SEIU_102_1483,SEIU_1021_SF_2022_2024,227,Career Ladders Labor Management Committee: The Union and the City shall form a labor management committee on Career Ladders and Job Classification to: • Review classifications to promote career ladders and realign job descriptions to highlight promotional pathways; • Identify barriers and develop recommendations for career ladder and career lattice progressions; • Develop a method for employees not selected for promotion to receive feedback; and • Make recommendations to the Civil Service Commission and Board of Supervisors regarding career ladders.,HARD,deontic:obligation,2,,,,,,
SEIU_102_1482,SEIU_1021_SF_2022_2024,225,"By mutual agreement, the parties may add classifications not listed below to be studied under this Side Letter Agreement.",SOFT,deontic:permission,2,,,,,,
SEIU_102_1481,SEIU_1021_SF_2022_2024,225,"The meet and discuss process shall be completed not later than January 1, 2024.",HARD,deontic:obligation,2,,,,,,
SEIU_102_1480,SEIU_1021_SF_2022_2024,225,"If any changes agreed by the parties in this process must go before the Civil Service Commission, the parties agree to jointly recommend the changes to the Civil Service Commission.",HARD,deontic:obligation,2,,,,,,
SEIU_102_1479,SEIU_1021_SF_2022_2024,225,The parties shall make their best efforts to reach agreement on compensation adjustments and amendments to classification specifications.,HARD,deontic:obligation,2,,,,,,
SEIU_102_1478,SEIU_1021_SF_2022_2024,225,No classification or employee shall have compensation reduced as a result of this Side Letter Agreement.,HARD,deontic:obligation,2,,,,,,
SEIU_102_1477,SEIU_1021_SF_2022_2024,225,"The studies shall be initiated not later than August 1, 2023.",HARD,deontic:obligation,2,,,,,,
SEIU_102_1475,SEIU_1021_SF_2022_2024,225,"The studies shall also consider the compensation of other classifications in the City performing similar work, the compensation of related classifications in the series, the compensation of supervisory classifications in relationship to compensation of their subordinate classifications, and changed/increased duties since the last study of a classification.",HARD,deontic:obligation,2,,,,,,
SEIU_102_0007,SEIU_1021_SF_2022_2024,12,Such classifications shall also receive the appropriate differentials and premiums applicable to related classifications. 6.,HARD,deontic:obligation,2,,,,,,
SEIU_102_1474,SEIU_1021_SF_2022_2024,225,"The studies shall consider the compensation for similar work of comparable jurisdictions in the Bay Area, as well as compensation in the private sector in classifications where the City regularly competes with the private sector for applicants.",HARD,deontic:obligation,2,,,,,,
SEIU_102_1473,SEIU_1021_SF_2022_2024,224,"Retirement of the Agreement between the City and the Union provides that in addition to paying any required employee retirement contribution, bargaining unit members in CalPERS shall make a mandatory contribution to effectuate San Francisco Charter Section A8.409-9 (the “Prop.",HARD,deontic:obligation,2,,,,,,
SEIU_102_1472,SEIU_1021_SF_2022_2024,223,"EMPLOYEE PLUS ONE AND EMPLOYEE PLUS TWO OR MORE – OUTSIDE OF HEALTH COVERAGE AREAS The City agrees to make good faith efforts, including amending the Annual Salary Ordinance (ASO) if necessary, so that, for employees permanently assigned by the City to work in areas outside of Health Service System (HSS) health coverage areas for Kaiser and Blue Shield, the City shall contribute the amounts set forth in the ASO on a pre-tax basis.",HARD,deontic:obligation,2,,,,,,
SEIU_102_1470,SEIU_1021_SF_2022_2024,220,Samtrans service may also be available.,SOFT,deontic:permission,2,,,,,,
SEIU_102_1466,SEIU_1021_SF_2022_2024,220,"If an Airport Commission employee wishes to receive funds for authorized transit, airporter bus, or organized vanpool commute expenses, they must",HARD,deontic:obligation,2,,,,,,
SEIU_102_1464,SEIU_1021_SF_2022_2024,218,"Any DEM general orders or department memoranda dated on or before June 30, 2014 that are inconsistent with this side letter are superseded by this side letter to the extent of the inconsistency, and such general orders or department memoranda may be updated to be consistent with this side letter without any further meet-and-confer.",SOFT,deontic:permission,2,,,,,,
SEIU_102_1463,SEIU_1021_SF_2022_2024,218,"Thus, the Department can call an employee on paid and encumbered time back to work before the Department is required to bring in another employee on mandatory overtime, however, the Department shall first seek employees to work voluntary overtime.",HARD,deontic:obligation|deontic:obligation,2,,,,,,
SEIU_102_1484,SEIU_1021_SF_2022_2024,227,Release time shall be provided for attending Committee meetings. 3.,HARD,deontic:obligation,2,,,,,,
SEIU_102_1487,SEIU_1021_SF_2022_2024,228,"The City shall provide workforce development in-service trainings in multiple formats, including virtual and in-person trainings. 5.",HARD,deontic:obligation,2,,,,,,
SEIU_102_1509,SEIU_1021_SF_2022_2024,231,"The foregoing indemnity shall include reasonable fees of attorneys, consultants and experts, and costs, including such fees and costs incurred by the City in investigating and defending any claims against Indemnitees. b.",HARD,deontic:obligation,2,,,,,,
SEIU_102_1501,SEIU_1021_SF_2022_2024,231,"While on paid Union Leave, each Officer must use accrued time off balances for any absences, as appropriate, e.g., sick leave with pay or vacation.",HARD,deontic:obligation,2,,,,,,
SEIU_102_1507,SEIU_1021_SF_2022_2024,231,"At the conclusion or termination of leave granted under this Sideletter, the City shall reinstate the Officer to the same position and work location held before the leave, or, if not feasible, a substantially similar position without loss of seniority, rank, or classification as provided in Government Code section 3558.8. 8.",HARD,deontic:obligation,2,,,,,,
SEIU_102_1506,SEIU_1021_SF_2022_2024,231,"Officers on paid Union Leave shall not be eligible for overtime assignments during the period of paid Union Leave, but shall continue to receive general base wage increases under the Memorandum of Understanding (“MOU”), step increases and any assignment/status based premiums which are applicable.",HARD,deontic:prohibition|deontic:obligation,2,,,,,,
SEIU_102_1505,SEIU_1021_SF_2022_2024,231,"While on paid Union Leave, each Officer must comply with all applicable departmental and City rules and policies for active employees in the Officer’s classification and department, including attending training, maintaining required certifications and licenses, and complying with the City’s substance abuse policy and the departmental Statement of Incompatible Activities. 6.",HARD,deontic:obligation,2,,,,,,
SEIU_102_1504,SEIU_1021_SF_2022_2024,231,The City shall review each Officer’s use of accrued time off balances to evaluate usage compared to other City employees in the Officer’s department and classification. 5.,HARD,deontic:obligation,2,,,,,,
SEIU_102_1503,SEIU_1021_SF_2022_2024,231,The City and Union shall ensure that each Officer knows the payroll staff to whom the Officer shall report the use of time off.,HARD,deontic:obligation,2,,,,,,
SEIU_102_1502,SEIU_1021_SF_2022_2024,231,The Officer shall report the use of accrued leave to the Officer’s departmental payroll division.,HARD,deontic:obligation,2,,,,,,
SEIU_102_1500,SEIU_1021_SF_2022_2024,231,Union must provide 30 calendar days’ notice to the City to process any changes to the list of Officers identified for paid Union Leave.,HARD,deontic:obligation,2,,,,,,
SEIU_102_1492,SEIU_1021_SF_2022_2024,229,"Invoices shall include employee name, pay rate and total cost for the billing period.",HARD,deontic:obligation,2,,,,,,
SEIU_102_0006,SEIU_1021_SF_2022_2024,12,The terms and provisions of this Agreement shall also be automatically applicable to any classifications for which the Union has become appropriately recognized during the term of this agreement.,HARD,deontic:obligation,2,,,,,,
SEIU_102_1498,SEIU_1021_SF_2022_2024,230,"By no later than January 11, 2021, the Union shall provide the City with a list of Officers identified for full- time paid Union Leave.",HARD,deontic:obligation,2,,,,,,
SEIU_102_1497,SEIU_1021_SF_2022_2024,230,"The Union shall send any communications or notices unrelated to invoices or payment to: Ardis Graham Employee Relations Director City and County of San Francisco One South Van Ness, 4th Floor San Francisco, CA 94103 3.",HARD,deontic:obligation,2,,,,,,
SEIU_102_1496,SEIU_1021_SF_2022_2024,230,"To pay for the release time of Joseph Bryant, Union shall make checks payable to the Office of Economic and Workforce Development and send to: Office of Economic and Workforce Development Finance Department- Attn: Fred Liedl 1 South Van Ness, 5th Floor San Francisco, CA 94103 If the Union does not timely pay invoices, the City shall provide notice of the non-payment, and Union shall promptly provide the payment.",HARD,deontic:obligation,2,,,,,,
SEIU_102_1494,SEIU_1021_SF_2022_2024,229,"The City shall send invoices to: Email: 1021.ap@seiu1021.org Please address to: SEIU Local 1021 Attn: Accounting Department 447 29th Street Oakland, CA 94609 Point of Contact: Karin Hendrickson, Finance Director Email: Karin.Hendrickson@seiu1021.org SIDE LETTERS TO THE JULY 1, 2022 - JUNE 30, 2024 CBA BETWEEN CITY AND COUNTY OF SAN FRANCISCO AND SEIU LOCAL 1021 218",HARD,deontic:obligation,2,,,,,,
SEIU_102_1493,SEIU_1021_SF_2022_2024,229,"The Union shall pay the invoice via check within 30 calendar days of receipt of the invoice, and shall include a reference to the invoice on the check or attach the invoice as supporting documentation.",HARD,deontic:obligation,2,,,,,,
SEIU_102_1368,SEIU_1021_SF_2022_2024,195,"The Staff Training and Development Committee shall, through the Departmental Personnel Officer, provide quarterly reports to Library Management of training, expenses and Library staff who have attended.",HARD,deontic:obligation,2,,,,,,
SEIU_102_1367,SEIU_1021_SF_2022_2024,195,"Staff training requests will be reviewed and may be approved by appropriate management prior to being forwarded to the Educational Opportunity Committee, a subcommittee of the Staff Training and Development Committee, for consideration.",SOFT,deontic:permission,2,,,,,,
SEIU_102_1366,SEIU_1021_SF_2022_2024,195,Library Management shall establish a review and approval procedure for individual staff training requests.,HARD,deontic:obligation,2,,,,,,
SEIU_102_1365,SEIU_1021_SF_2022_2024,195,It shall be responsibility of the Committee to develop training opportunities as broadly as possible for all Library classifications and expend training funds in accordance with established Committee procedures.,HARD,deontic:obligation,2,,,,,,
SEIU_102_1247,SEIU_1021_SF_2022_2024,178,"If a physician is unavailable, the employee shall submit to the required test. 3.",HARD,deontic:obligation,2,,,,,,
SEIU_102_1246,SEIU_1021_SF_2022_2024,178,"However, such an examination may involve diagnostic tests, including the drawing of blood or urine.",SOFT,deontic:permission,2,,,,,,
SEIU_102_1245,SEIU_1021_SF_2022_2024,178,"The employee may, at the employee’s request, instead of being tested, be evaluated by a medical physician at SFO Medical Services, if a physician is available.",SOFT,deontic:permission,2,,,,,,
SEIU_102_1244,SEIU_1021_SF_2022_2024,178,"The supervisor must observe and describe specific behavioral, performance, or contemporaneous physical indicators of probable drug use or alcohol misuse.",HARD,deontic:obligation,2,,,,,,
SEIU_102_1243,SEIU_1021_SF_2022_2024,177,A supervisor must make a decision as to whether reasonable suspicion exists to conclude that substance abuse may be causing the behavior.,HARD,deontic:obligation|deontic:permission,2,,,,,,
SEIU_102_1242,SEIU_1021_SF_2022_2024,177,Employees may be at work in a condition that raises concern regarding their safety.,SOFT,deontic:permission,2,,,,,,
SEIU_102_1241,SEIU_1021_SF_2022_2024,177,"Purpose - The purpose of reasonable suspicion testing is to provide management with a method of identifying employees who may pose a danger to themselves and others in their performance of their job duties because of their use of drugs or alcohol, or both.",SOFT,deontic:permission,2,,,,,,
SEIU_102_1240,SEIU_1021_SF_2022_2024,177,The Airport may test all employees under the reasonable suspicion for the presence of alcohol.,SOFT,deontic:permission,2,,,,,,
SEIU_102_1239,SEIU_1021_SF_2022_2024,177,"The Airport may test with reasonable suspicion for the presence of alcohol and or controlled or illegal drugs at levels set forth in Appendix A, for the following classifications: 9202 Airport Communications Dispatcher 9203 Senior Airport Communications Dispatcher 9204 Airport Communications Supervisor 9212 Aviation Security Analyst 9213 Airfield Safety Officer 9220 Aviation Security Operations Supervisor 9221 Airport Operations Supervisor 1929 Parts Storekeeper B.",SOFT,deontic:permission,2,,,,,,
SEIU_102_1238,SEIU_1021_SF_2022_2024,177,The employee must self-identify to an Airport supervisor prior to being approached by Airport managerial personnel with reasonable suspicion that the employee has a substance abuse problem causing unacceptable onduty behavior or prior to being asked to submit to a drug or alcohol test.,HARD,deontic:obligation,2,,,,,,
SEIU_102_1236,SEIU_1021_SF_2022_2024,176,"In certain circumstances, alcohol and drug addictions may be considered illnesses.",SOFT,deontic:permission,2,,,,,,
SEIU_102_1234,SEIU_1021_SF_2022_2024,176,"Failure to make this notification may result in disciplinary action, up to and including discharge.",SOFT,deontic:permission,2,,,,,,
SEIU_102_1233,SEIU_1021_SF_2022_2024,176,Employees are required to notify the Airport Human Resources Department in writing of any criminal drug statute conviction for a violation occurring in the workplace no later than five,HARD,deontic:obligation,2,,,,,,
SEIU_102_1230,SEIU_1021_SF_2022_2024,175,SFIA shall restore their free parking privileges effective the day after the employee’s withdrawal from the Eco Program.,HARD,deontic:obligation,2,,,,,,
SEIU_102_1229,SEIU_1021_SF_2022_2024,175,Employees who elect to participate in the Eco Program and then withdraw shall provide thirty (30) days’ notice to SFIA.,HARD,deontic:obligation,2,,,,,,
SEIU_102_1228,SEIU_1021_SF_2022_2024,175,"If SFIA terminates the Eco Program, participating employees shall have their free parking privileges reinstated effective the day after termination of the Eco Program.",HARD,deontic:obligation,2,,,,,,
SEIU_102_0037,SEIU_1021_SF_2022_2024,15,"The Union, through a designated sender, shall furnish the City, to a designated recipient, with an accurate list of City-wide shop stewards and designated officers of the Union in areas as designated by the Union every three",HARD,deontic:obligation,2,,,,,,
SEIU_102_1251,SEIU_1021_SF_2022_2024,179,"9220 Aviation Security Operations Supervisor 9221 Airport Operations Supervisor 1929 Parts Storekeeper The Parties hereby acknowledge and recognizing that to the extent that federal law mandates that more stringent standards or procedures apply to Airport employees, those standards and procedures shall supersede those set forth herein.",HARD,deontic:obligation,2,,,,,,
SEIU_102_1252,SEIU_1021_SF_2022_2024,179,"The Airport shall advise the Union of its determination that higher standards must apply, and will meet and confer with the Union regarding any impact of such a determination on matters within the scope of bargaining.",HARD,deontic:obligation|deontic:obligation,2,,,,,,
SEIU_102_1264,SEIU_1021_SF_2022_2024,181,"Employees returning to duty as described in this paragraph may be given unannounced ""follow-up"" drug or alcohol tests, or both, if recommended by the SAP.",SOFT,deontic:permission,2,,,,,,
SEIU_102_1276,SEIU_1021_SF_2022_2024,182,"All employees will be placed in a random testing pool, from which random selection shall be made.",HARD,deontic:obligation,2,,,,,,
SEIU_102_1274,SEIU_1021_SF_2022_2024,182,"The conditional offer shall specify that a final offer shall be conditioned upon, among other things, negative drug test results. 4.",HARD,deontic:obligation,2,,,,,,
SEIU_102_1273,SEIU_1021_SF_2022_2024,182,Pre-employment drug testing shall be administered only after the candidate has been given and has accepted a conditional job offer.,HARD,deontic:obligation,2,,,,,,
SEIU_102_1268,SEIU_1021_SF_2022_2024,181,"This behavior has the potential to impact the workplace and may present an unacceptable safety risk to the employee, coworkers, passengers, and the general public.",SOFT,deontic:permission,2,,,,,,
SEIU_102_1267,SEIU_1021_SF_2022_2024,181,"To the extent these procedures have been modified by more current DOT standards, DOT standards shall supersede those set forth here.",HARD,deontic:obligation,2,,,,,,
SEIU_102_1266,SEIU_1021_SF_2022_2024,181,Drug and Alcohol Testing Procedures SFIA/SEIU drug testing procedures shall be based on Department of Transportation (DOT) standards.,HARD,deontic:obligation,2,,,,,,
SEIU_102_0030,SEIU_1021_SF_2022_2024,15,The organization's duly authorized representative shall inform in writing the department head or officer under whom each selected employee member is employed that such employee has been selected. 25. b.,HARD,deontic:obligation,2,,,,,,
SEIU_102_1263,SEIU_1021_SF_2022_2024,181,The SAP must determine that the employee may return to duty.,HARD,deontic:obligation|deontic:permission,2,,,,,,
SEIU_102_1253,SEIU_1021_SF_2022_2024,179,Nothing herein shall constitute a waiver of the Union’s right to challenge any Airport determination that higher standards must apply through available judicial processes.,HARD,deontic:obligation|deontic:obligation,2,,,,,,
SEIU_102_0031,SEIU_1021_SF_2022_2024,15,"No selected member shall leave the duty or work station, or assignment without specific approval of the employee's department head or other authorized management official. 26. c.",HARD,deontic:obligation,2,,,,,,
SEIU_102_0032,SEIU_1021_SF_2022_2024,15,"In scheduling meetings, reasonable consideration shall be given to the operating needs and work schedules of the department, division, or section in which the employee members are employed. 27. d.",HARD,deontic:obligation,2,,,,,,
SEIU_102_0033,SEIU_1021_SF_2022_2024,15,Official representatives who are assigned to evening and night shift work schedules and who participate in meeting and conferring during day shift hours shall be released from their regular shift pursuant to the rules established herein.,HARD,deontic:obligation,2,,,,,,
SEIU_102_0035,SEIU_1021_SF_2022_2024,15,Release time for official representatives engaged in meeting and conferring affecting a department or other work unit of City government shall be determined by mutual agreement. 29.,HARD,deontic:obligation,2,,,,,,
SEIU_102_0036,SEIU_1021_SF_2022_2024,15,The rules for release time for City-wide meeting and conferring shall apply.,HARD,deontic:obligation,2,,,,,,
SEIU_102_1255,SEIU_1021_SF_2022_2024,179,"An employee in a safety-sensitive position may not consume alcohol for at least eight hours following an accident or until the employee undergoes a post-accident alcohol test, whichever occurs first.",SOFT,deontic:restriction|deontic:permission,2,,,,,,
SEIU_102_1254,SEIU_1021_SF_2022_2024,179,"No employee may perform a safety-sensitive function when that employee has a prohibited drug, or an alcohol concentration of 0.02 or more, in the employee’s system.",HARD,deontic:prohibition|deontic:permission,2,,,,,,
SEIU_102_1227,SEIU_1021_SF_2022_2024,175,(b) the fact that the vest or belt must clearly identify the wearer as a member of a law enforcement agency;,HARD,deontic:obligation,2,,,,,,
SEIU_102_1226,SEIU_1021_SF_2022_2024,175,"The parties shall consider, and include within their final Agreement, of whatever nature the following factors:",HARD,deontic:obligation,2,,,,,,
SEIU_102_1224,SEIU_1021_SF_2022_2024,174,The Union may make an appointment to inspect these documents on a biannual basis.,SOFT,deontic:permission,2,,,,,,
SEIU_102_1194,SEIU_1021_SF_2022_2024,167,The content of this training shall be developed by the Health and Safety Committees.,HARD,deontic:obligation,2,,,,,,
SEIU_102_1202,SEIU_1021_SF_2022_2024,171,Alternates may only be granted release time when the primary representative is unavailable.,SOFT,deontic:permission,2,,,,,,
SEIU_102_1201,SEIU_1021_SF_2022_2024,171,Alternates within the same work unit may be designated.,SOFT,deontic:permission,2,,,,,,
SEIU_102_1200,SEIU_1021_SF_2022_2024,171,(1) representative from each shift may be designated as official representatives.,SOFT,deontic:permission,2,,,,,,
SEIU_102_1198,SEIU_1021_SF_2022_2024,168,The Department and the Union will attempt to agree on dates and agendas in advance so that a reasonable number of topic-appropriate Union and Department representatives may attend.,SOFT,deontic:permission,2,,,,,,
SEIU_102_1197,SEIU_1021_SF_2022_2024,168,EPIC and LEAN PROCESS The Department and the Union shall meet monthly (or less frequently by mutual agreement) through implementation of the EPIC electronic health record system to discuss updates to the system.,HARD,deontic:obligation,2,,,,,,
SEIU_102_0045,SEIU_1021_SF_2022_2024,16,"In emergency situations, where immediate disciplinary action must be taken because of a violation of law or a City departmental rule (intoxication, theft, etc.) a shop steward shall not unreasonably be denied the right to leave the shop steward’s post or duty to represent the employee. 34.",HARD,deontic:prohibition|deontic:obligation|deontic:obligation,2,,,,,,
SEIU_102_1195,SEIU_1021_SF_2022_2024,167,The content of the training shall be approved by the Department’s Infection Control Committee.,HARD,deontic:obligation,2,,,,,,
SEIU_102_1193,SEIU_1021_SF_2022_2024,167,The Department shall provide new 2736 Porters with a special in-service training on the handling of infectious waste.,HARD,deontic:obligation,2,,,,,,
SEIU_102_1204,SEIU_1021_SF_2022_2024,171,All requests must be submitted at least three,HARD,deontic:obligation,2,,,,,,
SEIU_102_1192,SEIU_1021_SF_2022_2024,167,"The Department shall provide all medical personnel and health care providers with training in health and safety, including but not limited to, training on safety devices, protection against infectious diseases, handling of hazardous materials, chemical spills and use of personal protective equipment.",HARD,deontic:obligation,2,,,,,,
SEIU_102_1191,SEIU_1021_SF_2022_2024,167,The employer and the employee shall follow established infection control procedures. 4.,HARD,deontic:obligation,2,,,,,,
SEIU_102_1190,SEIU_1021_SF_2022_2024,167,All known affected employees shall be contacted personally by the Department.,HARD,deontic:obligation,2,,,,,,
SEIU_102_0094,SEIU_1021_SF_2022_2024,21,(“DEI Committee”) The City shall release up to a maximum of six,HARD,deontic:obligation,2,,,,,,
SEIU_102_1188,SEIU_1021_SF_2022_2024,166,An employee may utilize the employee’s designated personal physician in accordance with the requirements of State law. 3.,SOFT,deontic:permission,2,,,,,,
SEIU_102_1187,SEIU_1021_SF_2022_2024,166,"An employee who is injured on the job shall, in all cases, immediately report to the direct supervisor who shall act in accordance with established departmental and City policies, which shall include an investigation of the incident and completion of the Employer’s report of Industrial Accident/Illness.",HARD,deontic:obligation,2,,,,,,
SEIU_102_1186,SEIU_1021_SF_2022_2024,166,Employees who become ill on the job shall report to their immediate supervisor. 2.,HARD,deontic:obligation,2,,,,,,
SEIU_102_1203,SEIU_1021_SF_2022_2024,171,"The Union must notify the Airport Human Resources Office of the names of employees for whom they are requesting official release time along with pertinent dates, times and locations.",HARD,deontic:obligation,2,,,,,,
SEIU_102_1205,SEIU_1021_SF_2022_2024,171,"For those areas that may be under lock and key, the Union must submit the materials to a designated Airport representative for posting.",HARD,deontic:obligation|deontic:permission,2,,,,,,
SEIU_102_1223,SEIU_1021_SF_2022_2024,174,This form must be returned within ten (10) days of its postmark.,HARD,deontic:obligation,2,,,,,,
SEIU_102_0043,SEIU_1021_SF_2022_2024,16,"Absent special circumstances, not more than one Shop Steward and one Shop Steward Trainee shall be released to represent an employee at the same time in the same meeting.",HARD,deontic:obligation,2,,,,,,
SEIU_102_1222,SEIU_1021_SF_2022_2024,174,"If the Leave is pre-scheduled, the Request for Leave Form must be submitted prior to the first day of the leave.",HARD,deontic:obligation,2,,,,,,
SEIU_102_0041,SEIU_1021_SF_2022_2024,16,Union Stewards shall advise their first level supervisors prior to engaging in Union business.,HARD,deontic:obligation,2,,,,,,
SEIU_102_1220,SEIU_1021_SF_2022_2024,174,"PAY, HOURS & BENEFITS Overtime The Union and Airport Management shall mutually agree on the development and implementation of shift trade policy and overtime procedures including the distribution of overtime consistent with the operational needs of that department or particular unit.",HARD,deontic:obligation,2,,,,,,
SEIU_102_1219,SEIU_1021_SF_2022_2024,173,Field Training Officer The Airport and the Union shall designate a committee consisting of four,HARD,deontic:obligation,2,,,,,,
SEIU_102_1218,SEIU_1021_SF_2022_2024,173,"Until the meet and confer has been completed, meals and breaks for 8217 and 9209 employees shall continue by current practice.",HARD,deontic:obligation,2,,,,,,
SEIU_102_0042,SEIU_1021_SF_2022_2024,16,"Such notification of release time shall normally be made at least forty-eight (48) hours in advance, but shall not be unreasonably denied regardless, and shall include the area or work location where they will be investigating or processing grievances, disciplinary appeals or meetings with Management.",HARD,deontic:prohibition|deontic:obligation,2,,,,,,
SEIU_102_1216,SEIU_1021_SF_2022_2024,173,Meet and Confer The City shall meet and confer regarding the impacts of the meal and rest break period changes provided under this section.,HARD,deontic:obligation,2,,,,,,
SEIU_102_1214,SEIU_1021_SF_2022_2024,173,The Department shall schedule the rest breaks.,HARD,deontic:obligation,2,,,,,,
SEIU_102_1206,SEIU_1021_SF_2022_2024,171,This material must comply with the City’s standards for materials posted on public bulletin boards.,HARD,deontic:obligation,2,,,,,,
SEIU_102_1213,SEIU_1021_SF_2022_2024,172,"If, on and after the effective date of this Agreement, management determines that it wishes to establish additional special assignment positions, it shall give written notice to the Union of that intent and, upon demand, shall meet and confer with the Union with regard to any such proposal.",HARD,deontic:obligation,2,,,,,,
SEIU_102_1212,SEIU_1021_SF_2022_2024,172,A candidate whose bid for a special assignment position is not accepted shall be entitled to meet with the decision making supervisor to discuss the reasons why the candidate was not chosen.,HARD,deontic:obligation,2,,,,,,
SEIU_102_0044,SEIU_1021_SF_2022_2024,16,"If the Union thinks there are special circumstances warranting more than one Shop Steward and one Shop Steward Trainee at a particular meeting, the Union should notify the department forty-eight (48) hours in advance, and the parties shall mutually agree on the number of Union stewards released to attend. 33.",HARD,deontic:obligation|deontic:preference,2,,,,,,
SEIU_102_1210,SEIU_1021_SF_2022_2024,172,"If a work unit does not have an established bidding interval, employees at that work unit shall, after the effective date of this Agreement, be entitled to bid on not less than an annual basis.",HARD,deontic:obligation,2,,,,,,
SEIU_102_1209,SEIU_1021_SF_2022_2024,172,Shift Bidding Bargaining Unit employees assigned sections within 24-hour shift shall be entitled to select their work shift on the basis of seniority consistent with the practices historically in effect at each work unit at the time of the implementation of this Agreement.,HARD,deontic:obligation,2,,,,,,
SEIU_102_1208,SEIU_1021_SF_2022_2024,171,"The City shall also supply the Union with a list of resignations, retirements, transfers and promotions within forty-five (45) days after their occurrence.",HARD,deontic:obligation,2,,,,,,
SEIU_102_1207,SEIU_1021_SF_2022_2024,171,Notification of New Employees The City shall supply the Union with a list of new employees within forty-five (45) days of their employment.,HARD,deontic:obligation,2,,,,,,
SEIU_102_1277,SEIU_1021_SF_2022_2024,182,The Human Resources Director or designated representative shall notify said employees in as confidential manner as reasonably possible. b.,HARD,deontic:obligation,2,,,,,,
SEIU_102_1278,SEIU_1021_SF_2022_2024,182,"The random numbers or other identifiers assigned to all employees who have been selected for random testing shall be immediately returned to the pool, so that everyone has an equal chance of being selected for the next round of testing.",HARD,deontic:obligation,2,,,,,,
SEIU_102_1335,SEIU_1021_SF_2022_2024,191,"(1) If the employee fails to provide an adequate amount of breath, the employee shall be immediately referred to a physician, who shall determine the employee's medical ability to provide an adequate amount of breath.",HARD,deontic:obligation,2,,,,,,
SEIU_102_0015,SEIU_1021_SF_2022_2024,13,"The City may also relieve employees from duty due to lack of work or funds, and may determine the methods, means and personnel by which the City's operations are to be conducted. 12.",SOFT,deontic:permission,2,,,,,,
SEIU_102_1342,SEIU_1021_SF_2022_2024,192,"In addition, the MRO or SAP must approve of the employee's participation in a rehabilitation program, if appropriate, if the employee is permitted to return to work.",HARD,deontic:obligation,2,,,,,,
SEIU_102_0016,SEIU_1021_SF_2022_2024,13,"Recognizing the challenging fiscal realities facing San Francisco and the State of California, the parties agree that in order to preserve City services and employment, they must work cooperatively to identify operational efficiencies, explore additional sources of revenue, and, if necessary, reduce the size of the City workforce through attrition, retraining and reorganization.",HARD,deontic:obligation,2,,,,,,
SEIU_102_1340,SEIU_1021_SF_2022_2024,192,Any safety-sensitive employee whose confirmation test shows an alcohol concentration of 0.02 or greater shall be removed from service and will be advised to go to the Employee Assistance Program or to seek other appropriate treatment in the event the employee may a substance abuse problem.,HARD,deontic:obligation|deontic:permission,2,,,,,,
SEIU_102_1339,SEIU_1021_SF_2022_2024,192,"Employee and BAT signatures, or relevant BAT remarks, should be included.",SOFT,deontic:preference,2,,,,,,
SEIU_102_1337,SEIU_1021_SF_2022_2024,191,The above procedures must be followed rigorously for each test. b.,HARD,deontic:obligation,2,,,,,,
SEIU_102_1336,SEIU_1021_SF_2022_2024,191,"If a screening or confirmatory test cannot be completed, the BAT must, if practicable, begin a new test using a new alcohol testing form with a new sequential test number. 4.",HARD,deontic:obligation,2,,,,,,
SEIU_102_1334,SEIU_1021_SF_2022_2024,191,"Refusal by an employee to complete and sign the alcohol testing form, to provide an adequate amount of breath, or otherwise to cooperate with the directions of the BAT will be deemed a refusal to be tested, will result in a presumed positive test, and may subject the employee, depending on the facts of the case, to disciplinary action, up to and including possible discharge.",SOFT,deontic:permission,2,,,,,,
SEIU_102_1345,SEIU_1021_SF_2022_2024,192,The employee shall not be permitted to work in the interim.,HARD,deontic:prohibition|deontic:obligation,2,,,,,,
SEIU_102_0017,SEIU_1021_SF_2022_2024,14,ARTICLE I – REPRESENTATION The parties further agree that it is in their mutual interest to avoid unnecessary reductions in direct public services and to prevent existing City employees from becoming jobless and therefore they mutually agree that they shall focus their efforts to maintain programs and public service jobs to the fullest extent possible.,HARD,deontic:obligation,2,,,,,,
SEIU_102_1331,SEIU_1021_SF_2022_2024,190,"(1) During the interval between tests, the employee may not eat, drink, or put any substance into the employee’s mouth.",SOFT,deontic:restriction|deontic:permission,2,,,,,,
SEIU_102_1329,SEIU_1021_SF_2022_2024,190,"The employee or applicant and the BAT must complete, date and sign a form indicating that the employee or applicant is present and providing a breath specimen.",HARD,deontic:obligation,2,,,,,,
SEIU_102_1328,SEIU_1021_SF_2022_2024,189,The individual to be tested must present to the BAT positive photo identification (such as a driver's license or Airport identification card).,HARD,deontic:obligation,2,,,,,,
SEIU_102_1327,SEIU_1021_SF_2022_2024,189,"Only one test will be conducted at a time, and the BAT may not leave the testing site while the preparations for testing or the test itself is in progress. 3.",SOFT,deontic:restriction|deontic:permission,2,,,,,,
SEIU_102_1326,SEIU_1021_SF_2022_2024,189,The EBT must be secured with no unauthorized access at any time.,HARD,deontic:obligation,2,,,,,,
SEIU_102_1325,SEIU_1021_SF_2022_2024,189,The alcohol test shall be conducted in a manner that provides the employee with privacy to the greatest extent applicable. d.,HARD,deontic:obligation,2,,,,,,
SEIU_102_1344,SEIU_1021_SF_2022_2024,192,(2.) Assessment by the MRO or SAP shall be scheduled as soon as is feasible.,HARD,deontic:obligation,2,,,,,,
SEIU_102_1346,SEIU_1021_SF_2022_2024,192,"(3.) Assessment by the MRO or SAP shall not affect the Airport's right to discipline, including discipline an employee including discharge if circumstances warrant, for being under the influence of alcohol. b.",HARD,deontic:prohibition|deontic:obligation,2,,,,,,
SEIU_102_1323,SEIU_1021_SF_2022_2024,189,The SAP shall be a licensed physician who has knowledge of substance abuse disorders and their treatment.,HARD,deontic:obligation,2,,,,,,
SEIU_102_1357,SEIU_1021_SF_2022_2024,194,The Union shall notify the Library within 30 calendar days if it desires to meet and discuss the Human Resources Guidelines.,HARD,deontic:obligation,2,,,,,,
SEIU_102_1364,SEIU_1021_SF_2022_2024,195,The Union may nominate two members of this Committee.,SOFT,deontic:permission,2,,,,,,
SEIU_102_1363,SEIU_1021_SF_2022_2024,195,"A committee of staff representatives from all Library classifications shall be convened, under the direction of the departmental Personnel Officer, to identify and fund training opportunities, consistent with management priorities, for all Library classifications.",HARD,deontic:obligation,2,,,,,,
SEIU_102_1362,SEIU_1021_SF_2022_2024,195,The Library shall make copies of all emergency procedures readily available at all work locations.,HARD,deontic:obligation,2,,,,,,
SEIU_102_1361,SEIU_1021_SF_2022_2024,195,"(7) additional members which shall be representative of the staff, including paraprofessional/clerical, librarian, janitorial, security and management, including two",HARD,deontic:obligation,2,,,,,,
SEIU_102_1360,SEIU_1021_SF_2022_2024,195,The City Librarian shall designate up to seven,HARD,deontic:obligation,2,,,,,,
SEIU_102_1359,SEIU_1021_SF_2022_2024,195,This Committee shall meet not less than once every three,HARD,deontic:obligation,2,,,,,,
SEIU_102_1358,SEIU_1021_SF_2022_2024,194,"The Library reserves the right to update the Employee Handbook as required by changes in applicable City or contract changes, which shall be provided to the Union for review and comment.",HARD,deontic:obligation,2,,,,,,
SEIU_102_1356,SEIU_1021_SF_2022_2024,194,Once assembled these practices shall be provided to the Union for review and comment.,HARD,deontic:obligation,2,,,,,,
SEIU_102_1347,SEIU_1021_SF_2022_2024,192,"If a non-safety sensitive employee's confirmation test is 0.04 or greater, that employee will be advised to seek treatment in the event the employee may have a substance abuse problem.",SOFT,deontic:permission,2,,,,,,
SEIU_102_1355,SEIU_1021_SF_2022_2024,194,"Information contained in PONs shall contain but not be limited to the following: -Notice of positions open for bids -Library, city-wide and other job positions -Resignations -Retirements -Promotions -New hires -Transfers -Announcement of events of interest to Library employees Section 2.",HARD,deontic:obligation,2,,,,,,
SEIU_102_1354,SEIU_1021_SF_2022_2024,194,PONs shall include job-related information of interest to Library employees.,HARD,deontic:obligation,2,,,,,,
SEIU_102_1353,SEIU_1021_SF_2022_2024,194,Notification of New Library Employees Personnel Office Notes (PONs) The Library Personnel Office shall continue to publish the PONs twice each month.,HARD,deontic:obligation,2,,,,,,
SEIU_102_1351,SEIU_1021_SF_2022_2024,193,"Employees having substance abuse problems may self-refer to the Airport's Employee Assistance Program through an Airport supervisor or through the Human Resources Department, or may otherwise self-identify and seek rehabilitation for a chemical dependency problem without penalty.",SOFT,deontic:permission,2,,,,,,
SEIU_102_1350,SEIU_1021_SF_2022_2024,193,"If a non-safety sensitive employee's confirmation test is 0.08 or higher that employee shall in addition to the above, be referred to the MRO or SAP.",HARD,deontic:obligation,2,,,,,,
SEIU_102_1349,SEIU_1021_SF_2022_2024,193,The employee shall be relieved of duty for the remainder of the shift and escorted home a second such incident may result in more severe action.,HARD,deontic:obligation|deontic:permission,2,,,,,,
SEIU_102_1348,SEIU_1021_SF_2022_2024,193,"may be counseled or disciplined, depending upon the test result level and upon the circumstances and behavior of the employee.",SOFT,deontic:permission,2,,,,,,
SEIU_102_1324,SEIU_1021_SF_2022_2024,189,The BAT shall be trained to proficiency in the EBT the BAT is using and in the alcohol procedures specified in this Policy. c.,HARD,deontic:obligation,2,,,,,,
SEIU_102_1322,SEIU_1021_SF_2022_2024,189,"An employee who does not pass, or who refuses, a required drug test and is not discharged shall be referred to the Airport's SAP for evaluation.",HARD,deontic:obligation,2,,,,,,
SEIU_102_0027,SEIU_1021_SF_2022_2024,14,The City may advise such employees that the packet is being provided pursuant to a Memorandum of Understanding with the Union and the contents are neither known nor endorsed by the City.,SOFT,deontic:permission,2,,,,,,
SEIU_102_1290,SEIU_1021_SF_2022_2024,184,The employee will be reinstated and any lost pay will be restored should the test results be negative.,SOFT,deontic:preference,2,,,,,,
SEIU_102_1300,SEIU_1021_SF_2022_2024,186,"If the employee fails to provide 45 ml. of urine, the specimen shall be discarded and the employee referred to the MRO, who shall refer the employee for medical evaluation to determine whether the individual's inability to provide an adequate specimen is genuine or constitutes a refusal to submit to a drug test.",HARD,deontic:obligation,2,,,,,,
SEIU_102_1299,SEIU_1021_SF_2022_2024,185,"The employee will then be directed to provide another specimen, and if the employee provides 45 ml. of urine, the first specimen shall be SUPPLEMENTAL AGREEMENTS TO THE JULY 1, 2022 - JUNE 30, 2024 CBA BETWEEN CITY AND COUNTY OF SAN FRANCISCO AND SEIU LOCAL 1021 174",HARD,deontic:obligation,2,,,,,,
SEIU_102_1295,SEIU_1021_SF_2022_2024,185,"When an employee must be tested for reasonable suspicion or following an accident, the employee will be escorted by a supervisor to the collection site.",HARD,deontic:obligation,2,,,,,,
SEIU_102_0022,SEIU_1021_SF_2022_2024,14,"All such lists shall contain the employee's name, employee number, classification, department number and the amount deducted.",HARD,deontic:obligation,2,,,,,,
SEIU_102_0023,SEIU_1021_SF_2022_2024,14,A list of all employees in represented classes shall be provided to the Union monthly. 19.,HARD,deontic:obligation,2,,,,,,
SEIU_102_0024,SEIU_1021_SF_2022_2024,14,Nothing in this Section shall be deemed to have altered the City's current obligation to make insurance program or political action deductions when requested by the employee. 20.,HARD,deontic:obligation,2,,,,,,
SEIU_102_1291,SEIU_1021_SF_2022_2024,184,"Any employee who refuses to take or does not pass a required drug or alcohol test, and is not discharged, may not perform a safety sensitive function until the employee passes a drug or alcohol test, or both, and the SAP has determined that the employee may return to duty.",SOFT,deontic:restriction|deontic:permission,2,,,,,,
SEIU_102_1288,SEIU_1021_SF_2022_2024,184,The supervisor shall inform the employee(s) when the employee(s) may leave.,HARD,deontic:obligation|deontic:permission,2,,,,,,
SEIU_102_1302,SEIU_1021_SF_2022_2024,186,"Employees will be escorted or directed to report back to their work sites or vehicles, as the case may be.",SOFT,deontic:permission,2,,,,,,
SEIU_102_1287,SEIU_1021_SF_2022_2024,184,Employees involved in occurrences as defined in paragraph D.2. above must remain available for testing following the accident and should be paid for this time.,HARD,deontic:obligation|deontic:preference,2,,,,,,
SEIU_102_1286,SEIU_1021_SF_2022_2024,183,"(2) hours of the accident, and must be administered within eight",HARD,deontic:obligation,2,,,,,,
SEIU_102_1285,SEIU_1021_SF_2022_2024,183,An alcohol test should be administered within two,SOFT,deontic:preference,2,,,,,,
SEIU_102_1284,SEIU_1021_SF_2022_2024,183,"Alcohol testing will be conducted only when the employee's conduct, besides the mere fact of being involved in an accident, causes a supervisor or manager reasonably to suspect the employee may be under the influence of alcohol.",SOFT,deontic:permission,2,,,,,,
SEIU_102_0026,SEIU_1021_SF_2022_2024,14,"The Union shall give the Controller appropriate written notice of any changes in existing deductions, or the establishment of new bases for deduction, in accordance with procedures established by the Controller’s Office in effect as of April 29, 2019. 21.",HARD,deontic:obligation,2,,,,,,
SEIU_102_1282,SEIU_1021_SF_2022_2024,183,Post-accident drug tests must be administered whenever a safety-sensitive employee is involved in an occurrence (accident) with an Airport vehicle in which an individual dies.,HARD,deontic:obligation,2,,,,,,
SEIU_102_1281,SEIU_1021_SF_2022_2024,183,"Although the first concern is the health of any accident victim(s), post-accident drug and alcohol tests must be performed as soon as possible after the accident and after it is determined that the employee's performance cannot be ruled out as a contributing factor. 2.",HARD,deontic:obligation,2,,,,,,
SEIU_102_1301,SEIU_1021_SF_2022_2024,186,Applicants who do not provide 45 ml. of urine after this procedure shall not be considered further in the selection process. e.,HARD,deontic:prohibition|deontic:obligation,2,,,,,,
SEIU_102_1303,SEIU_1021_SF_2022_2024,186,The following circumstances may result in a request that an individual provide a specimen under direct observation:,SOFT,deontic:permission,2,,,,,,
SEIU_102_0019,SEIU_1021_SF_2022_2024,14,"Each pay period, the Controller shall make membership fee deductions from the regular periodic payroll warrant of each employee who is a Union member.",HARD,deontic:obligation,2,,,,,,
SEIU_102_0020,SEIU_1021_SF_2022_2024,14,"In order for the Controller to deduct membership dues, the Union must certify to the City, in accordance with procedures established by the Controller’s Office in effect as of April 29, 2019, that the Union has and will maintain authorizations for the dues deductions, signed by the employees from whose salary or wages the City will make the dues deductions. 18.",HARD,deontic:obligation,2,,,,,,
SEIU_102_1320,SEIU_1021_SF_2022_2024,189,"If the MRO determines the employee's information adequately explains the employee’s failure to contact the MRO, the MRO shall then direct the testing of the split sample be performed. 9.",HARD,deontic:obligation,2,,,,,,
SEIU_102_1319,SEIU_1021_SF_2022_2024,188,"The employee who has not contacted the MRO within the seventytwo (72) -hour period may present to the MRO information documenting circumstances, such as serious illness or injury that SUPPLEMENTAL AGREEMENTS TO THE JULY 1, 2022 - JUNE 30, 2024 CBA BETWEEN CITY AND COUNTY OF SAN FRANCISCO AND SEIU LOCAL 1021 177",SOFT,deontic:permission,2,,,,,,
SEIU_102_1318,SEIU_1021_SF_2022_2024,188,The MRO shall declare that the employee has passed the test in any circumstance where a second test is not possible through no fault of the employee or that test fails to confirm the presence of any prohibited substance(s). b.,HARD,deontic:obligation,2,,,,,,
SEIU_102_1317,SEIU_1021_SF_2022_2024,188,"The MRO shall also cancel the test if the split specimen is unavailable, inadequate for testing, or untestable.",HARD,deontic:obligation,2,,,,,,
SEIU_102_1316,SEIU_1021_SF_2022_2024,188,"If testing of the split sample fails to reconfirm the presence of the drug(s) or drug metabolite(s) found in the primary specimen, the MRO shall cancel the test.",HARD,deontic:obligation,2,,,,,,
SEIU_102_1315,SEIU_1021_SF_2022_2024,188,An employee (or applicant) who does not pass a drug test administered under the Policy Concerning Substance Abuse may request that the split urine sample be tested by submitting a written request to the MRO within seventy-two (72) hours of notification by the MRO to the employee of the employee’s right to request another test.,SOFT,deontic:permission,2,,,,,,
SEIU_102_1314,SEIU_1021_SF_2022_2024,188,Individual test results may be released to a third party only if the tested individual signs a specific written authorization to release the results to an identified person or if proper legal authority compels such release. b.,SOFT,deontic:permission,2,,,,,,
SEIU_102_1312,SEIU_1021_SF_2022_2024,188,The MRO shall notify each employee who has a confirmed positive test that the employee has seventy-two (72) hours in which to request a test of the split specimen. 6.,HARD,deontic:obligation,2,,,,,,
SEIU_102_1304,SEIU_1021_SF_2022_2024,186,"If the employee refuses to cooperate with the collection process, the collection site person will inform the Airport Human Resources Director or designated representative and shall fully document the non-cooperation on the urine custody and control form.",HARD,deontic:obligation,2,,,,,,
SEIU_102_1311,SEIU_1021_SF_2022_2024,187,The MRO shall verify a result as positive to the Airport without direct contact with the tested employee when:,HARD,deontic:obligation,2,,,,,,
SEIU_102_1310,SEIU_1021_SF_2022_2024,187,"If the MRO determines that there is a legitimate explanation for a positive test result, the MRO shall report that result to the Airport as negative. e.",HARD,deontic:obligation,2,,,,,,
SEIU_102_1309,SEIU_1021_SF_2022_2024,187,The MRO shall examine any alternative medical explanations offered by the individual to explain any positive test result. d.,HARD,deontic:obligation,2,,,,,,
SEIU_102_1308,SEIU_1021_SF_2022_2024,187,The employee shall be given twenty-four (24) hours to respond to the MRO's attempt to contact the employee; failure to respond within that time will cause the MRO to request that the Airport's Human Resources Director or designated representative contact the employee and direct the employee to contact the MRO immediately. c.,HARD,deontic:obligation,2,,,,,,
SEIU_102_0021,SEIU_1021_SF_2022_2024,14,The Controller shall also provide with each payment a list of employees paying dues.,HARD,deontic:obligation,2,,,,,,
SEIU_102_1306,SEIU_1021_SF_2022_2024,187,cooperate by an applicant shall disqualify the applicant for further consideration in the selection process. 3.,HARD,deontic:obligation,2,,,,,,
SEIU_102_1305,SEIU_1021_SF_2022_2024,186,"Failure to cooperate may result in disciplinary action, up to and including discharge.",SOFT,deontic:permission,2,,,,,,
SEIU_102_0847,SEIU_1021_SF_2022_2024,97,Applicants shall be notified if they are approved or rejected from the program within a reasonable period. 669. 4.,HARD,deontic:obligation,2,,,,,,
SEIU_102_0089,SEIU_1021_SF_2022_2024,21,Progressive disciplinary action shall be imposed by the City upon any employee found to have engaged in discriminatory conduct in violation of this section.,HARD,deontic:obligation,2,,,,,,
SEIU_102_0845,SEIU_1021_SF_2022_2024,97,The City shall announce on the DHR website the date online applications are accepted and the deadline date for submission.,HARD,deontic:obligation,2,,,,,,
SEIU_102_0409,SEIU_1021_SF_2022_2024,54,Such acting assignment shall not last longer than six,HARD,deontic:prohibition|deontic:obligation,2,,,,,,
SEIU_102_0427,SEIU_1021_SF_2022_2024,55,"Employees in the 9212 Aviation Security Analyst and 9213 Airfield Safety Officer classification holding a position in the training section pursuant to the current practice of the department shall also receive this premium for each hour they are designing and developing training materials and training employees in the Airfield Safety series of classes, which shall include interns and trainees, and other City employees.",HARD,deontic:obligation,2,,,,,,
SEIU_102_0426,SEIU_1021_SF_2022_2024,55,The assigned training and evaluations shall be performed in accordance with the standards established by the department. 360.,HARD,deontic:obligation,2,,,,,,
SEIU_102_0425,SEIU_1021_SF_2022_2024,55,The determination of qualifications shall not be arbitrary.,HARD,deontic:prohibition|deontic:obligation,2,,,,,,
SEIU_102_0424,SEIU_1021_SF_2022_2024,55,The department shall determine the qualifications of the assignment.,HARD,deontic:obligation,2,,,,,,
SEIU_102_0423,SEIU_1021_SF_2022_2024,55,Assignment shall be by seniority among qualified employees.,HARD,deontic:obligation,2,,,,,,
SEIU_102_0422,SEIU_1021_SF_2022_2024,55,"Airport employee(s) in the 9209 Community Police Service Aide, 9212 Aviation Security Analyst, 9213 Airfield Safety Officer, 9202 Airport Communications Dispatcher and 1706 Telephone Operator classifications who are assigned by the Appointing Officer or designee to train employees in their respective classifications shall receive a premium of two ($2.00) dollars per hour above their base wage, for each hour they are assigned as a Field Training Officer. 359.",HARD,deontic:obligation,2,,,,,,
SEIU_102_0421,SEIU_1021_SF_2022_2024,55,Adult Protective Service unit employees occupying 2918 Human Services Agency Social Worker and 2914 Social Worker Supervisor positions shall receive a ten percent (10%) premium above their base salary.,HARD,deontic:obligation,2,,,,,,
SEIU_102_0420,SEIU_1021_SF_2022_2024,55,"The City agrees that because of the complexity of emergency response assignments in the Family & Children’s Services Division of the Department of Human Services, Class 2940 Protective Services Workers and Class 2944 Protective Services Worker Supervisors assigned to emergency response positions shall be paid a premium of 5% above their base pay.",HARD,deontic:obligation,2,,,,,,
SEIU_102_0419,SEIU_1021_SF_2022_2024,55,The 2940/2944 positions assigned to Court Liaisons Unit shall receive a premium of two and one half percent (2.5%) of their base salary.,HARD,deontic:obligation,2,,,,,,
SEIU_102_0418,SEIU_1021_SF_2022_2024,55,Such assignment shall be certified by the Appointing Officer or designee of the Department of Public Health.,HARD,deontic:obligation,2,,,,,,
SEIU_102_0417,SEIU_1021_SF_2022_2024,55,Employees in class 2903 Eligibility Worker who are assigned to screen and process Medi-Cal applications at the Department of Public Health shall receive the rate of pay assigned to Class 2908 Hospital Eligibility Worker.,HARD,deontic:obligation,2,,,,,,
SEIU_102_0416,SEIU_1021_SF_2022_2024,55,"Employees who supervise or direct the work of volunteers, or CAL WORKS, CAAP Workfare, SWAP workers or other similar programs shall be paid a differential of five percent (5%) above their base hourly rate.",HARD,deontic:obligation,2,,,,,,
SEIU_102_0153,SEIU_1021_SF_2022_2024,28,"Retraining programs shall be developed through the Joint Training, Retraining and Career Development Committee set forth in Article V.G.",HARD,deontic:obligation,2,,,,,,
SEIU_102_0414,SEIU_1021_SF_2022_2024,54,Work assignments of employees shall not be changed for the sole purpose of evading the requirements of providing acting pay to an employee who would otherwise be eligible.,HARD,deontic:prohibition|deontic:obligation,2,,,,,,
SEIU_102_0413,SEIU_1021_SF_2022_2024,54,Employees shall not normally be required to perform the duties of a higher classification. 351.,HARD,deontic:prohibition|deontic:obligation,2,,,,,,
SEIU_102_0412,SEIU_1021_SF_2022_2024,54,"Upon request, DHR shall provide the Union with a list of bargaining unit members currently in acting assignments. 350.",HARD,deontic:obligation,2,,,,,,
SEIU_102_0411,SEIU_1021_SF_2022_2024,54,"(6) months, or for such longer period as may be necessary to accommodate exigent circumstances such as approved leave of the permanent incumbent. 349.",SOFT,deontic:permission,2,,,,,,
SEIU_102_0428,SEIU_1021_SF_2022_2024,56,"Included in the pay issued on August 20, 2019, active employees in classification 9213 Airfield Safety Officer shall receive a one-time lump sum payment calculated by applying the Airport Field Training Officer premium to qualifying hours (meeting the requirements for that premium) worked during fiscal year 2018-2019 after the effective date of their appointment to classification 9213.",HARD,deontic:obligation,2,,,,,,
SEIU_102_0429,SEIU_1021_SF_2022_2024,56,Employees shall be assigned to a Level based upon the operational needs of the department and employee certification in the requisite modalities. 367.,HARD,deontic:obligation,2,,,,,,
SEIU_102_0430,SEIU_1021_SF_2022_2024,56,Employees shall be appointed to a Step in the assigned Level based on the requisite years of radiologic technologist experience as set forth below.,HARD,deontic:obligation,2,,,,,,
SEIU_102_0441,SEIU_1021_SF_2022_2024,59,Employees shall not lose longevity pay as a result of reverting to an underlying permanent Civil Service appointment due to layoff.,HARD,deontic:prohibition|deontic:obligation,2,,,,,,
SEIU_102_0448,SEIU_1021_SF_2022_2024,59,Part-time employees shall be entitled to the retention bonus on a pro-rata basis. 387.,HARD,deontic:obligation,2,,,,,,
SEIU_102_0447,SEIU_1021_SF_2022_2024,59,"Such employees shall receive an additional $5,000 retention bonus upon completion of sixty (60) months of service.",HARD,deontic:obligation,2,,,,,,
SEIU_102_0446,SEIU_1021_SF_2022_2024,59,"Retention Bonus: Full-time non-exempt employees hired on or after July 1, 2014 shall receive a $5,000 retention bonus upon completion of thirty-six (36) months of service.",HARD,deontic:obligation,2,,,,,,
SEIU_102_0445,SEIU_1021_SF_2022_2024,59,All employees shall advance to Step 6 upon completion of twenty-four (24) months of service at Step 5. 386.,HARD,deontic:obligation,2,,,,,,
SEIU_102_0444,SEIU_1021_SF_2022_2024,59,"Effective July 1, 2014, base wages for classifications 8238 Public Safety Communications Dispatcher and 8239 Senior Police Communications Dispatcher shall be increased by four percent (4%), in exchange for deleting the Law Enforcement, Fire, and Medical Call Taking and Radio Dispatch Premium contained in the July 1, 2012 – June 30, 2014 CBA. 2450 Pharmacist and 2454 Clinical Pharmacist 385.",HARD,deontic:obligation,2,,,,,,
SEIU_102_0443,SEIU_1021_SF_2022_2024,59,Any employee who receives the 6% premium shall not receive the 4% premium described in paragraph 382. 8238 Public Safety Communications Dispatcher and 8239 Senior Police Communications Dispatcher 384.,HARD,deontic:prohibition|deontic:obligation,2,,,,,,
SEIU_102_0442,SEIU_1021_SF_2022_2024,59,"Employees in classifications 2577 Medical Examiner’s Investigator I, 2578 Medical Examiner’s Investigator II, and 2579 Medical Examiner’s Investigator III who possess and maintain a valid Intermediate POST Certificate shall receive a premium equal to four percent (4%) of their base rate of pay. 383.",HARD,deontic:obligation,2,,,,,,
SEIU_102_0149,SEIU_1021_SF_2022_2024,28,Layoff of employees shall be by inverse order of seniority in a classification City-wide.,HARD,deontic:obligation,2,,,,,,
SEIU_102_0431,SEIU_1021_SF_2022_2024,56,Each Level shall include the following salary Steps: Level I – Steps 1-7;,HARD,deontic:obligation,2,,,,,,
SEIU_102_0439,SEIU_1021_SF_2022_2024,59,An employee who voluntarily moves to another classification shall not be eligible for longevity pay until the employee has served ten (10) continuous years in the classification.,HARD,deontic:prohibition|deontic:obligation,2,,,,,,
SEIU_102_0438,SEIU_1021_SF_2022_2024,59,"SALARY STEP PLAN, after completion of ten (10) years of service for the City and thereafter in any classification an employee shall be granted an additional fifty cents ($0.50) per hour longevity increment. 381.",HARD,deontic:obligation,2,,,,,,
SEIU_102_0150,SEIU_1021_SF_2022_2024,28,(5) year rule for City-wide bumping rights shall no longer apply. 146.,HARD,deontic:obligation,2,,,,,,
SEIU_102_0151,SEIU_1021_SF_2022_2024,28,Employees displaced by layoff shall be placed on the hold over list per CSC rules.,HARD,deontic:obligation,2,,,,,,
SEIU_102_0434,SEIU_1021_SF_2022_2024,58,Employees shall be appointed to a Step based on the requisite years of sonography experience as set forth below.,HARD,deontic:obligation,2,,,,,,
SEIU_102_0433,SEIU_1021_SF_2022_2024,57,Employees shall be appointed to a Step based on the requisite years of radiologic technologist experience as set forth below.,HARD,deontic:obligation,2,,,,,,
SEIU_102_0152,SEIU_1021_SF_2022_2024,28,The City shall bear the full costs of any retraining program.,HARD,deontic:obligation,2,,,,,,
SEIU_102_0410,SEIU_1021_SF_2022_2024,54,"Upon DHR approval, such acting assignment may be extended another six",SOFT,deontic:permission,2,,,,,,
SEIU_102_0408,SEIU_1021_SF_2022_2024,54,Premiums based on percent of salary shall be paid at a rate which includes the out of class pay.,HARD,deontic:obligation,2,,,,,,
SEIU_102_0535,SEIU_1021_SF_2022_2024,67,Holiday compensation shall not be paid for work on the Friday preceding a Saturday holiday nor on the Monday following a Sunday holiday.,HARD,deontic:prohibition|deontic:obligation,2,,,,,,
SEIU_102_0407,SEIU_1021_SF_2022_2024,54,Such pay shall be retroactive to the first day of such assignment.,HARD,deontic:obligation,2,,,,,,
SEIU_102_0157,SEIU_1021_SF_2022_2024,28,"When a position has been designated for a retraining candidate, that position shall be ""held open"" for no more than six",HARD,deontic:obligation,2,,,,,,
SEIU_102_0384,SEIU_1021_SF_2022_2024,52,"When such employees are required to return to the worksite during the period of standby service, they shall be paid at the appropriate rate for hours worked.",HARD,deontic:obligation|deontic:obligation,2,,,,,,
SEIU_102_0159,SEIU_1021_SF_2022_2024,28,The City may fill the existing vacancy on a temporary basis in order to continue City services.,SOFT,deontic:permission,2,,,,,,
SEIU_102_0160,SEIU_1021_SF_2022_2024,28,An employee who is laid off shall receive two weeks' pay for each year of service.,HARD,deontic:obligation,2,,,,,,
SEIU_102_0380,SEIU_1021_SF_2022_2024,52,"When such employees are called on to perform their regular duties in emergencies during the period of such standby service, they shall be paid while engaged in such emergency service the usual rate of pay for such service as provided herein.",HARD,deontic:obligation,2,,,,,,
SEIU_102_0161,SEIU_1021_SF_2022_2024,28,An employee who accepts severance pay shall forfeit all holdover rights.,HARD,deontic:obligation,2,,,,,,
SEIU_102_0162,SEIU_1021_SF_2022_2024,28,"(2) years of accepting the severance pay, the employee shall reimburse the City for the full amount of the severance pay.",HARD,deontic:obligation,2,,,,,,
SEIU_102_0377,SEIU_1021_SF_2022_2024,51,"The adjustment of the compensation schedule of the supervisor shall be to the nearest compensation schedule representing, but not exceeding five percent (5%) or one",HARD,deontic:obligation,2,,,,,,
SEIU_102_0375,SEIU_1021_SF_2022_2024,51,"Effective January 1, 2020, at the City’s discretion, the City may require an employee to recertify not more than once every two years to continue receiving a bilingual premium.",SOFT,deontic:permission,2,,,,,,
SEIU_102_0164,SEIU_1021_SF_2022_2024,29,"Layoff notices shall advise employees notified of layoff the option to elect severance pay, and the notices shall advise employees that they may have displacement and/or reinstatement, and holdover rights.",HARD,deontic:obligation|deontic:permission,2,,,,,,
SEIU_102_0373,SEIU_1021_SF_2022_2024,51,(8) hours completed within thirteen (13) consecutive hours shall be paid five dollars ($5.00) per day above the compensation to which they are otherwise entitled.,HARD,deontic:obligation,2,,,,,,
SEIU_102_0372,SEIU_1021_SF_2022_2024,51,"These provisions shall not apply to executive, administrative or professional employees. 318.",HARD,deontic:prohibition|deontic:obligation,2,,,,,,
SEIU_102_0371,SEIU_1021_SF_2022_2024,51,"ARTICLE III – PAY, HOURS AND BENEFITS worked and shall be paid fifty percent (50%) above their base rate after the ninth (9th) hour.",HARD,deontic:obligation,2,,,,,,
SEIU_102_0370,SEIU_1021_SF_2022_2024,50,"Employees on an extended tour of duty shall be paid for time actually JULY 1, 2022 - JUNE 30, 2024 CBA BETWEEN CITY AND COUNTY OF SAN FRANCISCO AND SEIU LOCAL 1021 39",HARD,deontic:obligation,2,,,,,,
SEIU_102_0369,SEIU_1021_SF_2022_2024,50,There shall be only one split in any tour of duty.,HARD,deontic:obligation,2,,,,,,
SEIU_102_0368,SEIU_1021_SF_2022_2024,50,An extended tour of duty shall be a tour of duty of eight,HARD,deontic:obligation,2,,,,,,
SEIU_102_0386,SEIU_1021_SF_2022_2024,52,"(4) hours pay at the applicable rate or shall be paid for all hours actually worked at the applicable rate, whichever is greater.",HARD,deontic:obligation,2,,,,,,
SEIU_102_0387,SEIU_1021_SF_2022_2024,52,The employee's workday shall not be adjusted to avoid the payment of this minimum. 333.,HARD,deontic:prohibition|deontic:obligation,2,,,,,,
SEIU_102_0388,SEIU_1021_SF_2022_2024,52,Full-time employees who are held over to work after having worked their regularly scheduled shift shall be paid one and one-half (1-1/2) times their regular rate of pay for all time from the end of their regularly scheduled shift until they are relieved.,HARD,deontic:obligation,2,,,,,,
SEIU_102_0399,SEIU_1021_SF_2022_2024,54,"When a Security Guard (8202) is assigned to the museums and performs the duties of a Museum Guard (8226), said employee shall receive the rate of pay of a Museum Guard (at a comparable step) for the period of time so assigned and performing appropriate duties for an entire shift.",HARD,deontic:obligation,2,,,,,,
SEIU_102_0154,SEIU_1021_SF_2022_2024,28,All employees who have a minimum of twenty-four months of seniority shall be eligible to participate in the reorientation/retraining program.,HARD,deontic:obligation,2,,,,,,
SEIU_102_0405,SEIU_1021_SF_2022_2024,54,"The Department Head considers the assignment improper, in which case the assignment shall be terminated, but the employee's pay claim will be honored. 347.",HARD,deontic:obligation,2,,,,,,
SEIU_102_0404,SEIU_1021_SF_2022_2024,54,Denials may be based on either of the following: 345. 1.,SOFT,deontic:permission,2,,,,,,
SEIU_102_0155,SEIU_1021_SF_2022_2024,28,"Upon completion of the bumping process, an affected employee shall have priority to select one of any existing vacancies for which the employee may qualify upon completion of training within a reasonable period of time, not to exceed six months.",HARD,deontic:obligation|deontic:permission,2,,,,,,
SEIU_102_0402,SEIU_1021_SF_2022_2024,54,"The Department Head or designee shall review the claim and shall either approve and submit the claim for payment, or deny the claim.",HARD,deontic:obligation,2,,,,,,
SEIU_102_0401,SEIU_1021_SF_2022_2024,54,"Employees who believe they have been assigned to do the work of a higher classification, whether in writing or not, and do not receive such pay must file an out of class pay claim with the Department Head within forty-five (45) working days of such alleged assignment. 344.",HARD,deontic:obligation,2,,,,,,
SEIU_102_0400,SEIU_1021_SF_2022_2024,54,"An employee assigned in writing by the Department Head or designee to perform a substantial portion of the duties and responsibilities of a higher classification shall be entitled to out of class pay after the tenth (10th) work day (within a sixty (60) working-day period) of such an assignment, retroactive to the first (1st) day of the assignment. 343.",HARD,deontic:obligation,2,,,,,,
SEIU_102_0398,SEIU_1021_SF_2022_2024,53,"Employees shall be paid ten dollars ($10.00) per hour more than the base hourly rate, exclusive of any additional compensation for other assignments, when assigned and actually engaged in duties and operations requiring underwater diving.",HARD,deontic:obligation,2,,,,,,
SEIU_102_0389,SEIU_1021_SF_2022_2024,53,"Every full-time employee required by the City to work overtime shall have an unbroken rest period of at least twelve (12) hours between shifts, and of at least fifty-five (55) hours between shifts when said employee is off on the weekend or two",HARD,deontic:obligation,2,,,,,,
SEIU_102_0397,SEIU_1021_SF_2022_2024,53,"Employees shall be entitled to a ten dollars ($10.00) per day premium when designated by their supervisor and authorized in writing by the Appointing Officer or designee as a lead person when required to perform a majority of the following duties: plan, design, sketch, layout, detail, estimate, order materials or take the lead on any job when at least three employees are working together and one acts as the lead person.",HARD,deontic:obligation,2,,,,,,
SEIU_102_0396,SEIU_1021_SF_2022_2024,53,"In the event that 8238 employees meet and maintain the criteria for the Communications Training Officers (CTO’s), established by the Emergency Communications Department (ECD), they shall be paid a premium of eight percent (8%) per hour for those hours, or portions thereof, when such duties are assigned.",HARD,deontic:obligation,2,,,,,,
SEIU_102_0395,SEIU_1021_SF_2022_2024,53,Said training and evaluation shall be performed in accordance with the standards established by the San Francisco Emergency Communications Department.,HARD,deontic:obligation,2,,,,,,
SEIU_102_0394,SEIU_1021_SF_2022_2024,53,"Employees in the classification 8238 Public Safety Communications Dispatcher who are required to train and evaluate performance of probationary 8238 employees on-the-job, shall be paid a premium of six percent (6%) of the employee’s base rate per hour for those hours, or portions thereof, when such duties are assigned.",HARD,deontic:obligation|deontic:obligation,2,,,,,,
SEIU_102_0392,SEIU_1021_SF_2022_2024,53,Employees mandatorily held over for an overtime assignment and employees called back shall be eligible for the rest period as provided above.,HARD,deontic:obligation,2,,,,,,
SEIU_102_0391,SEIU_1021_SF_2022_2024,53,This provision may be waived on the request of said employee and the approval of the appointing officer or appropriate designated representative.,SOFT,deontic:permission,2,,,,,,
SEIU_102_0390,SEIU_1021_SF_2022_2024,53,All hours worked within the above rest periods shall be paid at the rate of time and one-half (1-1/2) or in compensatory time at the rate of time and one-half (1-1/2). 335.,HARD,deontic:obligation,2,,,,,,
SEIU_102_0449,SEIU_1021_SF_2022_2024,59,The Retention Bonus shall not be considered compensation for the purpose of computing retirement benefits.,HARD,deontic:prohibition|deontic:obligation,2,,,,,,
SEIU_102_0450,SEIU_1021_SF_2022_2024,60,"Effective July 1, 2006, base wages for classifications 9202, 9203 and 9204 (Airport Communications series) shall be increased by eleven percent (11%). 389.",HARD,deontic:obligation,2,,,,,,
SEIU_102_0451,SEIU_1021_SF_2022_2024,60,"New Hire Bonus: Full-time, non-exempt employees hired on or after July 1, 2007 shall be eligible to receive a $1,000 new hire bonus upon completion of training.",HARD,deontic:obligation,2,,,,,,
SEIU_102_0452,SEIU_1021_SF_2022_2024,60,No individual employee may receive more than one such payment. 390.,SOFT,deontic:permission,2,,,,,,
SEIU_102_0512,SEIU_1021_SF_2022_2024,65,"Non-""Z"" and ""L"" designated employees shall be allowed to take any accrued compensatory time upon request to the employee’s supervisor.",HARD,deontic:obligation,2,,,,,,
SEIU_102_0511,SEIU_1021_SF_2022_2024,65,Those employees occupying positions designated as “L” shall not accumulate in excess of four hundred eighty (480) hours calculated at time and one-half. 3.,HARD,deontic:prohibition|deontic:obligation,2,,,,,,
SEIU_102_0143,SEIU_1021_SF_2022_2024,27,The parties shall begin to meet and confer concerning all issues relevant to the scope of representation within fifteen (15) working days of a request to meet and confer by the Union.,HARD,deontic:obligation,2,,,,,,
SEIU_102_0509,SEIU_1021_SF_2022_2024,65,Compensatory time shall be earned at the rate of time and one-half (1-1/2). 2.,HARD,deontic:obligation,2,,,,,,
SEIU_102_0144,SEIU_1021_SF_2022_2024,27,"Any employee whose position is to be eliminated due to lack of funds shall be notified, in writing, with as much advance notice as possible but not less than sixty (60) days prior to the effective date of the layoff, with the exception that if a special grant is unexpectedly terminated, the City shall provide not less than thirty (30) days’ notice prior to the effective date of layoff.",HARD,deontic:obligation,2,,,,,,
SEIU_102_0844,SEIU_1021_SF_2022_2024,97,All applications shall be accepted through an online website.,HARD,deontic:obligation,2,,,,,,
SEIU_102_0506,SEIU_1021_SF_2022_2024,65,All contact attempts made for offering overtime shall be documented.,HARD,deontic:obligation,2,,,,,,
SEIU_102_0145,SEIU_1021_SF_2022_2024,27,The Union shall receive copies of any layoff notice.,HARD,deontic:obligation,2,,,,,,
SEIU_102_0504,SEIU_1021_SF_2022_2024,65,"Once the sign-up has been completed, the names of the employees who are to work the overtime shall be posted.",HARD,deontic:obligation,2,,,,,,
SEIU_102_0503,SEIU_1021_SF_2022_2024,65,The posting shall also include a cut-off date and time for signing up.,HARD,deontic:obligation,2,,,,,,
SEIU_102_0502,SEIU_1021_SF_2022_2024,65,This posting shall include the name of the first eligible employee to sign up for said overtime.,HARD,deontic:obligation,2,,,,,,
SEIU_102_0501,SEIU_1021_SF_2022_2024,65,"Whenever possible, available overtime shall be posted a minimum of two",HARD,deontic:obligation,2,,,,,,
SEIU_102_0500,SEIU_1021_SF_2022_2024,65,Appointing Officers shall give as much notice as possible of available overtime to be worked. 425.,HARD,deontic:obligation,2,,,,,,
SEIU_102_0499,SEIU_1021_SF_2022_2024,65,Each department shall provide its overtime records to the Union Steward upon request.,HARD,deontic:obligation,2,,,,,,
SEIU_102_0498,SEIU_1021_SF_2022_2024,65,Overtime shall be equalized among all volunteers on an annual basis.,HARD,deontic:obligation,2,,,,,,
SEIU_102_0497,SEIU_1021_SF_2022_2024,65,"The rotation shall begin with the most senior qualified employee in the classification, in the department or in the facility and continue down through the seniority list which shall be provided to the Union upon request.",HARD,deontic:obligation,2,,,,,,
SEIU_102_0496,SEIU_1021_SF_2022_2024,65,"Overtime shall be distributed on a voluntary, rotational basis.",HARD,deontic:obligation,2,,,,,,
SEIU_102_0513,SEIU_1021_SF_2022_2024,65,Requests for use of accrued compensatory time off shall not be unreasonably denied.,HARD,deontic:prohibition|deontic:obligation,2,,,,,,
SEIU_102_0514,SEIU_1021_SF_2022_2024,65,"At the employee's option, any accrued compensatory time off shall be paid at the end of the fiscal year.",HARD,deontic:obligation,2,,,,,,
SEIU_102_0515,SEIU_1021_SF_2022_2024,65,Any compensatory time earned but not used at the time of an employee's termination of employment shall be paid in cash.,HARD,deontic:obligation,2,,,,,,
SEIU_102_0526,SEIU_1021_SF_2022_2024,67,Those employees who work on a Friday which is observed as a holiday in lieu of a holiday falling on Saturday shall be allowed a day off in lieu thereof as scheduled by mutual agreement with the appointing officer within the current or next fiscal year.,HARD,deontic:obligation,2,,,,,,
SEIU_102_0533,SEIU_1021_SF_2022_2024,67,Employees whose holidays are changed because of shift rotations shall be allowed another day off if a legal holiday falls on one of their days off. 443.,HARD,deontic:obligation,2,,,,,,
SEIU_102_0532,SEIU_1021_SF_2022_2024,67,(5) day workweek other than Monday through Friday shall be allowed another day off if a holiday falls on one of their regularly scheduled days off.,HARD,deontic:obligation,2,,,,,,
SEIU_102_0531,SEIU_1021_SF_2022_2024,67,"Provided however that “Z” employees may, at the end of each fiscal year, choose to receive a cash payment in lieu of accrued compensatory time for each holiday worked during the fiscal year.",SOFT,deontic:permission,2,,,,,,
SEIU_102_0530,SEIU_1021_SF_2022_2024,67,All such overtime shall be compensated in the form of compensatory time accrued.,HARD,deontic:obligation,2,,,,,,
SEIU_102_0529,SEIU_1021_SF_2022_2024,67,"No designated ""Z"" employee shall receive overtime pay for working on a holiday.",HARD,deontic:obligation,2,,,,,,
SEIU_102_0528,SEIU_1021_SF_2022_2024,67,Ten (10) and twelve (12) hour employees shall receive full holiday compensation for the regularly scheduled shift worked on a holiday. 441.,HARD,deontic:obligation,2,,,,,,
SEIU_102_0140,SEIU_1021_SF_2022_2024,27,"If a permanent employee is to be laid off because of subcontracting, the employee shall select one of the following irreversible options. 137. 1.",HARD,deontic:obligation,2,,,,,,
SEIU_102_0516,SEIU_1021_SF_2022_2024,66,"Employees occupying positions determined to be exempt from the Fair Labor Standards Act and designated by a ""Z"" shall not be paid for overtime worked but shall be granted compensatory time off at the rate of one-and-one-half times for time worked in excess of normal work schedules.",HARD,deontic:prohibition|deontic:obligation,2,,,,,,
SEIU_102_0524,SEIU_1021_SF_2022_2024,67,The number of floating holidays carried forward to a succeeding fiscal year may not exceed the total number of floating holidays received in the previous fiscal year.,SOFT,deontic:restriction|deontic:permission,2,,,,,,
SEIU_102_0523,SEIU_1021_SF_2022_2024,67,Floating holidays received in one fiscal year but not used may be carried forward to the next succeeding fiscal year.,SOFT,deontic:permission,2,,,,,,
SEIU_102_0522,SEIU_1021_SF_2022_2024,67,Floating Holidays may be taken in hourly increments up to and including the number of hours contained in the employee’s regular shift.,SOFT,deontic:permission,2,,,,,,
SEIU_102_0521,SEIU_1021_SF_2022_2024,67,Employees with twenty (20) or more years of City Service shall receive eight,HARD,deontic:obligation,2,,,,,,
SEIU_102_0141,SEIU_1021_SF_2022_2024,27,If employee is placed on the holdover list the employee shall receive severance pay for any period in which the employee suffers a loss of pay according to this severance entitlement.,HARD,deontic:obligation,2,,,,,,
SEIU_102_0519,SEIU_1021_SF_2022_2024,66,"January 1; the day designated for observation of Martin Luther King, Jr.'s Birthday; the third Monday in February (Presidents’ Birthday); the last Monday in May;",SOFT,deontic:permission,2,,,,,,
SEIU_102_0142,SEIU_1021_SF_2022_2024,27,"Management shall notify the Union in writing at least forty (40) working days before the elimination and reduction of DPH service which has an impact on bargaining unit members’ wages, hours or working conditions.",HARD,deontic:obligation,2,,,,,,
SEIU_102_0494,SEIU_1021_SF_2022_2024,64,Any employee working in excess of the regular or normal work day or week shall be compensated at the overtime rate of one-and-one-half times the base hourly rate which shall include a night differential if applicable. 423.,HARD,deontic:obligation,2,,,,,,
SEIU_102_0493,SEIU_1021_SF_2022_2024,64,"Before requiring mandatory overtime, the City shall make good faith efforts to utilize voluntary overtime or other appropriate personnel. 421.",HARD,deontic:obligation,2,,,,,,
SEIU_102_0492,SEIU_1021_SF_2022_2024,64,"If there is an insufficient number of volunteers, assignment may begin with the least senior employees able to do the work.",SOFT,deontic:permission,2,,,,,,
SEIU_102_0461,SEIU_1021_SF_2022_2024,61,"Effective July 1, 2014, the City shall begin paying the Layoff Impact Premium to Certified Nursing Assistants (2302) listed in Attachment B who were laid off on February 21, 2009 and subsequently rehired into the Patient Care Assistant classification (2303). 399.",HARD,deontic:obligation,2,,,,,,
SEIU_102_0469,SEIU_1021_SF_2022_2024,62,"(1) year of service at Step 5 as of July 1, 2019 shall advance to Step 6 on their anniversary date.",HARD,deontic:obligation,2,,,,,,
SEIU_102_0467,SEIU_1021_SF_2022_2024,62,"Effective July 1, 2016, and in lieu of the general wage increase scheduled for that date under section III.A. of this Agreement, the City shall adjust the salary steps and hourly rates for class 3278 Recreation Facility as follows: • Step 1: $15.0000 • Step 2: $15.7500 • Step 3: $16.5375 • Step 4: $17.3625 • Step 5: $18.2375 2303 Patient Care Assistant 404.",HARD,deontic:obligation,2,,,,,,
SEIU_102_0465,SEIU_1021_SF_2022_2024,61,"Employees appointed PCS to class 3278 on or after July 1, 2016, shall advance to the next step upon one year of service.",HARD,deontic:obligation,2,,,,,,
SEIU_102_0464,SEIU_1021_SF_2022_2024,61,"Employees who are appointed PCS to class 3278 prior to July 1, 2016, shall advance to Step 2 on July 1, 2016 and advance through all subsequent salary steps at one year periods.",HARD,deontic:obligation,2,,,,,,
SEIU_102_0147,SEIU_1021_SF_2022_2024,28,"The provisions of this Section shall not apply to ""as needed"" or intermittent employees or employees hired for a specific period of time or for the duration of a specific project.",HARD,deontic:prohibition|deontic:obligation,2,,,,,,
SEIU_102_0462,SEIU_1021_SF_2022_2024,61,Incumbents in classification 3279 Recreation Leader (as of the date classification 3278 is established) who receive appointments in classification 3278 shall be appointed as follows: • Employees appointed TEX shall be appointed at Step 3. • Employees appointed PCS shall be appointed at Step 4. 402.,HARD,deontic:obligation,2,,,,,,
SEIU_102_0460,SEIU_1021_SF_2022_2024,61,"Any past or future credit to which the City may be entitled to claim under the Settlement Agreement of September 2011 for picking up the bargaining unit “Layoff Impact Premium” effective July 1, 2012, is fully extinguished by the terms of this Agreement. 398.",SOFT,deontic:permission,2,,,,,,
SEIU_102_0471,SEIU_1021_SF_2022_2024,62,Employees in classification 5322 Graphic Artist in the Forensic Specialty shall advance to Step 6 after one,HARD,deontic:obligation,2,,,,,,
SEIU_102_0459,SEIU_1021_SF_2022_2024,61,"(b) who are listed in Attachment C of this Agreement; and thereafter, said employees shall be ineligible to receive the Layoff Impact Premiums.",HARD,deontic:obligation,2,,,,,,
SEIU_102_0458,SEIU_1021_SF_2022_2024,60,The parties’ 2010-2012 Agreement created the “Layoff Impact Premiums” for certain employees in the following classes who were impacted by layoffs or reductions in hours during FY 20082009 and FY 2009-2010: 1424 Clerk Typists 1428 Unit Clerks 2302 Nursing Assistants (May and November 2009 layoffs) 1444 Secretary I 1446 Secretary II 1426 Senior Clerk Typists 8202 Security Guard 8226 Museum Guard 395.,SOFT,deontic:permission,2,,,,,,
SEIU_102_0148,SEIU_1021_SF_2022_2024,28,"Prior to any layoff, the City shall meet and confer upon the written request of the Union after receipt of a copy of the notice specified in paragraph 141, to consider any proposal(s) advanced as an alternative to layoff and/or on the impact of such layoff.",HARD,deontic:obligation,2,,,,,,
SEIU_102_0456,SEIU_1021_SF_2022_2024,60,The Referral Bonus shall not be considered compensation for the purpose of computing retirement benefits.,HARD,deontic:prohibition|deontic:obligation,2,,,,,,
SEIU_102_0455,SEIU_1021_SF_2022_2024,60,"To qualify, the referring employee must verify that the employee has made at least three contacts with the applicant prior to the start date of the training.",HARD,deontic:obligation,2,,,,,,
SEIU_102_0454,SEIU_1021_SF_2022_2024,60,"Referral Bonus: Effective July 1, 2007, employees in class 9202, 9203 and 9204 who refer a new applicant to the department in classification 9202 or 9203 shall be eligible to receive a referral bonus of $1,000 upon that candidate’s successful completion of training.",HARD,deontic:obligation,2,,,,,,
SEIU_102_0453,SEIU_1021_SF_2022_2024,60,The New Hire Bonus shall not be considered compensation for the purpose of computing retirement benefits. 391.,HARD,deontic:prohibition|deontic:obligation,2,,,,,,
SEIU_102_0470,SEIU_1021_SF_2022_2024,62,Employees currently receiving the Layoff Impact Premium shall remain at Step 10. 5322 Graphic Artist 407.,HARD,deontic:obligation,2,,,,,,
SEIU_102_0472,SEIU_1021_SF_2022_2024,62,"Effective July 1, 2019, employees in Classification 8201 School Crossing Guard shall receive a two dollar ($2.00) per hour increase to the base rate of pay.",HARD,deontic:obligation,2,,,,,,
SEIU_102_0491,SEIU_1021_SF_2022_2024,64,"When an overtime assignment must be made, the most senior qualified employees shall be given the first opportunity to volunteer for the overtime assignment.",HARD,deontic:obligation|deontic:obligation,2,,,,,,
SEIU_102_0482,SEIU_1021_SF_2022_2024,64,"ARTICLE III – PAY, HOURS AND BENEFITS 414. 2430 Medical Evaluation Assistants that are assigned to work in the Emergency Department shall receive a 5.00% premium. 2524 Sr.",HARD,deontic:obligation,2,,,,,,
SEIU_102_0490,SEIU_1021_SF_2022_2024,64,Legal holidays shall count as time worked for the purpose of computing overtime.,HARD,deontic:obligation,2,,,,,,
SEIU_102_0489,SEIU_1021_SF_2022_2024,64,"In the event an employee elects to work a ten (10) hour day, for example, the employee shall begin earning overtime rates after ten (10) hours.",HARD,deontic:obligation,2,,,,,,
SEIU_102_0487,SEIU_1021_SF_2022_2024,64,"Effective July 1, 2022, class 1762 Senior Print/Mail Machine Operator shall receive a one-time wage adjustment of 5.25%.",HARD,deontic:obligation,2,,,,,,
SEIU_102_0486,SEIU_1021_SF_2022_2024,64,"Effective July 1, 2022, class 3378 Animal Control Assistant Supervisor shall receive a one-time wage adjustment of 11.50%. 1762 Senior Print/Mail Machine Operator 418.",HARD,deontic:obligation,2,,,,,,
SEIU_102_0485,SEIU_1021_SF_2022_2024,64,"This wage adjustments shall be applied prior to the application of any other wage increase effective on July 1, 2022. 3378 Animal Control Assistant Supervisor 417.",HARD,deontic:obligation,2,,,,,,
SEIU_102_0484,SEIU_1021_SF_2022_2024,64,"Effective July 1, 2022, class 7243 Parking Meter Repair Supervisor shall receive a one-time wage adjustment of 13.75%. a.",HARD,deontic:obligation,2,,,,,,
SEIU_102_0483,SEIU_1021_SF_2022_2024,64,"Morgue Attendant during any part of fiscal year 2021-2022, shall receive a one-time, $10,000, non-pensionable lump sum payment to be included in their pay issued on August 16, 2022. 7243 Parking Meter Repair Supervisor I 416.",HARD,deontic:obligation,2,,,,,,
SEIU_102_0481,SEIU_1021_SF_2022_2024,63,"Employees appointed to class 2430 on or after July 1, 2022, shall be appointed to a step in the new salary range pursuant to Article III.G. of the MOU.",HARD,deontic:obligation,2,,,,,,
SEIU_102_0473,SEIU_1021_SF_2022_2024,63,"Effective July 1, 2020, employees in Classifications 8208 Park Ranger and 8210 Head Park Ranger shall receive a five percent (5%) increase to the base rate of pay. 8211 Supervising Building and Grounds Patrol Officer 410.",HARD,deontic:obligation,2,,,,,,
SEIU_102_0480,SEIU_1021_SF_2022_2024,63,These employees shall maintain their underlying salary anniversary date. c.,HARD,deontic:obligation,2,,,,,,
SEIU_102_0479,SEIU_1021_SF_2022_2024,63,"Effective July 1, 2022, incumbents appointed to class 2430 on or before June 30, 2022, shall be placed in the new steps as follows: Old Step New Step 1 4 2 5 3 6 4 7 5 8 5* 9 * Employees earning acting assignment pay as a 2303 Patient Care Assistant b.",HARD,deontic:obligation,2,,,,,,
SEIU_102_0478,SEIU_1021_SF_2022_2024,63,"Effective July 1, 2022, 2430 Medical Evaluation Assistants shall have the same 10 step salary range as 2303 Patient Care Assistants. a.",HARD,deontic:obligation,2,,,,,,
SEIU_102_0477,SEIU_1021_SF_2022_2024,63,"These wage adjustments shall be applied prior to the application of any other wage increases effective on July 1, 2022. 2430 Medical Evaluation Assistants 413.",HARD,deontic:obligation,2,,,,,,
SEIU_102_0476,SEIU_1021_SF_2022_2024,63,"Effective July 1, 2022, the following classifications shall receive the following one-time wage adjustments: 2622 Dietician Technician 10.57% 2624 Dietician 10.57% 2626 Chief Dietician 5.77% a.",HARD,deontic:obligation,2,,,,,,
SEIU_102_0475,SEIU_1021_SF_2022_2024,63,"Employees who are required to be medically certified by the Department of Public Health in the use of protective equipment in conjunction with the performance of pressure washing duties shall receive a five percent (5%) premium when assigned and engaged in pressure washing. 2622, 2624 and 2626 Dieticians 412.",HARD,deontic:obligation|deontic:obligation,2,,,,,,
SEIU_102_0474,SEIU_1021_SF_2022_2024,63,"Effective July 1, 2019, employees in Classification 8211 Supervising Building and Grounds Patrol Officer shall receive a three percent (3%) increase to the base rate of pay.",HARD,deontic:obligation,2,,,,,,
SEIU_102_0367,SEIU_1021_SF_2022_2024,50,Charge Nurse Premium 313. 2312 LVNs and 2305 LPTs at both Laguna Honda Hospital and the Behavioral Health Center who are assigned in writing the duties of a charge nurse shall receive a five percent (5%) premium for that assigned shift.,HARD,deontic:obligation,2,,,,,,
SEIU_102_0365,SEIU_1021_SF_2022_2024,48,"The following Classes with working shifts designated by the Department of Public Health to be evening and night shifts shall be paid eight percent (8%) above the regular day shift as set forth herein, excepting those employees participating in an authorized flextime program and who voluntarily work during hours otherwise designated as an evening or night shift: JULY 1, 2022 - JUNE 30, 2024 CBA BETWEEN CITY AND COUNTY OF SAN FRANCISCO AND SEIU LOCAL 1021 37",HARD,deontic:obligation,2,,,,,,
SEIU_102_0364,SEIU_1021_SF_2022_2024,48,A subsequent shift shall be known as a night shift and shall be paid at fifteen percent (15%) above the regular day rate (twenty percent (20%) for 2450 Pharmacist and 2454 Clinical Pharmacist).,HARD,deontic:obligation,2,,,,,,
SEIU_102_0274,SEIU_1021_SF_2022_2024,40,"For Hetch Hetchy housing, all utilities shall be billed at $60 per month.",HARD,deontic:obligation,2,,,,,,
SEIU_102_0251,SEIU_1021_SF_2022_2024,38,"The San Francisco Municipal Transportation Agency shall provide safety vest, cap, gloves, safety sign, footwear, and protective equipment as deemed appropriate by the Appointing Officer or designee.",HARD,deontic:obligation,2,,,,,,
SEIU_102_0250,SEIU_1021_SF_2022_2024,37,The Department shall replace items according to each division’s specifications and as authorized by the Appointing Officer or designee every twelve (12) months. 218.,HARD,deontic:obligation,2,,,,,,
SEIU_102_0249,SEIU_1021_SF_2022_2024,37,Employee safety due to environmental extremes and remote duty locations shall be considered in the selection of the items listed. 217.,HARD,deontic:obligation,2,,,,,,
SEIU_102_0248,SEIU_1021_SF_2022_2024,37,"In accordance with Department policy, employees shall either receive a voucher, request the purchase through a requisition, or submit receipts for reimbursement of up to Two Hundred dollars ($200) for purchasing boots.",HARD,deontic:obligation,2,,,,,,
SEIU_102_0247,SEIU_1021_SF_2022_2024,37,Employees shall also receive one,HARD,deontic:obligation,2,,,,,,
SEIU_102_0246,SEIU_1021_SF_2022_2024,37,The San Francisco Public Utilities Commission shall provide four,HARD,deontic:obligation,2,,,,,,
SEIU_102_0245,SEIU_1021_SF_2022_2024,37,Replacement of a protective vest shall be made upon its expiration date.,HARD,deontic:obligation,2,,,,,,
SEIU_102_0243,SEIU_1021_SF_2022_2024,37,The safety boots and high visibility jackets shall only be worn for work purposes.,HARD,deontic:obligation,2,,,,,,
SEIU_102_0242,SEIU_1021_SF_2022_2024,37,"Employees whose normal duties require them to work in the rain shall be provided with rain gear, including a coat, hat or hood, pants, and overshoes or rain boots.",HARD,deontic:obligation,2,,,,,,
SEIU_102_0241,SEIU_1021_SF_2022_2024,37,"Employees assigned to work in the covered channels or on machinery located below the water line in the sedimentation or grit tanks of a sewage treatment plant shall be furnished with protective clothing, uniforms or work clothes and laundry connected with this employment without charge.",HARD,deontic:obligation,2,,,,,,
SEIU_102_0240,SEIU_1021_SF_2022_2024,36,"This committee shall expire on June 30, 2023.",HARD,deontic:obligation,2,,,,,,
SEIU_102_0239,SEIU_1021_SF_2022_2024,36,"All agreements shall also include procedures for implementation of such equipment as well as training in appropriate use in accordance with all local, state and federal regulations and current best practices.",HARD,deontic:obligation,2,,,,,,
SEIU_102_0238,SEIU_1021_SF_2022_2024,36,This committee shall meet on an ongoing basis as needed.,HARD,deontic:obligation,2,,,,,,
SEIU_102_0237,SEIU_1021_SF_2022_2024,36,"Items to be discussed shall include, but not be limited to, bulletproof vests, pepper spray and restraint devices.",HARD,deontic:obligation,2,,,,,,
SEIU_102_0236,SEIU_1021_SF_2022_2024,36,"Within sixty (60) days of the effective date of this Agreement, the Sheriff’s Department and representatives of the Union shall meet for the purposes of reaching agreement on the use and distribution of any and all equipment that may be necessary in the line of duty for all SEIU represented classifications employed in the Sheriff’s Department.",HARD,deontic:obligation|deontic:permission,2,,,,,,
SEIU_102_0235,SEIU_1021_SF_2022_2024,36,Represented employees must be on duty status or approved leave on each September 1 to be eligible for the uniform allowance.,HARD,deontic:obligation,2,,,,,,
SEIU_102_0234,SEIU_1021_SF_2022_2024,36,The Airport or the Union may request to meet and discuss issues regarding uniforms.,SOFT,deontic:permission,2,,,,,,
SEIU_102_0252,SEIU_1021_SF_2022_2024,38,This equipment shall be replaced by the Department when it is damaged in the course of the employee’s duties for the City.,HARD,deontic:obligation,2,,,,,,
SEIU_102_0253,SEIU_1021_SF_2022_2024,38,The Department shall provide two,HARD,deontic:obligation,2,,,,,,
SEIU_102_0254,SEIU_1021_SF_2022_2024,38,"For 8217 Community Police Services Aide Supervisors who successfully complete the Police Department Bicycle Patrol Training Course, the Department shall provide a bicycle uniform consisting of one",HARD,deontic:obligation,2,,,,,,
SEIU_102_0264,SEIU_1021_SF_2022_2024,39,"In all cases, in the absence of agreed upon caseload standards, the California Department of Social Services recommended standards shall prevail. 230.",HARD,deontic:obligation,2,,,,,,
SEIU_102_0272,SEIU_1021_SF_2022_2024,40,"Rental rates at Hetch Hetchy shall remain at “$50 per room” (i.e., $50 per bedroom plus two rooms). 238. b.",HARD,deontic:obligation,2,,,,,,
SEIU_102_0178,SEIU_1021_SF_2022_2024,30,"Upon request of an employee, the City shall meet to discuss work priorities and/or workload reductions and/or alternatives to mandatory overtime.",HARD,deontic:obligation,2,,,,,,
SEIU_102_0269,SEIU_1021_SF_2022_2024,40,"For purposes of this paragraph, workload shall be defined to include taskload.",HARD,deontic:obligation,2,,,,,,
SEIU_102_0268,SEIU_1021_SF_2022_2024,39,"The criteria for equitable distribution of cases and/or tasks shall include, but not be limited to, such considerations as case complexity (including, but not limited to, unique client needs, acute crisis oriented nature of a JULY 1, 2022 - JUNE 30, 2024 CBA BETWEEN CITY AND COUNTY OF SAN FRANCISCO AND SEIU LOCAL 1021 28",HARD,deontic:obligation,2,,,,,,
SEIU_102_0267,SEIU_1021_SF_2022_2024,39,"If any changes occur in State and/or Federal regulations during the term of this Agreement that impact program complexity and workload burden, the Department and the Union shall meet, in accordance with Article VIII.A. of this Agreement, to review the changes for the purpose of reaching agreement on acceptable means of resolving workload issues. 234.",HARD,deontic:obligation,2,,,,,,
SEIU_102_0266,SEIU_1021_SF_2022_2024,39,"When the Union or the Department believes that there is a substantial change in workload, either party may request to meet in accordance with Article VIII.A. of this Agreement, for the purpose of reaching agreement on acceptable means of resolving workload issues. 233.",SOFT,deontic:permission,2,,,,,,
SEIU_102_0265,SEIU_1021_SF_2022_2024,39,The Union and the Department agree that availability of funding shall be taken into consideration in establishing agreed upon standards. 232.,HARD,deontic:obligation,2,,,,,,
SEIU_102_0263,SEIU_1021_SF_2022_2024,39,The Department of Human Services and the Union and the Department of Disability and Aging Services and the Union agree that caseload size in excess of agreed upon caseload standards shall be considered a mitigating factor in performance appraisals and in performance-based disciplinary actions.,HARD,deontic:obligation,2,,,,,,
SEIU_102_0255,SEIU_1021_SF_2022_2024,38,"The Department shall also provide pepper spray, safety vests, traffic safety gloves, whistles, flashlights, and other protective and traffic control equipment as deemed appropriate by the Appointing Officer or designee. 223.",HARD,deontic:obligation,2,,,,,,
SEIU_102_0262,SEIU_1021_SF_2022_2024,39,Lab Coats shall also be replaced by the department when a lab coat has been damaged in the course of the employee's duties for the City.,HARD,deontic:obligation,2,,,,,,
SEIU_102_0261,SEIU_1021_SF_2022_2024,39,Employees shall be furnished two,HARD,deontic:obligation,2,,,,,,
SEIU_102_0260,SEIU_1021_SF_2022_2024,38,This shall include temporary and part-time workers.,HARD,deontic:obligation,2,,,,,,
SEIU_102_0259,SEIU_1021_SF_2022_2024,38,"Employees in classifications 1410 Chief Clerk, 2903 Hospital Eligibility Worker, 2908 Senior Hospital Eligibility Worker and 2909 Hospital Eligibility Worker Supervisor who are required to have patient contact will be provided with five",HARD,deontic:obligation,2,,,,,,
SEIU_102_0258,SEIU_1021_SF_2022_2024,38,"Employees who are required to wear and supply their own uniform or lab coat or smock in the course of their duties and who are employed on September 1 of any year covered by this Agreement, shall be paid an annual uniform allowance of two hundred sixty-five dollars ($265), or, in the case of lab coats or smocks, two hundred twenty dollars ($220) no later than December 1 of each year.",HARD,deontic:obligation|deontic:obligation,2,,,,,,
SEIU_102_0179,SEIU_1021_SF_2022_2024,30,The employee may have a representative of the employee’s choice at such meeting. 161.,SOFT,deontic:permission,2,,,,,,
SEIU_102_0256,SEIU_1021_SF_2022_2024,38,The Department shall provide a protective ballistic vest to employees in classification 8217 Community Police Services Aide Supervisor and 9209 Community Police Services Aide.,HARD,deontic:obligation,2,,,,,,
SEIU_102_0233,SEIU_1021_SF_2022_2024,36,Employees may request replacement uniforms as the items wear out or when the Airport determines that the uniform has been damaged in the course of the employee's duties at the Airport.,SOFT,deontic:permission,2,,,,,,
SEIU_102_0232,SEIU_1021_SF_2022_2024,36,Employees in class series 2700 at the Airport who are required to wear uniforms will be provided five uniforms and one pair of safety shoes upon hire.,HARD,deontic:obligation,2,,,,,,
SEIU_102_0231,SEIU_1021_SF_2022_2024,35,Employees in class series 2600 and 2700 at the Department of Public Health who are required to wear uniforms will be provided five uniforms and one pair of safety shoes upon hire and will be provided two uniforms and one pair of safety shoes annually each subsequent year.,HARD,deontic:obligation,2,,,,,,
SEIU_102_0200,SEIU_1021_SF_2022_2024,32,Participants in a public apprenticeship program who are working as apprentices to classifications represented by the Union shall be represented by the Union and shall be covered by this Agreement. 178.,HARD,deontic:obligation,2,,,,,,
SEIU_102_0207,SEIU_1021_SF_2022_2024,33,"The amount of award granted to an employee shall be from $50 to $100, or 10% of the savings to the City or Department resulting from implementation of the suggestion in the first year following adoption of the suggestion, whichever is greater. 189.",HARD,deontic:obligation,2,,,,,,
SEIU_102_0206,SEIU_1021_SF_2022_2024,32,The Program may be utilized by all employees. 186.,SOFT,deontic:permission,2,,,,,,
SEIU_102_0205,SEIU_1021_SF_2022_2024,32,"To encourage City employees to submit improvements in the management and operation of the City and County in order to sustain and improve services, increase nontax revenues, reduce inefficiency and improve the quality of work life, the City and its Departments shall implement an Employee Suggestion Program as described in the San Francisco Administrative Code, Article VIII, Sections 16.108 through 16.117a (as approved on 6/24/82) with the following changes: 185.",HARD,deontic:obligation,2,,,,,,
SEIU_102_0204,SEIU_1021_SF_2022_2024,32,Sufficient parking shall be provided to all employees who purchase a parking permit. 181.,HARD,deontic:obligation,2,,,,,,
SEIU_102_0203,SEIU_1021_SF_2022_2024,32,Included in such discussions may be the development of a shuttle service; patrol and escort service and/or the building of a parking structure.,SOFT,deontic:permission,2,,,,,,
SEIU_102_0202,SEIU_1021_SF_2022_2024,32,"Upon request of the Union, the Employee Relations Division shall approach the Mayor, the Board of Supervisors and/or other appropriate parties of interest in order to attempt to provide sufficient, secure parking facilities for employees at the department in question.",HARD,deontic:obligation,2,,,,,,
SEIU_102_0201,SEIU_1021_SF_2022_2024,32,New classifications containing public apprenticeship participants or other workers employed in a program designed to address welfare reform which perform a substantial amount of work performed by Union-represented employees shall be assigned to a bargaining unit represented by the Union.,HARD,deontic:obligation,2,,,,,,
SEIU_102_0199,SEIU_1021_SF_2022_2024,31,No current bargaining unit employee shall be displaced by a person hired as a result of any agreed upon public apprenticeship program.,HARD,deontic:obligation,2,,,,,,
SEIU_102_0209,SEIU_1021_SF_2022_2024,33,Employees submitting suggestions shall be protected from any form of retribution.,HARD,deontic:obligation,2,,,,,,
SEIU_102_0198,SEIU_1021_SF_2022_2024,31,Employees may participate in any commuter plan provided by the City.,SOFT,deontic:permission,2,,,,,,
SEIU_102_0197,SEIU_1021_SF_2022_2024,31,Its committee members appointed by the Union shall serve on released time.,HARD,deontic:obligation,2,,,,,,
SEIU_102_0196,SEIU_1021_SF_2022_2024,31,"The Committee shall be comprised of representatives from the Mayor, the Board of Supervisors, the Chief Administrative Officer, Department of Public Health, the Health Service System, the Recreation and Park Department, six",HARD,deontic:obligation,2,,,,,,
SEIU_102_0195,SEIU_1021_SF_2022_2024,31,"Upon request of the Union, the City shall establish a Joint Labor-Management Committee to study employee health education programs, availability of City and private facilities for physical fitness activities, and funding sources for the implementation of a City-wide occupational health promotion program.",HARD,deontic:obligation,2,,,,,,
SEIU_102_0194,SEIU_1021_SF_2022_2024,31,The City shall bear the full cost of fingerprinting whenever such is required of the employee.,HARD,deontic:obligation,2,,,,,,
SEIU_102_0193,SEIU_1021_SF_2022_2024,31,"When an employee works longer than ten (10) hours at a remote location, the City shall provide the employee with a meal or pay the employee the current per diem rate for the meal.",HARD,deontic:obligation,2,,,,,,
SEIU_102_0191,SEIU_1021_SF_2022_2024,31,Reimbursement may be delayed if the employee does not submit the appropriate documentation.,SOFT,deontic:permission,2,,,,,,
SEIU_102_0208,SEIU_1021_SF_2022_2024,33,Awards shall not be considered compensation for services rendered. 190.,HARD,deontic:prohibition|deontic:obligation,2,,,,,,
SEIU_102_0187,SEIU_1021_SF_2022_2024,30,"When an employee is required to use a vehicle to get to a location other than the employee’s regular worksite in the performance of work-related duties, the City shall cover or reimburse JULY 1, 2022 - JUNE 30, 2024 CBA BETWEEN CITY AND COUNTY OF SAN FRANCISCO AND SEIU LOCAL 1021 19",HARD,deontic:obligation|deontic:obligation,2,,,,,,
SEIU_102_0230,SEIU_1021_SF_2022_2024,35,The reimbursement amount for 3302 Admission Attendant shall be up to $250.,HARD,deontic:obligation,2,,,,,,
SEIU_102_0221,SEIU_1021_SF_2022_2024,34,Unresolved grievances shall be submitted to Expedited Arbitration.,HARD,deontic:obligation,2,,,,,,
SEIU_102_0229,SEIU_1021_SF_2022_2024,35,"The reimbursement amount for 8202 Security Guard, 8226 Museum Guard and 8228 Museum Security Supervisor shall be up to $450.",HARD,deontic:obligation,2,,,,,,
SEIU_102_0228,SEIU_1021_SF_2022_2024,35,"Employees in classes 3302 Admission Attendant, 8202 Security Guard, 8226 Museum Guard and 8228 Museum Security Supervisor at the Fine Arts Museum shall continue to purchase their own uniforms and submit receipts for reimbursement to the Department according to existing departmental practices.",HARD,deontic:obligation,2,,,,,,
SEIU_102_0226,SEIU_1021_SF_2022_2024,35,Replacements for uniforms shall be acquired by purchase or lease by the City and furnished to the members as indicated in this Agreement as the items wear out.,HARD,deontic:obligation,2,,,,,,
SEIU_102_0225,SEIU_1021_SF_2022_2024,35,"Upon termination of employment or upon change to a position which does not require wearing of uniforms, each employee having in the employee’s possession uniform items provided by City must return such items, in good condition, reasonable wear and tear excepted.",HARD,deontic:obligation,2,,,,,,
SEIU_102_0182,SEIU_1021_SF_2022_2024,30,The City shall make reasonable efforts to maintain optimal staffing levels.,HARD,deontic:obligation,2,,,,,,
SEIU_102_0223,SEIU_1021_SF_2022_2024,35,The departments shall meet and confer with the Union regarding the style and color of new uniforms provided under this section.,HARD,deontic:obligation,2,,,,,,
SEIU_102_0222,SEIU_1021_SF_2022_2024,35,"ARTICLE II – EMPLOYMENT CONDITIONS Nothing herein shall be construed to limit the City’s liability or obligation to provide appropriate uniforms per California or Federal law, statute, ordinance or relevant licensing agencies. 202.",HARD,deontic:obligation,2,,,,,,
SEIU_102_0220,SEIU_1021_SF_2022_2024,34,Grievances related to the City’s obligation to provide uniforms may be initiated at the third step of the grievance procedure.,SOFT,deontic:permission,2,,,,,,
SEIU_102_0186,SEIU_1021_SF_2022_2024,30,"Employees using their own vehicle for City business shall be reimbursed for expenses incurred at the rate allowed by the Internal Revenue Service and shall be adjusted to reflect changes in this rate on the date it becomes effective, as the changed rates are announced by the Internal Revenue Service and for all necessary parking and toll expenses.",HARD,deontic:obligation,2,,,,,,
SEIU_102_0219,SEIU_1021_SF_2022_2024,34,"During the term of this Agreement, the parties may mutually agree to add additional classifications to this list. 201.",SOFT,deontic:permission,2,,,,,,
SEIU_102_0184,SEIU_1021_SF_2022_2024,30,The City shall provide City vehicles for the use of City employees while traveling in the course of their duties for the City.,HARD,deontic:obligation,2,,,,,,
SEIU_102_0185,SEIU_1021_SF_2022_2024,30,"In the event such vehicles are not available, the appointing officer may request employees to use their own vehicle for City business.",SOFT,deontic:permission,2,,,,,,
SEIU_102_0215,SEIU_1021_SF_2022_2024,33,"The employee shall be notified by certified mail of this action, prior to the effective date of the automatic resignation.",HARD,deontic:obligation,2,,,,,,
SEIU_102_0214,SEIU_1021_SF_2022_2024,33,(5) continuous working days may constitute abandonment of the position and may be recorded as an automatic resignation.,SOFT,deontic:permission,2,,,,,,
SEIU_102_0213,SEIU_1021_SF_2022_2024,33,(5) or less working days may be cause for disciplinary action by the Appointing Authority. 195.,SOFT,deontic:permission,2,,,,,,
SEIU_102_0212,SEIU_1021_SF_2022_2024,33,"The City and the Union shall meet and confer with regard to any actions taken as a result of the PUC study completed on June 30, 2004 concerning 7470 Watershed Keepers and 7220 Watershed Keeper Supervisors to the extent such actions are within the mandatory scope of bargaining.",HARD,deontic:obligation,2,,,,,,
SEIU_102_0273,SEIU_1021_SF_2022_2024,40,"Effective July 1, 2000, Bay Area Housing rental rates shall be “$100 per room.” Beginning on July 1, 2001, and annually for the duration of the contract, the rents shall be adjusted for changes to the cost of living as reflected in the S.F./Oakland CPI-U Annual Average. 239. c.",HARD,deontic:obligation,2,,,,,,
SEIU_102_0275,SEIU_1021_SF_2022_2024,40,"For Bay Area housing, payment of all utilities shall be the responsibility of the employee.",HARD,deontic:obligation,2,,,,,,
SEIU_102_0363,SEIU_1021_SF_2022_2024,48,Any shift immediately following a regular day shift or commencing during any period of a day shift shall be considered a swing shift and employees working on such shift shall be paid at ten percent (10%) above the regular day shift.,HARD,deontic:obligation,2,,,,,,
SEIU_102_0276,SEIU_1021_SF_2022_2024,40,"Provided however, that electricity shall only be billed where meters are in place.",HARD,deontic:obligation,2,,,,,,
SEIU_102_0341,SEIU_1021_SF_2022_2024,47,Shift bidding for all represented classes shall continue by current practice.,HARD,deontic:obligation,2,,,,,,
SEIU_102_0340,SEIU_1021_SF_2022_2024,47,"In the event an agreement is reached, elections shall then be conducted within the department to determine the manner in which days off are to be scheduled (fixed or rotating).",HARD,deontic:obligation,2,,,,,,
SEIU_102_0168,SEIU_1021_SF_2022_2024,29,"In the event the City issues layoff notices to seventy-five (75) or more SEIU-represented employees in a fiscal year, the City and SEIU shall convene an internal job placement committee (IJPC) within ten (10) days.",HARD,deontic:obligation,2,,,,,,
SEIU_102_0338,SEIU_1021_SF_2022_2024,46,The parties mutually reaffirm the language of this section that alternative work weeks beyond those described in this Agreement may be instituted only after mutual agreement of both of the parties.,SOFT,deontic:permission,2,,,,,,
SEIU_102_0335,SEIU_1021_SF_2022_2024,46,"However, a schedule of an individual employee shall not be temporarily changed to avoid paying an individual employee overtime. 291.",HARD,deontic:prohibition|deontic:obligation,2,,,,,,
SEIU_102_0333,SEIU_1021_SF_2022_2024,46,Salaries for part-time services shall be calculated upon the compensation for normal work schedules proportionate to the hours actually worked.,HARD,deontic:obligation,2,,,,,,
SEIU_102_0170,SEIU_1021_SF_2022_2024,29,The committee shall be co-chaired by the Mayor’s senior management designee and a designee of SEIU.,HARD,deontic:obligation,2,,,,,,
SEIU_102_0331,SEIU_1021_SF_2022_2024,46,Alternatives to Normal Work Schedules or Flextime Upon request of the Union to any City department the department head shall meet and confer with the Union on proposals offered by the union or the department relating to alternative scheduling of working hours for all or part of a department. 287.,HARD,deontic:obligation,2,,,,,,
SEIU_102_0330,SEIU_1021_SF_2022_2024,46,There shall be no mandatory unpaid administrative leave (furlough) of any duration for represented employees. 286. h.,HARD,deontic:obligation,2,,,,,,
SEIU_102_0329,SEIU_1021_SF_2022_2024,46,Disputes over the application of this section regarding the approval for certain days or hours off shall be submitted to a standing panel of three,HARD,deontic:obligation,2,,,,,,
SEIU_102_0328,SEIU_1021_SF_2022_2024,46,"Seniority, holiday pay, retirement and other benefits of employment shall not be negatively impacted due to an employee's participation in the voluntary time off program. 284.",HARD,deontic:prohibition|deontic:obligation,2,,,,,,
SEIU_102_0327,SEIU_1021_SF_2022_2024,45,"Employees who voluntarily take unpaid time off shall continue to accrue vacation, retirement and sick leave credits at the same JULY 1, 2022 - JUNE 30, 2024 CBA BETWEEN CITY AND COUNTY OF SAN FRANCISCO AND SEIU LOCAL 1021 34",HARD,deontic:obligation,2,,,,,,
SEIU_102_0326,SEIU_1021_SF_2022_2024,45,Employees who have requested time off and who have obtained approval of such requests shall not have their time off altered or eliminated without their consent. 282.,HARD,deontic:prohibition|deontic:obligation,2,,,,,,
SEIU_102_0325,SEIU_1021_SF_2022_2024,45,"When there are conflicting voluntary unpaid time off requests for the same day(s) or time period, and more than one employee cannot be granted time off due to operational needs, the request of the more senior employee shall prevail. 281.",HARD,deontic:obligation,2,,,,,,
SEIU_102_0324,SEIU_1021_SF_2022_2024,45,Requests for voluntary time off may only be denied for operational reasons.,SOFT,deontic:permission,2,,,,,,
SEIU_102_0323,SEIU_1021_SF_2022_2024,45,"City-Wide Voluntary Time Off Program Employees in any classification, with the approval of the appointing officer, may voluntarily elect to work a reduced work week, or take unpaid hours of days off, for a specific period of time with no negative impact on other terms and conditions of employment. 280.",SOFT,deontic:permission,2,,,,,,
SEIU_102_0322,SEIU_1021_SF_2022_2024,45,"Pay, vacation, holidays and sick pay and any other benefits shall be reduced (computed proportionately) in accordance with such reduced work week. 279. f.",HARD,deontic:obligation,2,,,,,,
SEIU_102_0342,SEIU_1021_SF_2022_2024,47,"Upon the written request of the Union, a Department shall negotiate with the Union to establish or to revise a shift bidding procedure.",HARD,deontic:obligation,2,,,,,,
SEIU_102_0343,SEIU_1021_SF_2022_2024,47,The determination of the shift bidding procedure shall be by mutual agreement.,HARD,deontic:obligation,2,,,,,,
SEIU_102_0344,SEIU_1021_SF_2022_2024,47,"All shift bid postings shall include the following information: the nature of the assignment, days off, work location, and duration of the bid.",HARD,deontic:obligation,2,,,,,,
SEIU_102_0354,SEIU_1021_SF_2022_2024,48,"Selection criteria: in filling a vacancy, the department may consider the candidate's knowledge, skills and abilities when determining whether or not the candidate is acceptable for the position.",SOFT,deontic:permission,2,,,,,,
SEIU_102_0166,SEIU_1021_SF_2022_2024,29,"The employee receiving a layoff notice shall, upon request, receive information regarding the employee’s place on the seniority roster(s) in the employee’s own classification and in previous underlying classifications.",HARD,deontic:obligation,2,,,,,,
SEIU_102_0360,SEIU_1021_SF_2022_2024,48,Employees shall be paid eight percent (8%) more than the base rate for each hour worked between 5:00 pm and 7:00 am if the employee works at least one,HARD,deontic:obligation,2,,,,,,
SEIU_102_0359,SEIU_1021_SF_2022_2024,48,"Absent mutual agreement, an employee may not be voluntarily reassigned pursuant to this provision more than twice in a two",SOFT,deontic:restriction|deontic:permission,2,,,,,,
SEIU_102_0358,SEIU_1021_SF_2022_2024,48,Unresolved grievances shall be submitted to Expedited Arbitration. 305.,HARD,deontic:obligation,2,,,,,,
SEIU_102_0357,SEIU_1021_SF_2022_2024,48,Grievances arising from this section may be initiated at the second step of the grievance procedure.,SOFT,deontic:permission,2,,,,,,
SEIU_102_0356,SEIU_1021_SF_2022_2024,48,The name of the candidate selected shall be posted for a one week period. 304.,HARD,deontic:obligation,2,,,,,,
SEIU_102_0355,SEIU_1021_SF_2022_2024,48,"If no candidate is accepted for the position, the department may use other means authorized by CSC rules to fill the position. 303.",SOFT,deontic:permission,2,,,,,,
SEIU_102_0353,SEIU_1021_SF_2022_2024,47,The reassignment shall be based on objective criteria and shall not be arbitrary or capricious.,HARD,deontic:prohibition|deontic:obligation,2,,,,,,
SEIU_102_0345,SEIU_1021_SF_2022_2024,47,The shift bidding procedure shall incorporate the principles of seniority.,HARD,deontic:obligation,2,,,,,,
SEIU_102_0352,SEIU_1021_SF_2022_2024,47,"If fewer than three qualified employees express interest in the reassignment, the position shall be filled by either choosing the least senior qualified employee in the class and department or some other means authorized by CSC rules. 301.",HARD,deontic:obligation,2,,,,,,
SEIU_102_0351,SEIU_1021_SF_2022_2024,47,"Posting of vacancies shall include shifts, hours, position, assignments, days off and work location and shall be posted for at least one week in the department's personnel office(s), on official bulletin boards and at other mutually agreed upon locations. 299.",HARD,deontic:obligation,2,,,,,,
SEIU_102_0350,SEIU_1021_SF_2022_2024,47,"Such vacancies shall be posted, including electronically where practicable.",HARD,deontic:obligation,2,,,,,,
SEIU_102_0349,SEIU_1021_SF_2022_2024,47,"(1) year or more, the department shall utilize the following procedure: 298.",HARD,deontic:obligation,2,,,,,,
SEIU_102_0167,SEIU_1021_SF_2022_2024,29,"Within fourteen (14) calendar days after receiving such layoff notice as described above, the employee shall make an irrevocable election among the employee’s options.",HARD,deontic:obligation,2,,,,,,
SEIU_102_0347,SEIU_1021_SF_2022_2024,47,"All employees in the Department of Public Health shall have one regular start time for every day of employment in the same week (Saturday to Friday), including but not limited to “variable shift” employees.",HARD,deontic:obligation,2,,,,,,
SEIU_102_0346,SEIU_1021_SF_2022_2024,47,This provision shall not be applied in an arbitrary or capricious manner.,HARD,deontic:prohibition|deontic:obligation,2,,,,,,
SEIU_102_0321,SEIU_1021_SF_2022_2024,45,Such reduced work week shall not be less than twenty (20) hours per week nor for less than three,HARD,deontic:prohibition|deontic:obligation,2,,,,,,
SEIU_102_0319,SEIU_1021_SF_2022_2024,45,Employees who begin their shift and are subsequently relieved of duty due to the above reasons shall be paid a minimum of four,HARD,deontic:obligation,2,,,,,,
SEIU_102_0318,SEIU_1021_SF_2022_2024,45,Employees who are not properly notified and report to work and are informed no work applicable to the classification is available shall be paid for a minimum of two,HARD,deontic:obligation,2,,,,,,
SEIU_102_0286,SEIU_1021_SF_2022_2024,41,The City shall provide annual training to all employees regarding DSW duties and responsibilities during a disaster. 247.,HARD,deontic:obligation,2,,,,,,
SEIU_102_0294,SEIU_1021_SF_2022_2024,42,"Nothing in this Agreement shall waive or prejudice the right or position of the City or the Union with respect to layoffs and rights granted by Charter, the Civil Service Commission, this Agreement, or state law.",HARD,deontic:obligation,2,,,,,,
SEIU_102_0292,SEIU_1021_SF_2022_2024,41,"While the exam is pending, these employees shall receive bilingual pay upon certification by the employee, the employee’s department and the employee’s DSW department, that the employee is providing bilingual services necessary to the disaster response.",HARD,deontic:obligation,2,,,,,,
SEIU_102_0291,SEIU_1021_SF_2022_2024,41,The City shall make best efforts to provide advance notice of changes to the schedule or location of DSW assignments. 250.,HARD,deontic:obligation,2,,,,,,
SEIU_102_0290,SEIU_1021_SF_2022_2024,41,"The City shall notify the Union and employees of how to contact the City command center to address issues, complaints, and concerns regarding DSW assignments, including scheduling. 249.",HARD,deontic:obligation,2,,,,,,
SEIU_102_0175,SEIU_1021_SF_2022_2024,29,"In addition to conferring regarding near-list opportunities and vacancies for employees facing layoff or displacement, the committee shall make recommendations to the City regarding the following subjects and any other alternatives that it may identify which the City will make all reasonable efforts to implement: 155. i.",HARD,deontic:obligation|deontic:permission,2,,,,,,
SEIU_102_0176,SEIU_1021_SF_2022_2024,30,Such meetings may include discussions of appropriate work for one person and relevant state guidelines.,SOFT,deontic:permission,2,,,,,,
SEIU_102_0287,SEIU_1021_SF_2022_2024,41,The City shall make best efforts to prevent probationary employees from being given DSW assignments.,HARD,deontic:obligation,2,,,,,,
SEIU_102_0285,SEIU_1021_SF_2022_2024,41,"During the term of the Agreement, the City shall adopt a disaster staffing plan outlining the DSW program, identifying examples of the duties and responsibilities that employees may have during a disaster, employee safety, and training requirements.",HARD,deontic:obligation|deontic:permission,2,,,,,,
SEIU_102_0296,SEIU_1021_SF_2022_2024,42,"All supervisors covered by this Agreement shall be provided the City’s online implicit bias training prior to June 30, 2022. 261. b.",HARD,deontic:obligation,2,,,,,,
SEIU_102_0284,SEIU_1021_SF_2022_2024,40,The purpose of the Committee shall be to discuss and make recommendations regarding assignments and maintenance of PUC housing.,HARD,deontic:obligation,2,,,,,,
SEIU_102_0283,SEIU_1021_SF_2022_2024,40,"A joint labor-management committee shall be established, with two",HARD,deontic:obligation,2,,,,,,
SEIU_102_0282,SEIU_1021_SF_2022_2024,40,"All things being equal, seniority shall be the determining factor. 243.",HARD,deontic:obligation,2,,,,,,
SEIU_102_0281,SEIU_1021_SF_2022_2024,40,Vacancies shall be offered on the basis of departmental seniority and the required special needs of each location.,HARD,deontic:obligation,2,,,,,,
SEIU_102_0280,SEIU_1021_SF_2022_2024,40,No bargaining unit member currently residing in PUC housing shall be displaced during the life of this collective bargaining agreement while employed in the 7470 or 7270 classification at that location.,HARD,deontic:obligation,2,,,,,,
SEIU_102_0177,SEIU_1021_SF_2022_2024,30,"The City, realizing that staffing reductions could result in increased workload pressures upon the remaining employees, shall use its best efforts to avoid mandatory overtime to the maximum extent possible.",HARD,deontic:obligation,2,,,,,,
SEIU_102_0277,SEIU_1021_SF_2022_2024,40,Water shall only be billed where meters are in place and water is potable. 240. d.,HARD,deontic:obligation,2,,,,,,
SEIU_102_0295,SEIU_1021_SF_2022_2024,42,The City shall make reasonable efforts to ensure the following: 260. a.,HARD,deontic:obligation,2,,,,,,
SEIU_102_0297,SEIU_1021_SF_2022_2024,42,"In accordance with Executive Directive 18-02, all employees covered by this Agreement who participate on hiring panels must take the City’s “Fairness in Hiring” online training. 262. c.",HARD,deontic:obligation,2,,,,,,
SEIU_102_0317,SEIU_1021_SF_2022_2024,45,Employees shall receive no compensation when properly notified (two,HARD,deontic:obligation,2,,,,,,
SEIU_102_0308,SEIU_1021_SF_2022_2024,43,"In the event a represented employee has a good faith belief that a telecommuting request is denied for an arbitrary or capricious reason, or that an existing telecommuting agreement was terminated for an arbitrary or capricious reason, the member may appeal the decision to the City’s Human Resources Director, whose decision shall be final and binding.",HARD,deontic:obligation|deontic:permission,2,,,,,,
SEIU_102_0316,SEIU_1021_SF_2022_2024,45,"ARTICLE III – PAY, HOURS AND BENEFITS Represented employees may, on a voluntary basis, with approval of the appointing officer, consistent with scheduling requirements, work a fortyhour week in six",SOFT,deontic:permission,2,,,,,,
SEIU_102_0172,SEIU_1021_SF_2022_2024,29,Members of this committee shall be on City-paid release time while at IJPC meetings.,HARD,deontic:obligation,2,,,,,,
SEIU_102_0314,SEIU_1021_SF_2022_2024,44,"If an alternative work day of either ten (10) or twelve (12) hours is, or has been, established by mutual agreement, the shift shall be considered normal for the affected employees. 2.",HARD,deontic:obligation,2,,,,,,
SEIU_102_0313,SEIU_1021_SF_2022_2024,44,"All base wage calculations shall be rounded to the nearest whole dollar, bi-weekly salary.",HARD,deontic:obligation,2,,,,,,
SEIU_102_0173,SEIU_1021_SF_2022_2024,29,The mission of the committee shall be to use its best efforts to maintain City employment for all SEIU-represented employees facing layoff or displacement. 154.,HARD,deontic:obligation,2,,,,,,
SEIU_102_0174,SEIU_1021_SF_2022_2024,29,The IJPC shall be responsible for identifying alternative employment within the City for employees facing layoff or displacement.,HARD,deontic:obligation,2,,,,,,
SEIU_102_0310,SEIU_1021_SF_2022_2024,44,"Represented employees will receive the following base wage increases: Effective July 1, 2022, represented employees shall receive a base wage increase of 5.25%.",HARD,deontic:obligation,2,,,,,,
SEIU_102_0307,SEIU_1021_SF_2022_2024,43,"Either a telecommuting employee or the City may end a telecommuting arrangement at any time, however, telecommuting arrangements will not be denied or ended for an arbitrary or capricious reason.",SOFT,deontic:permission,2,,,,,,
SEIU_102_0298,SEIU_1021_SF_2022_2024,42,All supervisory employees covered by this Agreement shall be provided the City’s Sexual Harassment Prevention Training once every two years. 263.,HARD,deontic:obligation,2,,,,,,
SEIU_102_0305,SEIU_1021_SF_2022_2024,43,An employee who meets the Telecommuting Program eligibility criteria and program guidelines may apply to participate in the Telecommuting Program.,SOFT,deontic:permission,2,,,,,,
SEIU_102_0304,SEIU_1021_SF_2022_2024,42,"This provision shall expire on June 30, 2022.",HARD,deontic:obligation,2,,,,,,
SEIU_102_0303,SEIU_1021_SF_2022_2024,42,"(4) members appointed by the City, which shall convene monthly upon request of the Union to monitor and discuss appointments of employees represented by the Union under Charter Section 10.104-18 (Category 18 employees) and attempt to reach mutual agreements on recommendations.",HARD,deontic:obligation,2,,,,,,
SEIU_102_0302,SEIU_1021_SF_2022_2024,42,The City and Union shall form a Category 18 Committee of four,HARD,deontic:obligation,2,,,,,,
SEIU_102_0301,SEIU_1021_SF_2022_2024,42,"Upon request of the Union and mutual agreement of the parties, the City shall provide additional reports on workforce demographics for employees represented by the Union, to the extent such reports do not violate employee privacy.",HARD,deontic:obligation,2,,,,,,
SEIU_102_0300,SEIU_1021_SF_2022_2024,42,"The City shall make available on its website annual reports on discipline, probationary releases, and Performance Improvement Plans prepared pursuant to the Mayor’s Executive Directive 1802 Ensuring a Diverse, Fair, and Inclusive City Workforce.",HARD,deontic:obligation,2,,,,,,
SEIU_102_0299,SEIU_1021_SF_2022_2024,42,DHR shall provide the Union with information on its checklist and supplemental training on disciplinary principles for all departments to ensure consistency and fairness in administration of discipline. 264.,HARD,deontic:obligation,2,,,,,,
SEIU_102_0534,SEIU_1021_SF_2022_2024,67,"Employees regularly scheduled to work on a holiday which falls on a Saturday or Sunday shall observe the holiday on the day it occurs, or if required to work shall receive holiday compensation for work on that day.",HARD,deontic:obligation,2,,,,,,
SEIU_102_0507,SEIU_1021_SF_2022_2024,65,"For the purposes of this provision, the evaluation of an employee's qualifications shall not be arbitrary.",HARD,deontic:prohibition|deontic:obligation,2,,,,,,
SEIU_102_0536,SEIU_1021_SF_2022_2024,68,"If the provisions of this section deprive an employee of the same number of holidays that an employee receives who works Monday through Friday, the employee shall be granted additional days off to equal such number of holidays.",HARD,deontic:obligation,2,,,,,,
SEIU_102_0733,SEIU_1021_SF_2022_2024,89,"In cases alleging sexual harassment, the time limit during which to file a grievance shall be four",HARD,deontic:obligation,2,,,,,,
SEIU_102_0731,SEIU_1021_SF_2022_2024,89,"If a solution to the grievance, satisfactory to the employee and the immediate supervisor is not accomplished by informal discussion, the Union may pursue the grievance further. 611.",SOFT,deontic:permission,2,,,,,,
SEIU_102_0730,SEIU_1021_SF_2022_2024,89,The employee may have a representative at this discussion.,SOFT,deontic:permission,2,,,,,,
SEIU_102_0729,SEIU_1021_SF_2022_2024,89,"An employee having a grievance may first discuss it with the employee's immediate supervisor, or the next level in management, to try to work out a satisfactory solution in an informal manner.",SOFT,deontic:permission,2,,,,,,
SEIU_102_0728,SEIU_1021_SF_2022_2024,89,"Any deadline date under this procedure that falls on a Saturday, Sunday or Holiday shall be continued to the next business day.",HARD,deontic:obligation,2,,,,,,
SEIU_102_0727,SEIU_1021_SF_2022_2024,89,Failure of the City to follow the time limits shall serve to move the grievance to the next step. 608.,HARD,deontic:obligation,2,,,,,,
SEIU_102_0114,SEIU_1021_SF_2022_2024,23,"Due to the size of the bargaining unit and the diversity of the classifications and employees within the unit, which enable the employees to perform various services in the diverse communities served by the City, the Mayor and the Union agree that, for the term of this Agreement, the Mayor shall instruct the City's Department Heads over whom he has budgetary authority that: 88.",HARD,deontic:obligation,2,,,,,,
SEIU_102_0725,SEIU_1021_SF_2022_2024,89,This agreement must be confirmed in writing by the party initiating the extension request.,HARD,deontic:obligation,2,,,,,,
SEIU_102_0724,SEIU_1021_SF_2022_2024,89,A time limit may be extended by the Union and the Management Official responsible for the decision making at the particular step of the process by agreement entered into prior to the expiration of the time limit.,SOFT,deontic:permission,2,,,,,,
SEIU_102_0723,SEIU_1021_SF_2022_2024,89,"In the event that either party moves to judicially challenge the arbitration award, the ninety (90) day deadline shall apply upon the resolution of such challenge, assuming the resolution to the judicial challenge is final and contains a specific dollar amount as discussed above.",HARD,deontic:obligation,2,,,,,,
SEIU_102_0722,SEIU_1021_SF_2022_2024,89,"If the City does not meet this 90-day deadline, the grievant(s) shall be entitled to interest at the rate of 5% per year beginning on the 91st day until the date the payment is issued.",HARD,deontic:obligation,2,,,,,,
SEIU_102_0720,SEIU_1021_SF_2022_2024,88,"(Out of Class Work, Acting Assignment), in no event shall a grievance include a claim for money relief for more than a thirty (30) working day period prior to the initiation of the grievance.",HARD,deontic:obligation,2,,,,,,
SEIU_102_0718,SEIU_1021_SF_2022_2024,88,Grievances related to a termination of an employee must be submitted initially at Step II of this procedure within fifteen (15) calendar days of the final notice of termination.,HARD,deontic:obligation,2,,,,,,
SEIU_102_0717,SEIU_1021_SF_2022_2024,88,Grievances related to a suspension of an employee may be submitted initially at Step II of this procedure within fifteen (15) calendar days of the date of final notice of disciplinary action. 603.,SOFT,deontic:permission,2,,,,,,
SEIU_102_0716,SEIU_1021_SF_2022_2024,88,Only the Union shall have the right on behalf of a disciplined employee to grieve the discipline. 602.,HARD,deontic:obligation,2,,,,,,
SEIU_102_0715,SEIU_1021_SF_2022_2024,88,The management representative named in the Steps of this grievance procedure may appoint a designated representative to act on the management representative’s behalf with the accompanying authority to settle the grievance at the appropriate grievance step. 601.,SOFT,deontic:permission,2,,,,,,
SEIU_102_0714,SEIU_1021_SF_2022_2024,88,The Union and the City agree that grievances shall include the following: 594. a.,HARD,deontic:obligation,2,,,,,,
SEIU_102_0713,SEIU_1021_SF_2022_2024,88,"A Grievance shall be defined as any dispute which involves the interpretation or application of, or compliance with this Agreement, or discipline.",HARD,deontic:obligation,2,,,,,,
SEIU_102_0732,SEIU_1021_SF_2022_2024,89,"The Union shall submit a detailed written statement containing the specifics of the grievance to the immediate supervisor within fifteen (15) calendar days of the facts or event giving rise to the grievance, or within fifteen (15) calendar days from such time as the employee or Union should have known of the occurrence thereof.",HARD,deontic:obligation|deontic:preference,2,,,,,,
SEIU_102_0734,SEIU_1021_SF_2022_2024,89,The immediate supervisor shall respond in writing within ten (10) calendar days.,HARD,deontic:obligation,2,,,,,,
SEIU_102_0670,SEIU_1021_SF_2022_2024,83,"No charge shall be made for meals furnished to cooks, bakers, dieticians, lunchroom helpers and other kitchen workers while on duty.",HARD,deontic:obligation,2,,,,,,
SEIU_102_0735,SEIU_1021_SF_2022_2024,89,"If the grievance is not satisfactorily resolved in Step I, the written grievance shall be advanced, containing a specific description of the basis for the grievance, the specific reason or reasons for JULY 1, 2022 - JUNE 30, 2024 CBA BETWEEN CITY AND COUNTY OF SAN FRANCISCO AND SEIU LOCAL 1021 78",HARD,deontic:obligation,2,,,,,,
SEIU_102_0753,SEIU_1021_SF_2022_2024,91,"Should the designated arbitrator be unable to comply with this requirement, the parties shall by mutual agreement commence contacting other arbitrators on the panel, beginning with the last struck, until an arbitrator is selected who will meet such requirement. 627.",HARD,deontic:obligation|deontic:preference,2,,,,,,
SEIU_102_0752,SEIU_1021_SF_2022_2024,91,The City and the Union must commence selecting the arbitrator and scheduling the arbitration within thirty (30) calendar days of ERD's receipt of the Union's arbitration request.,HARD,deontic:obligation,2,,,,,,
SEIU_102_0111,SEIU_1021_SF_2022_2024,23,"A probationary period may be extended by mutual agreement, in writing, between the Union and the City. 85.",SOFT,deontic:permission,2,,,,,,
SEIU_102_0750,SEIU_1021_SF_2022_2024,91,"From the two lists, arbitrators who appear on both lists shall be selected as Standing Panel members.",HARD,deontic:obligation,2,,,,,,
SEIU_102_0749,SEIU_1021_SF_2022_2024,90,"From the two lists, those arbitrators who appear on both lists shall be selected.",HARD,deontic:obligation,2,,,,,,
SEIU_102_0748,SEIU_1021_SF_2022_2024,90,The parties acknowledge that in a particular case they retain the right to be able to mutually agree to select an arbitrator who may or may not be on the standing panel. 618.,SOFT,deontic:restriction|deontic:permission,2,,,,,,
SEIU_102_0747,SEIU_1021_SF_2022_2024,90,"To select an arbitrator from the standing panel, the parties shall strike arbitrators alternately from the standing panel until one arbitrator remains to hear each particular case.",HARD,deontic:obligation,2,,,,,,
SEIU_102_0746,SEIU_1021_SF_2022_2024,90,The parties shall utilize a standing panel for arbitrator selection.,HARD,deontic:obligation,2,,,,,,
SEIU_102_0745,SEIU_1021_SF_2022_2024,90,"The Union shall contact the City Attorney’s Office by letter, copied to the Employee Relations Director, via US mail, within thirty (30) calendar days of the date of the ERD Director’s letter referring the Union to the City Attorney’s Office.",HARD,deontic:obligation,2,,,,,,
SEIU_102_0744,SEIU_1021_SF_2022_2024,90,The ERD Director shall issue a letter referring the Union to the City Attorney’s Office within thirty (30) calendar days of receipt.,HARD,deontic:obligation,2,,,,,,
SEIU_102_0743,SEIU_1021_SF_2022_2024,90,"Should there be no satisfactory resolution at Step III, the Union has the right to submit and advance the grievance to final and binding arbitration within thirty (30) calendar days of receipt of the Step III response by submitting a request for arbitration to the ERD Director.",SOFT,deontic:preference,2,,,,,,
SEIU_102_0112,SEIU_1021_SF_2022_2024,23,An employee who is granted a leave while serving a probationary period shall have such probationary period extended by the period of such leave in order to complete the required period of service.,HARD,deontic:obligation,2,,,,,,
SEIU_102_0740,SEIU_1021_SF_2022_2024,90,The Director or designee shall have fifteen (15) calendar days after receipt of the written grievance in which to review and seek resolution of the grievance and respond in writing. 616.,HARD,deontic:obligation,2,,,,,,
SEIU_102_0739,SEIU_1021_SF_2022_2024,90,"If the decision of the department head/designee is unsatisfactory, the Union may, within fifteen (15) calendar days after receipt of the Department's decision, submit the grievance in writing stating the specific reason or reasons for rejecting the lower step response and advancing the grievance to the next step to the Employee Relations Director. 615.",SOFT,deontic:permission,2,,,,,,
SEIU_102_0738,SEIU_1021_SF_2022_2024,90,"The department head/designee shall, within fifteen (15) calendar days of receipt of the written grievance, or within ten (10) calendar days of the date the meeting is held, whichever comes later, respond in writing to the grievant and the Union, specifying the Department Head/designee’s reason(s) for concurring with or denying the grievance.",HARD,deontic:obligation,2,,,,,,
SEIU_102_0113,SEIU_1021_SF_2022_2024,23,Disability leave shall extend the probationary period in all cases. 86.,HARD,deontic:obligation,2,,,,,,
SEIU_102_0736,SEIU_1021_SF_2022_2024,90,The Union shall have fifteen (15) calendar days from receipt of the Step I response to submit the grievance to the Department Head or designee.,HARD,deontic:obligation,2,,,,,,
SEIU_102_0712,SEIU_1021_SF_2022_2024,87,"Upon becoming eligible to participate in the Health Service System under San Francisco Administrative Code Section 16.700, the City shall provide term life insurance in the amount of $50,000 for all employees covered by this agreement.",HARD,deontic:obligation,2,,,,,,
SEIU_102_0711,SEIU_1021_SF_2022_2024,87,"Should the Civil Service Commission amend the Civil Service Rules to allow eligible employees covered by this Agreement to access their sick leave with pay credits after three continuous months of regularly scheduled paid service instead of requiring six continuous months of such service, San Francisco Administrative Code Chapter 12W Paid Sick Leave Ordinance shall be deemed expressly waived in its entirety by the Union, and said amended provision shall apply to covered employees.",HARD,deontic:obligation|deontic:preference,2,,,,,,
SEIU_102_0710,SEIU_1021_SF_2022_2024,87,"Newly appointed employees shall be provided paid release time to complete post-hire, appointment processing.",HARD,deontic:obligation,2,,,,,,
SEIU_102_0709,SEIU_1021_SF_2022_2024,87,The pre-paid legal services program selected by the Union shall be reviewed by the City for compliance with applicable local laws and procedures.,HARD,deontic:obligation,2,,,,,,
SEIU_102_0116,SEIU_1021_SF_2022_2024,23,Department heads shall not lay off current bargaining unit members or eliminate existing bargaining unit positions as a result of contracting out. 90.,HARD,deontic:prohibition|deontic:obligation,2,,,,,,
SEIU_102_0687,SEIU_1021_SF_2022_2024,85,"Vacation pay shall include all premiums, differentials, etc that an employee earns during the regular work year.",HARD,deontic:obligation,2,,,,,,
SEIU_102_0686,SEIU_1021_SF_2022_2024,85,Vacation pay for employees working less than a five day week shall be computed proportionately. 569.,HARD,deontic:obligation,2,,,,,,
SEIU_102_0685,SEIU_1021_SF_2022_2024,85,"In computing vacation pay, no employee shall be considered to work more than five days each week.",HARD,deontic:obligation|deontic:prohibition,2,,,,,,
SEIU_102_0117,SEIU_1021_SF_2022_2024,23,This instruction shall not in any way affect,HARD,deontic:prohibition|deontic:obligation,2,,,,,,
SEIU_102_0683,SEIU_1021_SF_2022_2024,84,"Employees may elect not to take their entire vacation in any one year and in such event may accumulate the days allowable and not taken for use at some future time, provided, however, that JULY 1, 2022 - JUNE 30, 2024 CBA BETWEEN CITY AND COUNTY OF SAN FRANCISCO AND SEIU LOCAL 1021 73",SOFT,deontic:permission,2,,,,,,
SEIU_102_0682,SEIU_1021_SF_2022_2024,84,"Every person employed in the city and county service shall be allowed a vacation with pay annually, as long as the employee continues in the employee’s employment, as follows: 1.",HARD,deontic:obligation,2,,,,,,
SEIU_102_0681,SEIU_1021_SF_2022_2024,84,"An employee with one year or more of service who ceases to be employed by the city and county and who has neither received nor waived the employee’s current annual vacation allowance shall receive a pro-rate payment for all service performed since January 1 of the calendar year in which the employee ceases to be employed, together with an amount equivalent to any accumulated vacation allowances due to the employee.",HARD,deontic:obligation,2,,,,,,
SEIU_102_0680,SEIU_1021_SF_2022_2024,84,"If a holiday occurs during an employee's vacation and the employee would as a matter of law have been entitled to said day as a regular day off, such holiday shall not be considered a day of vacation chargeable to the employee's vacation allowance.",HARD,deontic:prohibition|deontic:obligation,2,,,,,,
SEIU_102_0118,SEIU_1021_SF_2022_2024,23,"(i) existing contracts (which shall include proposed contracts funded with monies appropriated in the 1996-97 budget), (ii) renewals, amendments or extensions of those contracts, or (iii) new contracts either for services already contracted out or arising from the City's receipt of new and/or additional federal, state, or grant funds designated for new or unique programs.",HARD,deontic:obligation,2,,,,,,
SEIU_102_0119,SEIU_1021_SF_2022_2024,23,"However, such funds shall not include growth in general fund or enterprise revenues in force and effect at the time of the signing of this Agreement. 91.",HARD,deontic:prohibition|deontic:obligation,2,,,,,,
SEIU_102_0677,SEIU_1021_SF_2022_2024,84,Witness leave shall be paid as currently provided in the Civil Service rules.,HARD,deontic:obligation,2,,,,,,
SEIU_102_0676,SEIU_1021_SF_2022_2024,84,"If the employee and supervisor agree that the employee will not report to work before calling-in, the employee shall be entitled to leave with pay for jury duty until the employee is released by the Court from further availability that day, plus travel time from either the Court or the employee’s home to work, if the employee and supervisor agree that the employee will report to work after being released by the Court. 562.",HARD,deontic:obligation,2,,,,,,
SEIU_102_0675,SEIU_1021_SF_2022_2024,84,"If an employee is required to call-in for possible same-day jury duty, the employee shall coordinate in advance with the employee’s supervisor about whether and when to report to work.",HARD,deontic:obligation|deontic:obligation,2,,,,,,
SEIU_102_0674,SEIU_1021_SF_2022_2024,84,"To receive leave with pay for jury duty, employees must",HARD,deontic:obligation,2,,,,,,
SEIU_102_0673,SEIU_1021_SF_2022_2024,84,Such service shall not result in a loss of applicable shift differential. 560.,HARD,deontic:prohibition|deontic:obligation,2,,,,,,
SEIU_102_0672,SEIU_1021_SF_2022_2024,83,"Employees summoned to jury duty whose regular work assignments are swing, graveyard, or weekend shifts shall not be required to work those shifts when serving jury duty, provided the JULY 1, 2022 - JUNE 30, 2024 CBA BETWEEN CITY AND COUNTY OF SAN FRANCISCO AND SEIU LOCAL 1021 72",HARD,deontic:prohibition|deontic:obligation,2,,,,,,
SEIU_102_0689,SEIU_1021_SF_2022_2024,85,"Upon certification by the Union that one or more representation units covered by this MOU desires to be enrolled in the State Disability Insurance Program, the Department of Human Resources shall immediately take any and all necessary action to enroll such representation units and all employees therein.",HARD,deontic:obligation,2,,,,,,
SEIU_102_0690,SEIU_1021_SF_2022_2024,85,The Union shall certify to the Employee Relations Director which representation units desire to be enrolled for SDI no later than forty-five (45) days prior to SDI's quarterly enrollment dates and the Board shall take necessary action to enroll such employees in time for the next SDI enrollment date. 572.,HARD,deontic:obligation,2,,,,,,
SEIU_102_0537,SEIU_1021_SF_2022_2024,68,The designation of such days off shall be by mutual agreement of the employee and the appropriate supervisor with the approval of the appointing officer.,HARD,deontic:obligation,2,,,,,,
SEIU_102_0701,SEIU_1021_SF_2022_2024,86,"Such use of City equipment shall be free of charge to employees, is expressly authorized under this section of the Agreement, and shall not be considered “inappropriate use” under any City policy.",HARD,deontic:prohibition|deontic:obligation,2,,,,,,
SEIU_102_0115,SEIU_1021_SF_2022_2024,23,Department heads shall not initiate and the Mayor shall not approve requests to contract out any routine work currently performed by existing employees represented by the Union; and 89.,HARD,deontic:prohibition|deontic:obligation,2,,,,,,
SEIU_102_0707,SEIU_1021_SF_2022_2024,87,The City assures that the bank pay card shall be FDIC insured.,HARD,deontic:obligation,2,,,,,,
SEIU_102_0706,SEIU_1021_SF_2022_2024,86,Every employee shall possess the right to do the following with any frequency and without incurring any cost to the employee: 1.,HARD,deontic:obligation,2,,,,,,
SEIU_102_0705,SEIU_1021_SF_2022_2024,86,The City shall maintain electronic pay advices and/or wage statements for at least seven,HARD,deontic:obligation,2,,,,,,
SEIU_102_0704,SEIU_1021_SF_2022_2024,86,"In addition to payroll information already provided, the pay advices shall reflect usage and balance (broken out for vacation, sick leave, etc.) the employee’s hours of compensatory time, overtime, and premiums earned during the relevant payroll period.",HARD,deontic:obligation,2,,,,,,
SEIU_102_0703,SEIU_1021_SF_2022_2024,86,"Employees without computer access or who otherwise wish to receive a paper statement shall receive assistance to print hard copies of their pay advices through their payroll offices upon request, on a one-time or ongoing basis. 583.",HARD,deontic:obligation,2,,,,,,
SEIU_102_0702,SEIU_1021_SF_2022_2024,86,"Pay advices shall also be available to employees on a password protected site that is accessible from home or other non-worksite computers, and that allows the employees to print the pay advices.",HARD,deontic:obligation,2,,,,,,
SEIU_102_0700,SEIU_1021_SF_2022_2024,86,"Under the policy, all employees shall be able to access their pay advices electronically on a password protected site, and print them in a confidential manner, using City Internet, computers and printers.",HARD,deontic:obligation,2,,,,,,
SEIU_102_0692,SEIU_1021_SF_2022_2024,85,"An employee entitled to SDI shall receive in addition thereto such portion of the employee’s accumulated sick leave with pay as will equal, but not exceed, the regular biweekly ""take home"" earnings of the employee, excluding optional deductions.",HARD,deontic:obligation,2,,,,,,
SEIU_102_0699,SEIU_1021_SF_2022_2024,86,"At the request of an employee, the City shall continue the electronic transfer at no cost to the employee to the financial institution of the employee's choice so that funds are available on payday. 581.",HARD,deontic:obligation,2,,,,,,
SEIU_102_0698,SEIU_1021_SF_2022_2024,86,The City shall continue to provide the electronic deposit of payments.,HARD,deontic:obligation,2,,,,,,
SEIU_102_0697,SEIU_1021_SF_2022_2024,86,This committee shall include participation by recognized employee organizations.,HARD,deontic:obligation,2,,,,,,
SEIU_102_0696,SEIU_1021_SF_2022_2024,86,The Joint Employee Assistance Program Advisory Committee's purpose shall be to advise the Employee Assistance Program on matters concerning services provided by the program.,HARD,deontic:obligation,2,,,,,,
SEIU_102_0695,SEIU_1021_SF_2022_2024,86,"The City shall budget one hundred twenty five thousand dollars ($125,000) in fiscal year 20002001 and in each successive year of this agreement to continue a city-wide Employee Assistance Program to be administered by the Department of Public Health. 579.",HARD,deontic:obligation,2,,,,,,
SEIU_102_0694,SEIU_1021_SF_2022_2024,85,"During the term of the agreement, all classifications added to the SEIU bargaining unit, where other members of the bargaining unit are covered by State Disability Insurance, shall automatically be covered by SDI. 576.",HARD,deontic:obligation,2,,,,,,
SEIU_102_0693,SEIU_1021_SF_2022_2024,85,"Such supplementary payments shall continue for the duration of the employee's illness or disability or until sick leave with pay credited to the employee is exhausted, whichever occurs first. 574.",HARD,deontic:obligation,2,,,,,,
SEIU_102_0754,SEIU_1021_SF_2022_2024,91,"The arbitrator shall have no authority to add to, subtract from, or modify the terms of this Agreement.",HARD,deontic:obligation,2,,,,,,
SEIU_102_0755,SEIU_1021_SF_2022_2024,92,The parties shall encourage the arbitrator to make the arbitrator’s awards within forty-five (45) calendar days following the receipt of closing arguments or briefs.,HARD,deontic:obligation,2,,,,,,
SEIU_102_0756,SEIU_1021_SF_2022_2024,92,The decision of the arbitrator shall be final and binding on all parties. 629.,HARD,deontic:obligation,2,,,,,,
SEIU_102_0801,SEIU_1021_SF_2022_2024,95,Unused funds shall not be carried forward to the next fiscal year. 652.,HARD,deontic:prohibition|deontic:obligation,2,,,,,,
SEIU_102_0821,SEIU_1021_SF_2022_2024,96,Educational leave may be granted for the purpose of educational or vocational training in a field related to the employee's current position and any training to which a veteran is entitled pursuant to the laws of the United States or the State of California. 662.,SOFT,deontic:permission,2,,,,,,
SEIU_102_0820,SEIU_1021_SF_2022_2024,96,Required attendance shall be considered a duty assignment for purposes of payment of salary.,HARD,deontic:obligation,2,,,,,,
SEIU_102_0819,SEIU_1021_SF_2022_2024,96,"Training may include, but is not limited to, instruction that will qualify for required CE credits, certificate and license requirements as required for continued employment in the employee's current classification.",SOFT,deontic:permission,2,,,,,,
SEIU_102_0818,SEIU_1021_SF_2022_2024,96,"Should an employee not have access to the technology necessary for an on-line process, departmental human resources staff will facilitate the reimbursement process during employee worktime.",SOFT,deontic:preference,2,,,,,,
SEIU_102_0817,SEIU_1021_SF_2022_2024,96,"When a certificate, license or registration is required by the City or the State as a condition of employment, the employee shall be reimbursed for the amount of the fee for the renewal of such certificate, registration or license and any related continuing education through Tuition Reimbursement.",HARD,deontic:obligation,2,,,,,,
SEIU_102_0816,SEIU_1021_SF_2022_2024,96,"If an employee provides notice of resignation, the employee must submit the expense report and receive all online approvals before separating from the City. 658.",HARD,deontic:obligation,2,,,,,,
SEIU_102_0815,SEIU_1021_SF_2022_2024,96,An employee may submit a pre-approval request for an expense incurred in the current fiscal year or prior fiscal year.,SOFT,deontic:permission,2,,,,,,
SEIU_102_0814,SEIU_1021_SF_2022_2024,95,Tuition Reimbursement Funds may not be used for food.,SOFT,deontic:restriction|deontic:permission,2,,,,,,
SEIU_102_0813,SEIU_1021_SF_2022_2024,95,"Travel reimbursement rates shall be as specified by, and guidance regarding Chapter 12X provided in, the Controller’s Accounting Policies and Procedures.",HARD,deontic:obligation,2,,,,,,
SEIU_102_0097,SEIU_1021_SF_2022_2024,21,"The parties shall each appoint a co-chairperson, and the co-chairs shall be responsible for developing an agenda for each meeting.",HARD,deontic:obligation,2,,,,,,
SEIU_102_0098,SEIU_1021_SF_2022_2024,21,The agenda shall be distributed to all DEI Committee members at least five,HARD,deontic:obligation,2,,,,,,
SEIU_102_0810,SEIU_1021_SF_2022_2024,95,"Courses require preapproval by the Appointing Officer (or designee) and the Human Resources Department, neither of which shall be unreasonably denied.",HARD,deontic:obligation,2,,,,,,
SEIU_102_0809,SEIU_1021_SF_2022_2024,95,Application for reimbursement shall be prepared through the Online Tuition Reimbursement System provided by the Department of Human Resources.,HARD,deontic:obligation,2,,,,,,
SEIU_102_0808,SEIU_1021_SF_2022_2024,95,No reimbursement shall be made for expenses that are eligible for reimbursement under a Federal or State Veterans benefit program. 655.,HARD,deontic:obligation,2,,,,,,
SEIU_102_0807,SEIU_1021_SF_2022_2024,95,All expenses must be relevant to the employee’s current classification or a classification to which the employee might reasonably expect to be promoted.,HARD,deontic:obligation,2,,,,,,
SEIU_102_0805,SEIU_1021_SF_2022_2024,95,"Employees in classifications 2574 Clinical Psychologist and 2575 Research Psychologist may receive up to two-thousand dollars ($2,000) per fiscal year.",SOFT,deontic:permission,2,,,,,,
SEIU_102_0100,SEIU_1021_SF_2022_2024,21,"The Committee shall not have the power to modify the terms of this Agreement, but may submit recommendations to the City and the Union on potential modifications.",HARD,deontic:prohibition|deontic:obligation|deontic:permission,2,,,,,,
SEIU_102_0822,SEIU_1021_SF_2022_2024,96,Educational leave may be approved for appointees for a period of up to one,SOFT,deontic:permission,2,,,,,,
SEIU_102_0823,SEIU_1021_SF_2022_2024,96,Requests for educational leave of longer than one year must be renewed each year. 663.,HARD,deontic:obligation,2,,,,,,
SEIU_102_0096,SEIU_1021_SF_2022_2024,21,"The Committee shall discuss issues of diversity, equity and inclusion in City employment including the recommendations in the June 2021 “Report of San Francisco Independent Reviewer for Mayor London Breed by Professor William B.",HARD,deontic:obligation,2,,,,,,
SEIU_102_0836,SEIU_1021_SF_2022_2024,97,"The cost to the City of the Work Training Program shall not exceed $400,000 per fiscal year.",HARD,deontic:prohibition|deontic:obligation,2,,,,,,
SEIU_102_0843,SEIU_1021_SF_2022_2024,97,"Should the employee not have access to the technology necessary for an on-line process, departmental human resources staff will facilitate the application process during employee worktime.",SOFT,deontic:preference,2,,,,,,
SEIU_102_0842,SEIU_1021_SF_2022_2024,97,Such application for the program shall be made prior to enrollment in an accredited educational institution.,HARD,deontic:obligation,2,,,,,,
SEIU_102_0841,SEIU_1021_SF_2022_2024,97,"Application to the program requires pre-approval by the Appointing Officer or designee and the Human Resources Director or designee, neither of which shall be unreasonably denied.",HARD,deontic:obligation,2,,,,,,
SEIU_102_0840,SEIU_1021_SF_2022_2024,97,"Courses must be related to a degree, certification or other minimum qualification of a City job class the applicant aspires to.",HARD,deontic:obligation,2,,,,,,
SEIU_102_0839,SEIU_1021_SF_2022_2024,97,Application for the program shall be administered by the Department of Human Resources.,HARD,deontic:obligation,2,,,,,,
SEIU_102_0838,SEIU_1021_SF_2022_2024,97,"Applications shall be accepted on a first come, first serve basis.",HARD,deontic:obligation,2,,,,,,
SEIU_102_0837,SEIU_1021_SF_2022_2024,97,Unused funds shall not be carried forward from fiscal year to fiscal year. 667. 2.,HARD,deontic:prohibition|deontic:obligation,2,,,,,,
SEIU_102_0835,SEIU_1021_SF_2022_2024,97,Qualified employees who reapply shall be placed at the bottom of the waitlist of qualified applicants.,HARD,deontic:obligation,2,,,,,,
SEIU_102_0825,SEIU_1021_SF_2022_2024,96,"As soon as records are available, the employee shall periodically present to the appointing officer a record of completed educational work.",HARD,deontic:obligation,2,,,,,,
SEIU_102_0834,SEIU_1021_SF_2022_2024,97,"(2) years of participation in the program, employees may reapply for the program.",SOFT,deontic:permission,2,,,,,,
SEIU_102_0095,SEIU_1021_SF_2022_2024,21,The DEI Committee shall be composed of an equal number of members from the Union and the City. 70.,HARD,deontic:obligation,2,,,,,,
SEIU_102_0832,SEIU_1021_SF_2022_2024,97,"At the conclusion of each semester, employees must submit unofficial transcripts to their departmental personnel officer from the approved accredited educational institution to qualify for the next semester.",HARD,deontic:obligation,2,,,,,,
SEIU_102_0831,SEIU_1021_SF_2022_2024,97,Employees approved to participate may enroll in classes through the program for up to two,SOFT,deontic:permission,2,,,,,,
SEIU_102_0829,SEIU_1021_SF_2022_2024,97,Permission to attend classes during regular working hours must be approved by the Appointing Officer and the Human Resources Director or their designees.,HARD,deontic:obligation,2,,,,,,
SEIU_102_0827,SEIU_1021_SF_2022_2024,96,Participants in the Work Training Program must attend an accredited educational institution approved by the Human Resources Director.,HARD,deontic:obligation,2,,,,,,
SEIU_102_0826,SEIU_1021_SF_2022_2024,96,Employees in permanent civil service appointment may be approved with pay to attend accredited educational institutions for up to eight,SOFT,deontic:permission,2,,,,,,
SEIU_102_0802,SEIU_1021_SF_2022_2024,95,"The Union shall be sent a quarterly report of the persons who have applied for tuition reimbursements, purpose of reimbursement, and monies allocated. 653.",HARD,deontic:obligation,2,,,,,,
SEIU_102_0800,SEIU_1021_SF_2022_2024,95,This program does not limit any other education leave to which an employee may be entitled.,SOFT,deontic:permission,2,,,,,,
SEIU_102_0757,SEIU_1021_SF_2022_2024,92,"Each party shall bear its own expenses in connection therewith, including legal fees and costs.",HARD,deontic:obligation,2,,,,,,
SEIU_102_0101,SEIU_1021_SF_2022_2024,21,"Upon mutual agreement, the Committee may also submit recommendations to the Civil Service Commission.",SOFT,deontic:permission,2,,,,,,
SEIU_102_0108,SEIU_1021_SF_2022_2024,22,"When an employee is returned as permanent following layoff, involuntary leave or resignation to a class or department other than the one left, the employee shall serve three",HARD,deontic:obligation,2,,,,,,
SEIU_102_0773,SEIU_1021_SF_2022_2024,92,An employee may not be disciplined or discharged without just cause and without written notice of the intended action.,SOFT,deontic:restriction|deontic:permission,2,,,,,,
SEIU_102_0109,SEIU_1021_SF_2022_2024,22,"A current regularly scheduled provisional employee who receives a permanent appointment in the provisional employee’s class in another department shall have their probationary period reduced by the time served by that employee in the same classification, but all such probationary periods shall be at least three",HARD,deontic:obligation,2,,,,,,
SEIU_102_0771,SEIU_1021_SF_2022_2024,92,Each party shall bear its own expenses in connection therewith.,HARD,deontic:obligation,2,,,,,,
SEIU_102_0770,SEIU_1021_SF_2022_2024,92,Transcription by a certified court reporter shall be taken but shall be transcribed only at the direction of the arbitrator. 633.,HARD,deontic:obligation,2,,,,,,
SEIU_102_0110,SEIU_1021_SF_2022_2024,22,"The probationary period for 8237, 8238 and 8239 Public Safety Dispatchers hired on or after July 1, 2007 shall conclude six",HARD,deontic:obligation,2,,,,,,
SEIU_102_0768,SEIU_1021_SF_2022_2024,92,Every effort shall be made to have bench decisions followed up by written decisions.,HARD,deontic:obligation,2,,,,,,
SEIU_102_0767,SEIU_1021_SF_2022_2024,92,The parties shall not use briefs.,HARD,deontic:prohibition|deontic:obligation,2,,,,,,
SEIU_102_0766,SEIU_1021_SF_2022_2024,92,"Alternatively, at the time of the selection of the arbitrator, either party may request a list of seven",SOFT,deontic:permission,2,,,,,,
SEIU_102_0765,SEIU_1021_SF_2022_2024,92,"The expedited arbitration shall be before an arbitrator to be mutually selected by the parties who shall serve until the parties mutually agree to remove the arbitrator or for twelve (12) months, whichever comes first.",HARD,deontic:obligation,2,,,,,,
SEIU_102_0764,SEIU_1021_SF_2022_2024,92,"By mutual written agreement entered into, before or during Step III of the grievance procedure, the parties may submit other grievances to this expedited arbitration process.",SOFT,deontic:permission,2,,,,,,
SEIU_102_0763,SEIU_1021_SF_2022_2024,92,Suspensions up to and including fifteen (15) days and written warnings shall be processed through an expedited arbitration proceeding.,HARD,deontic:obligation,2,,,,,,
SEIU_102_0762,SEIU_1021_SF_2022_2024,92,"In the case of employees of the City, they shall be compensated at an appropriate rate of pay for time spent.",HARD,deontic:obligation,2,,,,,,
SEIU_102_0761,SEIU_1021_SF_2022_2024,92,Individuals who may have direct knowledge of the circumstances relating to the grievance may be present at the request of either party at the hearing.,SOFT,deontic:permission,2,,,,,,
SEIU_102_0760,SEIU_1021_SF_2022_2024,92,"If parties mutually request, and the arbitrator agrees, a court reporter may not be required. 630.",SOFT,deontic:restriction|deontic:permission,2,,,,,,
SEIU_102_0759,SEIU_1021_SF_2022_2024,92,Transcript costs shall be paid separately by the party requesting the transcript.,HARD,deontic:obligation,2,,,,,,
SEIU_102_0758,SEIU_1021_SF_2022_2024,92,"All fees and expenses of the arbitrator and court reporter and report, if any, shall be borne and paid in full and shared equally by the parties.",HARD,deontic:obligation,2,,,,,,
SEIU_102_0775,SEIU_1021_SF_2022_2024,93,In such an appeal the employee shall bear the burden of proof with respect to the claimed violation. 637.,HARD,deontic:obligation,2,,,,,,
SEIU_102_0107,SEIU_1021_SF_2022_2024,22,"When an employee's position changes by permanent transfer to the same class in another department, by disability transfer, reduction in force due to technical advances, automation or the installation of new equipment the employee shall serve three",HARD,deontic:obligation,2,,,,,,
SEIU_102_0002,SEIU_1021_SF_2022_2024,12,The provisions of this Agreement shall apply to said employees to the extent authorized by law as provided in Charter Section A8.409-1.,HARD,deontic:obligation,2,,,,,,
SEIU_102_0787,SEIU_1021_SF_2022_2024,93,The employee may also attach a response to such materials within thirty (30) days of receipt.,SOFT,deontic:permission,2,,,,,,
SEIU_102_0797,SEIU_1021_SF_2022_2024,94,"(5) or more years old shall be removed, provided there has been no recurrence of the conduct on which the discipline was based. 648.",HARD,deontic:obligation,2,,,,,,
SEIU_102_0796,SEIU_1021_SF_2022_2024,94,(5) years or more shall not be used.,HARD,deontic:prohibition|deontic:obligation,2,,,,,,
SEIU_102_0795,SEIU_1021_SF_2022_2024,94,"(3) or more years old shall be removed, provided there has been no reoccurrence of the conduct on which the discipline was based.",HARD,deontic:obligation,2,,,,,,
SEIU_102_0794,SEIU_1021_SF_2022_2024,94,(3) years or more shall not be used.,HARD,deontic:prohibition|deontic:obligation,2,,,,,,
SEIU_102_0792,SEIU_1021_SF_2022_2024,94,The discipline imposed may take into account conduct which is documented in the employee's personnel file or was the subject of a prior disciplinary action. 646.,SOFT,deontic:permission,2,,,,,,
SEIU_102_0790,SEIU_1021_SF_2022_2024,93,"With the approval of the employee’s Appointing Officer or designees, the employee may include material relevant to the employee’s performance of assigned duties in the file.",SOFT,deontic:permission,2,,,,,,
SEIU_102_0788,SEIU_1021_SF_2022_2024,93,All material in the file must be signed and dated by the author.,HARD,deontic:obligation,2,,,,,,
SEIU_102_0105,SEIU_1021_SF_2022_2024,22,"An employee who is appointed to a permanent position shall have the employee’s probationary period reduced by the time served by that employee in the same classification in the same department, but all such probationary periods shall be at least three",HARD,deontic:obligation,2,,,,,,
SEIU_102_0778,SEIU_1021_SF_2022_2024,93,The Skelly meeting shall be presided over by a management representative who is not in the same department as the employee and not connected with the incident giving rise to the discipline.,HARD,deontic:obligation,2,,,,,,
SEIU_102_0785,SEIU_1021_SF_2022_2024,93,Copies in excess of 100 pages shall be at a charge of 10 cents per page. 643.,HARD,deontic:obligation,2,,,,,,
SEIU_102_0784,SEIU_1021_SF_2022_2024,93,"With the written permission of the employee, a representative of the Union may review the employee's personnel file when in the presence of a departmental representative and obtain copies of the contents upon request.",SOFT,deontic:permission,2,,,,,,
SEIU_102_0783,SEIU_1021_SF_2022_2024,93,Copies in excess of 100 pages shall be at a charge of 10 cents per page. 642.,HARD,deontic:obligation,2,,,,,,
SEIU_102_0782,SEIU_1021_SF_2022_2024,93,Nothing may be removed from the file by the employee but copies of the contents shall be provided to the employee at the employee’s request.,HARD,deontic:obligation|deontic:permission,2,,,,,,
SEIU_102_0781,SEIU_1021_SF_2022_2024,93,Each employee shall have the right to review the contents of the employee’s official personnel file upon request.,HARD,deontic:obligation,2,,,,,,
SEIU_102_0106,SEIU_1021_SF_2022_2024,22,When an employee is reinstated to a permanent position in a former class in a department other than the department in which the probationary period had been completed (in the former class) the employee shall serve three,HARD,deontic:obligation,2,,,,,,
SEIU_102_0779,SEIU_1021_SF_2022_2024,93,(1) official personnel file shall be maintained on any single employee.,HARD,deontic:obligation,2,,,,,,
SEIU_102_0671,SEIU_1021_SF_2022_2024,83,"An employee shall be provided leave with pay on a work day when the employee is summoned and reports for jury duty, provided the employee gives prior notice of the summons to the supervisor. 559.",HARD,deontic:obligation,2,,,,,,
SEIU_102_0691,SEIU_1021_SF_2022_2024,85,"Once an employee or classification is enrolled in the State Disability Insurance Program, these benefits shall continue for the employee or classification regardless of any reassignment or reclassification which may occur. 573.",HARD,deontic:obligation|deontic:permission,2,,,,,,
SEIU_102_0669,SEIU_1021_SF_2022_2024,83,"Charges and deductions for all maintenance, such as housing, meals, laundry, etc., furnished to and accepted by employees shall be made on timerolls and payrolls in accordance with the schedule of maintenance charges fixed and determined in the current Annual Salary Ordinance.",HARD,deontic:obligation,2,,,,,,
SEIU_102_0617,SEIU_1021_SF_2022_2024,75,"To the extent the City does not, for any reason, make timely contributions set forth above, then it shall hold the affected employees harmless for any additional contributions up to the negotiated amount for said period of delay.",HARD,deontic:obligation,2,,,,,,
SEIU_102_0607,SEIU_1021_SF_2022_2024,75,Employees who enter a classification at a rate of pay at other than the first step shall advance one step upon completion of the one,HARD,deontic:obligation,2,,,,,,
SEIU_102_0608,SEIU_1021_SF_2022_2024,75,Further increments shall accrue following completion of the required service at this step and at each successive step.,HARD,deontic:obligation,2,,,,,,
SEIU_102_0609,SEIU_1021_SF_2022_2024,75,"Employees with at least six months continuous service in their current classification, shall be eligible to receive annual salary step increments based on their length of service in their current classification.",HARD,deontic:obligation,2,,,,,,
SEIU_102_0571,SEIU_1021_SF_2022_2024,71,These provisions shall not apply to non permanent employees who are terminated for unsatisfactory services or resign their non permanent position. 6.,HARD,deontic:prohibition|deontic:obligation,2,,,,,,
SEIU_102_0570,SEIU_1021_SF_2022_2024,71,(1) year period before appointment to a permanent position in the same class shall be appointed at the next higher step in the one,HARD,deontic:obligation,2,,,,,,
SEIU_102_0610,SEIU_1021_SF_2022_2024,75,"After six months of continuous service, employees at step one shall be eligible to advance to the second step in the salary grade.",HARD,deontic:obligation,2,,,,,,
SEIU_102_0136,SEIU_1021_SF_2022_2024,26,"The City shall not use paid or unpaid volunteers, SWAP, CAL WORKS, CAAP Workfare, or similar programs to displace Bargaining Unit employees.",HARD,deontic:prohibition|deontic:obligation,2,,,,,,
SEIU_102_0611,SEIU_1021_SF_2022_2024,75,"Thereafter, they shall receive subsequent salary increments on the anniversary dates of the first increment until they reach the fifth step.",HARD,deontic:obligation,2,,,,,,
SEIU_102_0612,SEIU_1021_SF_2022_2024,75,"Nonpermanent employees who receive a salary step increment and thereafter become permanent, shall receive subsequent salary increments on the anniversary date of the first increment until they reach the fifth step.",HARD,deontic:obligation,2,,,,,,
SEIU_102_0613,SEIU_1021_SF_2022_2024,75,Increments shall accrue and become due and payable on the next day following completion of required service as an employee in the class.,HARD,deontic:obligation,2,,,,,,
SEIU_102_0614,SEIU_1021_SF_2022_2024,75,"(3) is thereafter re-employed in the employee’s permanent position without a break in service, shall, for the purposes of determining salary increments, receive credit for time served while laid off from the employee’s permanent appointment.",HARD,deontic:obligation,2,,,,,,
SEIU_102_0615,SEIU_1021_SF_2022_2024,75,Maintenance of Benefits: The current benefits level shall be maintained for the duration of this agreement. 503.,HARD,deontic:obligation,2,,,,,,
SEIU_102_0616,SEIU_1021_SF_2022_2024,75,"Effective July 1, 2014 through December 31, 2014, the City shall be obligated to contribute the same monthly amount towards employee health benefits as it did on June 30, 2014, and shall continue to make contributions at that level until December 31, 2014.",HARD,deontic:obligation,2,,,,,,
SEIU_102_0568,SEIU_1021_SF_2022_2024,71,"An employee serving in a class in the prior fiscal year at a flat rate which flat rate is changed to a compensation schedule number during the current fiscal year shall be paid on the effective date of such change the step in the current salary schedule closest to, but not below, the prior flat rate and shall retain the original anniversary date for future increments, when applicable. 4.",HARD,deontic:obligation,2,,,,,,
SEIU_102_0605,SEIU_1021_SF_2022_2024,75,"ARTICLE III – PAY, HOURS AND BENEFITS the increase no later than fifteen (15) days before the step increase due date, and the employee is scheduled for a step increase, the appraisal for said year shall be considered satisfactory and any step increase due will be provided to the employee retroactively to the employee’s anniversary date.",HARD,deontic:obligation,2,,,,,,
SEIU_102_0567,SEIU_1021_SF_2022_2024,71,"When a classification that was formerly a next lower rank in a regular civil service promotional examination receives a salary schedule higher than the salary schedule of the classification to which it was formerly promotive, the rate of pay to an employee who was promoted from such lower class shall be equivalent to the salary the employee would have received had the employee remained in such lower class. 3.",HARD,deontic:obligation,2,,,,,,
SEIU_102_0566,SEIU_1021_SF_2022_2024,70,"The salary and anniversary increment date shall be adjusted for any employee promoted from one class to a higher classification who would receive a lesser salary than an JULY 1, 2022 - JUNE 30, 2024 CBA BETWEEN CITY AND COUNTY OF SAN FRANCISCO AND SEIU LOCAL 1021 59",HARD,deontic:obligation,2,,,,,,
SEIU_102_0565,SEIU_1021_SF_2022_2024,70,"When an employee promoted to a higher classification during a prior fiscal year receives a lesser salary than if promoted in the same class and from the same salary step during the current fiscal year, the employee’s salary shall be adjusted on July 1 to the rate the employee would have received had the employee been promoted in the current fiscal year. 471.",HARD,deontic:obligation,2,,,,,,
SEIU_102_0564,SEIU_1021_SF_2022_2024,70,(6) months of the effective date of resignation shall be reappointed to the same salary step that the employee received at the time of resignation.,HARD,deontic:obligation,2,,,,,,
SEIU_102_0563,SEIU_1021_SF_2022_2024,70,Layoff of this Agreement and is thereupon appointed to another appointive position shall receive a salary in the second position based upon the relationship of the duties and responsibilities and length of prior continuous service. 6.,HARD,deontic:obligation,2,,,,,,
SEIU_102_0579,SEIU_1021_SF_2022_2024,72,The Union and the City shall meet upon the request of either party regarding classifications that have excessive numbers of non-permanent employees.,HARD,deontic:obligation,2,,,,,,
SEIU_102_0618,SEIU_1021_SF_2022_2024,76,"For medically single employees (Employee Only) who enroll in any health plan offered through the Health Service System (HSS), the City shall contribute one hundred percent (100%) of the total health insurance premium. 2) Employee Plus One: 506.",HARD,deontic:obligation,2,,,,,,
SEIU_102_0619,SEIU_1021_SF_2022_2024,76,"For employees with one dependent who elect to enroll in any health plan offered through HSS, the City shall contribute ninety-six percent (96%) of the total health insurance premium, provided however, that the City’s contribution shall be capped at ninety-six percent (96%) of the Employee Plus One premium of the second-highest-cost plan. 3) Employee Plus Two or More: 507.",HARD,deontic:obligation,2,,,,,,
SEIU_102_0620,SEIU_1021_SF_2022_2024,76,"For employees with two or more dependents who elect to enroll in any health plan offered through HSS, the City shall contribute eighty-three percent (83%) of the total health insurance premium, provided however, that the City’s contribution shall be capped at eighty-three percent (83%) of the Employee Plus Two or More premium of the second-highest-cost plan. 4) Contribution Cap 508.",HARD,deontic:obligation,2,,,,,,
SEIU_102_0621,SEIU_1021_SF_2022_2024,76,"In the event HSS eliminates access to the current highest cost plan for active employees, the City contribution under this agreement for the remaining two plans shall not be affected. 5) Average Contribution Amount 509.",HARD,deontic:prohibition|deontic:obligation,2,,,,,,
SEIU_102_0129,SEIU_1021_SF_2022_2024,25,"The City shall also provide advance notice of at least sixty (60) days to the Union of all amendments to existing non-Prop J contracts valued at more than $100,000 where such services could potentially be performed by represented classifications.",HARD,deontic:obligation,2,,,,,,
SEIU_102_0561,SEIU_1021_SF_2022_2024,70,"In this case, the incumbents shall otherwise maintain their original anniversary date in the class. 467.",HARD,deontic:obligation,2,,,,,,
SEIU_102_0572,SEIU_1021_SF_2022_2024,71,Permanent employees working under provisional appointment in other classifications or temporary appointments from eligible lists in other classifications shall have their salary adjusted in the provisional or temporary class when such employees reach their salary anniversary date in their permanent class.,HARD,deontic:obligation,2,,,,,,
SEIU_102_0604,SEIU_1021_SF_2022_2024,74,"If an employee’s service is not deemed satisfactory, based on a written performance appraisal, the employee may not be eligible for consideration for salary advancement. 497.",SOFT,deontic:restriction|deontic:permission,2,,,,,,
SEIU_102_0625,SEIU_1021_SF_2022_2024,77,The Committee shall be comprised of four,HARD,deontic:obligation,2,,,,,,
SEIU_102_0133,SEIU_1021_SF_2022_2024,25,"The City and the PEC shall form a joint labor management committee on personal service and construction/maintenance contracts to do the following: JULY 1, 2022 - JUNE 30, 2024 CBA BETWEEN CITY AND COUNTY OF SAN FRANCISCO AND SEIU LOCAL 1021 14",HARD,deontic:obligation,2,,,,,,
SEIU_102_0581,SEIU_1021_SF_2022_2024,72,"Nothing herein shall be construed, however, as the Union's agreement to proceed with rule of the list appointments in a manner other than the process previously established between the Union and the Civil Service Commission under Rule 113. 482.",HARD,deontic:obligation,2,,,,,,
SEIU_102_0582,SEIU_1021_SF_2022_2024,72,"(c) are not offered employment in a comparable position, shall receive severance pay as follows: two to three years of service in class one weeks of pay per year of service four to nine years of service in class two weeks of pay per year of service ten or more years of service in class three weeks of pay per year of service Save-Our-Services Labor/Management Committee 483.",HARD,deontic:obligation,2,,,,,,
SEIU_102_0583,SEIU_1021_SF_2022_2024,73,"(4) representatives from SEIU, whose members shall be granted release time to take part in meetings of the Committee. 485.",HARD,deontic:obligation,2,,,,,,
SEIU_102_0584,SEIU_1021_SF_2022_2024,73,"The Committee shall meet at least monthly, and shall work cooperatively to: a. identify and recommend processes for ending long-term provisional and as-needed employment; b. review utilization patterns within departments; c. identify departments that may be better staffed with a higher percentage of permanent positions; d. review and make recommendations on the use of public/private partnerships; and e. review and make recommendations on the use of personal services contracts with the goal to reduce personal service contracts. f.",HARD,deontic:obligation|deontic:permission,2,,,,,,
SEIU_102_0585,SEIU_1021_SF_2022_2024,73,Identify and address those departments whose use of Prop F and As-Needed employees may be inconsistent with Civil Service Rules. 486.,SOFT,deontic:permission,2,,,,,,
SEIU_102_0134,SEIU_1021_SF_2022_2024,26,Existing committees set out in individual union MOUs shall continue as sub-committees under this provision but shall take on specific areas of concern so as to avoid redundant efforts.,HARD,deontic:obligation,2,,,,,,
SEIU_102_0587,SEIU_1021_SF_2022_2024,73,The Committee shall submit quarterly reports to the Human Resources Director and the Union.,HARD,deontic:obligation,2,,,,,,
SEIU_102_0588,SEIU_1021_SF_2022_2024,73,"Effective July 1, 1996, represented classes which are currently at a flat biweekly rate shall be converted to the corresponding salary schedule for which the third step is closest to the current flat rate.",HARD,deontic:obligation,2,,,,,,
SEIU_102_0589,SEIU_1021_SF_2022_2024,73,Employees in prior flat rate represented classes shall be appointed to the step which recognizes the length of service in the classification.,HARD,deontic:obligation,2,,,,,,
SEIU_102_0590,SEIU_1021_SF_2022_2024,73,Employees with less than six months continuous service shall be appointed to step three.,HARD,deontic:obligation,2,,,,,,
SEIU_102_0578,SEIU_1021_SF_2022_2024,72,Employees who are granted status in another class where the salary grade is higher than the current class shall be placed at the same salary step in the new class as the employee was at in the former class and maintain the employee’s anniversary date.,HARD,deontic:obligation,2,,,,,,
SEIU_102_0591,SEIU_1021_SF_2022_2024,73,"Employees with more than six months, but less than eighteen months continuous service shall be appointed to step four.",HARD,deontic:obligation,2,,,,,,
SEIU_102_0592,SEIU_1021_SF_2022_2024,73,Employees with more than eighteen months continuous service in the same class shall be appointed to step five.,HARD,deontic:obligation,2,,,,,,
SEIU_102_0577,SEIU_1021_SF_2022_2024,72,An employee who is returned to a classification not formerly held on a permanent basis shall receive a salary based upon actual permanent service in the classification from which laid off.,HARD,deontic:obligation,2,,,,,,
SEIU_102_0130,SEIU_1021_SF_2022_2024,25,"At the request of the Union, the City shall meet to discuss with the Union the topics set forth above, in paragraphs 109 through 113. 117.",HARD,deontic:obligation,2,,,,,,
SEIU_102_0594,SEIU_1021_SF_2022_2024,73,The first date of hire in a classification shall be used to break seniority ties of permanent employees in the same classification who have gained or shall have gained permanent status under ATP.,HARD,deontic:obligation,2,,,,,,
SEIU_102_0132,SEIU_1021_SF_2022_2024,25,This provision shall apply only to contracts for services which could otherwise be performed by represented classifications. 118.,HARD,deontic:obligation,2,,,,,,
SEIU_102_0596,SEIU_1021_SF_2022_2024,74,Individuals with expertise in this area may attend Committee meetings as appropriate.,SOFT,deontic:permission,2,,,,,,
SEIU_102_0597,SEIU_1021_SF_2022_2024,74,"The Committee will meet at least twice monthly, and more frequently as may be mutually agreed.",SOFT,deontic:permission,2,,,,,,
SEIU_102_0576,SEIU_1021_SF_2022_2024,72,An employee who has completed the probationary period in an entrance appointment who is laid off and is returned to a classification formerly held on a permanent basis shall receive a salary based upon the original appointment date in the classification to which the employee is returned.,HARD,deontic:obligation,2,,,,,,
SEIU_102_0575,SEIU_1021_SF_2022_2024,72,Further increments shall be based upon the increment anniversary date that would have applied in the higher classification. 3.,HARD,deontic:obligation,2,,,,,,
SEIU_102_0598,SEIU_1021_SF_2022_2024,74,"It is agreed, therefore, that the Department of Human Resources shall provide to the Union a monthly report on computer diskette.",HARD,deontic:obligation,2,,,,,,
SEIU_102_0135,SEIU_1021_SF_2022_2024,26,"The City shall deliver to the Union a summary of any proposed grant agreement no later than sixty (60) days prior to the submission of the proposed grant agreement to any departmental commission or other approving authority for authorization to enter into any such agreement, the essential services of which could be performed by SEIU-represented classifications. 126.",HARD,deontic:obligation,2,,,,,,
SEIU_102_0599,SEIU_1021_SF_2022_2024,74,Two data sets shall be included on the diskette.,HARD,deontic:obligation,2,,,,,,
SEIU_102_0600,SEIU_1021_SF_2022_2024,74,The parties may mutually agree to add data fields that may be requested by the Unions that do not infringe upon privacy or violate law.,SOFT,deontic:permission,2,,,,,,
SEIU_102_0573,SEIU_1021_SF_2022_2024,71,"An employee transferred from one department to another, but in the same classification, shall transfer at the employee’s current salary, and if the employee is not at the maximum salary for the class, further increments shall be allowed following the completion of the required service based upon the seniority increment anniversary date in the former department.",HARD,deontic:obligation,2,,,,,,
SEIU_102_0668,SEIU_1021_SF_2022_2024,83,The schedule of recovery of any overpayment shall be made by mutual agreement between the City and the employee. 551.,HARD,deontic:obligation,2,,,,,,
SEIU_102_0602,SEIU_1021_SF_2022_2024,74,"Employees hired on or after July 1, 2012, shall advance to the second step and each successive step upon completion of the one",HARD,deontic:obligation,2,,,,,,
SEIU_102_0624,SEIU_1021_SF_2022_2024,77,"Upon the request of the City or the Union, the Committee shall meet quarterly, or less frequently by mutual agreement, to provide opportunities for review and discussion of HSS contracting strategies, HSS studies and reports, and ideas for expanded vendor reporting and accountability, and to review, discuss and advance strategies to reduce excess health care cost growth. 513.",HARD,deontic:obligation,2,,,,,,
SEIU_102_0562,SEIU_1021_SF_2022_2024,70,"The Appointing Officer seeking such Appointment Above Entrance, through a designated sender, shall submit a written notice to a designated recipient for the Union. 5.",HARD,deontic:obligation,2,,,,,,
SEIU_102_0626,SEIU_1021_SF_2022_2024,77,(2) of which may be HSS appointees).,SOFT,deontic:permission,2,,,,,,
SEIU_102_0649,SEIU_1021_SF_2022_2024,81,"Consistent with provisions of Charter Section A8.409, this Agreement shall be reopened if the Charter is amended to enable the City and the Union to negotiate and arbitrate retirement benefits.",HARD,deontic:obligation,2,,,,,,
SEIU_102_0654,SEIU_1021_SF_2022_2024,81,All such seminars must be located within the Bay Area. 539.,HARD,deontic:obligation,2,,,,,,
SEIU_102_0653,SEIU_1021_SF_2022_2024,81,Release time shall not be unreasonably withheld. 538.,HARD,deontic:prohibition|deontic:obligation,2,,,,,,
SEIU_102_0121,SEIU_1021_SF_2022_2024,23,"Should the Mayor determine that the restrictions contained in this section unduly interfere with a department's or the City's ability to provide appropriate services to the diverse communities JULY 1, 2022 - JUNE 30, 2024 CBA BETWEEN CITY AND COUNTY OF SAN FRANCISCO AND SEIU LOCAL 1021 12",SOFT,deontic:preference,2,,,,,,
SEIU_102_0651,SEIU_1021_SF_2022_2024,81,Employees must provide at least two,HARD,deontic:obligation,2,,,,,,
SEIU_102_0546,SEIU_1021_SF_2022_2024,68,Holiday time off shall be taken at a time mutually agreeable to the employee and the appointing officer.,HARD,deontic:obligation,2,,,,,,
SEIU_102_0122,SEIU_1021_SF_2022_2024,24,"If the Mayor and the Union cannot mutually agree, the matter shall be submitted to an arbitrator, selected pursuant to the provisions of Article IV (Grievance Procedure) of this Agreement, who shall decide the issue of whether a proposal to contract out work may be initiated by the Mayor. 94.",HARD,deontic:obligation|deontic:permission,2,,,,,,
SEIU_102_0123,SEIU_1021_SF_2022_2024,24,"The City shall deliver to the Union no later than sixty (60) days prior to issuing any ""Invitation for Bid"" or ""Request for Proposal"" a report explaining the proposed change, an explanation of reasons for the change, and the effect on represented classes. 97.",HARD,deontic:obligation,2,,,,,,
SEIU_102_0657,SEIU_1021_SF_2022_2024,81,"Upon receipt of such data, the parties will meet and confer, and the meet and confer process shall conclude within six",HARD,deontic:obligation,2,,,,,,
SEIU_102_0560,SEIU_1021_SF_2022_2024,70,"If so, all incumbents shall be advanced to the same step at which the new employee is hired.",HARD,deontic:obligation,2,,,,,,
SEIU_102_0124,SEIU_1021_SF_2022_2024,24,The Union shall respond within twenty-one (21) days from the date of receipt of the above information with a request to meet. 98.,HARD,deontic:obligation,2,,,,,,
SEIU_102_0646,SEIU_1021_SF_2022_2024,80,It is the intent of the City that the Retirement System shall continue to authorize the pre-tax buyback of pension credits by qualified members.,HARD,deontic:obligation,2,,,,,,
SEIU_102_0547,SEIU_1021_SF_2022_2024,68,"If an employee does not have sufficient time to vote outside of working hours, the employee may request so much time off as will allow time to vote, in accordance with the State Election Code.",SOFT,deontic:permission,2,,,,,,
SEIU_102_0644,SEIU_1021_SF_2022_2024,80,"(iii) will be considered as part of the bargaining unit member's compensation for the purpose of computing straight-time earnings, compensation for overtime worked, premium pay, and retirement benefits, and shall be taken into account in determining the level of any other benefit which is a function of, or a percentage of, salary; and (iv) the affected bargaining unit members shall not be entitled to receive any of the contributions described above directly instead of having them paid to CalPERS.",HARD,deontic:prohibition|deontic:obligation,2,,,,,,
SEIU_102_0138,SEIU_1021_SF_2022_2024,27,"These assignments shall not be made for the purpose of, or with the affect of, holding vacant, and unfilled, bargaining unit positions, or to displace SEIUrepresented employees.",HARD,deontic:prohibition|deontic:obligation,2,,,,,,
SEIU_102_0545,SEIU_1021_SF_2022_2024,68,The proportionate amount of holiday time off shall be taken in the same or next fiscal year in which the holiday was provided.,HARD,deontic:obligation,2,,,,,,
SEIU_102_0544,SEIU_1021_SF_2022_2024,68,The computation of holiday time off shall be rounded to the nearest hour. 450.,HARD,deontic:obligation,2,,,,,,
SEIU_102_0125,SEIU_1021_SF_2022_2024,24,The City agrees that it will take all appropriate steps to ensure the presence at said meetings of those officers and employees (excluding the Board of Supervisors) of the City who are responsible in some manner for the decision to contract out so that the particular issues may be fully explored by the Union and the City.,SOFT,deontic:permission,2,,,,,,
SEIU_102_0664,SEIU_1021_SF_2022_2024,82,The City shall continue to provide a DCAP program to Union members.,HARD,deontic:obligation,2,,,,,,
SEIU_102_0538,SEIU_1021_SF_2022_2024,68,In no event shall the provisions of this section result in such employee receiving more or less holidays than an employee on a Monday through Friday work schedule.,HARD,deontic:obligation,2,,,,,,
SEIU_102_0539,SEIU_1021_SF_2022_2024,68,Such days off must be used in the current or next fiscal year after the day off has been earned.,HARD,deontic:obligation,2,,,,,,
SEIU_102_0667,SEIU_1021_SF_2022_2024,83,"Should recovery of overpayment of salary or wages be necessary, the Controller's PPSD will make every attempt to minimize the hardship for the employee. 550.",SOFT,deontic:preference,2,,,,,,
SEIU_102_0540,SEIU_1021_SF_2022_2024,68,(5) previous consecutive workdays shall be paid for the holiday.,HARD,deontic:obligation,2,,,,,,
SEIU_102_0666,SEIU_1021_SF_2022_2024,82,Department heads who have employees who are required to move from one City location to another during normal working hours shall be entitled to obtain sufficient Municipal Railway passes to distribute to employees as needed.,HARD,deontic:obligation|deontic:obligation,2,,,,,,
SEIU_102_0665,SEIU_1021_SF_2022_2024,82,The Union and the City shall negotiate any beneficial changes to the program or any changes that may be necessary due to tax rule changes.,HARD,deontic:obligation|deontic:permission,2,,,,,,
SEIU_102_0663,SEIU_1021_SF_2022_2024,82,"The employee may use vacation, floating holiday hours, or compensatory time off during the planned absence.",SOFT,deontic:permission,2,,,,,,
SEIU_102_0659,SEIU_1021_SF_2022_2024,82,"The Child Care Study Committee shall continue plans and efforts to open an affordable, accessible and high quality child care for City workers on the grounds of San Francisco General Hospital (SFGH), or nearby, as soon as possible given space and financial limitations.",HARD,deontic:obligation,2,,,,,,
SEIU_102_0139,SEIU_1021_SF_2022_2024,27,Represented employees shall have one,HARD,deontic:obligation,2,,,,,,
SEIU_102_0662,SEIU_1021_SF_2022_2024,82,"In addition, an employee who is a parent or who has child rearing responsibilities (including domestic partners but excluding paid child care workers) of one or more children in kindergarten or grades 1 to 12 shall be granted unpaid release time of up to forty (40) hours each fiscal year, not exceeding eight",HARD,deontic:obligation,2,,,,,,
SEIU_102_0542,SEIU_1021_SF_2022_2024,68,Part-time employees who regularly work a minimum of twenty (20) hours in a biweekly pay period shall be entitled to holidays on a proportionate basis. 449.,HARD,deontic:obligation,2,,,,,,
SEIU_102_0661,SEIU_1021_SF_2022_2024,82,Represented employees shall be granted paid release time to attend parent teacher conferences of two,HARD,deontic:obligation,2,,,,,,
SEIU_102_0660,SEIU_1021_SF_2022_2024,82,The child care center at SFGH shall be designed into any future significant construction at SFGH if a suitable site is not located and child care center is not established by the time of planning for such construction.,HARD,deontic:obligation,2,,,,,,
SEIU_102_0543,SEIU_1021_SF_2022_2024,68,"Regular full-time employees are entitled to 8/80 or 1/10 time off when a holiday falls in a biweekly pay period, therefore, part-time employees, as defined in the immediately preceding paragraph, shall receive a holiday based upon the ratio of 1/10 of the total number of hours the employee is regularly scheduled to work in a biweekly pay period.",HARD,deontic:obligation,2,,,,,,
SEIU_102_0643,SEIU_1021_SF_2022_2024,80,"For the duration of this agreement, members of the bargaining unit in CalPERS shall pay the employee share of mandatory retirement contributions effectuated via a pre-tax reduction in salary.",HARD,deontic:obligation,2,,,,,,
SEIU_102_0580,SEIU_1021_SF_2022_2024,72,"If deemed by the parties to be useful, they may establish a joint committee for the purpose of reaching an agreement which shall be submitted to the Civil Service Commission for approval, if required by Charter.",HARD,deontic:obligation|deontic:permission,2,,,,,,
SEIU_102_0126,SEIU_1021_SF_2022_2024,24,"At the time the City issues a Request for Proposals (“RFP”)/Request for Qualifications (“RFQ”), or sixty (60) days prior to the submission of a non-Prop J (personal services contract) request to the Department of Human Resources and/or the Civil Service Commission, whichever occurs first, the City shall notify the Union of any non-Prop J (personal services contracts), including a copy of the draft personal services contract summary form, where such services could potentially be performed by represented classifications.",HARD,deontic:obligation,2,,,,,,
SEIU_102_0551,SEIU_1021_SF_2022_2024,69,"If the employee is receiving a salary in the employee’s present classification which is less than the entrance step of the salary range of the promotive classification, the employee shall receive a salary step in the promotive class which is closest to an adjustment of ten percent (10%) above the salary received in the class from which promoted.",HARD,deontic:obligation,2,,,,,,
SEIU_102_0555,SEIU_1021_SF_2022_2024,69,"That if the salary steps in the provisional class and the regular promotional class do not match, the employee shall be advanced to the salary step in the compensation schedule nearest that received in the provisional appointment. 461. d.",HARD,deontic:obligation,2,,,,,,
SEIU_102_0554,SEIU_1021_SF_2022_2024,69,"If the following conditions are met, the salary in the promotive appointment shall be not less than the salary received under provisional appointment: 458. a.",HARD,deontic:obligation,2,,,,,,
SEIU_102_0552,SEIU_1021_SF_2022_2024,69,The proper step shall be determined in the biweekly salary grade and shall not be above the maximum of the salary range of the promotive class. 2.,HARD,deontic:prohibition|deontic:obligation,2,,,,,,
SEIU_102_0640,SEIU_1021_SF_2022_2024,79,"Any City pickup of an employee’s mandatory retirement contribution shall not be considered as a part of an employee's compensation for the purpose of computing straight-time earnings, compensation for overtime worked, premium pay, or retirement benefits; nor shall such contributions be taken into account in determining the level of any other benefit which is a function of our percentage of salary.",HARD,deontic:prohibition|deontic:obligation,2,,,,,,
SEIU_102_0631,SEIU_1021_SF_2022_2024,77,"Dental: The City shall continue to contribute a monthly amount per represented employee sufficient to continue the family dental coverage specified in the Memorandum of Agreement signed and dated March 31, 1992.",HARD,deontic:obligation,2,,,,,,
SEIU_102_0556,SEIU_1021_SF_2022_2024,69,Further increments in the compensation schedule in the regular promotive class shall be based on the date of permanent appointment to the regular promotional appointment.,HARD,deontic:obligation,2,,,,,,
SEIU_102_0557,SEIU_1021_SF_2022_2024,70,"When an employee accepts an appointment in a class having the same or lower salary grade, the employee shall be placed at the step nearest to, but not less than their current salary, not to exceed the maximum of the salary grade. 4.",HARD,deontic:obligation,2,,,,,,
SEIU_102_0127,SEIU_1021_SF_2022_2024,25,"If the Union wishes to meet with a department over a proposed non-Prop J (personal services contract), the Union must make its request to the appropriate department within twenty-one (21) days after the Union’s receipt of the department’s notice. 108.",HARD,deontic:obligation,2,,,,,,
SEIU_102_0633,SEIU_1021_SF_2022_2024,77,Employees who receive payments under the LTD plan shall not be eligible to continue receiving payments under the City's Catastrophic Illness Program.,HARD,deontic:prohibition|deontic:obligation,2,,,,,,
SEIU_102_0634,SEIU_1021_SF_2022_2024,77,"Following expiration of the employee’s family care leave, the employee may request personal leave due to hardship (pursuant to the procedures of the Department of Human Resources).",SOFT,deontic:permission,2,,,,,,
SEIU_102_0629,SEIU_1021_SF_2022_2024,77,"Consistent with the terms of ordinances which are adopted by the Board of Supervisors and pursuant to Charter Section 12.202, the City shall propose changes to the Health Services eligibility criteria to provide for the enrollment of provisional, regularly scheduled employees upon appointment. 516.",HARD,deontic:obligation,2,,,,,,
SEIU_102_0635,SEIU_1021_SF_2022_2024,77,"Paid benefits shall continue during this approved personal JULY 1, 2022 - JUNE 30, 2024 CBA BETWEEN CITY AND COUNTY OF SAN FRANCISCO AND SEIU LOCAL 1021 66",HARD,deontic:obligation,2,,,,,,
SEIU_102_0558,SEIU_1021_SF_2022_2024,70,Appointments may be made at any step in the salary grade under one or more of the following conditions: 464. a.,SOFT,deontic:permission,2,,,,,,
SEIU_102_0549,SEIU_1021_SF_2022_2024,69,"(6) months of continuous service, and who is appointed to a position in a higher classification, deemed to be promotive by the Department of Human Resources shall have the employee’s salary adjusted to a step in the promotive class as follows: 454. a.",HARD,deontic:obligation,2,,,,,,
SEIU_102_0627,SEIU_1021_SF_2022_2024,77,"The City shall provide the Union members of the Committee, including witnesses to testify before the Committee, with fully-paid release time to participate in Committee meetings and caucuses.",HARD,deontic:obligation,2,,,,,,
SEIU_102_0128,SEIU_1021_SF_2022_2024,25,"Upon request by the Union, the City shall make available for inspection any and all pertinent background and/or documentation relating to the service contemplated to be contracted out. 115.",HARD,deontic:obligation,2,,,,,,
SEIU_102_0550,SEIU_1021_SF_2022_2024,69,"If the employee is receiving a salary in the employee’s present classification equal to or above the entrance step of the promotive class, the employee's salary in the promotive class shall be adjusted to two",HARD,deontic:obligation,2,,,,,,
SEIU_102_0559,SEIU_1021_SF_2022_2024,70,"A severe, easily demonstrated and documented recruiting and retention problem exists, such that all city appointments in the particular class should be above the normal step.",SOFT,deontic:preference,2,,,,,,
SEIU_102_0636,SEIU_1021_SF_2022_2024,78,The verification process shall be established by the Department of Human Resources and the Union. 520.,HARD,deontic:obligation,2,,,,,,
SEIU_102_0637,SEIU_1021_SF_2022_2024,78,"The parties agree that, when the applicable SFERS annual employer contribution rate is more than 12.00%, bargaining unit members in CalPERS shall make the mandatory statutory employee contribution described in paragraph 527 plus an additional mandatory contribution to effectuate San Francisco Charter Section A8.409-9 (the “Prop.",HARD,deontic:obligation,2,,,,,,
SEIU_102_1490,SEIU_1021_SF_2022_2024,229,"(a) the base salary plus any assignment/status based premiums (e.g., night shift, longevity pay) of each Officer on full- time paid Union Leave, plus an additional 35% roll-up to cover fringe benefit costs (for a total reimbursement of 1.35 times the base hourly rate of the Officer multiplied by 80 hours per pay period), and",UNCLEAR,threshold,1,,,,,,
SEIU_102_1489,SEIU_1021_SF_2022_2024,229,"(5) Officers, subject to the terms and conditions of this Sideletter. 2.",UNCLEAR,exception,1,,,,,,
SEIU_102_1488,SEIU_1021_SF_2022_2024,229,"Beginning the start of the first full pay period after the parties fully execute this Sideletter, the City will provide 80 hours of paid Union Leave per pay period for up to five",UNCLEAR,threshold,1,,,,,,
SEIU_102_0488,SEIU_1021_SF_2022_2024,64,(8) hours per day or forty (40) hours per week except those electing to work ten (10) or twelve (12) hour work days.,UNCLEAR,exception,1,,,,,,
SEIU_102_0104,SEIU_1021_SF_2022_2024,22,"Employees who move, in a flexible staffing series of classifications, except to a supervisory position, will have a three",UNCLEAR,exception,1,,,,,,
SEIU_102_0188,SEIU_1021_SF_2022_2024,31,ARTICLE II – EMPLOYMENT CONDITIONS parking expenses provided that the employee complies with all departmental parking and parking reimbursement policies and/or procedures.,UNCLEAR,exception,1,,,,,,
SEIU_102_0183,SEIU_1021_SF_2022_2024,30,"Notwithstanding the foregoing, deviations from optimal staffing levels are not subject to the grievance procedure.",UNCLEAR,exception,1,,,,,,
SEIU_102_1491,SEIU_1021_SF_2022_2024,229,(b) the actual employer costs for health benefits for each Officer (and any dependents) unless an Officer declines health insurance.,UNCLEAR,exception,1,,,,,,
SEIU_102_0897,SEIU_1021_SF_2022_2024,103,The committee will meet quarterly and there will be a maximum of 3 representatives for each side. 713.,UNCLEAR,threshold,1,,,,,,
SEIU_102_0517,SEIU_1021_SF_2022_2024,66,"Employees who are assigned to timely respond to reports of abuse involving children, elders, and adults with disabilities 24 hours a day are entitled to earn overtime for work outside of regularly assigned hours when responding to these emergencies.",UNCLEAR,threshold,1,,,,,,
SEIU_102_1513,SEIU_1021_SF_2022_2024,232,This Sideletter is not subject to the grievance procedure of the MOU.,UNCLEAR,exception,1,,,,,,
SEIU_102_1510,SEIU_1021_SF_2022_2024,231,"The indemnity provided by this Agreement applies regardless of the negligence of, and regardless of whether liability without fault is imposed or sought to be imposed, on any Indemnitee, except to the extent that such indemnity is void or otherwise unenforceable under applicable law in effect on or validly retroactive to the date of this Agreement. c.",UNCLEAR,exception,1,,,,,,
SEIU_102_0888,SEIU_1021_SF_2022_2024,102,Staff will be required to provide proof of current licensure of 15 hours of state-approved supervision training for LCSW’s.,UNCLEAR,threshold,1,,,,,,
SEIU_102_1133,SEIU_1021_SF_2022_2024,161,"Permanent float employees will not be assigned to the same work location more than two consecutive days in a week, unless they request longer assignments. 4.",UNCLEAR,exception,1,,,,,,
SEIU_102_0830,SEIU_1021_SF_2022_2024,97,"Approval is subject to the availability of funds for replacement of employees, where replacement is required.",UNCLEAR,exception,1,,,,,,
SEIU_102_0146,SEIU_1021_SF_2022_2024,28,The City will provide no fewer than ten (10) business days’ notice to employees who are subject to displacement due to layoffs.,UNCLEAR,exception,1,,,,,,
SEIU_102_1131,SEIU_1021_SF_2022_2024,160,"Employee Assignments Except as otherwise agreed upon in this Agreement, the Union recognizes it is the exclusive right of the Department to assign personnel and to make changes when necessary to meet the changing needs of the public and the patients.",UNCLEAR,exception,1,,,,,,
SEIU_102_0181,SEIU_1021_SF_2022_2024,30,"These levels of direct care, by LVNs, will be deemed optimal staffing for each 24-hour period: County Jail Monday-Friday Weekends-Holidays County Jail #2 64 Hours 64 Hours County Jail #4 40 Hours 32 Hours County Jail #5 64 Hours 64 Hours 164.",UNCLEAR,threshold,1,,,,,,
SEIU_102_0899,SEIU_1021_SF_2022_2024,103,"Notwithstanding the foregoing and provided that the Appointing Officer or designee certifies that an employee interfaces directly with members of the public when performing the employee’s job duties, JULY 1, 2022 - JUNE 30, 2024 CBA BETWEEN CITY AND COUNTY OF SAN FRANCISCO AND SEIU LOCAL 1021 92",UNCLEAR,exception,1,,,,,,
SEIU_102_1139,SEIU_1021_SF_2022_2024,162,adequate experience and ability and provided that no other employee wants to make the change.,UNCLEAR,exception,1,,,,,,
SEIU_102_1517,SEIU_1021_SF_2022_2024,235,These discussions are not subject to the impasse resolution procedures.,UNCLEAR,exception,1,,,,,,
SEIU_102_0828,SEIU_1021_SF_2022_2024,96,"Subject to the availability of funds, the following is required: JULY 1, 2022 - JUNE 30, 2024 CBA BETWEEN CITY AND COUNTY OF SAN FRANCISCO AND SEIU LOCAL 1021 85",UNCLEAR,exception,1,,,,,,
SEIU_102_0180,SEIU_1021_SF_2022_2024,30,"These minimum levels of direct care, by LVNs, will be budgeted for each 24-hour period: County Jail Monday-Friday Weekends-Holidays County Jail #2 40 Hours 48 Hours County Jail #4 24 Hours 16 Hours County Jail #5 40 Hours 32 Hours 163.",UNCLEAR,threshold,1,,,,,,
SEIU_102_1199,SEIU_1021_SF_2022_2024,168,"DURATION This Agreement will remain in effect through June 30, 2022 and run concurrent with the Citywide collective bargaining agreement unless extended by mutual agreement.",UNCLEAR,exception,1,,,,,,
SEIU_102_0793,SEIU_1021_SF_2022_2024,94,"Except for the specific disciplinary matters provided below, materials relating to disciplinary actions in the employee's personnel file which have been in the file three",UNCLEAR,exception,1,,,,,,
SEIU_102_0803,SEIU_1021_SF_2022_2024,95,Any employee who works at least 20 hours per week with a minimum of one,UNCLEAR,threshold,1,,,,,,
SEIU_102_1445,SEIU_1021_SF_2022_2024,215,"The number of hours each TEX/As-Needed employee (including Public Service Aides and Public Service Trainees) in the SEIU Local 1021 bargaining unit have worked as of that month in the current fiscal year, and the total number of hours that employee has worked as of that month in the previous 12 months; c.",UNCLEAR,threshold,1,,,,,,
SEIU_102_1485,SEIU_1021_SF_2022_2024,227,"Subject to DHR securing sufficient funding and staff to provide these services, the City will support the efforts of employees who choose to seek promotional opportunities by providing career counseling services and promoting educational opportunities.",UNCLEAR,exception,1,,,,,,
SEIU_102_1069,SEIU_1021_SF_2022_2024,152,"LOCATION OF PERSONNEL FILES The official personnel files of the various divisions of the Department are located as follows: San Francisco General Hospital Human Resources Laguna Honda Hospital Human Resources All other Divisions: Department of Public Health Personnel Office 101 Grove Street In the event of reorganization or changes in facility or office location, the Department will notify the Union, and affected employees in writing of any changes in location of the official personnel files.",UNCLEAR,exception,1,,,,,,
SEIU_102_1387,SEIU_1021_SF_2022_2024,197,"Schedule of Work The Library will continue the current practice of a rotating weekend schedule for FT employees, unless operational exigencies require otherwise.",UNCLEAR,exception,1,,,,,,
SEIU_102_0334,SEIU_1021_SF_2022_2024,46,(2) weeks advance notice unless operational exigencies require otherwise.,UNCLEAR,exception,1,,,,,,
SEIU_102_0980,SEIU_1021_SF_2022_2024,114,"Employees are prohibited from working in any other employment when on sick leave without pay unless, after considering the medical reason for the sick leave without pay, the appointing officer grants permission for the employee to engage in outside employment.",UNCLEAR,exception,1,,,,,,
SEIU_102_0979,SEIU_1021_SF_2022_2024,114,(1) continuous year unless a designated physician advises that there is a reasonable probability that the employee will be able to return to employment. 1.,UNCLEAR,exception,1,,,,,,
SEIU_102_1391,SEIU_1021_SF_2022_2024,201,"SHERIFF’S DEPARTMENT SUPPLEMENTAL Departmental Supplemental Agreement between the San Francisco Sheriff’s Department and Service Employees International Union, Local 1021 Notwithstanding the provisions in the City-wide Agreement, the following provisions will apply to represented employees in the Sheriff’s Department.",UNCLEAR,exception,1,,,,,,
SEIU_102_0630,SEIU_1021_SF_2022_2024,77,"Subject to Charter requirements and in accordance with its meet and confer obligations under the Meyers Milias Brown Act, the City agrees to meet with SEIU and other affected unions in the event a Charter amendment is proposed which would require or permit the City to provide employees with health insurance coverage through CalPERS. 517.",UNCLEAR,exception,1,,,,,,
SEIU_102_0719,SEIU_1021_SF_2022_2024,88,Except for grievances based on alleged violations of Article III.D.,UNCLEAR,exception,1,,,,,,
SEIU_102_1231,SEIU_1021_SF_2022_2024,175,"Denial of participation in the Eco Program, the amount provided, and the decision to terminate the Program are not subject to the grievance procedure.",UNCLEAR,exception,1,,,,,,
SEIU_102_0721,SEIU_1021_SF_2022_2024,88,"In the event that the parties agree to settle a grievance through a formal settlement agreement containing a back pay provision or in the event that an arbitrator makes an award pursuant to this MOU’s grievance procedure that includes back pay, the City will issue a payment in the appropriate amount within 90 days from the date the settlement agreement is fully executed or, in the case of an arbitration award, within 90 days from either:",UNCLEAR,threshold,1,,,,,,
SEIU_102_0968,SEIU_1021_SF_2022_2024,113,"Employees are prohibited from working in any other employment while on sick leave with pay unless, after considering the medical reason for the sick leave with pay, the appointing officer with the approval of the Human Resources Director, grants permission for the employee to engage in a secondary employment subject to the provisions of these Rules governing such employment. 3.",UNCLEAR,exception,1,,,,,,
SEIU_102_0437,SEIU_1021_SF_2022_2024,59,"Notwithstanding the provisions of sub-sections 1, 2 or 3 of Article III.G.",UNCLEAR,exception,1,,,,,,
SEIU_102_1275,SEIU_1021_SF_2022_2024,182,"Collection and testing procedures for pre-employment drug testing will be the same as for other types of testing as described in paragraph F, as applicable to the circumstances, except that the individual will not be escorted to or from the collection site.",UNCLEAR,exception,1,,,,,,
SEIU_102_1081,SEIU_1021_SF_2022_2024,155,"(1) An action plan every 12 months with description of the following years priorities, objectives, anticipated activities, and resource requirements.",UNCLEAR,threshold,1,,,,,,
SEIU_102_1082,SEIU_1021_SF_2022_2024,155,(2) A progress report every 6 months detailing progress towards objectives.,UNCLEAR,threshold,1,,,,,,
SEIU_102_0337,SEIU_1021_SF_2022_2024,46,"However, it is agreed that the effects of consequences of such changes are subject to the meet and confer obligation to the extent required by state law. 292.",UNCLEAR,exception,1,,,,,,
SEIU_102_1296,SEIU_1021_SF_2022_2024,185,(2) The employee will be required to provide a specimen of not less than 45 milliliters (ml.) of urine.,UNCLEAR,threshold,1,,,,,,
SEIU_102_1297,SEIU_1021_SF_2022_2024,185,This process will result in a split sample consisting of the primary specimen of 30 ml. of urine and the split specimen of at least 15 ml. of urine. c.,UNCLEAR,threshold,1,,,,,,
SEIU_102_1298,SEIU_1021_SF_2022_2024,185,"If the employee is unable to provide at least 45 ml. of urine, the collection site person will instruct the employee to drink not more than 24 ounces of fluids during a period of up to two hours.",UNCLEAR,threshold,1,,,,,,
SEIU_102_0638,SEIU_1021_SF_2022_2024,79,"(ii) will not be included in the gross income of the bargaining unit members for certain tax reporting purposes, that is, for federal, state, or local income tax withholding, unless and until distributed either through a pension benefit or a lump sum payment;",UNCLEAR,exception,1,,,,,,
SEIU_102_1053,SEIU_1021_SF_2022_2024,146,CSC CARVE OUTS GLOSSARY Civil Service Commission Jurisdiction Leaves of Absence Definitions Items contained in the Civil Service Carve Outs Glossary are not subject to any grievance and arbitration procedure either under this Memorandum of Understanding or under law.,UNCLEAR,exception,1,,,,,,
SEIU_102_0645,SEIU_1021_SF_2022_2024,80,Effective 5/1/95 retirement benefits will be provided to temporary employees who have worked at least 1040 hours.,UNCLEAR,threshold,1,,,,,,
SEIU_102_0361,SEIU_1021_SF_2022_2024,48,"(1) hour of the employee’s shift between 5:00 pm and 7:00 am, except for those employees participating in an authorized flextime program and who voluntarily work between the hours of 5:00 pm and 7:00 am. 307.",UNCLEAR,exception,1,,,,,,
SEIU_102_0656,SEIU_1021_SF_2022_2024,81,"As set forth in Charter Section A8.409-5, the parties acknowledge that this paragraph is not subject to Charter Section A8.409’s impasse resolution procedures. 541.",UNCLEAR,exception,1,,,,,,
SEIU_102_0658,SEIU_1021_SF_2022_2024,82,The parties acknowledge that this paragraph is not subject to Charter Section A8.409’s impasse resolution procedures.,UNCLEAR,exception,1,,,,,,
SEIU_102_1352,SEIU_1021_SF_2022_2024,193,"This Agreement will remain in effect through June 30, 2022 and run concurrent with the Citywide collective bargaining agreement unless extended by mutual agreement.",UNCLEAR,exception,1,,,,,,
SEIU_102_1035,SEIU_1021_SF_2022_2024,119,Disability indemnity payments will be automatically supplemented with sick pay credits (if the employee has sick pay credits and is eligible to use them) to provide up to the employee's normal salary unless the employee makes an alternative election as provided in this section. 834.,UNCLEAR,exception,1,,,,,,
SEIU_102_0156,SEIU_1021_SF_2022_2024,28,(Subject to the approval of the Civil Service Commission.) 149.,UNCLEAR,exception,1,,,,,,
SEIU_102_1332,SEIU_1021_SF_2022_2024,191,The BAT will attach the alcohol test result printout directly onto the alcohol collection form with tamper-proof tape (unless the results are printed directly on the form). f.,UNCLEAR,exception,1,,,,,,
SEIU_102_0068,SEIU_1021_SF_2022_2024,18,"Subject to the requirements of the Charter and Sections 4.2, 4.3, 4.4, 4.6, 4.7 and 4.8 of the San Francisco Administrative Code, The Union is authorized to establish vending machines in employee work areas.",UNCLEAR,exception,1,,,,,,
SEIU_102_0158,SEIU_1021_SF_2022_2024,28,"(6) months, unless extended by mutual agreement.",UNCLEAR,exception,1,,,,,,
SEIU_102_1338,SEIU_1021_SF_2022_2024,191,(3) The BAT does not wait 15 minutes between the screening and confirmatory tests.,UNCLEAR,threshold,1,,,,,,
SEIU_102_0309,SEIU_1021_SF_2022_2024,43,Neither the Telecommuting Program nor this Section are subject to the grievance and arbitration procedure of this Agreement.,UNCLEAR,exception,1,,,,,,
SEIU_102_1272,SEIU_1021_SF_2022_2024,182,Customs will also be subject to pre-employment testing.,UNCLEAR,exception,1,,,,,,
SEIU_102_1083,SEIU_1021_SF_2022_2024,155,(P) Union representatives will be granted release time during regular work hours with pay subject to operational and staffing requirements to attend committee meetings and work on committee assigned projects.,UNCLEAR,exception,1,,,,,,
SEIU_102_0279,SEIU_1021_SF_2022_2024,40,"Such leases are not subject to the grievance procedure, but are subject to any applicable law. 242. f.",UNCLEAR,exception,1,,,,,,
SEIU_102_1232,SEIU_1021_SF_2022_2024,175,Failure to provide adequate notice under this section and failure to reinstate free parking privileges are subject to the grievance procedure.,UNCLEAR,exception,1,,,,,,
SEIU_102_1114,SEIU_1021_SF_2022_2024,158,"Employees over thirty minutes late will not be allowed to work and will be considered absent without leave, provided that if an employee who is over thirty minutes late is told to come to work by the facility pursuant to",UNCLEAR,exception,1,,,,,,
SEIU_102_1469,SEIU_1021_SF_2022_2024,220,"In the event of a BART closure of a day or more, the Airport would endeavor to operate free parking shuttle buses between SFO, the Caltrain station in Millbrae, and the San Francisco Bay Ferry terminal in South San Francisco.",UNCLEAR,exception,1,,,,,,
SEIU_102_1468,SEIU_1021_SF_2022_2024,220,"Employees would be reimbursed in full anytime during the month, once per month for up to 3 days of public parking, at the offices of garage operator New South Parking.",UNCLEAR,threshold,1,,,,,,
SEIU_102_1467,SEIU_1021_SF_2022_2024,220,"(1) establish a transit benefits payroll deduction account, currently managed by WageWorks at the following url: (http://www.wageworks4me.com/ccsf/) and choose a transit or vanpool provider to receive funds approximately 60 days before the start of the month an employee would receive benefits;",UNCLEAR,threshold,1,,,,,,
SEIU_102_1112,SEIU_1021_SF_2022_2024,158,"Employees who have not called in prior to their starting time will be allowed up to a thirty-minute time extension from the regular reporting time to report to duty, and will be subject to having pay withheld.",UNCLEAR,exception,1,,,,,,
SEIU_102_1465,SEIU_1021_SF_2022_2024,219,"DEPARTMENT OF EMERGENCY MANAGEMENT MEET AND CONFER Departmental Supplemental Agreement Between the Department of Emergency Management and Service Employees International Union, Local 1021 Notwithstanding the provisions outlined in the Citywide Agreement, the following provisions will apply in the Department of Emergency Management.",UNCLEAR,exception,1,,,,,,
SEIU_102_0039,SEIU_1021_SF_2022_2024,15,Stewards are not authorized to act in said capacity unless on said list.,UNCLEAR,exception,1,,,,,,
SEIU_102_1460,SEIU_1021_SF_2022_2024,218,"DEPARTMENT OF EMERGENCY MANAGEMENT (DEM) LUNCH PERIOD For classifications 8238 Public Safety Communications Dispatcher and 8239 Public Safety Communications Supervisor, employees will be required to work 8 hours within 8.25 hours or 10 hours within 10.25 hours.",UNCLEAR,threshold,1,,,,,,
SEIU_102_0270,SEIU_1021_SF_2022_2024,40,"The parties agree, subject to the approval of the PUC to the following provisions: 236.",UNCLEAR,exception,1,,,,,,
SEIU_102_1454,SEIU_1021_SF_2022_2024,217,"This pilot program will be in effect for 3 years, sunsetting June 30, 2017, unless the parties mutually agree to extend the program.",UNCLEAR,exception,1,,,,,,
SEIU_102_0466,SEIU_1021_SF_2022_2024,61,Step advancement for TEX employees is subject to the other provisions of this Agreement.,UNCLEAR,exception,1,,,,,,
SEIU_102_1451,SEIU_1021_SF_2022_2024,216,"Within 120 days of the effective date of this Agreement, the Department of Human Resources commits to survey City departments, who employ incumbents in the 9900 classification series, to obtain updated job descriptions (task statements) for positions allocated to the 9900 series.",UNCLEAR,threshold,1,,,,,,
SEIU_102_0038,SEIU_1021_SF_2022_2024,15,An employee has no status as a steward unless the City has received verification in writing from the Union that the employee is a steward in a given area.,UNCLEAR,exception,1,,,,,,
SEIU_102_0306,SEIU_1021_SF_2022_2024,43,"As described more fully in the Telecommuting Program materials, telecommuting is a cooperative arrangement subject to the telecommuting appeal process.",UNCLEAR,exception,1,,,,,,
SEIU_102_0131,SEIU_1021_SF_2022_2024,25,"(1) year, except as otherwise approved by the Mayor, after notice to and consultation with the Union.",UNCLEAR,exception,1,,,,,,
SEIU_102_1444,SEIU_1021_SF_2022_2024,215,"Notwithstanding the foregoing reservation of rights in the immediately preceding sentence, the City agrees to submit to arbitration the issue of whether the City complied with Paragraph B.1, on page 191 of the July 1, 2012 – June 30, 2014 CBA between the City and the Union. 3.",UNCLEAR,exception,1,,,,,,
SEIU_102_1250,SEIU_1021_SF_2022_2024,178,"The Airport has determined that the following classifications are subject to this section: 9202 Airport Communications Dispatcher 9203 Senior Airport Communications Dispatcher 9212 Aviation Security Analyst 9213 Airfield Safety Officer SUPPLEMENTAL AGREEMENTS TO THE JULY 1, 2022 - JUNE 30, 2024 CBA BETWEEN CITY AND COUNTY OF SAN FRANCISCO AND SEIU LOCAL 1021 167",UNCLEAR,exception,1,,,,,,
SEIU_102_0606,SEIU_1021_SF_2022_2024,75,Denial of a step increase is subject to appeal through the expedited arbitration procedure of this Agreement.,UNCLEAR,exception,1,,,,,,
SEIU_102_1092,SEIU_1021_SF_2022_2024,156,The scheduling of any meetings will be subject to operational requirements of the hospitals.,UNCLEAR,exception,1,,,,,,
SEIU_102_1260,SEIU_1021_SF_2022_2024,180,"If an employee adulterates a specimen for drug or alcohol testing or otherwise falsifies or attempts to falsify the testing process or results, such employee will be subject to severe discipline.",UNCLEAR,exception,1,,,,,,
SEIU_102_0293,SEIU_1021_SF_2022_2024,41,This paragraph is not subject to the grievance procedure in this Agreement.,UNCLEAR,exception,1,,,,,,
SEIU_102_1429,SEIU_1021_SF_2022_2024,211,"During the two-year budget process, departments will provide a workload forecast of staffing levels for 24 months, which will include: • Projecting the number of FTE’s required to do work;",UNCLEAR,threshold,1,,,,,,
SEIU_102_0742,SEIU_1021_SF_2022_2024,90,Step IV Final and Binding Arbitration (except termination grievances) 617.,UNCLEAR,exception,1,,,,,,
SEIU_102_1269,SEIU_1021_SF_2022_2024,181,"Coverage – Applicants, except current City employees, seeking the following positions will be required to submit to urine drug testing as part of the selection process: a.",UNCLEAR,exception,1,,,,,,
SEIU_102_1419,SEIU_1021_SF_2022_2024,207,"Subject to the Civil Service Rules for the City and County of San Francisco and to approval by the Civil Service Commission, the Department of Human Resources will perform the analysis to consider the creation of a classification series of Interpreters to be differentiated from 2586 Health Worker II or 2587 Health Worker III by June 30, 2013.",UNCLEAR,exception,1,,,,,,
SEIU_102_0954,SEIU_1021_SF_2022_2024,111,"Subject to these provisions, employees who are absent from their duties because of illness or disability are eligible for sick leave. 2.",UNCLEAR,exception,1,,,,,,
SEIU_102_1270,SEIU_1021_SF_2022_2024,181,"Candidates applying for the following positions are subject to preemployment drug testing: 9202 Airport Communications Dispatcher 9203 Airport Senior Communications Dispatcher 9204 Airport Communications Supervisor 9212 Aviation Security Analyst 9213 Airfield Safety Officer 9220 Aviation Security Operations Supervisor SUPPLEMENTAL AGREEMENTS TO THE JULY 1, 2022 - JUNE 30, 2024 CBA BETWEEN CITY AND COUNTY OF SAN FRANCISCO AND SEIU LOCAL 1021 170",UNCLEAR,exception,1,,,,,,
SEIU_102_0569,SEIU_1021_SF_2022_2024,71,"When an employee is promoted under temporary appointment to a higher classification during a prior fiscal year and is continued in the same classification without a break in service in the current fiscal year, or is appointed to a permanent position in the same classification, such appointment shall be in accordance with the provisions of this Agreement, provided that the salary shall not be less than the same step in the salary schedule the employee received in the immediately prior temporary appointment. 5.",HARD,deontic:prohibition|deontic:obligation|exception,3,,,,,,LONG_UNSPLIT
SEIU_102_0688,SEIU_1021_SF_2022_2024,85,"Employees of the City and County of San Francisco may individually transfer their vested vacation allowance credits to another individual employee of the City and County of San Francisco who has been determined to be catastrophically ill by the employee's head of department, in accord with the definition of catastrophic illness to be provided by the Health Commission, and who has exhausted the employee’s vacation allowance, sick leave and compensatory time off, provided that such transfer may be made only in compliance with the terms and conditions established by the Board of Supervisors.",SOFT,deontic:permission|exception,3,,,,,,LONG_UNSPLIT
SEIU_102_0227,SEIU_1021_SF_2022_2024,35,"Not more than three uniforms shall be acquired by the City in any twelve-month period for the use of one employee enumerated herein unless another section of this Agreement specifically states otherwise, provided however, that any employee entitled to a uniform allowance under this Agreement shall be furnished two replacement shirts or blouses in any twelve-month period or a full or partial replacement of the uniform when the department determines that the uniform has been damaged in the course of the employee's duties for the City.",HARD,deontic:obligation|exception,3,,,,,,LONG_UNSPLIT
SEIU_102_0218_p1,SEIU_1021_SF_2022_2024,34,"Except as otherwise provided in this Agreement, the City shall provide and maintain uniforms as specified below for the workers in the listed classifications: 1406 Senior Clerk (DPH Psychiatry onl",HARD,deontic:obligation|exception,3,,,,,,
SEIU_102_0218_p3,SEIU_1021_SF_2022_2024,34,y) 2706 Housekeeper/Food Service Cleaner 2708 Custodian 2716 Custodial Assistant Supervisor 2718 Custodial Supervisor 3302 Admission Attendant (in REC onl,HARD,deontic:obligation|exception,3,,,,,,
SEIU_102_0218_p4,SEIU_1021_SF_2022_2024,34,y) 3210 Swimming Instructor/Pool Lifeguard 3208 Pool Lifeguard 3209 Swimming Instructor 3213 Aquatics Facility Assistant Supervisor 3215 Aquatics Facility Supervisor 3278 Recreation Facility Assistant 3283 Recreation Specialist 3286 Recreation Coordinator 3289 Recreation Supervisor 7270 Watershed Keeper Supervisor 7392 Window Cleaner (in AIR onl,HARD,deontic:obligation|exception,3,,,,,,
SEIU_102_0218_p5,SEIU_1021_SF_2022_2024,34,y) 7470 Watershed Keeper 8201 School Crossing Guard 8202 Security Guard 8204 Institutional Police Officer 8207 Building and Grounds Patrol Officer 8208 Park Ranger 8210 Head Park Ranger 8226 Museum Guard 8228 Senior Museum Guard 8249 Fingerprint Technician I 8250 Fingerprint Technician II 8251 Fingerprint Technician III 8274 Police Cadet 9212 Aviation Security Analyst 9213 Airfield Safety Officer 199.,HARD,deontic:obligation|exception,3,,,,,,
SEIU_102_0383_p1,SEIU_1021_SF_2022_2024,52,"Trauma Response Members (classes 2467, 2468, 2469, 2470 and",HARD,deontic:obligation|exception,3,,,,,,
SEIU_102_0383_p2,SEIU_1021_SF_2022_2024,52,"0) who, as part of the duties of their positions are required by the appointing officer to standby when normally off duty to be instantly available on call for immediate Trauma Service, shall be paid fifty percent (50%) of their regular straight time rate of pay for the period of such standby service, except on recognized holidays when they shall be paid seventy-five percent (75%) of their regular straight time rate of pay. 331.",HARD,deontic:obligation|exception,3,,,,,,
SEIU_102_0379,SEIU_1021_SF_2022_2024,52,"Employees who, as part of the duties of their positions are required by the appointing officer to stand by when normally off duty to be instantly available on call for immediate emergency service for the performance of their regular duties, shall be paid twenty-five percent (25%) of their regular straight time rate of pay for the period of such standby service, except that employees shall be paid ten percent (10%) of their regular straight time rate of pay for the period of such standby service when outfitted by their Department with an electronic paging device or an alternate communication device that functions in that area, and the employee voluntarily accepts said standby service.",HARD,deontic:obligation|exception,3,,,,,,LONG_UNSPLIT
SEIU_102_1211,SEIU_1021_SF_2022_2024,172,"Those assignments are as follows: Airport Police Bureau Class 9209 Airport Police Service Aides 2 - Lost & Found Custodial Class 2708 Custodian 1 - Exhibitions Airfield Class 9213 Airfield Safety Officer 3 - Training Class 9221 Airport Operations Supervisor 1 - Training Communications Class 9203 Airport Senior Communications Dispatcher 2 - Training 1 - Administrative Assistant In filling these specialty assignment positions, the senior bidder shall be assigned unless management shall reasonably determine that the senior employee does not possess the published qualifications, knowledge, skills and abilities required by the assignment.",HARD,deontic:obligation|exception,3,,,,,,LONG_UNSPLIT
SEIU_102_1462_p1,SEIU_1021_SF_2022_2024,218,"The Department shall have the discretion to determine whether the first half or the second half of the lunch period is paid and encumbered, and shall notify the employee which half of the lunch will be encumbered prior to the start of the 60-minute lunch period; and",HARD,deontic:obligation|deontic:obligation|threshold,3,,,,,,
SEIU_102_1462_p3,SEIU_1021_SF_2022_2024,218,"Rest breaks per MOU For purposes of this side letter, paid and encumbered time means if an employee leaves the premises during the lunch period, the employee must be able to return within 15 minutes if called back to work during the encumbered portion of the lunch break.",HARD,deontic:obligation|deontic:obligation|threshold,3,,,,,,
SEIU_102_0858_p1,SEIU_1021_SF_2022_2024,98,Each regularly scheduled full-time or part time employee (excluding as needed employees) who works a minimum of 20 hours per week and who has served in one of the classifications enumerated below for more than ninety (,HARD,deontic:obligation|threshold,3,,,,,,
SEIU_102_0858_p2,SEIU_1021_SF_2022_2024,98,"0) days which requires a valid license or re-licensure, certification or re-certification or registration or re-registration, shall be allowed the necessary number of hours of educational leave with pay per re-licensure cycle to attend formally organized courses, institutes, workshops or classes that relate to the particular classifications' studies to fulfill the requirement. 676.",HARD,deontic:obligation|threshold,3,,,,,,
SEIU_102_1008,SEIU_1021_SF_2022_2024,116,"Leaves of absence shall be granted to officers and employees for service in the armed forces of the United States or the State of California or for service on ships operated by or for the United States government in time of war and for a period not to exceed three months after the conclusion of such service, but not later than one year after the cessation of hostilities, except in case of disability incurred while in active service with the armed forces or the merchant marines when such disability shall extend beyond such period. 3.",HARD,deontic:obligation|exception,3,,,,,,LONG_UNSPLIT
SEIU_102_1062,SEIU_1021_SF_2022_2024,151,"(5) bulletin boards with locks shall be made available. • Food Service Department, Tray Line Area • Across from Nursing Office 5th Floor • 1st Floor, Administration Building main entrance; locked board • In Each Neighborhood Break Room • Social Services and Admissions/Eligibility • Billing: Human Resources Services Office • Main Kitchen Bulletin Board • Entry vestibule, 1st Floor entrance between A & B wings (Admin Bldg), locked board • Inside the hallway, A300, locked board • New Building:  Lobby/entrance  1st Floor, between the entrance/hallway from old building and the Café  Near the elevators, ground floor, North  Hallway just inside South Loading Dock  Outside Nursing Office, locked board c) At Central Office Administration (101 Grove Street), Community Health Program and Mental Health Program facilities, and any other separate Departmental facility which employees represented classes: At such locations that shall be mutually agreeable to the Department and the Union, provided that at least one bulletin board or other mutually agreeable place shall be allowed at each location. 4.",HARD,deontic:obligation|exception,3,,,,,,LONG_UNSPLIT
SEIU_102_1012,SEIU_1021_SF_2022_2024,117,"Employees who have been employed by the City and County or any other public agency or have been on military duty for a period of not less than one year continuously prior to the date upon which temporary military leave not exceeding l80 calendar days begins shall, as required by the State of California Military and Veterans' Code (Section 395), receive their regular salary or compensation for a period not to exceed 30 calendar days of such military leave in any fiscal year or more than 30 calendar days during any period of continuous military leave.",HARD,deontic:obligation|threshold,3,,,,,,LONG_UNSPLIT
SEIU_102_1151_p1,SEIU_1021_SF_2022_2024,163,previous assignment for purposes of scheduling days off in the new assignment when days off become available.,HARD,deontic:obligation,2,,,,,,
SEIU_102_1151_p2,SEIU_1021_SF_2022_2024,163,2) Involuntary: An employee who involuntarily changes shift or work location within a hospital shall have access to seniority. b) Voluntary and involuntary reassignment to another hospital:,HARD,deontic:obligation,2,,,,,,
SEIU_102_1151_p3,SEIU_1021_SF_2022_2024,163,1) Voluntary: An employee who is voluntarily reassigned to another hospital shall have no access to seniority earned at the employee’s last assignment and shall begin a new seniority date for purposes of determining days off.,HARD,deontic:obligation,2,,,,,,
SEIU_102_1151_p4,SEIU_1021_SF_2022_2024,163,2) Involuntary: An employee who is involuntarily reassigned to another hospital shall retain the employee’s original seniority and shall have the right to exercise the employee’s original seniority immediately upon the reassignment for purposes of determining days off.,HARD,deontic:obligation,2,,,,,,
SEIU_102_0925_p1,SEIU_1021_SF_2022_2024,107,"City departments will provide maintenance and repair records to an employee, the Union, or the Committee upon request. 735.",SOFT,deontic:permission,2,,,,,,
SEIU_102_0925_p2,SEIU_1021_SF_2022_2024,107,5) Review and recommend uniform policies and procedures related to the use of City vehicles and employees’ personal vehicles for City business. 736.,SOFT,deontic:permission,2,,,,,,
SEIU_102_0925_p3,SEIU_1021_SF_2022_2024,107,"6) Review and discuss building safety to address the maintenance of safe worksites, interior and exterior lighting, secure escorts, and security personnel at “high risk” work locations. 737.",SOFT,deontic:permission,2,,,,,,
SEIU_102_0925_p4,SEIU_1021_SF_2022_2024,107,"7) Consider and evaluate trainings that may be made available to represented employees whose regular, daily job duties require the employees to interface and address potential conflicts with the general public. 738.",SOFT,deontic:permission,2,,,,,,
SEIU_102_0860_p1,SEIU_1021_SF_2022_2024,98,"It is the intent of the Board of Supervisors that leave pursuant to this paragraph shall be granted subject only to the reasonable staffing requirements of the departments and that in the granting of such leave, preferences shall be given to the employee having the earliest re-licensure date. 2112 Medical Records Technician 2302 Nursing Assistant 2303 Patient Care Assistant 2305 Psychiatric Technician 2306 Senior Psychiatric Orderly 2310 Surgical Procedures Technician (those who possess a LVN licens",HARD,deontic:obligation,2,,,,,,
SEIU_102_0860_p2,SEIU_1021_SF_2022_2024,98,"e) 2312 Licensed Vocational Nurse 2314 Public Health Team Leader 2390 Central Supply Process and Distribution Tech 2392 Senior Central Processing and Distribution Technician 2430 Medical Evaluations Assistant 2441 Diagnostic Medical Sonographer I JULY 1, 2022 - JUNE 30, 2024 CBA BETWEEN CITY AND COUNTY OF SAN FRANCISCO AND SEIU LOCAL 1021 87",HARD,deontic:obligation,2,,,,,,
SEIU_102_1006_p1,SEIU_1021_SF_2022_2024,116,"Vacation, CTO, or other paid time as well as SDI payments to an employee who qualifies and who has accumulated and is eligible to use sick leave with pay credits shall be supplemented with sick leave with pay credits so that the total of SDI and sick leave with pay calculated in units of one-hour provides up to, but does not exceed, the regular take home salary the employee would have received (excluding voluntary or optional deduction",HARD,deontic:obligation,2,,,,,,
SEIU_102_1006_p2,SEIU_1021_SF_2022_2024,116,s) for the normal work schedule excluding overtime. 806.,HARD,deontic:obligation,2,,,,,,
SEIU_102_1010,SEIU_1021_SF_2022_2024,117,"Any officer or employee on military leave, who prior to such leave has been appointed to a permanent position in the City and County service, shall be entitled to resume such position at the expiration of the leave, and in determining and fixing rights, seniority, salary and otherwise which have accrued and shall inure to the benefit of such officer or employee, the term of military leave shall be considered and accounted as part of the employee's service to the City and County. 5.",HARD,deontic:obligation,2,,,,,,LONG_UNSPLIT
SEIU_102_1009,SEIU_1021_SF_2022_2024,116,"Whenever any officer or employee shall, by order of the government of the United States or by lawful order of any of its departments or officers, or by lawful order of the State of California, or any of its departments or officers, be directed in time of peace to report and serve in the armed forces of the United States, or in the armed forces of the State of California, said officer or employee shall be entitled to a leave of absence from the employee's office or position during the time of such service and for a period not to exceed three months after the expiration thereof.",HARD,deontic:obligation,2,,,,,,LONG_UNSPLIT
SEIU_102_0077,SEIU_1021_SF_2022_2024,20,"The City and Union agree that no person employed or applying for employment shall in any way be discriminated against because of that person’s actual or perceived race, color, creed, religion, sex/gender, national origin, ancestry, physical disability, mental disability, medical condition (associated with cancer, a history of cancer, or genetic characteristics), HIV/AIDS status, genetic information, marital status, age, political affiliation or opinion, gender identity, gender expression, sexual orientation, military or veteran status, or other protected category under the law, or other non-merit factors. 58.",HARD,deontic:obligation,2,,,,,,LONG_UNSPLIT
SEIU_102_1427_p1,SEIU_1021_SF_2022_2024,211,"Departments are encouraged to use creative and innovative methods to promote knowledge transfer, including the use of interdepartmental work orders and train-the-trainer approaches to enhance capacity of City employees. 3.b.",HARD,deontic:obligation,2,,,,,,
SEIU_102_1427_p2,SEIU_1021_SF_2022_2024,211,"3) Departments receiving approval of Personal Services Contracts involving specialized skills, knowledge, or expertise - As part of the Knowledge Transfer policy, after Civil Service Commission approval of PSCs involving specialized skills, knowledge, or expertise, departments shall report on a quarterly basis, responding to: • What specific support did the Department provide, such as providing knowledge transfer of current staff, to help build internal capacity to do this work? If none, explain why not or the limitations.",HARD,deontic:obligation,2,,,,,,
SEIU_102_1426_p1,SEIU_1021_SF_2022_2024,210,Implementation of Citywide Policy on Knowledge Transfer 3.b.,HARD,deontic:obligation,2,,,,,,
SEIU_102_1426_p2,SEIU_1021_SF_2022_2024,210,"1) With regard to Personal Services Contracts involving specialized skills, knowledge, or expertise, communication - including from the Department of Human Resources to departments, in the FAQ, pop-up information in the PSC database, and in departmental training(s) involving PSCs will include the following:",HARD,deontic:obligation,2,,,,,,
SEIU_102_1426_p3,SEIU_1021_SF_2022_2024,210,1) The need for “specialized skills/ expertise” not possessed by Civil Service classifications is intended to be temporary and not ongoing.,HARD,deontic:obligation,2,,,,,,
SEIU_102_1426_p4,SEIU_1021_SF_2022_2024,210,"2) Departments are encouraged to empower, support, and encourage employees to expand their training, knowledge, and skills to meet the changing service and technological needs of the City. 3.b.",HARD,deontic:obligation,2,,,,,,
SEIU_102_1426_p5,SEIU_1021_SF_2022_2024,210,"2) Departments requesting approval of Personal Services Contracts involving specialized skills, knowledge, or expertise - As part of the Knowledge Transfer policy, when submitting requests for approval of Personal Services Contracts involving specialized skills, knowledge, or expertise, departments shall provide information to the Civil Service Commission and PEC unions, including through the PSC database, responding to: • What specific support will the Department provide, such as providing knowledge transfer of current staff, to help build internal capacity to do this work? If none, explain why not or the limitations. • Is there a plan to transition this work back to the City? If so, please explain.",HARD,deontic:obligation,2,,,,,,
SEIU_102_1400,SEIU_1021_SF_2022_2024,204,"SIDELETTER/SFUSD & CCD SIDE LETTER CITY AND COUNTY OF SAN FRANCISCO AND SEIU, LOCALS 250, 535, AND 790 APRIL 29, 1997 The parties agree that nothing that occurred during their 1997 collective bargaining negotiations for a new city-wide agreement, including the addition, deletion or relocation of references to the San Francisco Unified School District (""SFUSD"") and/or the Community College District (""CCD"") within the Agreement shall in any way jeopardize the parties' respective positions as to whether the SFUSD and/or the CCD are bound by this Agreement. /s/ John Borsos /s/ Curt Kirschner SEIU, LOCAL 250 CITY AND COUNTY OF SAN FRANCISCO /s/ Linda Joseph 4/29/97 SEIU, LOCAL 535 /s/ Lawanna Preston 4/29/97 SEIU, LOCAL 790 SIDE LETTERS TO THE JULY 1, 2022 - JUNE 30, 2024 CBA BETWEEN CITY AND COUNTY OF SAN FRANCISCO AND SEIU LOCAL 1021 193",HARD,deontic:obligation,2,,,,,,LONG_UNSPLIT
SEIU_102_0004_p1,SEIU_1021_SF_2022_2024,12,"Whenever a new class is created by the Department of Human Resources which is the result of consolidation or splitting off of one or more former classes, and in those instances when the duties and responsibilities of the new class(e",HARD,deontic:obligation,2,,,,,,
SEIU_102_0004_p2,SEIU_1021_SF_2022_2024,12,"s) are the same or similar to those of the former class(es), then the bargaining unit assignment and representation shall continue to be the same as for the former class(e",HARD,deontic:obligation,2,,,,,,
SEIU_102_0004_p3,SEIU_1021_SF_2022_2024,12,s) without notice and appeal procedures required by the CSC Rule and provisions of the San Francisco Administrative Code. 4.,HARD,deontic:obligation,2,,,,,,
SEIU_102_1508,SEIU_1021_SF_2022_2024,231,"The Union shall indemnify and save harmless the City and its current and former officers, agents and employees (collectively, “Indemnitees”) and, if requested by the City, shall defend Indemnitees against any and all loss, cost, damage, injury, liability and claims thereof, arising directly or indirectly out of or relating to the conduct, acts and omissions of the Officers while on paid Union Leave, including but not limited to the Officers’ use of facilities or equipment provided by the City or others.",HARD,deontic:obligation,2,,,,,,LONG_UNSPLIT
SEIU_102_1495_p1,SEIU_1021_SF_2022_2024,230,"Phone: 510.710.0019 To pay for the release time of Theresa Rutherford, Union shall make checks payable to Laguna Honda Hospital & Rehabilitation Center and send to: Laguna Honda Hospital & Rehabilitation Center Finance Department – Attn: Lily Conover 375 Laguna Honda Blvd San Francisco, CA 94116 To pay for the release time of Jennifer Esteen, Union shall make checks payable to San Francisco Department of Public Health and send to: Department of Public Health Central Fiscal Unit – Attn: Harvey Fong 101 Grove, Ste 110 San Francisco, CA 94102 Phone: 415-554-2885 For any billing related questions or updates please contact Lily Conover (lily.conover@sfgov.or",HARD,deontic:obligation,2,,,,,,
SEIU_102_1495_p2,SEIU_1021_SF_2022_2024,230,g) for Laguna Honda or Cherie Wan for DPH Central (cherie.wan@sfdph.org).,HARD,deontic:obligation,2,,,,,,
SEIU_102_1235_p1,SEIU_1021_SF_2022_2024,176,"The definition of ""use"" is not limited to actual consumption of controlled substances and alcohol (or any other means of introducing such drugs or alcohol into one's syste",SOFT,deontic:permission,2,,,,,,
SEIU_102_1235_p2,SEIU_1021_SF_2022_2024,176,"m) while on the job; ""use"" also is defined to include evidence of the presence at the levels indicated in Appendix A, of controlled substances or alcohol in an employee's system while on the job, irrespective of when the substance may have been consumed by the employee or otherwise introduced into the employee's system In the case of alcohol, use is further defined later in this document.",SOFT,deontic:permission,2,,,,,,
SEIU_102_0028_p1,SEIU_1021_SF_2022_2024,15,"The Union may select as many as one employee member of such organization from the appropriate unit represented by such organization, and one additional such employee member for each two-hundred and fifty (",SOFT,deontic:permission,2,,,,,,
SEIU_102_0028_p2,SEIU_1021_SF_2022_2024,15,"0) employees in such unit; or fraction thereof, in excess of twohundred (",SOFT,deontic:permission,2,,,,,,
SEIU_102_0028_p3,SEIU_1021_SF_2022_2024,15,"0) employees in such unit, to attend, during regular duty or work hours without loss of compensation, meetings scheduled with the Civil Service Commission, the Department of Human Resources, the Director of Employee Relations, or designee, when such meetings have been scheduled for the purpose of city-wide Agreement meeting and conferring on all matters within the scope of representation affecting such appropriate unit, and to participate in the discussions, deliberations, and decisions at such meetings.",SOFT,deontic:permission,2,,,,,,
SEIU_102_0163,SEIU_1021_SF_2022_2024,29,"For all layoffs or displacements effectuated by the layoff of permanent civil service (PCS) employees, employees may elect to take severance pay, even if there is a vacant available position or a position occupied by a less senior incumbent in the class from which the employee is laid off, or a position to which the employee has reinstatement rights, as long as the person who elects severance pay forfeits and waives the opportunity to be placed, to displace a less senior incumbent, or to be reinstated, and waives all holdover rights to which the employee may be entitled as provided in paragraph 150. 152.",SOFT,deontic:permission,2,,,,,,LONG_UNSPLIT
SEIU_102_0527_p1,SEIU_1021_SF_2022_2024,67,"Employees required by their respective appointing officers to work on any of the above-specified or substitute holidays, excepting Fridays observed as holidays in lieu of holidays falling on Saturday, shall be paid extra compensation at the rate of time and one-half (1-1/",HARD,deontic:obligation|deontic:permission,2,,,,,,
SEIU_102_0527_p2,SEIU_1021_SF_2022_2024,67,"2) the usual rate of pay for all regularly scheduled hours worked; provided, however, that at an employee's request and with the approval of the appointing officer, an employee may be granted compensatory time off in lieu of paid overtime at the rate of time and one-half (1 1/2). 440.",HARD,deontic:obligation|deontic:permission,2,,,,,,
SEIU_102_0468,SEIU_1021_SF_2022_2024,62,"Effective July 1, 2020, all 2303 Patient Care Assistants shall have access to Steps 6 through 10 of the salary scale. 2303 Step 2303 Steps Hourly 2302 – Step 5 10 37.9500 2302 – Step 4 9 36.1500 2302 – Step 3 8 34.4250 2302 – Step 2 7 32.7750 2302 – Step 1 6 31.2250 2303 – Step 5 5 30.1500 2303 – Step 4 4 28.7250 2303 – Step 3 3 27.3625 2303 – Step 2 2 26.0625 2303 – Step 1 1 24.8125 405.",HARD,deontic:obligation,2,,,,,,LONG_UNSPLIT
SEIU_102_0622,SEIU_1021_SF_2022_2024,76,"For purposes of this agreement, to ensure that all employees enrolled in health insurance through the City’s HSS are making premium contributions under the Percentage-Based Contribution Model, it is agreed that, to the extent the City's health insurance premium contribution under the Percentage-Based Contribution Model is less than the “average contribution,” as established under Charter section A8.428(b), then, for the life of this agreement, expiring June 30, 2017, in addition to the City’s contribution, payments toward the balance of the health insurance premium under the Percentage-Based Contribution Model shall be deemed to apply to the annual “average contribution.” The parties intend that the City’s contribution toward employee health insurance premiums will not exceed the amount established under the Percentage-Based Contribution Model.",HARD,deontic:obligation,2,,,,,,LONG_UNSPLIT
SEIU_102_0639_p1,SEIU_1021_SF_2022_2024,79,v) will be included in the bargaining unit member's compensation as reported to CalPERS and the affected bargaining unit members shall not be entitled to receive any of the contributions described above directly instead of having them paid by the City to CalPERS; and (v,HARD,deontic:prohibition|deontic:obligation,2,,,,,,
SEIU_102_0639_p2,SEIU_1021_SF_2022_2024,79,"i) will be considered as part of the bargaining unit member's compensation for the purpose of computing straight-time earnings, compensation for overtime worked, premium pay, and retirement benefits, and shall be taken into account in determining the level of any other benefit which is a function of, or a percentage of, salary. 524.",HARD,deontic:prohibition|deontic:obligation,2,,,,,,
SEIU_102_1471_p2,SEIU_1021_SF_2022_2024,221,"Conduct an employee survey to identify the most-desired programs, and best times and locations to offer them;",UNCLEAR,threshold,1,,,,,,
SEIU_102_1471_p3,SEIU_1021_SF_2022_2024,221,"Alter current class offerings to 30 or 45 minutes in length, to make them more accessible to employees on lunch break;",UNCLEAR,threshold,1,,,,,,
SEIU_102_1471_p4,SEIU_1021_SF_2022_2024,221,"Based on survey results, work with HSS and RPD to explore having RPD staff provide programming either on-site, or where needed, with fee waivers at specific RPD facilities;",UNCLEAR,threshold,1,,,,,,
SEIU_102_1471_p5,SEIU_1021_SF_2022_2024,221,HSS is also actively engaging with area counties to explore collaboration on health and wellness issues.,UNCLEAR,threshold,1,,,,,,
SEIU_102_1443,SEIU_1021_SF_2022_2024,214,"If the parties are unable to resolve the issues through mediation by December 20, 2014, unless otherwise agreed to by the parties, the parties will submit the two grievances listed above, under Article IV of the MOU and in accordance with the Side Letter, to be heard by Arbitrator Robert Hirsch no later than March 1, 2015, unless otherwise agreed to by the parties, or another arbitrator if Arbitrator Hirsch SIDE LETTERS TO THE JULY 1, 2022 - JUNE 30, 2024 CBA BETWEEN CITY AND COUNTY OF SAN FRANCISCO AND SEIU LOCAL 1021 203",UNCLEAR,exception,1,,,,,,LONG_UNSPLIT
SEIU_102_0001_p1,SEIU_1021_SF_2022_2024,7,"GRIEVANCE PROCEDURE .................................................................................................. 77 Definition .......................................................................................................................... 77 Grievance Description .............................................................................................................. 77 Procedure .......................................................................................................................... 77 Time Limits .......................................................................................................................... 78 Steps of the Grievance Procedure ............................................................................................. 78 Step I Immediate Supervisor ................................................................................................ 78 Step II Department Head/Designee ..................................................................................... 78 Step III Director, Employee Relations/Designee ................................................................. 79 Step IV Final and Binding Arbitration (except termination grievance",UNCLEAR,exception,1,,,,,,
SEIU_102_0001_p2,SEIU_1021_SF_2022_2024,7,s) ............................. 79 Step IV Final and Binding Arbitration (termination grievances onl,UNCLEAR,exception,1,,,,,,
SEIU_102_0001_p3,SEIU_1021_SF_2022_2024,7,"y) ................................ 81 JULY 1, 2022 - JUNE 30, 2024 CBA BETWEEN CITY AND COUNTY OF SAN FRANCISCO AND SEIU LOCAL 1021 vi",UNCLEAR,exception,1,,,,,,
