sentence_id,source_doc,page_num,raw_text,predicted_type,signals,confidence_score,is_constraint,constraint_type,entities,threshold,exception,notes
IBEW_124_0088,IBEW_1245_CA_Outside_2022_2027,17,"The lo2cal parties recognize that the implementation of a drug and alcohol policy and program, must be subject to all applicable federal, state, and local 1 laws and regulations.",HARD,deontic:obligation|exception,3,,,,,,
IBEW_124_0049,IBEW_1245_CA_Outside_2022_2027,11,"An applicant 0shall be eligible for u i 2 examination if he has three nand one-half (r3½) years' ex perience in the trade. r s t n t , o 1 n e 2.13 The Union shall mainftain an “Out of Work List” which s3hall list the applicants within i o m each Group in chlronologicaCl order of the dates theyy register their availability for a e employment.C a e e M n r g 2.14 An applicant whoL has i registereAd on the “Out o f Work List” must renew his application every 30 days or his name will be remove2d from the list. 2 0 2.15 An applicant who is hired and who receives, through no fault of his own, work of forty 2 hours or less shall, upon re-reg istration, be restored to his appropriate place within his , Group. 1 e n 2.16 Employers shall advise the Business Manager of the Local Union of the number of u applicants neededJ.",HARD,deontic:obligation|deontic:obligation|threshold,3,,,,,,
IBEW_124_0031,IBEW_1245_CA_Outside_2022_2027,6,"In the event that these two are unable to adjust any matter within 48 hours, they shall refer the same to the LaborManagement Committee. 1.7 All matters coming before the Labor-Management Committee shall be decided by a majority vote.",HARD,deontic:obligation|threshold,3,,,,,,
IBEW_124_0197,IBEW_1245_CA_Outside_2022_2027,26,"(3) days 1 prior to being referred, Saturdays and Sundays excluded. e n Except as purovided in Section 3.2, when the employer desires to employ a J particular applicant as Foreman, he shall notify the dispatcher of the name of the applicant requested.",HARD,deontic:obligation|exception,3,,,,,,
IBEW_124_0034,IBEW_1245_CA_Outside_2022_2027,7,"ARTICLE II EMPLOYEES SHALL NOT CONTRACT 2.1 Employees covered by this Agreement, except those meeting the requirements of ""Employer"", as defined herein, shall not contract for any electrical work.",HARD,deontic:prohibition|deontic:obligation|exception,3,,,,,,
IBEW_124_0309,IBEW_1245_CA_Outside_2022_2027,38,"The first 2000 hours of OJT and satisfactory performances in related classroom training during such time shall constitute the probationary period. 35 California Outside Line Construction Agreement, June 1, 2022 - May 31, 2027",HARD,deontic:obligation|deontic:permission|threshold,3,,,,,,
IBEW_124_0308,IBEW_1245_CA_Outside_2022_2027,38,"The Apprentice shall participate in a minimum of 144 hours of related classroom training per year, outside the normal work hours.",HARD,deontic:obligation|threshold,3,,,,,,
IBEW_124_0152,IBEW_1245_CA_Outside_2022_2027,22,"TRAVEL TO JOB 4.9 The Employer shall pay for traveling time and furnish transportation for all employees from the place where they report for work each day and return to the same place at the end of each work day on all work within the jurisdiction of the Union. e HOLIDAYS AND OVdERTIME i s 4.10 All work performed outside of the regulatr scheduledn working hours and on Saturdays, u o Sundays, and the following holidOays: New Year's Day, Martin Luth7er King Day i (California only), Presidents Day (Nevada onclyt), Memorial Day, Fourt2h of July, Labor a 0 Day, Veteran's Day (California only), Nevauda Day (Nevada only), Thanksgiving Day and i 2 the Friday following, and r C n hristmas D s ayt, r shall be n patid for at dou , b le the regular straighttime rate of pay.",HARD,deontic:obligation|threshold,3,,,,,,
IBEW_124_0040,IBEW_1245_CA_Outside_2022_2027,8,An applicant who qualifies for Group I in a local union shall be so registered electronically and remain on Group I in that local union unless and until the applicant designates another local union as his or her Group I local union.,HARD,deontic:obligation|exception,3,,,,,,
IBEW_124_0150,IBEW_1245_CA_Outside_2022_2027,22,"An individual Employer who fails to remit as provided above shall be additionally subject to having his agreement terminated upon seventy-two (72) hours’ notice in writing being served by the Union, provided the individual Employer fails to show satisfactory proof that the required payments have been paid to the appropriate local collection agent.",HARD,deontic:obligation|exception,3,,,,,,
IBEW_124_0043,IBEW_1245_CA_Outside_2022_2027,9,"(3) years in the geographical area covered by the collective bargaining agreement. 2.8 If the registration list is exhausted and the Local Union is unable to refer applicants for employment to the Employer within 48 hours from the time of receiving the Employer's request, Saturdays, Sundays, and holidays excepted, the Employer shall be free to secure 6 California Outside Line Construction Agreement, June 1, 2022 - May 31, 2027",HARD,deontic:obligation|deontic:permission|threshold,3,,,,,,
IBEW_124_0203,IBEW_1245_CA_Outside_2022_2027,26,"(5) employees including himself, except that he may be the sixth (6th) employee when an Apprentice is on the crew. 23 California Outside Line Construction Agreement, June 1, 2022 - May 31, 2027",SOFT,deontic:permission|exception,3,,,,,,
IBEW_124_0206,IBEW_1245_CA_Outside_2022_2027,27,No Foreman of one job shall be transferred to another job for the purpose of working as a Journeyman on overtime unless previous connection with the overtime job requires special consideration.,HARD,deontic:obligation|exception,3,,,,,,
IBEW_124_0294,IBEW_1245_CA_Outside_2022_2027,35,"(c) Each employer shall contribut e one cent (c1¢t) per hour worked, up t2o a maximum of a 0 150,000 hours per year, for work performued under the terms of IBEW Local Union i 2 agreements with the West r er n n Line Con s sttru r ctors Ch n aptte r, Inc., NE , C A, Inc.",HARD,deontic:obligation|threshold,3,,,,,,
IBEW_124_0313,IBEW_1245_CA_Outside_2022_2027,39,"During the time an employee is doing work on a ny such energized parts of the line, e another qualified employee in a position to drender immediate assistance in case of accident or to assist in prevention of an accideint, shall act only as an observer. s t n u o 3.",HARD,deontic:obligation|exception,3,,,,,,
IBEW_124_0208,IBEW_1245_CA_Outside_2022_2027,27,"(3) or more gang Foreman are employed, a General Foreman shall be designated by the Employer. e All Foreman and General Foreman must pdossess the qualifications of Journeyman Lineman, except for crews working on eleictrical foundations, underground electrical s substructure work and roads.",HARD,deontic:obligation|deontic:obligation|exception,3,,,,,,
IBEW_124_0141,IBEW_1245_CA_Outside_2022_2027,21,"MEAL PERIODS 4.7 When an employee works overtime after the regular day or shift, or when he is called out to work at night, Sundays, or on holidays, the Employer shall provide all meals unless the employees complete the job on or before meal time .",HARD,deontic:obligation|exception,3,,,,,,
IBEW_124_0136,IBEW_1245_CA_Outside_2022_2027,20,No individual workers of the crews shall be called in to work except in extreme emergencies.,HARD,deontic:obligation|exception,3,,,,,,
IBEW_124_0135,IBEW_1245_CA_Outside_2022_2027,20,"In the event of the inclement weather, employees shall report on scheduled work days unless otherwise instructed by the Employer at least two",HARD,deontic:obligation|exception,3,,,,,,
IBEW_124_0134,IBEW_1245_CA_Outside_2022_2027,20,"A copy of all terminatieon slips issued shall be mailed to the Union within forty-eight n (48) hours following the time of termination. u J It is agreed that, except in emergencies, employees shall not be required to work in rain or other inclement weather.",HARD,deontic:prohibition|deontic:obligation|exception,3,,,,,,
IBEW_124_0132,IBEW_1245_CA_Outside_2022_2027,20,"If the employee is toerminated for cause or the employee O 7 i quits, the employee shall be paid for thet time worked only. 2 c a u 0 i 2 In the event the Emnployer rejectrs any applic ant for employment as provided in Section 2.5, souc r h rejection ssh t all be mande t at the jo1b ,s ite or shop unless the n e Employer h i afs, within oone",HARD,deontic:obligation|exception,3,,,,,,
IBEW_124_0068,IBEW_1245_CA_Outside_2022_2027,13,"All charges of violations of this section shall be considered as a dispute and shall be processed in accordance with the provisions of this agreement for the handling of grievances with the exception that any decision of a local labor-management committee that may be contrary to the intent of the parties to the National Agreement on Employee Portability, upon recommendation of either or both the appropriate IBEW International Vice President or NECA Regional Executive Director, is subject to review, modification, or rescission by the Council on Industrial Relations. 10 California Outside Line Construction Agreement, June 1, 2022 - May 31, 2027",HARD,deontic:obligation|deontic:permission|exception,3,,,,,,
IBEW_124_0073,IBEW_1245_CA_Outside_2022_2027,14,Any Employer found violating this provision shall be subject to having this Agreement terminated upon written notice thereof being given by the Union.,HARD,deontic:obligation|exception,3,,,,,,
IBEW_124_0273,IBEW_1245_CA_Outside_2022_2027,32,"REQUIREMENTS FOR REFERRAL 6.21 On or before January 1, 2010 the following provisions shall be effective in this Agreement: 1) All applicants shall have a current approved CPR Card. 2) All applicants shall have a current approved First Aid Card. 3) Effective October 1, 2012, all applicants shall have a current approved 10 Hour – ET&D OSHA Partnership class completioen card. d i 4) Employees working under this Agrseement shall utilize the EICA-Safety Wallet t n platform to track and prod uce thueir credentioals for the referral from the Local and O 7 to the Employer. t i 2 c a 0 u It is further recognized that nth i e parties to rthe Agreeme nt will work 2toward implementing appropriate training for anry required csert t ification. n t , o 1 n e f 3 i o m l SICCK PAY EXEMPTION y a e C a e e M 6.22 During the time this Angreement is inr effect, if the Federal Government or the State of g California or any cityi, county or political subd ivision of the State of California enacts a L A statute, ordinance, rule, law or regulation ma ndating paid sick leave for employees within 2 its jurisdiction, both parties to this Agr2eement hereby agree to waive the requirements of 0 the statute, ordinance, rule, law or regulation including, but not limited to, Article 1.5 2 (commencing with Section 245) of the California labor code and California labor code , Section 2810.5",HARD,deontic:obligation|threshold,3,,,,,,
IBEW_124_0120,IBEW_1245_CA_Outside_2022_2027,19,Excepution: If available by the Employer an employee may opt for direct deposit of his/heJr pay check and shall be subject to the regulations of the Employers direct deposit procedures and therefore not be subject to the penalty described above.,HARD,deontic:obligation|deontic:permission|exception,3,,,,,,
IBEW_124_0231,IBEW_1245_CA_Outside_2022_2027,28,"This crew may also drop poles in holes, except in 25 California Outside Line Construction Agreement, June 1, 2022 - May 31, 2027",SOFT,deontic:permission|exception,3,,,,,,
IBEW_124_0312,IBEW_1245_CA_Outside_2022_2027,39,"Only Journeyman Electrical Workers or 4th Step Apprentices (under continuous supervision and instruction of a Journeyman Electrical Worker) shall be assigned to work on lines or equipment energized in excess of 750 volts and except in case of emergencies involving hazards to life or property, no such employee shall be assigned to work alone.",HARD,deontic:obligation|exception,3,,,,,,
IBEW_124_0207,IBEW_1245_CA_Outside_2022_2027,27,No worker shall be paid Foreman's pay unless he is working as a Foreman.,HARD,deontic:obligation|deontic:prohibition|exception,3,,,,,,
IBEW_124_0028,IBEW_1245_CA_Outside_2022_2027,6,"However, it shall also meeet within 48 hours when notice is given by either party.",HARD,deontic:obligation|threshold,3,,,,,,
IBEW_124_0010,IBEW_1245_CA_Outside_2022_2027,4,"Steel or metal structurnes used for the purpose of carrying electrical wires, conductors or u equipment (this includes transmission towers, outdoor substations, switch racks or similar J electrical structures); the moving of employees, tools or equipment; the handling, sorting and moving of materials from the first drop, the handling, assembly and erection of all materials used on the job site starting with the concrete footing or pad, or concrete anchor, including the assembly of the grillage, on through to the ultimate completion of such structures, except for any low voltage control or lighting work which may properly belong to the inside branch of the electrical industry.",SOFT,deontic:permission|exception,3,,,,,,
IBEW_124_0017,IBEW_1245_CA_Outside_2022_2027,5,"All twill benefit by continuo 2 us peace and by c adjusting any differences by rational, coammon-sense methods. 0 u i 2 n r r MANAGEMs t ENT RIGnHT t S , o 1 n e f 3 i o m The Union understands thle EmployeCr is responsible to performy th e work required by the owner. a e The Employer shall,C therefore, hav e no restrictions except thaose specifically provided for in the e e M collective bargaining agreemennt, in planningr, directing and controlling the operation of all his g work, in deciding the numLber i and kindA of employees to properly perform the work, in hiring and laying off employees, in transferring employee2s from job to job within the Local Union's geographical jurisdiction, in determining the n2eed and number as well as the person who will act 0 as Foreman, in requiring all employees to observe the Employer's and/or owner's rules and 2 regulations not inconsistent with this Ag reement, in requiring all employees to observe all safety , regulations, and in discharging empl1oyees for proper cause. e Now, therefore, in consideratnion of the mutual promises and Agreements herein contained, the u parties hereto agree as follows: J ARTICLE I EFFECTIVE DATE - CHANGES - GRIEVANCES - DISPUTES 1.1 This Agreement shall take effect June 1, 2022, and shall remain in effect until May 31, 2027 unless otherwise specifically provided for herein.",HARD,deontic:obligation|deontic:permission|exception,3,,,,,,
IBEW_124_0018,IBEW_1245_CA_Outside_2022_2027,5,"It shall continue in effect from year to year thereafter, from June 1 through May 31 of each year, unless changed or terminated in the way later provided herein. 1.2",HARD,deontic:obligation|deontic:permission|exception,3,,,,,,
IBEW_124_0019,IBEW_1245_CA_Outside_2022_2027,5,"(a) Either party or an Employer withdrawing representation from the Chapter or not represented by the Chapter, desiring to change or terminate this Agreement must provide written notification at least 90 days prior to the expiration date of the Agreement or any anniversary date occurring thereafter. 2 California Outside Line Construction Agreement, June 1, 2022 - May 31, 2027",HARD,deontic:obligation|deontic:permission|threshold,3,,,,,,
IBEW_124_0020,IBEW_1245_CA_Outside_2022_2027,6,"(b) Whenever notice is given for changes, the nature of the changes desired must be specified in the notice, or no later than the first negotiating meeting unless mutually agreed otherwise.",HARD,deontic:obligation|exception,3,,,,,,
IBEW_124_0320,IBEW_1245_CA_Outside_2022_2027,39,"In case of accident to the n Steward, an employuee designated by the Steward (other than the Foreman or employee in J charge), shall submit the report. 36 California Outside Line Construction Agreement, June 1, 2022 - May 31, 2027",HARD,deontic:obligation|deontic:permission|exception,3,,,,,,
IBEW_124_0324,IBEW_1245_CA_Outside_2022_2027,40,"Such advandcement shall be considered a ""temporary upgrade"" and the Employer shall notify thei Union in writing of the names of such s workers temporarily upgraded on the job. t n u o O 7 i All ""temporary upgrades) shall end at the concclutsion of the job for which2 they were made a 0 unless otherwise agreed to by the Local Uniuon. i 2 n r r s t n t , o 1 n e f 3 i o m l C y a e C a e e M n r g i L A 2 2 0 2 , 1 e n u J 37 California Outside Line Construction Agreement, June 1, 2022 - May 31, 2027",HARD,deontic:obligation|deontic:permission|exception,3,,,,,,
IBEW_124_0181,IBEW_1245_CA_Outside_2022_2027,25,The notice of transfer required by this Section to be given to the Union shall be in writing to the Local Union's Business Office.,HARD,deontic:obligation,2,,,,,,
IBEW_124_0223,IBEW_1245_CA_Outside_2022_2027,28,"Must be ab r le n to build, s s ett a r nd grade n cotn crete form , s and embeds. 3.",HARD,deontic:obligation,2,,,,,,
IBEW_124_0224,IBEW_1245_CA_Outside_2022_2027,28,Must be oable to placen and finish concrete. 1 e f 3 4.,HARD,deontic:obligation,2,,,,,,
IBEW_124_0229,IBEW_1245_CA_Outside_2022_2027,28,"When holes are dug by a mechanical digger, the crew shall consist of at least two",HARD,deontic:obligation,2,,,,,,
IBEW_124_0182,IBEW_1245_CA_Outside_2022_2027,25,The postmark date of such letter shall govern compliance.,HARD,deontic:obligation,2,,,,,,
IBEW_124_0225,IBEW_1245_CA_Outside_2022_2027,28,Must posseess a valid driveer’s licenMse per the employer’s requirement. n r 6.,HARD,deontic:obligation,2,,,,,,
IBEW_124_0222,IBEW_1245_CA_Outside_2022_2027,28,"Must be able to pe rform constcrutction layout utilizing bl2ueprints, transits a 0 and levels. u i 2 2.",HARD,deontic:obligation,2,,,,,,
IBEW_124_0221,IBEW_1245_CA_Outside_2022_2027,28,"Groundman shall furnish themselves with the following tools: hammer, pliers, ruler, 10"" adjustable wrench and skinning knife. e Groundman may use hand-mechanized tools tod assist tower and pole assembly. i s FABRICATOR TtECHNICInAN u o O 7 i 6.6 1.",HARD,deontic:obligation|deontic:permission,2,,,,,,
IBEW_124_0180,IBEW_1245_CA_Outside_2022_2027,25,"Where such penalty is applicable, it shall be based upon the headquarters from which the employee is being transferred.",HARD,deontic:obligation,2,,,,,,
IBEW_124_0220,IBEW_1245_CA_Outside_2022_2027,28,Groundman may be required to place water and ice in water can.,SOFT,deontic:permission,2,,,,,,
IBEW_124_0226,IBEW_1245_CA_Outside_2022_2027,28,"Fabricator Tech,nicians cannot work in an elevated position (cannot 1 climb). e n u FRAMING POLES J 6.7 The framing and erecting of poles, making, installing, and pulling guys and assembling and erecting fixtures shall be done by Lineman.",HARD,deontic:obligation,2,,,,,,
IBEW_124_0227,IBEW_1245_CA_Outside_2022_2027,28,Groundman may assist Linemen in the performance of such work in accordance with the provisions of Sections 6.4 of this Article.,SOFT,deontic:permission,2,,,,,,
IBEW_124_0228,IBEW_1245_CA_Outside_2022_2027,28,"DIGGING HOLES AND TRENCHES 6.8 Digging of pole and anchor holes and digging trenches for duct and cable installations and ground line treatment of poles by hand shall be done by Linemen, Cable Splicers and Groundmen, under the supervision of a Line Foreman.",HARD,deontic:obligation,2,,,,,,
IBEW_124_0232,IBEW_1245_CA_Outside_2022_2027,29,"(a) The erection of poles by hand and the stringing of all wire shall be done by regularly constituted line crews consisting of Foreman, Linemen, Groundmen, or Apprentice Linemen.",HARD,deontic:obligation,2,,,,,,
IBEW_124_0230,IBEW_1245_CA_Outside_2022_2027,28,(1) of which shall be a Journeyman Lineman.,HARD,deontic:obligation,2,,,,,,
IBEW_124_0179,IBEW_1245_CA_Outside_2022_2027,25,"(3) days' notice, as stated above, the Employer u shall pay one",HARD,deontic:obligation,2,,,,,,
IBEW_124_0183,IBEW_1245_CA_Outside_2022_2027,25,"If the transfer is the result of the employee's request made through his/her Steward or if no Steward is available, the Business Representative, the reimbursement shall be waived.",HARD,deontic:obligation,2,,,,,,
IBEW_124_0233,IBEW_1245_CA_Outside_2022_2027,29,"Tamping and Line crews shall consist of Foreman, Lineman, Groundmen or Apprentice Linemen.",HARD,deontic:obligation,2,,,,,,
IBEW_124_0234,IBEW_1245_CA_Outside_2022_2027,29,"In such crews the majority of men shall be Linemen, Foreman included.",HARD,deontic:obligation,2,,,,,,
IBEW_124_0236,IBEW_1245_CA_Outside_2022_2027,29,"(c) below, the crew shall consist of at least three",HARD,deontic:obligation,2,,,,,,
IBEW_124_0237,IBEW_1245_CA_Outside_2022_2027,29,A Cold Apprentice may be substituted for a Groundman.,SOFT,deontic:permission,2,,,,,,
IBEW_124_0238,IBEW_1245_CA_Outside_2022_2027,29,"A Jou,rn eyman Lineman shall o 1 n be designated fas a Working Foreman on eeach service3 crew. i o m l C y a e",HARD,deontic:obligation,2,,,,,,
IBEW_124_0240,IBEW_1245_CA_Outside_2022_2027,29,"A cab2le crew may be used on de-energized circuits to install ducts and enclosures, lay cable,s, pull cables in ducts by hand, and other work involving 1 underground cable systems, excluding cable splicing and terminations of cables above e 300 Volts. n u J The Foreman of a cable crew shall be either a Journeyman Lineman or a Cable Splicer.",HARD,deontic:obligation|deontic:permission,2,,,,,,
IBEW_124_0241,IBEW_1245_CA_Outside_2022_2027,29,"For work involving energized cable or enclosures over 300 Volts, the crew shall have at least two",HARD,deontic:obligation,2,,,,,,
IBEW_124_0242,IBEW_1245_CA_Outside_2022_2027,29,"(1) Hot Apprentice, and the remainder may be Groundmen.",SOFT,deontic:permission,2,,,,,,
IBEW_124_0243,IBEW_1245_CA_Outside_2022_2027,29,"When such work requires that employees be inside an energized enclosure above 300 Volts, those employees shall be Journeyman Linemen or Apprentices.",HARD,deontic:obligation,2,,,,,,
IBEW_124_0244,IBEW_1245_CA_Outside_2022_2027,29,"For work involving energized cable or enclosures under 300 Volts, such work shall be performed by a Journeyman Lineman (Foreman included) or a Hot Apprentice. 26 California Outside Line Construction Agreement, June 1, 2022 - May 31, 2027",HARD,deontic:obligation|deontic:permission,2,,,,,,
IBEW_124_0245,IBEW_1245_CA_Outside_2022_2027,30,"HIGH TIME - BONUSES 6.11 Any tension dead-ending of 220KV or higher voltage required to be done in the air on steel towers at any height, shall require a bonus equal to the worker's straight-time rate.",HARD,deontic:obligation,2,,,,,,
IBEW_124_0246,IBEW_1245_CA_Outside_2022_2027,30,This bonus shall not apply to hanging the dead-end on the towers after it has been made up on the ground.,HARD,deontic:prohibition|deontic:obligation,2,,,,,,
IBEW_124_0219,IBEW_1245_CA_Outside_2022_2027,28,"Groundman may drive bucket trucks, line trucks, and light trucks on the job.",SOFT,deontic:permission,2,,,,,,
IBEW_124_0215,IBEW_1245_CA_Outside_2022_2027,27,"GROUNDMAN 6.5 Groundman shall work under the direct supervision of linemen at all times and shall assist linemen as directed in the performance of their work which includes the operation 24 California Outside Line Construction Agreement, June 1, 2022 - May 31, 2027",HARD,deontic:obligation|deontic:permission,2,,,,,,
IBEW_124_0218,IBEW_1245_CA_Outside_2022_2027,28,Groundman may operate trucks used to service trucks and equipment on transmission lines.,SOFT,deontic:permission,2,,,,,,
IBEW_124_0189,IBEW_1245_CA_Outside_2022_2027,26,(8) hours' wages each day they are required to remain on the island.,HARD,deontic:obligation,2,,,,,,
IBEW_124_0195,IBEW_1245_CA_Outside_2022_2027,26,Working Foreman may be2 called by name from the Out-of-Work registers.,SOFT,deontic:permission,2,,,,,,
IBEW_124_0194,IBEW_1245_CA_Outside_2022_2027,26,Emgployers under this Agreement shall not be restricted i from assigning woLrk to Forem A an; when suc-h practices are permitted in the Collective 2 Bargaining Agreement between any IBEW Local Union and the utility customer. 2 0 1.,HARD,deontic:prohibition|deontic:obligation,2,,,,,,
IBEW_124_0198,IBEW_1245_CA_Outside_2022_2027,26,"Upon such request, the dispatcher shall refer the applicant, provided the applicant has been employed for a period of at least one",HARD,deontic:obligation,2,,,,,,
IBEW_124_0193,IBEW_1245_CA_Outside_2022_2027,26,"(2) or moree JourneyMman are employed, a Foreman shall be n r designated by the Employer.",HARD,deontic:obligation,2,,,,,,
IBEW_124_0192,IBEW_1245_CA_Outside_2022_2027,26,"Sucuh rules as adopted by this committee, shall i 2 become a part of this Agre r em n ent. s t r n t , o n 1 e f 3 i oFOREMmAN l C y a e C a 6.2 On any line job where tweo",HARD,deontic:obligation,2,,,,,,
IBEW_124_0191,IBEW_1245_CA_Outside_2022_2027,26,"(4) members from the Employ7ers, who shall i meet at regular times to administer educationacl itnstructions, investigate s2erious accidents, a 0 and to draft appropriate safety rules.",HARD,deontic:obligation,2,,,,,,
IBEW_124_0199,IBEW_1245_CA_Outside_2022_2027,26,(1) such Foreman shall be allowed on a crew at any one,HARD,deontic:obligation,2,,,,,,
IBEW_124_0200,IBEW_1245_CA_Outside_2022_2027,26,"(1) time, and any Foreman called by name must remain in the position of Foreman while employed by the Employer. 2.",HARD,deontic:obligation,2,,,,,,
IBEW_124_0201,IBEW_1245_CA_Outside_2022_2027,26,No Working Foreman shall work when energized work is being performed on 600 volts or more by members of his/her crew. 3.,HARD,deontic:obligation,2,,,,,,
IBEW_124_0202,IBEW_1245_CA_Outside_2022_2027,26,No Foreman shall work when his/her crew is more than five,HARD,deontic:obligation,2,,,,,,
IBEW_124_0204,IBEW_1245_CA_Outside_2022_2027,27,No Foreman shall act as Foreman on more than one,HARD,deontic:obligation,2,,,,,,
IBEW_124_0205,IBEW_1245_CA_Outside_2022_2027,27,"Workers shall be employed, laid off and if necessary, discharged by the Foreman or Company Management of Journeyman status and shall receive all instructions on the job from their immediate supervisor.",HARD,deontic:obligation,2,,,,,,
IBEW_124_0190,IBEW_1245_CA_Outside_2022_2027,26,"To assist the Employeri in maintaining an effective and continuing s safety program, a permanent Joint Safetyt Committeen shall be established, consisting of u o four",HARD,deontic:obligation,2,,,,,,
IBEW_124_0248,IBEW_1245_CA_Outside_2022_2027,30,"(2) hours and for each succeeding hour or portion thereof, shall be paid at the bonus rate.",HARD,deontic:obligation,2,,,,,,
IBEW_124_0217,IBEW_1245_CA_Outside_2022_2027,28,Groundman may operate pick-up trucks and light flatbed trucks.,SOFT,deontic:permission,2,,,,,,
IBEW_124_0188,IBEW_1245_CA_Outside_2022_2027,26,Employees shall receive a minimum of eight,HARD,deontic:obligation,2,,,,,,
IBEW_124_0209,IBEW_1245_CA_Outside_2022_2027,27,"A foreman ton those crnews may be a qualified person, as u o designated by the Employer.",SOFT,deontic:permission,2,,,,,,
IBEW_124_0187,IBEW_1245_CA_Outside_2022_2027,26,The employees shall receive applicable subsistence expense to the point of embarkation for each round trip to the island.,HARD,deontic:obligation,2,,,,,,
IBEW_124_0210,IBEW_1245_CA_Outside_2022_2027,27,O 7 i c t 2 a 0 Foreman and General Foreman shall not ube discriminated against by the Union for i 2 performing as an Employe r r' n s represen s tattiv r e.,HARD,deontic:prohibition|deontic:obligation,2,,,,,,
IBEW_124_0211,IBEW_1245_CA_Outside_2022_2027,27,"Any n qute stions perta , i ning to this Agreement regarding disciplinary oaction of Fonreman or General Forema1n shall be referred to the e f 3 Labor-Management iCommittee. o m l C y a e C a e LINeEMAN M n r g i 6.3",HARD,deontic:obligation,2,,,,,,
IBEW_124_0212,IBEW_1245_CA_Outside_2022_2027,27,"(a) Lineman Lemployed un A der the terms -of this Agreement shall provide themselves 2 with the following tools: Hammer, pliers, (long-nose pliers on underground 2 jobs), ruler, 12"" crescent wrench, screwdriver, skinning knife, body belt, safety 0 strap, climbers, Channel2 Locks and 9/16-3/4 Speed Wrench. , 1",HARD,deontic:obligation,2,,,,,,
IBEW_124_0213,IBEW_1245_CA_Outside_2022_2027,27,"(b) The classification Journeyman Lineman shall cover men operating equipment e and machinery such as caterpillars, trucks equipped with winch and/or boom, n hydraulicaully operated backhoe with or without front loader, hydraulic mounted J booms and similar equipment.",HARD,deontic:obligation,2,,,,,,
IBEW_124_0186,IBEW_1245_CA_Outside_2022_2027,26,"OFFSHORE ISLANDS 5.6 On offshore islands, the Employer shall furnish full subsistence.",HARD,deontic:obligation,2,,,,,,
IBEW_124_0185,IBEW_1245_CA_Outside_2022_2027,26,A camp may not be established within twenty-five (25) miles of living accommodations.,SOFT,deontic:restriction|deontic:permission,2,,,,,,
IBEW_124_0214,IBEW_1245_CA_Outside_2022_2027,27,"LINE EQUIPMENT MAN 6.4 Line Equipment Man may operate crawler tractors, Commercial Motor Vehicles, backhoes, trenchers, cranes (50 ton and below), overhead and underground distribution line equipment, and other mutually agreed upon equipment.",SOFT,deontic:permission,2,,,,,,
IBEW_124_0184,IBEW_1245_CA_Outside_2022_2027,25,"CAMP ACCOMMODATIONS 5.5 If camp accommodations are provided in lieu of established accommodations, board and 22 California Outside Line Construction Agreement, June 1, 2022 - May 31, 2027",SOFT,deontic:permission,2,,,,,,
IBEW_124_0196,IBEW_1245_CA_Outside_2022_2027,26,"The applicant called by nam,e must have signed the register not less than three",HARD,deontic:obligation,2,,,,,,
IBEW_124_0216,IBEW_1245_CA_Outside_2022_2027,28,"of jack-hammers, man-hauls, commercial vehicles at or more than 26,001 lbs and the loading and unloading of materials and equipment, but under no circumstances shall a groundman climb poles, towers or structures, or work in the proximity of energized lines or equipment.",HARD,deontic:obligation,2,,,,,,
IBEW_124_0247,IBEW_1245_CA_Outside_2022_2027,30,This bonus pay shall be at a minimum of two,HARD,deontic:obligation,2,,,,,,
IBEW_124_0001,IBEW_1245_CA_Outside_2022_2027,1,"CALIFORNIA OUTSIDE LINE CONSTRUCTION AGREEMENT BETWEEN WESTERN LINE CONSTRUCTORS CHAPTER OF NECA AND e d LOCAL UNIONS NOi. 47 and 1245 s t n u o OAFL-CIO 7 i t 2 c a 0 INTERNATIONAL BROTHERHOODu OF ELECTRICAL WORKERS i 2 n r r s t n t , o 1 n e f 3 i o m l C y a e C a e e M n r EFFECgTIVE JUNE 1, 2022 i L A THROUGH M2AY 31, 2027 2 0 2 , 1 e n u J California Outside Line Construction Agreement, June 1, 2022 - May 31, 2027",SOFT,deontic:permission,2,,,,,,
IBEW_124_0249,IBEW_1245_CA_Outside_2022_2027,30,Soft dead-ends made without supporting the ladder from the conductor shall not be at the bonus pay.*1 All workers required to work on any type of pole (lattice poles excepted) at the 75-foot level or higher shall receive a bonus equal to the workman's straight-time rate.,HARD,deontic:prohibition|deontic:obligation,2,,,,,,
IBEW_124_0299,IBEW_1245_CA_Outside_2022_2027,35,"Such amount shall be added to and become a part of n the contributions duue and payable, and the whole amount due shall bear interest at the J rate of ten percent (10%) per annum until paid.",HARD,deontic:obligation,2,,,,,,
IBEW_124_0310,IBEW_1245_CA_Outside_2022_2027,39,All man-lift equipment used on or near energized lines and equipment shall be equipped with dual controls.,HARD,deontic:obligation,2,,,,,,
IBEW_124_0305,IBEW_1245_CA_Outside_2022_2027,37,"Weaver, Chapter M2anager a 0 i u 2 r n s t r n t , o n 1 e f 3 i o m l C y a e C a e e M n r g i L A 2 2 0 2 , 1 e n u J 34 California Outside Line Construction Agreement, June 1, 2022 - May 31, 2027",SOFT,deontic:permission,2,,,,,,
IBEW_124_0304,IBEW_1245_CA_Outside_2022_2027,36,"The time tables as outlined above does not alter or relieve any firm from making timely reports and payments to the individual trusts or funds outlined in other Articles or Sections contained herein. 33 California Outside Line Construction Agreement, June 1, 2022 - May 31, 2027",SOFT,deontic:permission,2,,,,,,
IBEW_124_0303,IBEW_1245_CA_Outside_2022_2027,36,"The twenty percent (20%) penalty shall be forwarded together with full payment to the individual fund or trust fund affected, by the 75th day of any delinquency as calculated above.",HARD,deontic:obligation,2,,,,,,
IBEW_124_0302,IBEW_1245_CA_Outside_2022_2027,36,"ARTICLE XI DELINQUENCIES - AGREEMENT AND TRUST FUNDS 11.1 The purpose of this Section addresses methods and schedules to be applied when firms have not complied with the specified and timely reporting to trusts and depositories in other parts of this Agreement, i.e., NEBF, NEIF, Apprenticeship, Pension, Union dues, and LINECO. e d Employer reports and accompanying funds foir these reports must be received at the fund s location on or before fifty (50) days fromt the first dany worked, which is being reported. u o All reports not having been receivedO by the fund before the 51st day will be 7required to be i present at a Labor-Management M eeting to bec hetld between the 50th and 260th day. a 0 u i 2 Any contractor required to r a n ttend the L s atbo r r-Manag n emt ent Meetin , g will present completed reporting forms at the osame Laborn-Management Meeting, w1hich shall be forwarded to e f 3 each trust fund or fiund in whicho a delinqumency exists for that Employer.",HARD,deontic:obligation|deontic:obligation,2,,,,,,
IBEW_124_0301,IBEW_1245_CA_Outside_2022_2027,36,(Productive electrical labor payroll is defined as the total wages including overtime paid with respect to all hours worked by all classes of electrical labor for which a rate is established in the prevailing labor area where the business is transacted.) Payment shall be forwarded monthly to the National Electrical Industry Fund in a form and manner prescribed by the Trustees no later than fifteen (15) calendar days following the last day of the month in which the labor was performed.,HARD,deontic:obligation,2,,,,,,
IBEW_124_0300,IBEW_1245_CA_Outside_2022_2027,35,"The Employer shall also be liable for all costs of collecting the payment, together with attorney’s fees. 10.4 Each individual Employer shall contribute an amount not to exceed one percent (1%) nor less than .2 of 1% of the productive electrical payroll as determined by each local Chapter and approved by the Trustees, with the following exclusions: 1) Twenty-five percent (25%) of all productive electrical payroll in excess of 75,000 man-hours paid for electrical work in any one Chapter area during any one calendar year but not exceeding 150,000 man-hours. 2) One hundred percent (100%) of all productive electrical payroll in excess of 150,000 man hours paid for electrical work in any one Chapter area during any one calendar year. 32 California Outside Line Construction Agreement, June 1, 2022 - May 31, 2027",HARD,deontic:obligation|deontic:permission,2,,,,,,
IBEW_124_0298,IBEW_1245_CA_Outside_2022_2027,35,"In the 2 event the Employer is in default, the Employer shall be liable for a sum equal to 15% of 0 the delinquent payment, but not 2less than the sum of the twenty ($20), for each month payment of contributions is ,delinquent to the Fund, such amount being liquidated 1 damages, and not a penalty, reflecting the reasonable damages incurred by the Fund due e to the delinquency of the payments.",HARD,deontic:obligation,2,,,,,,
IBEW_124_0250,IBEW_1245_CA_Outside_2022_2027,30,"This height will be measured from the ground level to the point of attachment to the structure of the material, or equipment, being worked on. e Any work performed from an aerial basket susdpended from a headache ball or hook shall also require a bonus equal to the worker's straiight-time rate. s t n u o COABLE SPLICING 7 i c t 2 a 0 6.12 Journeyman Cable Splicers shall furnish onuly hand tools. i 2 r n s t r n t , 6.13 When two",HARD,deontic:obligation,2,,,,,,
IBEW_124_0297,IBEW_1245_CA_Outside_2022_2027,35,"(d) If an EmployLer fails to m A ake the requir-ed contributions to the Fund, the Trustees 2 shall have the right to take whatever steps are necessary to secure compliance.",HARD,deontic:obligation,2,,,,,,
IBEW_124_0296,IBEW_1245_CA_Outside_2022_2027,35,"Thea Western Line Constructeors Chapter, Inc., NECA, Inc., or its designee, C a shall be the collection ageent for this Funed.",HARD,deontic:obligation,2,,,,,,
IBEW_124_0295,IBEW_1245_CA_Outside_2022_2027,35,"Payment shall be forwarded monthly,o in a form annd manner prescribed by 1the Trustees, no later than e f 3 fifteen (15) calendair days followoing the lamst day of the month in which the labor was l C y performed.",HARD,deontic:obligation,2,,,,,,
IBEW_124_0293,IBEW_1245_CA_Outside_2022_2027,35,"Each Employer hereby accepts, iagrees to be bound by, and shall be entitled s to participate in the NLMCC, as provided tin said Agrenement and Declaration of Trust. u o O 7 i",HARD,deontic:obligation,2,,,,,,
IBEW_124_0292,IBEW_1245_CA_Outside_2022_2027,35,"(b) The Fund shall function in accordance with, an d as provided in, its Agreement and e Declaration of Trust, and any amendments dthereto and any other of its governing documents.",HARD,deontic:obligation,2,,,,,,
IBEW_124_0291,IBEW_1245_CA_Outside_2022_2027,34,The Employer shall also be liable for all 1 costs of collecting the payment together with attorneys' fees. e n 10.3 National Labor/Muanagement Corporation Committee (NLMCC) J,HARD,deontic:obligation,2,,,,,,
IBEW_124_0290,IBEW_1245_CA_Outside_2022_2027,34,"Such amount shall be added to and become a part of 0 the contributions due and payabl2e, and the whole amount due shall bear interest at the rate of ten percent (10%) per a,nnum until paid.",HARD,deontic:obligation,2,,,,,,
IBEW_124_0311,IBEW_1245_CA_Outside_2022_2027,39,"(6) feet or more from energized lines or equipment, man-lift equipment with ground controls only may be used, providing that a Journeyman workman is in the area adjacent to the controls at all times, and shall be assigned no other duties while the man-lift equipment is in use. 2.",HARD,deontic:obligation|deontic:permission,2,,,,,,
IBEW_124_0314,IBEW_1245_CA_Outside_2022_2027,39,Once each week on all distributioOn jobs and steel jobs involving wire 7stringing and i erection crews there shall be a safe ty meeting.c Otnce every other week o2n steel crews not a 0 involved in erection or wire stringing therue shall be a safety meeting on the job.,HARD,deontic:obligation,2,,,,,,
IBEW_124_0315,IBEW_1245_CA_Outside_2022_2027,39,"These safety meetings shall beo thirty (30) mninutes in duration and sha1ll begin as close to starting e f 3 time as practicable aind shall be odevoted to msafety discussions and pole top resuscitation, l C y prone pressure raesuscitation and general seafety procedure.",HARD,deontic:obligation,2,,,,,,
IBEW_124_0316,IBEW_1245_CA_Outside_2022_2027,39,These meetings shall apply to C a all line crews working uneder this Agreeement as Mdefined above.,HARD,deontic:obligation,2,,,,,,
IBEW_124_0333,IBEW_1245_CA_Outside_2022_2027,42,"J 39 California Outside Line Construction Agreement, June 1, 2022 - May 31, 2027",SOFT,deontic:permission,2,,,,,,
IBEW_124_0332,IBEW_1245_CA_Outside_2022_2027,42,"The party served 2 with written notice of the Grievance shall within ten (10) calendar days after 2 the aforementioned meeting, or in the event no meeting is held within ten 0 (10) calendar days aft2er the receipt of the Grievance, answer the Grievance in writing. , 1 e STEP FOUR: In the event the Grievance is not settled in Step Three, it shall be referred to n the Labuor-Management Committee.",HARD,deontic:obligation,2,,,,,,
IBEW_124_0331,IBEW_1245_CA_Outside_2022_2027,42,"The riemedy or coorrection whmich is desired. l C y a e C a In the event eeither party edesires aM meeting to discuss the Grievance, the n r parties shall meet wgithin ten (10) calendar days from receipt of said i GrievaLnce for the A purpose of di-scussing the Grievance.",HARD,deontic:obligation,2,,,,,,
IBEW_124_0330,IBEW_1245_CA_Outside_2022_2027,42,"If the Grievance is not resolved within seventy-two (72) hours of the oral discussion, Step Three shall be followed.",HARD,deontic:obligation,2,,,,,,
IBEW_124_0329,IBEW_1245_CA_Outside_2022_2027,42,Both parties shall put forth their best efforts to resolve the Grievance at this level within seventy-two (72) hours.,HARD,deontic:obligation,2,,,,,,
IBEW_124_0328,IBEW_1245_CA_Outside_2022_2027,42,STEP TWO: All Grievances shall be presented orally by the aggrieved employee and a Shop Steward or a Union Business Representative to the aggrieved employee's immediate supervisor.,HARD,deontic:obligation,2,,,,,,
IBEW_124_0327,IBEW_1245_CA_Outside_2022_2027,42,EXHIBIT E GRIEVANCE PROCEDURES STEP ONE: A Grievance must be filed no later than five,HARD,deontic:obligation,2,,,,,,
IBEW_124_0326,IBEW_1245_CA_Outside_2022_2027,41,"(b) Employers shall advise the Union of the number of applicants no later than closing time the last normal workday preceding the day the applicants are to be referred. e d i s t n u o O 7 i t 2 c a 0 u i 2 n r r s t n t , o 1 n e f 3 i o m l C y a e C a e e M n r g i L A 2 2 0 2 , 1 e n u J 38 California Outside Line Construction Agreement, June 1, 2022 - May 31, 2027",HARD,deontic:obligation|deontic:permission,2,,,,,,
IBEW_124_0325,IBEW_1245_CA_Outside_2022_2027,41,(a) An applicant who becomes employed in the electrical industry shall have his name removed from the Out-of-Work List.,HARD,deontic:obligation,2,,,,,,
IBEW_124_0323,IBEW_1245_CA_Outside_2022_2027,40,"Should the Local Union be unable to refer applicants to the Employer for the classification requested, the Employer may, by agreement with the Business Manager or his/her Representative, advance workers on the jo b to higher classifications of work e which they are able to perform.",SOFT,deontic:preference|deontic:permission,2,,,,,,
IBEW_124_0322,IBEW_1245_CA_Outside_2022_2027,40,The Employer shall notify the Steward during the same work day of such advancements.,HARD,deontic:obligation,2,,,,,,
IBEW_124_0321,IBEW_1245_CA_Outside_2022_2027,40,"EXHIBIT C TEMPORARY UPGRADES The parties hereto have agreed to the following supplement to the Outside Line Construction Agreement: Employers may advance Journeyman to Foremen as needed and also may advance an employee to jobs of a higher classification when the employee's referral slip shows that such is his/her regular classification, and these will not be considered a ""temporary upgrade"" as defined herein.",SOFT,deontic:permission,2,,,,,,
IBEW_124_0319,IBEW_1245_CA_Outside_2022_2027,39,A report of all accidents shall be sent to the Union office and the N.E.C.A.,HARD,deontic:obligation,2,,,,,,
IBEW_124_0318,IBEW_1245_CA_Outside_2022_2027,39,"The phrase, ""Temporary Construction,"" shall not exclude or change any of the safety 0 rules. 2 , 1 5.",HARD,deontic:prohibition|deontic:obligation,2,,,,,,
IBEW_124_0317,IBEW_1245_CA_Outside_2022_2027,39,"A record of this meeting n r shall be kept by the Steward and a greport of this meeting, including all matters discussed, i shall be sent to theL Union office A and to the N.E-.C.A.",HARD,deontic:obligation,2,,,,,,
IBEW_124_0289,IBEW_1245_CA_Outside_2022_2027,34,"(d) If an Employeri fails to maoke the requmired contributions to the Fund, the Trustees l C y shall have the riaght to take whatever steeps are necessary to secure compliance.",HARD,deontic:obligation,2,,,,,,
IBEW_124_0288,IBEW_1245_CA_Outside_2022_2027,34,"T2he Western Line a 0 Contstructors Chapter Inc., NECA, Inc., oru its designee, shall be the collection agent for i 2 this Fund. r n s t r n t , o n 1 e f 3",HARD,deontic:obligation,2,,,,,,
IBEW_124_0287,IBEW_1245_CA_Outside_2022_2027,34,"Paymennt shall be forwarded monthly, in a u o form and manner prescribed by thOe Trustees, no later than fifteen (15) 7calendar days i following the last day of the month in which thce tlabor was performed.",HARD,deontic:obligation,2,,,,,,
IBEW_124_0267,IBEW_1245_CA_Outside_2022_2027,31,"L A 2 CLIPPING AND SPACING 2 0 6.18 No conductor shall be clipped in2 until it is in permanent dead-end or field snub, with safety. , 1 e No spacing shall be done until the conductor supporting the worker is clipped in for eight n",HARD,deontic:obligation,2,,,,,,
IBEW_124_0265,IBEW_1245_CA_Outside_2022_2027,31,"(1) hour of7 straight time i pay per day, at the wage rates prov ided for in Ecxthibit A. 2 a 0 u i 2 r n MAN s -tH r AULS n t , o n 1 e f 3 6.17 Each employee shalil be provideod with a pmlace to sit in a man-haul and the number of l C y employees whoa shall ride in the cab sehall not exceed the number the vehicle was C a designed to carry in the ceab.",HARD,deontic:obligation,2,,,,,,
IBEW_124_0264,IBEW_1245_CA_Outside_2022_2027,31,"A Journeyman Lineman or qualified employee designated by the Employer that has met the JATC Training Requirements, shall perform the necessary rigging of any material or equipment to be carried by a helicopter and to unhook the rigging when it is carried to the job site by helicopter.",HARD,deontic:obligation,2,,,,,,
IBEW_124_0263,IBEW_1245_CA_Outside_2022_2027,31,"AIRCRAFT RULES AND INSURANCE 6.16 When employees are transported, working around, near, with or underneath aircraft they shall be protected by a life and casualty insurance policy in the amount of $300,000 in addition to regular Workers' Compensation coverage.",HARD,deontic:obligation,2,,,,,,
IBEW_124_0262,IBEW_1245_CA_Outside_2022_2027,31,"When work is performed on towers or substation structures, the Employer shall furnish safety belts.",HARD,deontic:obligation,2,,,,,,
IBEW_124_0261,IBEW_1245_CA_Outside_2022_2027,31,"Employees shall sign for overalls, and be responsible for same.",HARD,deontic:obligation,2,,,,,,
IBEW_124_0260,IBEW_1245_CA_Outside_2022_2027,30,"The parties hereto agree to confer prior to the project beginning. 27 California Outside Line Construction Agreement, June 1, 2022 - May 31, 2027",SOFT,deontic:permission,2,,,,,,
IBEW_124_0177,IBEW_1245_CA_Outside_2022_2027,25,"Should the Employer a e requCire the worker to report on any non-harda surfaced roads, such roads shall be e e M maintained inn good repair, rand the Employer shall pay an additional sum of g twenty-five icents ($0.25) per mile fo r such road, one way per day worked or L A when workers report for work as 2 di rected by the Employer. 2 TRANSFER0 OF EMPLOYEES 2 , 5.4 At least three",HARD,deontic:obligation|deontic:preference,2,,,,,,
IBEW_124_0259,IBEW_1245_CA_Outside_2022_2027,30,"OVERALLS AND GLOVES 6.15 On any job where employees are required to perform exceptionally dirty work, the Employer shall furnish overalls and gloves, and shall have such clothing cleaned or 1 For clarification purposes in this Agreement and this Section, the Term Dead-Ending will be defined as the process of bringing the conductor to final tension, cutting the wire, pressing or connecting the dead-end body to the conductor and connecting the dead-end body to the insulator(s) which are connected to the structure/tower.",HARD,deontic:obligation|deontic:obligation,2,,,,,,
IBEW_124_0258,IBEW_1245_CA_Outside_2022_2027,30,"(5) or more Journeymen Linemen, every fifth Journeyman shall be fifty (50) years of age or older.",HARD,deontic:obligation,2,,,,,,
IBEW_124_0257,IBEW_1245_CA_Outside_2022_2027,30,In no case shall Cable Splicers be e required to work on energized cables carrying in excess of 600 Volts. n u J RATIO FOR 50-YEAR-OLD JOURNEYMAN 6.14 Whenever possible on jobs employing five,HARD,deontic:obligation,2,,,,,,
IBEW_124_0255,IBEW_1245_CA_Outside_2022_2027,30,"Cable 0 Splicers shall not be required to w2ork on wires or cables where the difference in potential is over 300 Volts between any t,wo",HARD,deontic:prohibition|deontic:obligation,2,,,,,,
IBEW_124_0254,IBEW_1245_CA_Outside_2022_2027,30,"Journeyman 2 Linemen, Cable Splicers or Apprentices shall be used in assisting Cable Splicers.",HARD,deontic:obligation,2,,,,,,
IBEW_124_0253,IBEW_1245_CA_Outside_2022_2027,30,"A Cable Spliceer Foreman shaell be a JoMurneyman Cable Splicer. n r g i All work of joiningL, splicing an A d insulating an-d the placing of flameproof covering where 2 wiped lead joints are necessary, shall be performed by Cable Splicers.",HARD,deontic:obligation,2,,,,,,
IBEW_124_0252,IBEW_1245_CA_Outside_2022_2027,30,"(2) l C y Journeyman Caable Splicers and two (e2) Helpers, they shall have a Non-Working C a Foreman.",HARD,deontic:obligation,2,,,,,,
IBEW_124_0251,IBEW_1245_CA_Outside_2022_2027,30,"(2) Journeyoman Cable nSplicers are working on a1 job together, one of them e f 3 shall be considered ias Foreman aond paid acmcordingly.",HARD,deontic:obligation,2,,,,,,
IBEW_124_0266,IBEW_1245_CA_Outside_2022_2027,31,No tools or n r materials shall be carried in the cgrew compartment when it is being used to transport i employees.,HARD,deontic:obligation,2,,,,,,
IBEW_124_0268,IBEW_1245_CA_Outside_2022_2027,31,"J No spacing shall be done during inclement weather, including rain, snow, heavy fog, excessive wind or icing conditions.",HARD,deontic:obligation,2,,,,,,
IBEW_124_0286,IBEW_1245_CA_Outside_2022_2027,34,(c) Each employer shall contribute $0.0t0.,HARD,deontic:obligation,2,,,,,,
IBEW_124_0269,IBEW_1245_CA_Outside_2022_2027,31,No worker shall climb up or down the insulators.,HARD,deontic:obligation|deontic:prohibition,2,,,,,,
IBEW_124_0285,IBEW_1245_CA_Outside_2022_2027,34,"Each Employer hereby accepts, agrees to be bound by, and shall be entitled e to participate in the LMCC, as provided in saidd Agreement and Declaration of Trust. i s",HARD,deontic:obligation,2,,,,,,
IBEW_124_0284,IBEW_1245_CA_Outside_2022_2027,34,"(b) The Fund shall function in accordance with, and as provided in, its Agreement and Declaration of Trust and any amendments thereto and any other of its governing documents.",HARD,deontic:obligation,2,,,,,,
IBEW_124_0283,IBEW_1245_CA_Outside_2022_2027,33,"(4) to study and explore ways of eliminating potential problems which reduce the competitiveness and inhibit the economic development of the electrical construction industry; 30 California Outside Line Construction Agreement, June 1, 2022 - May 31, 2027",SOFT,deontic:permission,2,,,,,,
IBEW_124_0282,IBEW_1245_CA_Outside_2022_2027,33,"Enforcement for delinquent pa,yments to this fund shall be the sole responsibility of the 1 fund. e n 10.2 Local Labor-Manaugement Cooperation Committee (LMCC) J",HARD,deontic:obligation,2,,,,,,
IBEW_124_0281,IBEW_1245_CA_Outside_2022_2027,33,This fund shall be administered solely 0 by the Chapter and will not be u2sed to the detriment of the local union or the IBEW.,HARD,deontic:obligation,2,,,,,,
IBEW_124_0280,IBEW_1245_CA_Outside_2022_2027,33,The Administrative 2 Maintenance Fund contributions shall be submitted with all other fringe benefits covered 2 by the labor agreement by the 15th of the month.,HARD,deontic:obligation,2,,,,,,
IBEW_124_0279,IBEW_1245_CA_Outside_2022_2027,33,"The program shall include minimum s standards as designed by the IBEW and NtECA. n u o O 7 i ARTICLE cX t 2 a 0 AMF, LMCC, NLMCC &u INDUSTRY FUND i 2 r n s t r n t , 10.1 Administrative Mainteonance Funnd 1 e f 3 All employers signiatory to thiso labor agrmeement shall contribute .5% of their gross l C y monthly payrolla payable to the Administerative Maintenance Fund for each hour worked C a by each employee coveered by this eagreemenMt.",HARD,deontic:obligation,2,,,,,,
IBEW_124_0278,IBEW_1245_CA_Outside_2022_2027,33,Therefore each IBEdW local union and NECA chapter shall implement a Code of Excellence Programi.,HARD,deontic:obligation,2,,,,,,
IBEW_124_0277,IBEW_1245_CA_Outside_2022_2027,33,"ARTICLE IX CODE OF EXCELLENCE 9.1 The parties to this Agreement recognize that to meet the needs of our customers, both employer and employee must meet the highest levels of performance, professionalism, and productivity.",HARD,deontic:obligation,2,,,,,,
IBEW_124_0276,IBEW_1245_CA_Outside_2022_2027,33,"ARTICLE VIII APPRENTICESHIP 8.1 The Area Training Agreement entered into between the Western Line Constructors Chapter of NECA, and IBEW local union number 47 and 1245 as approved by the International President on December 1, 1975, and as amended, shall govern all matters of apprenticeship and training, and the financing thereof.",HARD,deontic:obligation,2,,,,,,
IBEW_124_0275,IBEW_1245_CA_Outside_2022_2027,32,"ARTICLE VII SEPARABILITY CLAUSE 7.1 Should any provisions of this Agreement be declared illegal by any court of competent jurisdiction, such provisions shall immediately become null and void, leaving the remainder of the Agreement in full force and effect and the parties shall, thereupon, seek to negotiate substitute provisions which are in conformity with the applicable laws. 29 California Outside Line Construction Agreement, June 1, 2022 - May 31, 2027",HARD,deontic:obligation|deontic:preference|deontic:permission,2,,,,,,
IBEW_124_0274,IBEW_1245_CA_Outside_2022_2027,32,"Any employer who is signatory to this Agreement shall not be required to u comply with said statute, ordinance, rule, law or regulation, and any employee covered J by this Agreement shall not have any right or cause of action against any signatory employer or IBEW Local 47 and IBEW Local 1245 for violation of said statute, ordinance, rule, law or regulation.",HARD,deontic:prohibition|deontic:obligation,2,,,,,,
IBEW_124_0272,IBEW_1245_CA_Outside_2022_2027,32,CERTIFIED WELDER 6.20 A Certified Welder is a Journeyman who has been certified under applicable Federal Regulations and may be assigned other Journeyman work when not engaged at welding.,SOFT,deontic:permission,2,,,,,,
IBEW_124_0271,IBEW_1245_CA_Outside_2022_2027,31,"The size of the letters shall be a minimum of one and one-half (1½) inches. 28 California Outside Line Construction Agreement, June 1, 2022 - May 31, 2027",HARD,deontic:obligation|deontic:permission,2,,,,,,
IBEW_124_0270,IBEW_1245_CA_Outside_2022_2027,31,"EMPLOYER SIGNS 6.19 Employers employing workers under the terms of this Agreement, shall have the name of their firm displayed in easily visible letters on all trucks used for carrying materials or employees.",HARD,deontic:obligation,2,,,,,,
IBEW_124_0178,IBEW_1245_CA_Outside_2022_2027,25,(3) regular wo1rk days' notice shall be given to the Union and the employees before workers are transfe rred from one reporting headquarters to another reporting e headquarters.,HARD,deontic:obligation,2,,,,,,
IBEW_124_0169,IBEW_1245_CA_Outside_2022_2027,25,"Section 5.3 regarding headquarters on non-hard surfaced roads, they shall refer the matter to the Labor-Management Committee for its decision, whose decision shall be final and binding.",HARD,deontic:obligation,2,,,,,,
IBEW_124_0176,IBEW_1245_CA_Outside_2022_2027,25,"(b) Headquarters, wrhere employsee t s report nfor t work, may, be on any concrete or o 1 n black-top rofad (hard-surfaced), wheree the above 3facilities are provided or on i o m any non-lhard surfaCced road as hereinafter p y ro vided.",SOFT,deontic:permission,2,,,,,,
IBEW_124_0062,IBEW_1245_CA_Outside_2022_2027,12,"UNION SECURITY 2.24 All workers employed by the Employer shall, as a condition of employment, tender the full and uniform admission dues in effect in the Local Union on the 8th day following the beginning of employment under this Agreement, or the effective date of this Agreement, whichever is later.",HARD,deontic:obligation,2,,,,,,
IBEW_124_0070,IBEW_1245_CA_Outside_2022_2027,14,The amount to be deducted shall be the amount specified in the approved Local Union Bylaws.,HARD,deontic:obligation,2,,,,,,
IBEW_124_0069,IBEW_1245_CA_Outside_2022_2027,14,EMPLOYEES NOT LOANED 3.3 The Employer shall not loan or cause to be loaned workers in his/her employ to any other Employer without first securing permission of the Union and then only when applicant possessing the required skills are not available through the Referral Procedure.,HARD,deontic:prohibition|deontic:obligation,2,,,,,,
IBEW_124_0067,IBEW_1245_CA_Outside_2022_2027,13,"L i A 2 At the completion of a job, the Emp2loyer will transfer the employees to another job 0 within thirty (30) calendar days, provided they have worked for the Employer thirty (30) 2 calendar days, or he shall termin ate them. , 1 NeON-RESIDENT EMPLOYEES n u 3.2 An employer sign J atory to a collective bargaining agreement or to a letter of assent to an agreement with another IBEW Local Union, who signs an assent to this Agreement, may bring up to four bargaining unit employees employed in that Local Union's jurisdiction into this Local's jurisdiction and up to two bargaining unit employees per job from that Local's jurisdiction to this Local's jurisdiction for specialty or service and maintenance work.",HARD,deontic:obligation|deontic:permission,2,,,,,,
IBEW_124_0066,IBEW_1245_CA_Outside_2022_2027,13,"In the event that such workers fail to comply with this paragraeph, the Union shall notify the Employer d and the Employer shall discharge said workers within forty-eight (48) hours. i 2.26 If during the term of this Agreement it be s comes lawful , by action of the Nevada State t n u Legislature or by action of the Congress of the oUnited States, for the provisions of O 7 i Sections 2.24 and 2.25 to be applicable in the tState of Nevada, the pro 2 visions of these c Sections shall be effective on thae eighth (8th) day following such actio0n. u i 2 n r r ARTsIC t LE III n t , o 1 n e f TRANSFERS 3 i o m l C y a e 3.1 Employers siCgnatory to this Agreement may move theair employees within the area of this e e M Agreement.",HARD,deontic:obligation|deontic:permission,2,,,,,,
IBEW_124_0065,IBEW_1245_CA_Outside_2022_2027,13,(8) days following notification by the Union and shall thereafter be required to maintain his/her membership by paying monthly dues and/or additional working dues in accordance with the provisions of the foregoing paragraph.,HARD,deontic:obligation,2,,,,,,
IBEW_124_0064,IBEW_1245_CA_Outside_2022_2027,13,"In the event that a worker fails to tender the admission dues or that a member of the Union fails to maintain his/her membership by paying monthly dues and/or additional working dues in accordance with the provisions of this Section, the Union shall notify the Employer in writing and such written notice shall constitute a request to the Employer to discharge said individual workers within fortyeight (48) hours, (Saturday, Sunday and Holidays excluded), for failure to maintain continuous good standing by paying monthly dues and/or additional working dues in the Union in accordance with its rules above referred to in this paragraph. 2.25 In the event that the Union does not accept into membership any workers tendering admission dues and regular monthly dues and/or additional working dues, the foregoing paragraph shall not be applicable; provided, however, that the Union may at any time thereafter decide to take such workers into membership, in which case said workers shall be required to tender the full and uniform admission dues in effect in the Local union not later than eight",HARD,deontic:prohibition|deontic:obligation|deontic:permission,2,,,,,,
IBEW_124_0063,IBEW_1245_CA_Outside_2022_2027,12,"All workers accepted into membership shall therefore maintain their continuous good standing in the Union as a condition of employment by paying regular monthly dues and/or working dues uniformly paid by other members of the same classification in the Union in order to defray the costs of the Collective Bargaining 9 California Outside Line Construction Agreement, June 1, 2022 - May 31, 2027",HARD,deontic:obligation|deontic:permission,2,,,,,,
IBEW_124_0061,IBEW_1245_CA_Outside_2022_2027,12,"A 2 2.21 A representative of the Employer or of2 the Association, as the case may be, designated to 0 the Union in writing, shall be permitted to inspect the Referral Procedure records at any 2 time during normal business hou rs. , 1 2.22 A copy of the Referral eProcedure set forth in this Agreement shall be posted on the n Bulletin Board in the offices of the Local Union and in the offices of the Employers who u are parties to this JAgreement. 2.23 Apprentices shall be hired and transferred in accordance with the Apprenticeship provisions of the Outside Area Training Agreement.",HARD,deontic:obligation|deontic:permission,2,,,,,,
IBEW_124_0093,IBEW_1245_CA_Outside_2022_2027,17,"(8) hours work between 7:00 a.m. and 4:30 p.m. with thirty (30) minutes for lunch to start between the fourth (4th) and fifth (5th) hour shall constitute a work day; two (2), fifteen (15) minute breaks will be allowed per",HARD,deontic:obligation,2,,,,,,
IBEW_124_0060,IBEW_1245_CA_Outside_2022_2027,12,"The Appeals yCo mmittee is authorized to issue a e procedural ruCles for the con duct of its business but ita is not authorized to add to, subtract e e M from, or modify any onf the provisiorns of this Agreement and its decisions shall be in g accord with this ALgre i ement.",HARD,deontic:obligation,2,,,,,,
IBEW_124_0059,IBEW_1245_CA_Outside_2022_2027,12,"The A,p peals Committee shall o 1 n e have the power to mafke a final and binding decision on an3y such complaint which shall i o m be complied with lby the LocCal Union.",HARD,deontic:obligation,2,,,,,,
IBEW_124_0058,IBEW_1245_CA_Outside_2022_2027,12,O 7 i t 2 c 2.20 It shall be the function of thea Appeals Committee to consider any0 complaint of any u i 2 employee or applicant for nemployment arrising out o f the administration by the Local Union of Sections 2.6 thr r ough 2.18 osf t the Agreenm t ent.,HARD,deontic:obligation,2,,,,,,
IBEW_124_0057,IBEW_1245_CA_Outside_2022_2027,12,"Therefore, the Business Manager shall refer the first applicant on the register satisfying the applicable age requirements provided, however, that all names in higher priority Groups, if any, shall first be exhausted before such overage reference can be made. e d 2.19 An Appeals Committee is hereby established composed of one member appointed by the i Union, one member appointed by the Emp s loyer or by t he Association, as the case may t n u be, and a Public Member appointed by both these moembers.",HARD,deontic:obligation|deontic:permission,2,,,,,,
IBEW_124_0056,IBEW_1245_CA_Outside_2022_2027,12,"(a) When the Employer states bona fide requirements for special skills and abilities in his request for applicants, the Business Manager shall refer the first applicant on the register possessing such skills and abilities.",HARD,deontic:obligation,2,,,,,,
IBEW_124_0055,IBEW_1245_CA_Outside_2022_2027,12,(4) restore the applicant to his/her appropriate place on the referral list. 2.18 The only exceptions which shall be allowed in this order of referral are as follows:,HARD,deontic:obligation,2,,,,,,
IBEW_124_0054,IBEW_1245_CA_Outside_2022_2027,11,"(1) require the applicant to obtain further training from the 8 California Outside Line Construction Agreement, June 1, 2022 - May 31, 2027",SOFT,deontic:permission,2,,,,,,
IBEW_124_0071,IBEW_1245_CA_Outside_2022_2027,14,"Such amount shall be certified to the Employer by the Local Union upon request by the Employer. 3.5 Employers agree to deduct from the Employees check and forward to the specified Local Union Fund for COPE, Injured Workers, and/or 401K Plan a specific amount from each payroll check to be designated by the Employee on not more than that a quarterly basis.",HARD,deontic:obligation,2,,,,,,
IBEW_124_0072,IBEW_1245_CA_Outside_2022_2027,14,"Enforcement for delinquen r t payments sto t these fundns t shall be the ,so le responsibility of the o 1 n e Local Union(s). f 3 i o m l C y a e C SUBCONTRACTING a e e M n r g 3.6 No Employer shallL di i rectly or iAndirectly, or by a ny subterfuge, sublet or contract with any of his/her employees or the employees 2of any other Employer who is party to this Agreement, all or any part of the labor 2services required by contract or such Employer. 0 2 Any Employer who sublets or contracts work which is described under ""Purpose and , Scope of this Agreement"" 1to a subcontractor shall notify the Local Union having jurisdiction of the namee of such subcontractor, his/her permanent address, and the n location and nature of the work subcontracted. u J NO KICK-BACKS 3.7 No Employer, employee or their agents shall give or accept directly any rebate of wages.",HARD,deontic:obligation,2,,,,,,
IBEW_124_0074,IBEW_1245_CA_Outside_2022_2027,14,"A Contractor/Owner may work 11 California Outside Line Construction Agreement, June 1, 2022 - May 31, 2027",SOFT,deontic:permission,2,,,,,,
IBEW_124_0075,IBEW_1245_CA_Outside_2022_2027,15,"Therefore, no contractor shall form any other company, or join with any company not a party to this Agreement where the object or result of such action is that work traditionally performed by members of the IBEW will be performed by employees under less favorable terms and conditions than are set forth herein.",HARD,deontic:obligation,2,,,,,,
IBEW_124_0175,IBEW_1245_CA_Outside_2022_2027,25,Thereo shall also be available adequate O 7 communication for emergency use and ia parking area that is fenced gated and t 2 c locked during workinga hours. 0 u i 2 n r,HARD,deontic:obligation,2,,,,,,
IBEW_124_0090,IBEW_1245_CA_Outside_2022_2027,17,"To provide a drug-free workforce for the Electrical Construction Industry, each IBEW local union and NECA chapter shall implement an area-wide Substance Abuse Testing Policy.",HARD,deontic:obligation,2,,,,,,
IBEW_124_0089,IBEW_1245_CA_Outside_2022_2027,17,"Such policies and programs must also be administered in e accordance with accepted scientific principles, and must incorporate procedural n safeguards to ensuure fairness in application and protection of legitimate interests of J privacy and confidentiality.",HARD,deontic:obligation,2,,,,,,
IBEW_124_0087,IBEW_1245_CA_Outside_2022_2027,17,"The parties to this 2 Agreement resolve to combat chemical abuse in any form and agree that, to be effective, 2 programs to eliminate substance abuse and impairment should contain a strong 0 rehabilitation component.",SOFT,deontic:preference,2,,,,,,
IBEW_124_0086,IBEW_1245_CA_Outside_2022_2027,17,"All charges of violations of Paragraph 2 of this Sec tion shall be considered as a dispute e and shall be processed in accordance with the dprovisions of this Agreement covering the procedure for the handling of grievances and tihe final and binding resolution of disputes. s t n u o 3.15 The Union agrees to refer applicantOs without regard to race, religion, creed,7 color, gender i or handicap, and the Employer agr ees to hire acpptlicants under the same c2ondition. a 0 u i 2 The Employer shall not d r i n scriminate s atga r inst em n ploty ees in reg , a rd to hire or tenure of employment by reason oof Union mnembership; provided, howe1ver, all workers, members e f 3 of the Union or otheirwise, shall obe classifimed and receive the wage scale as provided in l C y this collective baargaining agreement. e C a e e M n r 3.16 The dangers and costs that alcoholg and other chemical abuses can create in the electrical i contracting industrLy in terms of A safety and pro-ductivity are significant.",HARD,deontic:prohibition|deontic:obligation,2,,,,,,
IBEW_124_0085,IBEW_1245_CA_Outside_2022_2027,16,"PROMOTE ELECTRICAL INDUSTRY 3.13 The policy of the Local Union and its members is to promote the use of materials and equipment manufactured, processed, or repaired under economically sound wage, hour, and working conditions by their fellow members of the International Brotherhood of Electrical Workers. 13 California Outside Line Construction Agreement, June 1, 2022 - May 31, 2027",SOFT,deontic:permission,2,,,,,,
IBEW_124_0084,IBEW_1245_CA_Outside_2022_2027,16,"Among the duties of the Steward are to: 1) See that all workers at the respective shop or job have valid referral slips or other evidence of referral. 2) Assist in seeing that the working conditions of this Agreement are adhered to by both the Employer and the employee. 3) He shall immediately report to the Business Manager, or his/her representative, any violation of this Agreement that cannot be settled on the job. e The Steward shall be advised as soon as possibdle of any change of status of any member of the crew. i s t n u o The Steward, when appointed in acOcordance with the foregoing provisions7, shall remain i on the job until such time as the jo b is completcedt. 2 a 0 u i 2 When an Employer believ r es n a Steward s stho r uld be r n emto ved from t , h e job, he shall: o n 1 e f 3 1) Notifiy the Busineoss Managemr of the reasons why he believes the Steward l C y shaould be removed. e C a e e M n r 2) If the Business Mangager does not agree that there is just cause to remove i the LSteward, he A may request a -meeting with the Employer's Representative 2 to attempt to resolve the dispute. 2 0 3) If the Business Ma2nager and the Employer's Representative do not resolve the dispute and ,the Employer discharges the Steward, the dispute will be 1 referred to the Labor-Management Committee established by Section 1.5 e for the adjustment thereof. n u J ACCESS TO JOBS 3.12 The Representative of the Union shall be allowed access to any shop or job at any reasonable time where workers are employed under the terms of this Agreement.",HARD,deontic:obligation|deontic:permission,2,,,,,,
IBEW_124_0083,IBEW_1245_CA_Outside_2022_2027,16,The Business Manager shall remove from his/her duties any Steward at any time he considers the best interest of the Local Union will be served thereby and shall notify the Employer immediately of such removal.,HARD,deontic:obligation,2,,,,,,
IBEW_124_0082,IBEW_1245_CA_Outside_2022_2027,15,"The Steward shall be included in all overtime at his/her headquarters whenever feasible. 12 California Outside Line Construction Agreement, June 1, 2022 - May 31, 2027",HARD,deontic:obligation|deontic:permission,2,,,,,,
IBEW_124_0081,IBEW_1245_CA_Outside_2022_2027,15,"Under no circumstances shall the Employer dismiss, or otherwise discriminate against, an employee for making a complaint or giving evidence with respect to an alleged violation of any provision of the Agreement.",HARD,deontic:obligation,2,,,,,,
IBEW_124_0080,IBEW_1245_CA_Outside_2022_2027,15,Such Steward shall see that this Agreement and Working and Safety Rules are observed and he shall be allowed sufficient time and be furnished necessary transportation to perform these duties during regular working hours.,HARD,deontic:obligation,2,,,,,,
IBEW_124_0079,IBEW_1245_CA_Outside_2022_2027,15,The Employer shall not make transfer of any Steward from the shop or job or crew to which he was appointed to another shop or job or crew without first having notified the Business Manager of the Union of his/her desire to make such transfer and having secured Union's approval of the transfer proposed.,HARD,deontic:prohibition|deontic:obligation,2,,,,,,
IBEW_124_0078,IBEW_1245_CA_Outside_2022_2027,15,"All Comapa l ny issued P C PE/Tools to be returned yupo n termination of employment. e C a Note: FR Clothing shall neot be eligible efor deducMtion from final paycheck. n r g i LSOCIALA SECURITY -PAYMENTS 2 2 3.10 For the employees covered by this Agreement, the Employer shall make regular 0 payments to the Federal and Stat2e Government for Social Security and Unemployment Insurance, as provided by law,, and shall carry Workmen's Compensation and shall 1 furnish satisfactory proof to the Union upon request. e n u STEWARD CLAUSE J 3.11 The Business Manager of the Union shall have the right to appoint a Steward at any shop or job or on any crew where workers are employed under the terms of this Agreement.",HARD,deontic:obligation,2,,,,,,
IBEW_124_0077,IBEW_1245_CA_Outside_2022_2027,15,"CARE OF TOOLS/PPE 3.9 Workers employed under the terms of this Agreem ent shall use reasonable care in the e installation of material and shall perform all work in a workman-like manner and as d directed by the Employer or his/her Represeintative, as provided in 6.2 and in the safe s keeping and preservation in good conditiotn of the Emnployer's tools or equipment issued u o to them, provided the Employer furOnishes the necessary lockers, tool boxes7, or other safe i places for the storage of them.",HARD,deontic:obligation,2,,,,,,
IBEW_124_0076,IBEW_1245_CA_Outside_2022_2027,15,"No contractor, nor any stockholder of contractor, shall directly or indirectly hold an ownership interest or serve as an officer, director or supervisory employee in any other firm which engages in the performance of electrical contracting work through employees whose wages, fringe benefits or working conditions are less beneficial than those provided by the Agreement.",HARD,deontic:obligation,2,,,,,,
IBEW_124_0053,IBEW_1245_CA_Outside_2022_2027,11,"The neutral member of the Appeals Committee may, in his or her sole discretion:",SOFT,deontic:permission,2,,,,,,
IBEW_124_0052,IBEW_1245_CA_Outside_2022_2027,11,"The neutral member of the Appeals Committee shall, within three business days, review the qualifications of the applicant and the reasons for the discharges.",HARD,deontic:obligation,2,,,,,,
IBEW_124_0051,IBEW_1245_CA_Outside_2022_2027,11,Any applicant who is rejected by the Employer shall be returned to his appropriate place within his Group and shall be referred to other employment in accordance with the position of his Group and his place within his Group. 2.17 An Applicant who is discharged for cause two times within a 12-month period shall be referred to the neutral member of the Appeals Committee for a determination as to the applicant’s continued eligibility for referral.,HARD,deontic:obligation,2,,,,,,
IBEW_124_0025,IBEW_1245_CA_Outside_2022_2027,6,"(e) When a case has been submitted to the Coeuncil, it shall be the responsibility of the d negotiating committee to continue to meet weekly in an effort to reach a i settlement on the local level prior to s the meeting o f the Council. t n u o O 7 i",HARD,deontic:obligation,2,,,,,,
IBEW_124_0023,IBEW_1245_CA_Outside_2022_2027,6,Such unresolved issues or disputes shall be submitted no later than the next regular meeting of the Council following the expiration date of this Agreement or any subsequent anniversary date.,HARD,deontic:obligation,2,,,,,,
IBEW_124_0022,IBEW_1245_CA_Outside_2022_2027,6,(d) Unresolved issues or disputes arising out of the failure to negotiate a renewal or modification of this Agreement that remain on the 20th of the month preceding the next regular meeting of the Council on Industrial Relations for the Electrical Contracting Industry (CIR) may be submitted jointly or unilaterally to the Council for adjudication.,SOFT,deontic:permission,2,,,,,,
IBEW_124_0021,IBEW_1245_CA_Outside_2022_2027,6,"(c) The existing provisions of the Agreement, including this Article, shall remain in full force and effect until a conclusion is reached in the matter of proposed changes.",HARD,deontic:obligation,2,,,,,,
IBEW_124_0016,IBEW_1245_CA_Outside_2022_2027,5,"In connection with all of the above items, it is understood the scope of this Agreement shall include not only new installation work but shall also govern the repair, maintenance, or dismantling of such structures, lines or equipment, the handling and operating of all equipment used to transport employees, tools and/or materials on the job site, as well as the equipment used to move, raise or place materials used in the outside branch of the Electrical Industry, shall be performed by workmen under this Agreement.",HARD,deontic:obligation,2,,,,,,
IBEW_124_0015,IBEW_1245_CA_Outside_2022_2027,5,"This shall also include the placing of fish wire, the pulling of cables or wires through such race-ways, installing and making up of pot-heads, and the splicing of such conductors. 6.",HARD,deontic:obligation,2,,,,,,
IBEW_124_0014,IBEW_1245_CA_Outside_2022_2027,5,"Electrical underground construction work, where such work comes under the jurisdiction of this Agreement, shall be covered as follows: The moving of employees, tools, or equipment, the loading, moving or assembly of all electrical materials or race-ways, such as duct, from the first drop, shall be performed by workers under this Agreement.",HARD,deontic:obligation,2,,,,,,
IBEW_124_0013,IBEW_1245_CA_Outside_2022_2027,4,"Street lighting systems owned, maintained and operated by electrical utility companies or agencies where such work properly comes under the outside jurisdiction shall be handled 1 California Outside Line Construction Agreement, June 1, 2022 - May 31, 2027",HARD,deontic:obligation|deontic:permission,2,,,,,,
IBEW_124_0012,IBEW_1245_CA_Outside_2022_2027,4,"Installing and maintaining the catenary and trolley work and bonding of rails shall be handled in the same manner as pole line, and steel construction 4.",HARD,deontic:obligation,2,,,,,,
IBEW_124_0011,IBEW_1245_CA_Outside_2022_2027,4,"Work covered shall include the grounding of all such structures; the stringing and installation of wires, cables and insulators or other electrical equipment suspended from such structures; also the handling and placing of transformers or O.C.B.'s and other related electrical equipment. 3.",HARD,deontic:obligation,2,,,,,,
IBEW_124_0009,IBEW_1245_CA_Outside_2022_2027,4,"The Western Line Constructors Chapter i of the N.E.C.A. is presently chartered by the Natiosnal Electrical Contractors Association Inc., in t n the same area as covered by the above named Luocal Union; therefore, the territorial scope of this o Agreement shall uniformly cover the aboveO area. i 7 t 2 c a 0 u SCOPEi OF THIS AGREEMENT 2 n r r s t n t , o 1 The scope of the work covered by this Angreement sehall be: All outside work on electrical f 3 transmission lines, distribu l tiion lines, C cat o enary and t m rolley facili y ties , switch yards and substations, a and shall include: e C a e e M n r g 1.",HARD,deontic:obligation,2,,,,,,
IBEW_124_0007,IBEW_1245_CA_Outside_2022_2027,4,"The term ""Employer"" shall mean an individual firm who has been recognized by an assent to this Agreement.",HARD,deontic:obligation,2,,,,,,
IBEW_124_0006,IBEW_1245_CA_Outside_2022_2027,4,"As used hereinafter in this Agreement, the term ""Chapter"" shall mean the Western Line Constructors Chapter, Inc., NECA, Inc. and the term ""Union"" shall mean Local Unions No. 47 and 1245, IBEW.",HARD,deontic:obligation,2,,,,,,
IBEW_124_0005,IBEW_1245_CA_Outside_2022_2027,4,It shall apply to all firms who sign a Letter of Assent to be bound by the terms of this Agreement.,HARD,deontic:obligation,2,,,,,,
IBEW_124_0004,IBEW_1245_CA_Outside_2022_2027,3,"Delinquencies - Agreement and Trust Funds 33 Signature Page 34 EXHIBIT A WAGE EXHIBIT 35 EXHIBIT B SAFETY SUPPLEMENT 36 EXHIBIT C TEMPORARY UPGRADES 37 EXHIBIT D REFERRAL SYSTEM ADDENDUM 38 EXHIBIT E GRIEVANCE PROCEDURE 39 EXHIBIT F PRE-EMPLOYMENT SUBSTANCE ABUSE 40 TESTING California Outside Line Construction Agreement, June 1, 2022 - May 31, 2027",SOFT,deontic:permission,2,,,,,,
IBEW_124_0003,IBEW_1245_CA_Outside_2022_2027,2,"Hours - Wage Payments - Regular Work Hours 14 n Change of Wuork Hours 15 Shift WorJk 15 Rate of Wages 16 Pay Day and Penalties 16 Show-Up Pay 17 Cancellation of Job 17 Minimum Call Out 18 Meal Periods 18 National Employees Benefit Fund 18 Travel to Job 19 Holidays and Overtime 19 Health and Welfare 19 NEAP -Pension 20 Eight-Hour Rest Period 21 California Outside Line Construction Agreement, June 1, 2022 - May 31, 2027",SOFT,deontic:permission,2,,,,,,
IBEW_124_0024,IBEW_1245_CA_Outside_2022_2027,6,The Council's decisions shall be final and binding.,HARD,deontic:obligation,2,,,,,,
IBEW_124_0026,IBEW_1245_CA_Outside_2022_2027,6,"(f) Notice of a desire to terminate this Agtreement shall be hand 2 led in the same c manner as a proposed chaange. 0 u i 2 n r 1.3 This Agreement shall be s r ubject to chsan t ge or supnple t ment at any, t ime by mutual consent o 1 n e of the parties hereto. f Any such change or supplement agr3eed upon shall be reduced to i o m writing, signed byl the partieCs hereto, and submitted tyo t he International Office of the a e IBEW for apCproval, the sam e as this Agreement. a e e M n r g 1.4 There shall be no Lsto i ppage of Awork either by s trike or lockout because of any proposed changes in this Agreement or dispute ove2r matters relating to this Agreement.",HARD,deontic:obligation,2,,,,,,
IBEW_124_0050,IBEW_1245_CA_Outside_2022_2027,11,"The Business Manager shall refer applicants to the Employer by first referring applicants in Group I in the order of their place on the “Out of Work List” and then referring applicants in the same manner successively from the “Out of Work List” in Group II, then Group III, and then Group IV.",HARD,deontic:obligation,2,,,,,,
IBEW_124_0027,IBEW_1245_CA_Outside_2022_2027,6,"All such matters must be handled as stated herei2n. 0 2 1.5 There shall be a Labor-Managem ent Committee of three representing the Union and three , representing the Employers. 1 It shall meet regularly at such stated times as it may decide.",HARD,deontic:obligation|deontic:obligation|deontic:permission,2,,,,,,
IBEW_124_0048,IBEW_1245_CA_Outside_2022_2027,11,"The above geographical area is agreed upon by the parties to include the area defined by the Secretary of Labor to be the appropriate prevailing wage area under the Davis-Bacon Act to which the Agreement applies. 2.11 ""Resident"" means a person who has maintained his permanent home in the above defined geographical area for a period of not less than one year or who, having had a permanent home in this area, has temporarily left with the intention of returning to this area as his permanent home. e d 2.12 An “Examination” shall include experience rating tests if such examination shall have i been given prior to the date of this proc s edure, but f rom and after the date of this t n u procedure, shall include only written and/or pracotical examinations given by a duly O 7 i constituted Outside Construction Local Union otf the I.B.E.W.",HARD,deontic:obligation,2,,,,,,
IBEW_124_0047,IBEW_1245_CA_Outside_2022_2027,10,"C y a e C a e e M Counties in Calnifornia - San Driego, Imperial, Orange, Los Angeles, Riverside, g San BernarLdin i o, VenturAa, *Santa Barb ar a, *Kern, Inyo, Mono, *Kings and *Tulare. 2 2 0 Local Union 1245: Currently 30 Orange Tree Circle, Vacaville, CA 95687 will be the 2 dispatching point for applicants f or employment in: , 1 Counties in Nevaeda - White Pine, Churchill, Mineral, Lyon, Douglas, Storey, n Washoe, Pershing, Lander, Eureka, Elko, Humboldt, and Ormsby. u J Counties in California: Alameda Marin San Mateo Alpine Mariposa Santa Clara Amador Mendocino Santa Cruz Butte Merced Shasta Calaveras Monterey Sierra Colusa Napa Solano Contra Costa Nevada Sonoma El Dorado Placer Stanislaus Fresno Plumas Sutter Glenn Sacramento Tehama Humboldt San Benito Trinity 7 California Outside Line Construction Agreement, June 1, 2022 - May 31, 2027",SOFT,deontic:permission,2,,,,,,
IBEW_124_0046,IBEW_1245_CA_Outside_2022_2027,10,(b) There shall be two,HARD,deontic:obligation,2,,,,,,
IBEW_124_0044,IBEW_1245_CA_Outside_2022_2027,10,"applicants without using the Referral Procedure but such applicants, if hired, shall have the status of ""temporary employees"". 2.9 The Employer shall notify the Business Manager promptly of the names and Social Security numbers of such “temporary employees” and shall replace such “temporary employees” as soon as registered applicants for employment are available under the Referral Procedure.",HARD,deontic:obligation,2,,,,,,
IBEW_124_0042,IBEW_1245_CA_Outside_2022_2027,8,"GROUP II: All applicants for employment who have experience in the trade, and have passed an examination pertaining to their classification given by a duly constituted Outside Construction Local Union of the IBEW. 5 California Outside Line Construction Agreement, June 1, 2022 - May 31, 2027",SOFT,deontic:permission,2,,,,,,
IBEW_124_0041,IBEW_1245_CA_Outside_2022_2027,8,"If an applicant qualifies for Group I status in a local union other than his or her home local union eand designates that local as his or her d Group I local union, the business manager of the new Group I status local i union shall by electronic s means notify the business manager of the t n u applicant’s former Group I status locoal union.",HARD,deontic:obligation,2,,,,,,
IBEW_124_0039,IBEW_1245_CA_Outside_2022_2027,8,Group I status shall be limited to one Local Union at one time.,HARD,deontic:obligation,2,,,,,,
IBEW_124_0038,IBEW_1245_CA_Outside_2022_2027,7,"Each applicant for employment shall be registered in the highest priority Group in the classification or classifications for which he qualifies. 4 California Outside Line Construction Agreement, June 1, 2022 - May 31, 2027",HARD,deontic:obligation|deontic:permission,2,,,,,,
IBEW_124_0037,IBEW_1245_CA_Outside_2022_2027,7,All such selection and referral shall be in accord with the following procedure. 2.7 The Union shall maintain a register of applicants for employment established on the basis of the Classifications and Groups listed below.,HARD,deontic:obligation,2,,,,,,
IBEW_124_0036,IBEW_1245_CA_Outside_2022_2027,7,"No employee shall directly or indirectly, by subterfuge, sublet, loan, or contract equipment to their Employer. e d UNION RECOGNITION i s t n u 2.2 The Union agrees that if, during the life of thios Agreement, it grants to any other O 7 i Employer in the Electrical Contracting Industry ton work covered by this 2 Agreement, any c better terms or conditions thana those set forth in this Agreement, su0ch better terms or u i 2 conditions shall be made avnailable to the rEmployer un der this Agreement and the Union shall immediately notify th r e Employers o t f any suchn co t ncession. , o 1 n e f 3 i o m lUNIOCN REFERRAL SYSTEMy a e C a e e M 2.3 In the interest of maintnaining an efficrient system of production in the Industry, providing g for an orderly prLoce i dure of Areferral of ap p licants for employment, preserving the legitimate interests of employees in the2ir employment status within the area and of eliminating discrimination in employm2ent because of membership or non-membership in 0 the Union, the parties hereto agree to the following system of referral of applicants for 2 employment. , 1 2.4 The Union shall be thee sole and exclusive source of referral of applicants for n employment. u J 2.5 The Employer shall have the right to reject any applicant for employment. 2.6 The Union shall select and refer applicants for employment without discrimination against such applicants by reason of membership or non-membership in the Union and such selection and referral shall not be affected in any way by rules, regulations, bylaws, constitutional provisions or any other aspect or obligation of Union membership policies or requirements.",HARD,deontic:prohibition|deontic:obligation|deontic:prohibition,2,,,,,,
IBEW_124_0035,IBEW_1245_CA_Outside_2022_2027,7,An employee covered by this Agreement shall not contract with his Employer for the rental of any equipment used for the performance of work falling within the scope of this Agreement.,HARD,deontic:prohibition|deontic:obligation,2,,,,,,
IBEW_124_0033,IBEW_1245_CA_Outside_2022_2027,7,"The Council's decisions shall be final and binding. 1.9 When any matter in dispute has been referred to conciliation or arbitration for adjustment, the provisions and conditions prevailing prior to the time such matters arose shall not be changed or abrogated until agreement has been reached or a ruling has been made.",HARD,deontic:prohibition|deontic:obligation,2,,,,,,
IBEW_124_0032,IBEW_1245_CA_Outside_2022_2027,6,"Four members of the Committee, two from each of the parties hereto, shall be a quorum for the transaction of business, but each party shall have the right to cast the full vote of its membership and it shall be counted as though all were present and voting. 1.8 Should the Labor-Management Committee fail to agree or to adjust any matter, such shall 3 California Outside Line Construction Agreement, June 1, 2022 - May 31, 2027",HARD,deontic:obligation|deontic:preference|deontic:permission,2,,,,,,
IBEW_124_0030,IBEW_1245_CA_Outside_2022_2027,6,The Local Union shall select the Union u representatives anJd the Chapter shall select the management representatives. 1.6 All grievances or questions in dispute shall be adjusted by the duly authorized representative of each of the parties to this Agreement.,HARD,deontic:obligation,2,,,,,,
IBEW_124_0029,IBEW_1245_CA_Outside_2022_2027,6,It shall n select its own Chairman and Secretary.,HARD,deontic:obligation,2,,,,,,
IBEW_124_0092,IBEW_1245_CA_Outside_2022_2027,17,"Should any of the required minimum standards fail to comply with federal, state, and/or local laws and regulations, they shall be modified by the local union and chapter to meet the requirements of those laws and regulations.",HARD,deontic:obligation|deontic:preference,2,,,,,,
IBEW_124_0091,IBEW_1245_CA_Outside_2022_2027,17,The policy shall include minimum standards as required by the IBEW and NECA.,HARD,deontic:obligation,2,,,,,,
IBEW_124_0094,IBEW_1245_CA_Outside_2022_2027,17,"This break time provision applies to all work schedules under 14 California Outside Line Construction Agreement, June 1, 2022 - May 31, 2027",SOFT,deontic:permission,2,,,,,,
IBEW_124_0157,IBEW_1245_CA_Outside_2022_2027,23,It is understood and intended by the parties to this Agreement that the purpose of this clause is to establish an Employer financed Health and Welfare Trust and that contributions thereto shall not be deemed to be wages to which any employee shall have any right other than the right to have such contributions paid over to the Trust fund in accordance herewith.,HARD,deontic:prohibition|deontic:obligation,2,,,,,,
IBEW_124_0155,IBEW_1245_CA_Outside_2022_2027,22,"Hours worked shall be deemed to include straight-time hours worked, overtime hours worked, and report time not worked.",HARD,deontic:obligation,2,,,,,,
IBEW_124_0154,IBEW_1245_CA_Outside_2022_2027,22,"(a) The parties signatory hereto shall enter into a Health and Welfare Plan for 2 which there is a Trust Agreement, known as the Line Construction Benefit 0 Fund, for the purpose o2f providing insurance benefits for eligible employees and/or their dependen,ts. 1 e Each Employer employing workers under this Agreement shall pay to the Line n Constructiuon Benefit Fund the sum of up to $7.00 for each hour worked J effective June 1, 2022, for all working classifications in the Agreement for the term of the Agreement.",HARD,deontic:obligation,2,,,,,,
IBEW_124_0151,IBEW_1245_CA_Outside_2022_2027,22,The failure of an individual employer to comply with the applicable provisions of the Restated Employees Benefit Agreement and Trust shall also constitute a breach of this labor agreement.,HARD,deontic:obligation,2,,,,,,
IBEW_124_0149,IBEW_1245_CA_Outside_2022_2027,21,"The individual Employer hereby accepts, and agrees to be bound by, the Restated Employees Benefit Agreement and Trust. 18 California Outside Line Construction Agreement, June 1, 2022 - May 31, 2027",SOFT,deontic:permission,2,,,,,,
IBEW_124_0148,IBEW_1245_CA_Outside_2022_2027,21,The payment and the payroll report shall be mailed to reach the office of the appropriate local collection agent not later than fifteen (15) calendar days following the end of each calendar month.,HARD,deontic:obligation,2,,,,,,
IBEW_124_0147,IBEW_1245_CA_Outside_2022_2027,21,"The payment shall be made by check or draft and shall constitute a debt due and owing to the NEBF on the last day of each calendar month, which may be recovered by suit initiated by the NEBF or its assignee.",HARD,deontic:obligation|deontic:permission,2,,,,,,
IBEW_124_0145,IBEW_1245_CA_Outside_2022_2027,21,"C a e e M n r On storm damage only, Employegr shall provide expenses for meals and lodging to i employees after siLxteen (16) h A ours.",HARD,deontic:obligation,2,,,,,,
IBEW_124_0144,IBEW_1245_CA_Outside_2022_2027,21,"In the event e f 3 the Employer does niot provide moeals as setm forth above, the Employer shall pay $15.00, l C y and one-half (½)a hour pay, at the applicabele rate, for each meal not provided.",HARD,deontic:obligation,2,,,,,,
IBEW_124_0143,IBEW_1245_CA_Outside_2022_2027,21,"When employees a7re required to i work more than two and one half (2.5) hours pcastt their regularly schedul2ed quitting time, a 0 they shall be entitled to a meal time as provuided for in this Section.",HARD,deontic:obligation,2,,,,,,
IBEW_124_0142,IBEW_1245_CA_Outside_2022_2027,21,"When instructed before s quitting time to report for the next regular tdaily startinng time, the employees shall provide u o their own lunch the same as they Odo on other days.",HARD,deontic:obligation,2,,,,,,
IBEW_124_0140,IBEW_1245_CA_Outside_2022_2027,21,"(4) hours overlap into his or her regularly scheduled work shift, the straight time rate of pay for that shift shall begin at the end of the four-hour period and end at the regular quitting time.",HARD,deontic:obligation,2,,,,,,
IBEW_124_0139,IBEW_1245_CA_Outside_2022_2027,21,"MINIMUM CALL OUT 4.6 When an employee is called out for unscheduled overtime work from his/her home, he or she shall be paid for four",HARD,deontic:obligation,2,,,,,,
IBEW_124_0138,IBEW_1245_CA_Outside_2022_2027,21,This shall in no way be construed to modify any other provisions of Article IV.,HARD,deontic:obligation,2,,,,,,
IBEW_124_0095,IBEW_1245_CA_Outside_2022_2027,18,"(5) days' work Monday through Friday, shall constitute a work week.",HARD,deontic:obligation,2,,,,,,
IBEW_124_0133,IBEW_1245_CA_Outside_2022_2027,20,"If an g EmployeLr re i jects an aApplicant, he sh-al l notify the Union of the rejection by letter within forty-eight (48) hours. 2 2 0 The Employer shall issue termination slips to all employees at the time of 2 termination, such slip to show name of employee, classification in which , employed, date of h1ire, date of termination, and reason for termination.",HARD,deontic:obligation,2,,,,,,
IBEW_124_0156,IBEW_1245_CA_Outside_2022_2027,22,"Remittance shall be forwarded to the place designated by the parties hereto on or before the fifteenth (15th) day of each month for each hour worked in weekly payroll periods ending during the preceding month, together with a monthly payroll report on a form to be furnished to the Employer. 19 California Outside Line Construction Agreement, June 1, 2022 - May 31, 2027",HARD,deontic:obligation|deontic:permission,2,,,,,,
IBEW_124_0158,IBEW_1245_CA_Outside_2022_2027,23,"Failure of an individual Employer to make all payments provided for, including liquidated damages for late payments, within the time specified, shall be a breach of this Agreement and will further require action by the Trustees as set forth in the Trust Agreement.",HARD,deontic:obligation,2,,,,,,
IBEW_124_0130,IBEW_1245_CA_Outside_2022_2027,20,"(8) hours but less than ten (10), they d shall be paid for ten (10) hours.",HARD,deontic:obligation,2,,,,,,
IBEW_124_0159,IBEW_1245_CA_Outside_2022_2027,23,These cgontributions shall be used to provide Health i ReimbursLements Acc A ounts(s) under -the Line Construction Benefit Fund Plan of 2 Benefits.,HARD,deontic:obligation,2,,,,,,
IBEW_124_0174,IBEW_1245_CA_Outside_2022_2027,25,"(a) Headquarters, where employees report, shall have available toilet, parking area, i facilities for safe-guarding workmsen's tools an d facilities for drying workers' t n clothes in inclement weathuer.",HARD,deontic:obligation,2,,,,,,
IBEW_124_0173,IBEW_1245_CA_Outside_2022_2027,25,(c) Employees covered under this Agreement shall not reside at any job headquarters.,HARD,deontic:prohibition|deontic:obligation,2,,,,,,
IBEW_124_0172,IBEW_1245_CA_Outside_2022_2027,25,(b) Voluntary Terminations: A worker must work four,HARD,deontic:obligation,2,,,,,,
IBEW_124_0171,IBEW_1245_CA_Outside_2022_2027,25,(a) A flat rate of fifty dollars ($50.00) per day shall be paid for each day worked.,HARD,deontic:obligation,2,,,,,,
IBEW_124_0170,IBEW_1245_CA_Outside_2022_2027,25,The Labor-Management Committee shall meet within forty-eight (48) hours.,HARD,deontic:obligation,2,,,,,,
IBEW_124_0002,IBEW_1245_CA_Outside_2022_2027,2,"Employees Shall Not Contract 4 Union Recognition 4 Union Referral System 4 Classification A - Journeyman Lineman, Cable Splicer 5 Classification B – Line Equipment Man 6 Classification C - Groundman 6 e Classification D – Fabricator Technician 6 d Local Jurisdiction i 7 s Union Security t n 9 u o O 7 i III.",HARD,deontic:prohibition|deontic:obligation,2,,,,,,
IBEW_124_0168,IBEW_1245_CA_Outside_2022_2027,24,"Should the parties fail to agree upon reporting headquarters, in accordance with 21 California Outside Line Construction Agreement, June 1, 2022 - May 31, 2027",SOFT,deontic:preference|deontic:permission,2,,,,,,
IBEW_124_0167,IBEW_1245_CA_Outside_2022_2027,24,"The purpose of this conference shall be to inform the Union of the scope of the project, the estimated number of employees, the estimated schedule of operations and the location of the first reporting headquarters, as defined in Section 5.3.",HARD,deontic:obligation,2,,,,,,
IBEW_124_0166,IBEW_1245_CA_Outside_2022_2027,24,The results of such conference shall be reduced to writing and shall be binding on both parties.,HARD,deontic:obligation,2,,,,,,
IBEW_124_0165,IBEW_1245_CA_Outside_2022_2027,24,"(b) Prior to the start of any project covered by this Agreement, a Pre-Job Conference shall be held with the Local Union.",HARD,deontic:obligation,2,,,,,,
IBEW_124_0164,IBEW_1245_CA_Outside_2022_2027,24,"Any deviations from the Agreement resulting from a Pre-Bid n Conferencue shall be reduced to writing, signed and be binding on the Employer J and Union for the duration of the job to which they apply.",HARD,deontic:obligation,2,,,,,,
IBEW_124_0163,IBEW_1245_CA_Outside_2022_2027,24,"(8) or more continuous hours, l C y or they shall be acompensated at the approepriate overtime rate of pay for all hours worked C a until released from work efor eight",HARD,deontic:obligation,2,,,,,,
IBEW_124_0162,IBEW_1245_CA_Outside_2022_2027,24,report shall be mailed to reach NEAP not later than 15 calendar days following the end of each calendar month.,HARD,deontic:obligation,2,,,,,,
IBEW_124_0161,IBEW_1245_CA_Outside_2022_2027,23,"The payment and the payroll 20 California Outside Line Construction Agreement, June 1, 2022 - May 31, 2027",SOFT,deontic:permission,2,,,,,,
IBEW_124_0160,IBEW_1245_CA_Outside_2022_2027,23,"For clarification purposes because the HRA contribution is paid for all 2 hours worked this contribution is not required and does not have to be paid for 0 missed paycheck penalt2y time under Article IV, Section 4.3, missed mealtime under Article IV, Sect,ion 4.7 and bonus time required under Article VI, Section 1 6.11 and 6.16 of this agreement. e n NAuTIONAL ELECTRICAL ANNUITY PLAN J Pensions 4.12 It is agreed that in accord with the IBEW-District Ten-NECA Individual Equity Retirement Plan Agreement entered into between the National Electrical Contractors Association, Inc., and the International Brotherhood of Electrical Workers on December 11, 1973, as amended, and now delineated as the National Electrical Annuity Plan Agreement and Trust, that unless authorized otherwise by the National Electrical Annuity Plan (""NEAP""), the individual employer will forward monthly to NEAP's designated collection agent an amount equal to the specific contribution amounts set forth on the attached Exhibit A with a minimum contribution amount of Two Dollars and seventy two cents ($2.72), (the contribution obligation) together with a completed payroll report prescribed by the NEAP.",UNCLEAR,threshold|exception,2,,,,,,
IBEW_124_0131,IBEW_1245_CA_Outside_2022_2027,20,"(8) or i more hours (ten (10) hours wh t en s workingn fo ur-tens), they shall be paid for u actual time worked.",HARD,deontic:obligation,2,,,,,,
IBEW_124_0137,IBEW_1245_CA_Outside_2022_2027,20,"(8) hours due to cancellation of the job, shall be paid for the day on which he or she reports, a minimum 17 California Outside Line Construction Agreement, June 1, 2022 - May 31, 2027",HARD,deontic:obligation|deontic:permission,2,,,,,,
IBEW_124_0129,IBEW_1245_CA_Outside_2022_2027,20,"(8) hours, they shall be paid for eight",HARD,deontic:obligation,2,,,,,,
IBEW_124_0104,IBEW_1245_CA_Outside_2022_2027,18,"(3) shifts are worked: , 1 The first shift (day shift) shall be worked between the hours of 8:00 a.m. and 4:30 p.m. e Workmen on the “day shift” shall receive eight",HARD,deontic:obligation,2,,,,,,
IBEW_124_0128,IBEW_1245_CA_Outside_2022_2027,20,"(6) hours, they shall be paid for six",HARD,deontic:obligation,2,,,,,,
IBEW_124_0110,IBEW_1245_CA_Outside_2022_2027,18,"All overtime work required after the completion of a regular shift shall be paid at one and one-half times the “shift” hourly rate. 15 California Outside Line Construction Agreement, June 1, 2022 - May 31, 2027",HARD,deontic:obligation|deontic:permission,2,,,,,,
IBEW_124_0109,IBEW_1245_CA_Outside_2022_2027,18,A lunch period of thirty (30) minutes shall be allowed on each shift. 5.,HARD,deontic:obligation,2,,,,,,
IBEW_124_0108,IBEW_1245_CA_Outside_2022_2027,18,Workmen on the “graveyard shift” shall receive eight,HARD,deontic:obligation,2,,,,,,
IBEW_124_0107,IBEW_1245_CA_Outside_2022_2027,18,The third shift (graveyard shift) shall be worked between the hours of 12:30 a.m. and 8:00 a.m.,HARD,deontic:obligation,2,,,,,,
IBEW_124_0106,IBEW_1245_CA_Outside_2022_2027,18,Workmen on the “swing shift” shall receive eight,HARD,deontic:obligation,2,,,,,,
IBEW_124_0105,IBEW_1245_CA_Outside_2022_2027,18,The second shift (swing shift) shall be worked between the hours of 4:30 p.m. and 12:30 a.m.,HARD,deontic:obligation,2,,,,,,
IBEW_124_0103,IBEW_1245_CA_Outside_2022_2027,18,(5) days' duration may 0 be worked.,SOFT,deontic:permission,2,,,,,,
IBEW_124_0113,IBEW_1245_CA_Outside_2022_2027,19,RATE OF WAGES 4.2 The minimum hourly rate of wages for the term of the Agreement shall be those set forth herein.,HARD,deontic:obligation,2,,,,,,
IBEW_124_0102,IBEW_1245_CA_Outside_2022_2027,18,Four-tens shall be limitued to Monday through Thursday or Tuesday i 2 through Friday.,HARD,deontic:obligation,2,,,,,,
IBEW_124_0101,IBEW_1245_CA_Outside_2022_2027,18,Overtime2 shall be paid as c a 0 per Section 4.10.,HARD,deontic:obligation,2,,,,,,
IBEW_124_0100,IBEW_1245_CA_Outside_2022_2027,18,"If 4-10's are req7uired by the i customer, it shall be allowed without further apptroval process.",HARD,deontic:obligation,2,,,,,,
IBEW_124_0099,IBEW_1245_CA_Outside_2022_2027,18,"(1) e hour. d i s If the majority of employees in a headqtuarters (75n%) elect, 4-10's shall be allowed, u o provided the Employer and/or thOe customer agrees.",HARD,deontic:obligation,2,,,,,,
IBEW_124_0098,IBEW_1245_CA_Outside_2022_2027,18,"(1) hour, approval must be made by Employer, Union Business Representative and employees.",HARD,deontic:obligation,2,,,,,,
IBEW_124_0097,IBEW_1245_CA_Outside_2022_2027,18,CHANGE OF WORK HOURS The starting time may be moved upon approval of the majority of employees affected.,SOFT,deontic:permission,2,,,,,,
IBEW_124_0096,IBEW_1245_CA_Outside_2022_2027,18,"However, if special circumstances warrant, upon mutual agreement in pre-bid and/or pre-job conference, the hours and days may be changed.",SOFT,deontic:permission,2,,,,,,
IBEW_124_0112,IBEW_1245_CA_Outside_2022_2027,19,There shall be no requirement for a day shift when either the second or third shift is worked.,HARD,deontic:obligation,2,,,,,,
IBEW_124_0111,IBEW_1245_CA_Outside_2022_2027,19,There shall be no pyramiding of overtime rates and double the straight rate shall be the maximum compensation for any hour worked. 7.,HARD,deontic:obligation,2,,,,,,
IBEW_124_0121,IBEW_1245_CA_Outside_2022_2027,19,Workers who are to be laid off shall be notified of such layoff one,HARD,deontic:obligation,2,,,,,,
IBEW_124_0119,IBEW_1245_CA_Outside_2022_2027,19,Postmark of mail to employee's last known address shall constitute n compliance.,HARD,deontic:obligation,2,,,,,,
IBEW_124_0127,IBEW_1245_CA_Outside_2022_2027,20,"(4) hours, they shall be paid for four",HARD,deontic:obligation,2,,,,,,
IBEW_124_0126,IBEW_1245_CA_Outside_2022_2027,20,"However, if an employee chooses to suspend work after having started work, due to inclement weather, the employee shall be paid for time worked only.",HARD,deontic:obligation,2,,,,,,
IBEW_124_0125,IBEW_1245_CA_Outside_2022_2027,20,"Employees may be required to perform duties, including safety meetings, at headquarters during these two",SOFT,deontic:permission,2,,,,,,
IBEW_124_0124,IBEW_1245_CA_Outside_2022_2027,20,"(6) hours before starting time, shall be paid for two",HARD,deontic:obligation,2,,,,,,
IBEW_124_0123,IBEW_1245_CA_Outside_2022_2027,19,"The Employer will request check cashing availability when the Steward has given notice of a bank in which the employees desire to cash their payroll checks. 16 California Outside Line Construction Agreement, June 1, 2022 - May 31, 2027",SOFT,deontic:permission,2,,,,,,
IBEW_124_0122,IBEW_1245_CA_Outside_2022_2027,19,They shall be given sufficient time before the termination of the work day to pick up their personal tools.,HARD,deontic:obligation,2,,,,,,
IBEW_124_0114,IBEW_1245_CA_Outside_2022_2027,19,"If workers are needed for special work not listed in the general classification, they shall be paid a wage that relates in importance to one of the classifications herein provided.",HARD,deontic:obligation,2,,,,,,
IBEW_124_0336,IBEW_1245_CA_Outside_2022_2027,43,"Post-Incident Substance Abuse Testing shall be allowed on any preventable incident u that is a violation of our CJalifornia Safety Manual aka Red Safety Book. 40 California Outside Line Construction Agreement, June 1, 2022 - May 31, 2027",HARD,deontic:obligation|deontic:permission,2,,,,,,
IBEW_124_0117,IBEW_1245_CA_Outside_2022_2027,19,"In the event he does not receive his/her final check by the end of the ,seventy-two (72) hour period, he shall receive eight",HARD,deontic:obligation,2,,,,,,
IBEW_124_0116,IBEW_1245_CA_Outside_2022_2027,19,"(8) hou r rs n pay at the s sttr r aight tim n e t ra te for each , twenty-four (24) hours or portion thereof until ohe receives int. 1 e f 3 i o m Whenever practiaca l l, a worker C who quits a job shall be pyaid by 4:30 p.m. by payroll check e C a before leaving the job, preovided he givees his/heMr Foreman notice of his/her intention to n r leave the job by 1:00 p.m., two (2)g days before he leaves the job.",HARD,deontic:obligation,2,,,,,,
IBEW_124_0115,IBEW_1245_CA_Outside_2022_2027,19,"PAY DAYS AND PENALTIES e 4.3 All wages shall be paid in full weekly, not later than Friday or the last work day of the d week. i s t n u o The payroll period shall end on SunOday at 12:00 Midnight. 7 i t 2 c a 0 In the event an employee doesn't receive hisu/her pay check at quitting time on pay day, he i 2 shall receive eight",HARD,deontic:obligation,2,,,,,,
IBEW_124_0118,IBEW_1245_CA_Outside_2022_2027,19,(8) 1 hours straight-time pay for each twenty-four (24) hour period or portion thereof until he e receives it.,UNCLEAR,threshold,1,,,,,,
IBEW_124_0146,IBEW_1245_CA_Outside_2022_2027,21,"When E-mployees are working storm damage and 2 they are sent from their regular show up to another location they will be provided meals 2 and lodging until they are returned to their regular show up. 0 2 NATIONAL E,MPLOYEES BENEFIT FUND 1 e 4.8 It is agreed that in accord with the Employees Benefit Agreement of the National n Electrical Benefit uFund (""NEBF""), as entered into between the National Electrical J Contractors Association and the International Brotherhood of Electrical Workers on September 3, 1946, as amended, and now delineated as the Restated Employees Benefit Agreement and Trust, that unless authorized otherwise by the NEBF the individual employer will forward monthly to the NEBF's designated local collection agent an amount equal to 3% of the gross monthly labor payroll paid to, or accrued by, the employees in this bargaining unit, and a completed payroll report prescribed by the NEBF.",UNCLEAR,exception,1,,,,,,
IBEW_124_0239,IBEW_1245_CA_Outside_2022_2027,29,"(e) The pCarties to this A greement encourage all Eamployers to employ at least 1 (one) e e M Cal-Nevada JATnC Line Apprerntice on every crew when practical. g i L A 2 CABLE CREW 2– (“BULL GANG”) 0 6.10 Cable Crew (""Bull Gang"").",UNCLEAR,threshold,1,,,,,,
IBEW_124_0045,IBEW_1245_CA_Outside_2022_2027,10,"(a) The State of California, except Siskiyou, Modoc, and Del Norte Counties; the State of Nevada, except Lincoln, Clark, and that part of Nye County south of the Mount Diablo base line, including the area determined by the Secretary of Labor and the commute distance adjacent to the geeographical area. d i",UNCLEAR,exception,1,,,,,,
IBEW_124_0306,IBEW_1245_CA_Outside_2022_2027,38,"EXHIBIT A WAGE EXHIBIT 6/1/22 6/1/23 6/1/24 6/1/25 6/1/26 CLASSIFICATION Wages NEAP Wages NEAP Wages NEAP Wages NEAP Wages NEAP Journeyman Lineman $64.40 $12.33 $67.30 $12.83 $70.16 $13.33 $72.26 $13.83 $74.43 $14.33 General Foreman $77.28 $13.29 $80.76 $13.79 $84.19 $14.29 $86.72 $14.79 $89.32 $15.29 Cable Splicer $70.80 $12.81 $73.99 $13.31 $77.13 $13.81 $79.44 $14.31 $81.82 $14.81 Foreman Foreman $70.80 $12.81 $73.99 $13.31 $77.13 $13.81 $79.44 $14.31 $81.82 $14.81 *Cable Splicer $64.40 $12.33 $67.30 $12.83 $70.16 $13.33 $72.26 $13.83 $74.43 $14.33 Line Equipment Man $50.00 $11.55 $51.75 $11.55 $53.30 $11.55 $54.50 $11.55 $55.59 $11.55 e Groundman $38.23 $11.55 $39.57 $11.55 $d40.76 $11.55 $41.68 $11.55 $42.51 $11.55 i Powderman $55.90 $11.59 $57.86 $11.59 s $59.60 $1 1.59 $60.94 $11.59 $62.16 $11.59 t n u o Fabricator Tech $47.50 $7.50 $49.16 O$7.50 $50.i63 $7.50 $51.77 $77.50 $52.81 $7.50 t 2 c Fabricator Tech a 0 Trainee (0-2000 hrs.) $43.98 $7.47 $ n 45i.52 $7.47 r u$46.89 $7.47 $47 2 .95 $7.47 $48.91 $7.47 Lineman, Welding $67.57 $12.5o7 r $70.61 $1 s 3 t .07 $73.6n1 t $13.57 1$ , 7 5.82 $14.07 $78.09 $14.57 n e f 3 i o m % of Journeyman Lineman a l C y e C a Apprentice e e M 1st Period 60% 1 $38.64 $11.5n5 $40.38 g $r11.55 $42.10 $11.55 $43.36 $11.55 $44.66 $11.55 i Apprentice L A $41.86 $11.55 $43.75 $11.55 $45.60 $11.55 $46.97 $11.55 $48.38 $11.55 2nd Period 65% 1 2 2 Apprentice $45.08 $11.55 $47.11 0$11.55 $49.11 $11.55 $50.58 $11.55 $52.10 $11.55 3rd Period 70% 1 2 Apprentice 4th Period 75%1 $48.30 $11.55 $150.,48 $11.55 $52.62 $11.55 $54.20 $11.55 $55.82 $11.55 Apprentice e $51.52 $11.n55 $53.84 $11.55 $56.13 $11.55 $57.81 $11.55 $59.54 $11.55 5th Period 80% 1 u Apprentice J $54.74 $11.55 $57.21 $11.55 $59.64 $11.55 $61.42 $11.55 $63.27 $11.55 6th Period 85% 1 Apprentice $57.96 $11.55 $60.57 $11.55 $63.14 $11.55 $65.03 $11.55 $66.99 $11.55 7th Period 90% 1 *Cable Splicer working Lead to Lead will be paid at the same percentage/amounts as the Lineman-Welding classification.",UNCLEAR,threshold,1,,,,,,
IBEW_124_0008,IBEW_1245_CA_Outside_2022_2027,4,"Local Unions 47 and 1245 is presently chartered by the International Brotherhood of Electrical Workers, AFL-CIO, to cover certain outside electrical work in the States of California (except Siskiyou, Modoc, and Del Norte Counties) and Nevada (e xcept Lincoln, Clark and that part of e Nye County lying south of the Mount Diablo base lined).",UNCLEAR,exception,1,,,,,,
IBEW_124_0307,IBEW_1245_CA_Outside_2022_2027,38,The Apprentice will complete a minimum of 7000 hours on the job training. 2.,UNCLEAR,threshold,1,,,,,,
IBEW_124_0235,IBEW_1245_CA_Outside_2022_2027,29,(b) When energized work on lines or equipment of 600 volts or more is performed except as noted in paragraph,UNCLEAR,exception,1,,,,,,
IBEW_124_0256,IBEW_1245_CA_Outside_2022_2027,30,"(2) conductors or between any conductors and ground, 1 unless assisted by another Journeyman Lineman.",UNCLEAR,exception,1,,,,,,
IBEW_124_0334,IBEW_1245_CA_Outside_2022_2027,43,"O i 7 t 2 c a 0 u Example: Contractor places call to thei Hall on Thursday for a Monday show2 up because he wants n r the employee to show-up at his offrice vs. the jo s b-tsite for the n prte-employme , n t paperwork and testing. o 1 Employee shows up on Friday at the companny’s office aned completes the paper work and substance f 3 abuse testing in 1.5 hours anid is to repor o t to the jobm site Monday morning.",UNCLEAR,threshold,1,,,,,,
IBEW_124_0335,IBEW_1245_CA_Outside_2022_2027,43,Pay: Employee would l C y receive 2 hours pay per Saection 4.4(a) and 2 days oef subsistence pay per Section 5.4.,UNCLEAR,threshold,1,,,,,,
IBEW_124_0153,IBEW_1245_CA_Outside_2022_2027,22,Holidoays (except nfor Veteran’s Day) falling1 on Saturdays and Sundays e f 3 do not require the Emiployers to oobserve thomse holidays on a Friday or on Monday and the l C y employees will naot receive premium timee compensation on those Fridays or Mondays.,UNCLEAR,exception,1,,,,,,
