constraint_id,constraint_type,issue,raw_text
IL-MENTO_0200,HARD,No recognizable entities — check annotation,"Article 26 - Modification No provision or term of this Agreement may be amended, modified, changed, altered or waived ex"
IL-MENTO_0162,HARD,No recognizable entities — check annotation,"Transfers, reassignments, or removals from an assignment or the workplace at the request of an individual served, the re"
IL-MENTO_0145,SOFT,No recognizable entities — check annotation,All time limits may be extended by written mutual agreement of the parties.
IL-MENTO_0116,HARD,No recognizable entities — check annotation,The Committee shall be composed of up to five
IL-MENTO_0196,HARD,Could not parse numeric value: min_insurance_coverage=minimum required by law,Employees who use personal vehicles for business purposes are required to have at least the minimum insurance coverage r
IL-MENTO_0196,HARD,Could not determine unit: min_insurance_coverage=minimum required by law,Employees who use personal vehicles for business purposes are required to have at least the minimum insurance coverage r
IL-MENTO_0198,SOFT,No recognizable entities — check annotation,Waiver: The waiver of any breach or condition of this Agreement by either party shall not constitute a precedent for any
IL-MENTO_0202,HARD,No recognizable entities — check annotation,"Should neither party serve timely notice upon the other party, the Agreement shall automatically renew for twelve (12) m"
IL-MENTO_0163,HARD,No recognizable entities — check annotation,"Effective the first full pay period following ratification, the minimum starting wage rate for all DSPs shall be $16.05 "
IL-MENTO_0051,HARD,Could not parse numeric value: empty string,"Upon request, the Employer shall meet with the Union within seven"
IL-MENTO_0051,HARD,Could not determine unit: empty string,"Upon request, the Employer shall meet with the Union within seven"
IL-MENTO_0066,SOFT,Could not parse numeric value: empty string,"However, the leave may exceed two"
IL-MENTO_0066,SOFT,Could not determine unit: empty string,"However, the leave may exceed two"
KAISER_C_0090,HARD,No recognizable entities — check annotation,Section C – Overtime No Mandatory Overtime 707 There shall be no mandatory overtime except during a state of emergency d
KAISER_C_0875,SOFT,No recognizable entities — check annotation,"Licensed vocational nurses may constitute up to 50 percent of the licensed nurses assigned to patient care on any unit, "
KAISER_C_0820,SOFT,No recognizable entities — check annotation,RN/NPs who accept these backfill positions shall have the option to bid on open positions subject to provisions of Artic
KAISER_C_0158,HARD,No recognizable entities — check annotation,"(1) month's seniority credit, for hours worked after September 1, 2002 except that no Nurse shall receive more than one"
KAISER_C_0164,HARD,No recognizable entities — check annotation,"803 Implementation of the new seniority system shall occur on June 1, 1978, retroactive to January 1, 1978, subject to t"
KAISER_C_0898,HARD,No recognizable entities — check annotation,"Hospitals designated by the Local Emergency Medical Services (LEMS) Agency as a “base hospital”, as defined in section 1"
KAISER_C_0695,HARD,No recognizable entities — check annotation,"In discharge and suspension cases, the Parties shall “request” the issuance of an award and condensed opinion within ten"
KAISER_C_0649,HARD,No recognizable entities — check annotation,If a Nurse who has provided direct patient care to a o patient with a documented infectious disease contracts the same i
KAISER_C_0095,SOFT,No recognizable entities — check annotation,"All overtime worked by a Nurse should be authorized in advance if possible, otherwise the claim for overtime shall be su"
KAISER_C_0628,HARD,No recognizable entities — check annotation,Association Leaves shall be defined according to the following: 1) Short Term Leaves are defined as leaves up to 30 days
KAISER_C_0099,SOFT,No recognizable entities — check annotation,(8) hours are compensable time. 712 Should a Nurse anticipate the inability to take a lunch break (except for night shif
KAISER_C_0969,HARD,No recognizable entities — check annotation,"Activities of, and issues before, the committee shall not be subject to either the grievance and arbitration procedure u"
KAISER_C_0641,HARD,No recognizable entities — check annotation,"Except as otherwise specifically provided, no Nurse currently receiving more than the minimum rate specified in this Agr"
KAISER_C_0650,HARD,No recognizable entities — check annotation,"If an exposure has not been identified in the work environment, Kaiser shall not automatically deem the infectious disea"
KAISER_C_0933,SOFT,No recognizable entities — check annotation,If in the event that a Traveler is employed in a twelve hour shift which overlaps the schedule of a regularly scheduled 
KAISER_C_0937,HARD,No recognizable entities — check annotation,All temporary positions shall be posted pursuant to the Collective Bargaining Agreement for a maximum of 90 days.
KAISER_C_0192,SOFT,No recognizable entities — check annotation,The Parties shall determine if additional departments or units at a hospital or outpatient clinic where a layoff is to o
KAISER_C_0822,HARD,No recognizable entities — check annotation,"Unless the RN/NP is selected for another RNQL rotation, when a RN/NP completes her or his RNQL rotation, she or he will "
KAISER_C_0734,HARD,No recognizable entities — check annotation,RNs/NPs who are in a classification deemed by the Parties under this review process to have been inappropriately assigne
KAISER_C_0351,HARD,No recognizable entities — check annotation,1669 The decision of the Regional Appeals Committee is final and binding and shall not be subject to the provisions of A
KAISER_C_0249,SOFT,No recognizable entities — check annotation,Registered Nurses may be designated for subsequent rotations as a Classification System Liaison after 48 months have lap
KAISER_C_0738,HARD,No recognizable entities — check annotation,Any postings for classifications deemed to belong to CNA subject to the jurisdictional review process and the terms and 
KAISER_C_0317,HARD,No recognizable entities — check annotation,"The Panel shall complete its deliberations within thirty (30) days of its initial meeting, unless that time is extended "
KAISER_C_0787,HARD,No recognizable entities — check annotation,"Option B: The Nurse shall continue to participate in KPEPP on and after January 1, 1976, and shall not in any way be cov"
KAISER_C_0732,HARD,No recognizable entities — check annotation,The Parties guarantee that they shall provide sufficient capacity to complete this work and make determinations regardin
KAISER_C_0719,HARD,No recognizable entities — check annotation,This Agreement shall automatically be renewed and extended from year to year thereafter unless either party serves notic
KAISER_C_0886,HARD,No recognizable entities — check annotation,"In the event of multiple births, the total number of mothers plus infants assigned to a single licensed nurse shall neve"
KAISER_C_0204,SOFT,No recognizable entities — check annotation,(1) month from the time the position is awarded unless by mutual agreement between the Parties. 904 For the purposes of 
KAISER_C_0204,SOFT,Could not parse numeric value: empty string,(1) month from the time the position is awarded unless by mutual agreement between the Parties. 904 For the purposes of 
KAISER_C_0204,SOFT,Could not determine unit: empty string,(1) month from the time the position is awarded unless by mutual agreement between the Parties. 904 For the purposes of 
KAISER_C_0867,HARD,No recognizable entities — check annotation,No hospital shall assign a licensed nurse to a nursing unit or clinical area unless that hospital determines that the li
KAISER_C_0228,HARD,No recognizable entities — check annotation,Nor shall s(he) have jurisdiction to order the vacancy filled unless other causes advanced by the facility prove to be u
KAISER_C_0362,HARD,No recognizable entities — check annotation,A NP who is in a RNQL role (20 hour/week position) shall meet this qualification.
KAISER_C_0729,SOFT,No recognizable entities — check annotation,APPENDIX B – CHARGE NURSE LETTER OF AGREEMENT RANDOM DESIGNATED RN ASSIGNMENTS (New in 2002-2006 CBA) Kaiser Permanente 
KAISER_C_0852,HARD,No recognizable entities — check annotation,This agreement to renew shall terminate concurrent with the 2006-2011 Master Agreement unless specifically continued by 
KAISER_C_0988,SOFT,No recognizable entities — check annotation,"At any time during the life of this Agreement, either party may request a re-evaluation of any aspect of the Care Level "
KAISER_C_0531,SOFT,No recognizable entities — check annotation,Such courses may not be repeated unless the individual has “failed” the course. 94
KAISER_C_1018,HARD,No recognizable entities — check annotation,"Upon successful completion of the Assessment of language Skills by the RN/NP, the position shall be reclassified as a Bi"
KAISER_C_0606,SOFT,No recognizable entities — check annotation,"Section B – Periods of Leave 3503 An authorized leave of absence, except maternity and Association Leaves shall not be i"
KAISER_C_0500,HARD,No recognizable entities — check annotation,Section E – Prorated Vacation Pay at Termination 2717 Any Nurse who is eligible for vacations under the terms of this Ag
KAISER_C_0509,HARD,No recognizable entities — check annotation,Float and Birthday Holidays Floating Holiday 2804 Each Nurse with 90 days of employment shall become eligible for one
KAISER_C_0992,SOFT,No recognizable entities — check annotation,"The Parties shall meet for one day, bi-weekly during the 90 days, or more often as mutually agreed until agreement is re"
KAISER_C_1084,SOFT,No recognizable entities — check annotation,"The parties agree to conduct discussions in good faith, however, failure to reach agreement regarding them shall not be "
KAISER_C_0730,HARD,No recognizable entities — check annotation,If the Parties determine that such assignments in any department or facility do not warrant posting as Charge Nurse posi
KAISER_C_0728,HARD,No recognizable entities — check annotation,"Individual Registered Nurses classified as Charge Nurses as of December 31, 1987, whose positions do not meet the criter"
KAISER_C_0778,SOFT,No recognizable entities — check annotation,Optional Nurse Contributions All Nurses eligible to participate in an Individual Retirement Account Program shall be per
KAISER_C_0735,HARD,No recognizable entities — check annotation,Any RN in such classification who elects to transfer into the CNA bargaining unit shall have bargaining unit seniority f
KAISER_C_0736,HARD,No recognizable entities — check annotation,"Wages shall be based upon contractual standards established for CNA represented RNs/NPs, with any increase in hourly rat"
KAISER_C_0781,HARD,No recognizable entities — check annotation,The same trustee or custodian shall be designated for all Individual Retirement Accounts established pursuant to this Ar
KAISER_C_0712,HARD,No recognizable entities — check annotation,"It is understood that formal evaluations may address work performance and behavioral issues, but shall not include speci"
KAISER_C_0715,HARD,No recognizable entities — check annotation,Corrective action plans will follow Nurses to their newly accepted positions. 4129 Authorized staff representatives of t
KAISER_C_0716,SOFT,No recognizable entities — check annotation,Changes in Personnel Records 4130 In any case where agreement has been reached between the facility and the Association 
KAISER_C_0717,HARD,No recognizable entities — check annotation,Section K – Notice to the California Nurses Association 4131 Notice in writing of discharge or suspension shall be sent 
KAISER_C_0572,HARD,No recognizable entities — check annotation,Retirees covered by Senior Advantage must receive all medical care at Kaiser Permanente facilities in order to receive b
KAISER_C_0571,HARD,No recognizable entities — check annotation,"Medicare-eligible retirees and dependents who retire on or after May 25, 1998 will be required to enroll in the Senior A"
KAISER_C_0720,SOFT,No recognizable entities — check annotation,"or any anniversary date thereafter, the Parties may, by mutual written consent extend the existing Agreement for a speci"
KAISER_C_0737,HARD,No recognizable entities — check annotation,"If for any reason the RN/NP is paid above the contractual scale, they shall be red circled until the contractual rate ha"
KAISER_C_0768,HARD,No recognizable entities — check annotation,"Prior to January 31, 1983, the Parties shall meet for the purpose of establishing a Pension Plan document for qualificat"
KAISER_C_0753,SOFT,No recognizable entities — check annotation,"Where California Nurses Association jurisdiction applies outside the area, as defined above, the Parties shall meet to b"
KAISER_C_0760,HARD,No recognizable entities — check annotation,"Registered Nurses who opted for the Kaiser Permanente Employees Pension Plan as set forth in Article XVI, F – Option for"
KAISER_C_0762,SOFT,No recognizable entities — check annotation,CNA shall provide reasonable notice of bank change. 143
KAISER_C_0763,HARD,No recognizable entities — check annotation,"APPENDIX D – RETIREMENT All administrative responsibilities, such as, but not limited to, enrollment of participants, in"
KAISER_C_0764,HARD,No recognizable entities — check annotation,Nothing within the Pension Plan Trust Document shall supersede the terms and conditions of the Collective Bargaining Agr
KAISER_C_0765,HARD,No recognizable entities — check annotation,Disputes between the Parties relative to the Collective Bargaining Agreement provisions for the Plan shall be resolved w
KAISER_C_0750,SOFT,No recognizable entities — check annotation,If the Audit Committee is unable to agree on the status of Registered Nurses in a particular job classification or class
KAISER_C_0741,HARD,No recognizable entities — check annotation,"If such sample is sufficient to determine that incumbents of the classification under review should not be in the unit, "
KAISER_C_0773,HARD,No recognizable entities — check annotation,"Nurses with rights under the Kaiser Permanente Employees Pension Plan (KPEPP), as described under - Option for Nurses Wi"
KAISER_C_0740,HARD,No recognizable entities — check annotation,"This sample shall consist of ten percent of the classification under review, provided not less than ten incumbents will "
KAISER_C_0743,HARD,No recognizable entities — check annotation,In instances where the audit committee agrees that the work of any incumbents in reviewed classifications is bargaining 
KAISER_C_0744,SOFT,No recognizable entities — check annotation,"However, any affected incumbent shall have the option to convert to bargaining unit status if his or her position is dee"
KAISER_C_0746,HARD,No recognizable entities — check annotation,Any disputes between the parties regarding this jurisdiction review process shall be governed by procedures established 
KAISER_C_0748,HARD,No recognizable entities — check annotation,"The audit Committee identified in paragraph 3 above, shall have access to information that is necessary and relevant to "
KAISER_C_0742,SOFT,No recognizable entities — check annotation,"If the initial determination is otherwise, the Audit Committee shall proceed with further review of all other incumbents"
KAISER_C_0710,SOFT,No recognizable entities — check annotation,The Nurse may place in the file written comments on such material within two
KAISER_C_0708,SOFT,No recognizable entities — check annotation,Section J – Personnel Records Access to Personnel Files 4124 The Nurse and/or the Nurse Representative and/or the Associ
KAISER_C_0660,HARD,Could not parse numeric value: twice annually,The screening process will be reviewed and discussed with PPCs. 3812 The Employer shall provide the Union with a regiona
KAISER_C_0660,HARD,Could not determine unit: twice annually,The screening process will be reviewed and discussed with PPCs. 3812 The Employer shall provide the Union with a regiona
KAISER_C_0663,HARD,No recognizable entities — check annotation,Recommendations to facility administration shall be responded to in writing within thirty (30) days.
KAISER_C_0664,SOFT,No recognizable entities — check annotation,"If the Safety Committee is in disagreement, or if the facility does not act upon the recommendations within thirty (30) "
KAISER_C_0610,HARD,No recognizable entities — check annotation,Section C – Accruals During Disability Leave Accrued Rights During Disability Leave 3505 A Nurse shall not forfeit any a
KAISER_C_0609,SOFT,No recognizable entities — check annotation,The Nurse may submit BRN approved refresher course fees for reimbursement. 111
KAISER_C_0637,HARD,No recognizable entities — check annotation,All nurses and/or Nurse Practitioners participating in the RNRN program shall not be on leave for more than thirty (30) 
KAISER_C_0636,SOFT,No recognizable entities — check annotation,Requests made by the Association to exceed twenty-five (25) Nurses and/or Nurse Practitioners may be mutually agreed upo
KAISER_C_0621,HARD,No recognizable entities — check annotation,(6) months shall be granted to fulltime and Regular part-time Nurses with one
KAISER_C_0671,HARD,No recognizable entities — check annotation,Every grievance must be initiated in the first step within thirty (30) calendar days of the date when the Nurse or the A
KAISER_C_0585,HARD,No recognizable entities — check annotation,S/LTD benefits shall provide periodic payments based upon 50% of the base hourly rate received by the Nurse on the day b
KAISER_C_0698,HARD,No recognizable entities — check annotation,"However, each party shall bear its own expenses of representation and witnesses."
KAISER_C_0581,HARD,No recognizable entities — check annotation,A Post-2016 Retiree may access the Retiree Premium HRA only for reimbursement of the amount of his/her required monthly 
KAISER_C_0701,HARD,No recognizable entities — check annotation,"The applicable probation period will begin on a Nurse's first day of work after s/he receives her/his RN license, and no"
KAISER_C_0575,HARD,No recognizable entities — check annotation,Such individuals must enroll in Senior Advantage.
KAISER_C_0675,SOFT,No recognizable entities — check annotation,"If such answer is not satisfactory, the Association may appeal the grievance to Step Two or Step Three in writing within"
KAISER_C_0683,SOFT,No recognizable entities — check annotation,(1) or more of the above grievance steps may be waived by mutual agreement of the Parties.
KAISER_C_0976,SOFT,No recognizable entities — check annotation,The Nurse Practitioners shall schedule their meetings as will best support their objectives for a total of eight
KAISER_C_0978,SOFT,No recognizable entities — check annotation,Nurse Practitioners sub-group may be asked to attend Chiefs of Service meetings periodically to report their progress an
KAISER_C_0980,HARD,No recognizable entities — check annotation,The Chair and Secretary of the NPRC shall each be granted four
KAISER_C_0980,HARD,Could not parse numeric value: empty string,The Chair and Secretary of the NPRC shall each be granted four
KAISER_C_0980,HARD,Could not determine unit: empty string,The Chair and Secretary of the NPRC shall each be granted four
KAISER_C_0982,SOFT,No recognizable entities — check annotation,"If there are extenuating circumstances necessitating additional time to respond to the ADO, the initiating RN and PPC sh"
KAISER_C_0984,SOFT,No recognizable entities — check annotation,"Not every scenario can be predicted, and when those scenarios arise, communication must take place between the clinician"
KAISER_C_0993,SOFT,No recognizable entities — check annotation,"The necessary elements of the CLS which must be included and times agreed to include, but are not limited to: The partie"
KAISER_C_0972,HARD,No recognizable entities — check annotation,RNs/NPs shall continue to receive their current Multi-Site or Multi-Medical Center premium until they leave their curren
KAISER_C_0996,HARD,No recognizable entities — check annotation,"These observations must include examples from all Agencies and the different conditions in patient population, geography"
KAISER_C_0997,SOFT,No recognizable entities — check annotation,"If a difference in position between the parties of less than thirty (30) minutes exists, such issue shall be resolved th"
KAISER_C_1000,SOFT,No recognizable entities — check annotation,The specifics of such training shall be determined between the parties. 209
KAISER_C_1008,SOFT,No recognizable entities — check annotation,SIDE LETTER M Bilingual Program PERFORMANCE EXPECTATIONS Bilingual Nurses shall be expected to perform their duties cons
KAISER_C_1010,HARD,No recognizable entities — check annotation,RN/NPs who do not qualify for bilingual status must utilize third party interpreter services.
KAISER_C_0973,SOFT,No recognizable entities — check annotation,In the event resolution is not reached the parties will use the grievance and arbitration process to settle any disagree
KAISER_C_0971,HARD,No recognizable entities — check annotation,"SIDE LETTER A GRANDFATHERING THE DIFFERENTIAL PREMIUM FOR MULTI MEDICAL CENTER / MULTI FACILITY NURSES FROM STOCKTON, TR"
KAISER_C_0927,HARD,No recognizable entities — check annotation,"(b) The planning and delivery of patient care shall reflect all elements of the nursing process: assessment, nursing dia"
KAISER_C_0932,SOFT,No recognizable entities — check annotation,"With regard to the scheduling of Travelers, two such nurses who are working twelve hour shifts may fill three consecutiv"
KAISER_C_0934,HARD,No recognizable entities — check annotation,"When a Traveler is working a twelve hour shift and that shift overlaps an unfilled posted position, the unfilled hours l"
KAISER_C_0947,HARD,Could not parse numeric value: empty string,"As provided in paragraphs 2402-2403, short-hour, temporary, and per diem RNs shall receive one and one-half times their "
KAISER_C_0947,HARD,Could not determine unit: empty string,"As provided in paragraphs 2402-2403, short-hour, temporary, and per diem RNs shall receive one and one-half times their "
KAISER_C_0954,SOFT,No recognizable entities — check annotation,(2) other RNs from each call center may join these sessions. 187
KAISER_C_0956,HARD,No recognizable entities — check annotation,"To consider CNA's vendor in compliance with these fiduciary obligations, the plan fiduciaries must follow a prudent sele"
KAISER_C_1057,SOFT,No recognizable entities — check annotation,"During the first six (6)-months of the program, Residents will have a fixed schedule pattern which may change after the "
KAISER_C_1057,SOFT,Could not parse numeric value: empty string,"During the first six (6)-months of the program, Residents will have a fixed schedule pattern which may change after the "
KAISER_C_1057,SOFT,Could not determine unit: empty string,"During the first six (6)-months of the program, Residents will have a fixed schedule pattern which may change after the "
KAISER_C_1066,HARD,No recognizable entities — check annotation,"Accrual of Sick Leave: Each benefited nurse shall accrue sick leave on a biweekly basis as provided in Article XXVI, par"
KAISER_C_1066,HARD,Could not parse numeric value: empty string,"Accrual of Sick Leave: Each benefited nurse shall accrue sick leave on a biweekly basis as provided in Article XXVI, par"
KAISER_C_1066,HARD,Could not determine unit: empty string,"Accrual of Sick Leave: Each benefited nurse shall accrue sick leave on a biweekly basis as provided in Article XXVI, par"
KAISER_C_1014,HARD,No recognizable entities — check annotation,Registered Nurses and Nurse Practitioners who are currently in positions which were· posted as requiring bilingual funct
KAISER_C_1072,HARD,No recognizable entities — check annotation,The RN or NP must exhaust their pre-2007 Banked Sick Leave prior to the use of post-2006 Banked Sick Leave. 4.
KAISER_C_1075,SOFT,No recognizable entities — check annotation,RNs or NPs may choose to roll over all their unused Annual Sick Leave hours to their post-2006 Banked Sick Leave account
KAISER_C_1076,SOFT,No recognizable entities — check annotation,"RNs or NPs may select either option, or a combination of the two, provided they meet the eligibility described above. 4."
KAISER_C_1083,SOFT,No recognizable entities — check annotation,By mutual agreement the parties may agree to additional meetings if a standard staffing model is not yet completed.
KAISER_C_1047,HARD,No recognizable entities — check annotation,Any Nurse who is working remotely will be required to work their scheduled shift and is required to take all meal and re
KAISER_C_1046,SOFT,No recognizable entities — check annotation,Classifications Eligible for Remote Work: Remote work may be available to Nurses in the following programs: a.
KAISER_C_1015,HARD,No recognizable entities — check annotation,"Such positions shall be reclassified as Bilingual positions, and shall be compensated in accordance with the compensatio"
KAISER_C_1022,HARD,Could not parse numeric value: empty string,"RNs/NPs who qualify in accordance with one of the two preceding paragraphs, and who apply for the program no later than "
KAISER_C_1022,HARD,Could not determine unit: empty string,"RNs/NPs who qualify in accordance with one of the two preceding paragraphs, and who apply for the program no later than "
KAISER_C_1026,HARD,No recognizable entities — check annotation,COMPENSATION Compensation for Registered Nurses/Nurse Practitioners who are assigned to bilingual positions or who funct
KAISER_C_1028,SOFT,No recognizable entities — check annotation,"DISPUTES In the event that the parties disagree about the application of any of the provisions of this Side Letter, the "
KAISER_C_1029,SOFT,No recognizable entities — check annotation,"SIDE LETTER M Bilingual Program PROGRAM REVIEW Not less than one year following the implementation of this agreement, th"
KAISER_C_1036,HARD,No recognizable entities — check annotation,"The additional nurses participating in the committee shall continue to do so until they resign, transfer to another faci"
KAISER_C_1037,HARD,No recognizable entities — check annotation,"At the end of this contract term, all facilities shall not recognize more than 25 total Workplace Safety Committee Nurse"
KAISER_C_1041,HARD,No recognizable entities — check annotation,SIDE LETTER R CAMPUS SUPPORT NURSE KFH Campus Support Nurse Kaiser Foundation Hospitals shall continue the classificatio
KAISER_C_0786,HARD,No recognizable entities — check annotation,"The Nurse shall retain all vested rights in KPEPP accrued as of December 31, 1975."
KAISER_C_0838,HARD,No recognizable entities — check annotation,Non-Compliance Any RN/NP who allows his or her required certification to lapse shall not be scheduled for work in the un
KAISER_C_0827,HARD,No recognizable entities — check annotation,Each RNQL’s monthly written report shall include a status report on the implementation of these goals based upon the mut
KAISER_C_0832,HARD,No recognizable entities — check annotation,The Nurse to whom the books are loaned shall be responsible for returning the books within seven
KAISER_C_0836,HARD,No recognizable entities — check annotation,"In the event the Nurse fails to comply with the above, he or she will be responsible for costs and fees associated with "
KAISER_C_0839,SOFT,No recognizable entities — check annotation,"The Nurse shall be offered work in another unit, if available, for which (s)he is competent, in accordance with the Coll"
KAISER_C_0823,SOFT,Could not parse numeric value: empty string,"(6) months, the RNQL position may be filled. 9."
KAISER_C_0823,SOFT,Could not determine unit: empty string,"(6) months, the RNQL position may be filled. 9."
KAISER_C_0842,HARD,No recognizable entities — check annotation,The RN/NP shall submit the request (1.
KAISER_C_0843,SOFT,No recognizable entities — check annotation,Disputes/lack of agreement regarding the clinical relevance of certification shall initially be referred to the Nurse Ex
KAISER_C_0846,SOFT,No recognizable entities — check annotation,"As part of this work, the Parties shall cooperate to jointly identify systems and processes that contribute to errors or"
KAISER_C_0849,SOFT,No recognizable entities — check annotation,"RNQLs will be engaged in the planning, development, and delivery of this training for RNs/NPs. • Patient safety issues, "
KAISER_C_0789,HARD,No recognizable entities — check annotation,Any improvements or increases granted in such Master Agreement are to be granted concurrently to Nurses covered by this 
KAISER_C_0791,HARD,No recognizable entities — check annotation,"A Nurse vested on December 31, 1975 under KPEPP and who selects Option A above, shall upon retirement receive benefits e"
KAISER_C_0792,HARD,No recognizable entities — check annotation,"A Nurse who becomes contingently vested under Non-Vested Nurses Contingent Vesting, shall upon retirement receive benefi"
KAISER_C_0793,HARD,No recognizable entities — check annotation,APPENDIX D – RETIREMENT Non-Vested Nurses Contingent Vesting Such Nurse shall not accrue any further benefits under KPEP
KAISER_C_0794,HARD,No recognizable entities — check annotation,"Such Nurse's years of service on and after January 1, 1976, shall count for vesting purposes under KPEPP but for no othe"
KAISER_C_0795,HARD,No recognizable entities — check annotation,"If in the future such Nurse attains ten (10) or more years of participation in KPEPP, (s)he shall be deemed vested, but "
KAISER_C_0798,HARD,No recognizable entities — check annotation,(1) year or more shall continue to participate in KPEPP.
KAISER_C_0805,SOFT,No recognizable entities — check annotation,"A Nurse may cancel this request via telephone, with confirmation in writing to follow as soon as practical thereafter."
KAISER_C_0808,SOFT,No recognizable entities — check annotation,"Should house-wide census exceed 150, an additional Resource Nurse shall be assigned when a Nurse is available in accorda"
KAISER_C_0811,HARD,No recognizable entities — check annotation,Obtaining CEUs under this provision shall have no effect on the individual Nurse’s Educational Leave.
KAISER_C_0814,SOFT,No recognizable entities — check annotation,"Former RNQLs shall be considered equally with other candidates, if nominated by the Association."
KAISER_C_0817,HARD,Could not parse numeric value: empty string,"To provide such backfill, positions and/or additional hours shall be posted for an identified time period concurrent wit"
KAISER_C_0817,HARD,Could not determine unit: empty string,"To provide such backfill, positions and/or additional hours shall be posted for an identified time period concurrent wit"
KAISER_C_0819,SOFT,No recognizable entities — check annotation,"When a RNQL returns to her or his former position, the backfill RN/NP may lose benefited status."
KAISER_C_0896,SOFT,No recognizable entities — check annotation,"When there are no patients needing triage, the Registered nurse may assist by performing other nursing tasks."
KAISER_C_0899,SOFT,No recognizable entities — check annotation,"When the duty of base radio responder is assigned to a Registered nurse, that Registered nurse may assist by performing "
KAISER_C_0921,HARD,No recognizable entities — check annotation,(B) A Registered nurse who has demonstrated competency for the patient care unit shall be responsible for nursing care a
KAISER_C_0922,HARD,No recognizable entities — check annotation,"(C) Registered nurses shall not be assigned total responsibility for patient care, including the duties and responsibili"
KAISER_C_0923,HARD,No recognizable entities — check annotation,(a) A Registered nurse shall directly provide:
KAISER_C_0892,HARD,No recognizable entities — check annotation,"(8) In a hospital providing basic emergency medical services or comprehensive emergency medical services, the licensed n"
KAISER_C_0889,HARD,No recognizable entities — check annotation,"The licensed nurse-to-patient ratio for nurses caring for women in active labor only, antepartum patients who are not in"
KAISER_C_0865,HARD,No recognizable entities — check annotation,"(a) Hospitals shall provide staffing by licensed Nurses, within the scope of their licensure in accordance with the foll"
KAISER_C_0865,HARD,Could not parse numeric value: nurse-to-patient ratios,"(a) Hospitals shall provide staffing by licensed Nurses, within the scope of their licensure in accordance with the foll"
KAISER_C_0865,HARD,Could not determine unit: nurse-to-patient ratios,"(a) Hospitals shall provide staffing by licensed Nurses, within the scope of their licensure in accordance with the foll"
KAISER_C_0869,HARD,No recognizable entities — check annotation,Licensed nurse-to-patient ratios represent the maximum number of patients that shall be assigned to one licensed nurse a
KAISER_C_0871,HARD,No recognizable entities — check annotation,Only licensed nurses providing direct patient care shall be included in the ratios.
KAISER_C_0878,SOFT,No recognizable entities — check annotation,APPENDIX K – SUMMARY OF STAFFING RATIOS FROM TITLE 22 REGULATIONS Nothing in this section shall prohibit a licensed nurs
KAISER_C_0882,HARD,No recognizable entities — check annotation,"The scrub assistant may be a licensed nurse, an operating room technician, or other person who has demonstrated current "
KAISER_C_0884,HARD,No recognizable entities — check annotation,"When a licensed nurse is caring for antepartum patients who are not in active labor, the licensed nurse-to-patient ratio"
KAISER_C_0887,HARD,No recognizable entities — check annotation,"For postpartum areas in which the licensed nurse’s assignment consists of mothers only, the licensed nurse-topatient rat"
KAISER_C_0235,HARD,No recognizable entities — check annotation,"Within ninety (90) days of ratification of this Agreement, each facility shall, upon request, make available for review "
KAISER_C_0034,HARD,No recognizable entities — check annotation,The Association agrees that no controversial material shall be posted.
KAISER_C_0225,SOFT,No recognizable entities — check annotation,Section B – Vacancies Not Filled 1002 If a Registered Nurse position under this Agreement becomes permanently vacant and
KAISER_C_0226,HARD,No recognizable entities — check annotation,"If the Parties cannot agree, the issue shall be submitted to the grievance procedure."
KAISER_C_0229,SOFT,No recognizable entities — check annotation,Section C – Vacancies Filled by Non-Registered Nurse 1003 If a Registered Nurse under this Agreement is permanently repl
KAISER_C_0239,HARD,No recognizable entities — check annotation,"Section C – Sequence of Assignment 1304 In accordance with applicable departmental or facility policy, Travelers and Reg"
KAISER_C_0241,HARD,No recognizable entities — check annotation,Section E – Home Health Care Level System 1306 The Parties shall establish and agree upon a Care Level Point System whic
KAISER_C_0242,SOFT,No recognizable entities — check annotation,In the event that actual patient care hours and travel time exceed the predicted daily schedule for an individual Home H
KAISER_C_0245,HARD,No recognizable entities — check annotation,Classification System Liaison: Each of the following service lines shall have one Registered Nurse designated as a Class
KAISER_C_0215,HARD,No recognizable entities — check annotation,"(5) day facility posting shall be filled from among qualified internal applicants, if any, on a seniority basis regional"
KAISER_C_0190,SOFT,No recognizable entities — check annotation,The Parties agree that Nurses who require training shall only be reassigned to such units contingent on an expectation 3
KAISER_C_0194,HARD,No recognizable entities — check annotation,Nothing herein shall preclude the Association from filing a grievance on behalf of the affected Nurse. 829 Recall of an 
KAISER_C_0199,HARD,No recognizable entities — check annotation,"(5) days in the facility where it occurs, and shall be simultaneously posted on Kaiser Permanente’s internet job site."
KAISER_C_0207,HARD,No recognizable entities — check annotation,Nurses shall forfeit those seniority rights in any such department where no work is performed within a calendar year.
KAISER_C_0209,HARD,No recognizable entities — check annotation,RNs who already meet the standard minimum requirements for the positions shall not have to complete the training course.
KAISER_C_0210,HARD,No recognizable entities — check annotation,Successful applicants for the training positions shall be transferred in time for commencement of the training program.
KAISER_C_0211,SOFT,No recognizable entities — check annotation,Section B – Special Notification to Absent Nurses 907 For Nurses on vacation or leave of absence who have requested such
KAISER_C_0212,HARD,No recognizable entities — check annotation,A Nurse who is on leave of absence in excess of thirty (30) days and is granted the position must be available to return
KAISER_C_0256,HARD,No recognizable entities — check annotation,The subcommittee members shall meet with Regional leadership for eight
KAISER_C_0284,HARD,No recognizable entities — check annotation,"The Professional Performance Committee shall provide a written quarterly report to the Nurse Executive/DONP, which shall"
KAISER_C_0291,HARD,No recognizable entities — check annotation,Compensation 1415 Each member of a PPC shall be entitled to time off with pay at the Nurse’s straight time rate for the 
KAISER_C_0293,HARD,Could not parse numeric value: empty string,The inpatient PPC chairs shall be granted three
KAISER_C_0293,HARD,Could not determine unit: empty string,The inpatient PPC chairs shall be granted three
KAISER_C_0296,HARD,No recognizable entities — check annotation,Non Member Participation 1417 At least once per quarter the Nurse Executive/DONP shall meet with the Professional Perfor
KAISER_C_0296,HARD,Could not parse numeric value: min_meeting_frequency=quarterly,Non Member Participation 1417 At least once per quarter the Nurse Executive/DONP shall meet with the Professional Perfor
KAISER_C_0296,HARD,Could not determine unit: min_meeting_frequency=quarterly,Non Member Participation 1417 At least once per quarter the Nurse Executive/DONP shall meet with the Professional Perfor
KAISER_C_0304,HARD,No recognizable entities — check annotation,The Professional Performance Committee shall select one member to be a representative of the Facility Safety Committee.
KAISER_C_0308,SOFT,No recognizable entities — check annotation,"As part of this referral, the Professional Performance Committee at any facility should request a meeting with Medical C"
KAISER_C_0309,HARD,No recognizable entities — check annotation,Medical Center Leadership shall respond to the issue within thirty (30) days. 1424 Disputes concerning issues raised pur
KAISER_C_0285,SOFT,No recognizable entities — check annotation,(3) hours may be scheduled if the PPC Chair or designee determines there is a need for an additional meeting.
KAISER_C_0257,HARD,No recognizable entities — check annotation,The Nurse Executive in each medical center will ensure that Classification System training occurs for all RNs utilizing 
KAISER_C_0260,SOFT,No recognizable entities — check annotation,Each facility will duly consider such recommendations and will so advise the Professional Performance Committee of actio
KAISER_C_0262,HARD,No recognizable entities — check annotation,Section C – Membership Staff Nurse Professional Performance Committees 1404 The inpatient Professional Performance Commi
KAISER_C_0265,HARD,No recognizable entities — check annotation,"(8) Nurses shall make up each committee at Fremont, Fresno, Hayward, Manteca, Oakland, Redwood City, Richmond, Roseville"
KAISER_C_0266,HARD,No recognizable entities — check annotation,A lesser number shall make up each committee at other facilities.
KAISER_C_0267,HARD,No recognizable entities — check annotation,Home Health/Hospice Professional Performance Committee 1405 The Regional Home Health/Hospice Professional Performance Co
KAISER_C_0268,HARD,No recognizable entities — check annotation,The Committee shall be composed of ten (10) Registered Nurses representing Home Health and Hospice.
KAISER_C_0269,HARD,No recognizable entities — check annotation,"New areas, as they establish Home Health/Hospice, shall have a representative in accordance with the above agreement."
KAISER_C_0270,HARD,No recognizable entities — check annotation,The Regional Home Health/Hospice Professional Performance Committee shall meet Regionally eight
KAISER_C_0272,HARD,No recognizable entities — check annotation,"Regional Appointment and Advice Call Center (AACC) Professional Performance Committee 1406 Three times a year, the Profe"
KAISER_C_0273,HARD,No recognizable entities — check annotation,The PPC and NQF meetings shall be held on the same day and consist of a three
KAISER_C_0274,HARD,No recognizable entities — check annotation,These three meetings will be held in lieu of the local PPC/NQF meetings for that month. 1407 Each member of a PPC shall 
KAISER_C_0275,HARD,No recognizable entities — check annotation,Payments to Nurses who attend such meetings shall not constitute time worked for any purpose under the Agreement. 1408 T
KAISER_C_0279,HARD,No recognizable entities — check annotation,(4) Nurse Practitioners (representing all primary care units and specialty care areas) shall make up the NP PPC at any f
KAISER_C_0280,HARD,No recognizable entities — check annotation,"(6) Nurse Practitioners shall make up the committee, of which at least two"
KAISER_C_0181,HARD,No recognizable entities — check annotation,"(2) Nurses have the same seniority date, the following method shall be implemented for breaking any seniority ties: Firs"
KAISER_C_0312,HARD,No recognizable entities — check annotation,The Parties will select a third party chairperson who is experienced in the healthcare industry and with expertise in st
KAISER_C_0104,HARD,No recognizable entities — check annotation,Section D – Rest Periods 719 Each Nurse shall be granted a rest period of fifteen (15) minutes during each half shift wi
KAISER_C_0096,HARD,No recognizable entities — check annotation,"If it is not possible on the day overtime is worked to secure authorization in advance, the Nurse shall record the overt"
KAISER_C_0106,HARD,No recognizable entities — check annotation,Section E – Alternative Shifts 721 The Parties agree that the RN/NP working a ten-hour shift in a round-theclock unit sh
KAISER_C_0108,HARD,No recognizable entities — check annotation,RNs/NPs in a ten (10) or twelve (12) hour shift position shall be paid prorated holiday pay up to eight
KAISER_C_0111,HARD,No recognizable entities — check annotation,"RNs/NPs in ten (10) or twelve (12) hour positions shall be entitled to bid on open positions at any time, without regard"
KAISER_C_0048,HARD,Could not parse numeric value: empty string,NP I shall participate in a Nurse Practitioner mentoring program within the first six
KAISER_C_0048,HARD,Could not determine unit: empty string,NP I shall participate in a Nurse Practitioner mentoring program within the first six
KAISER_C_0113,HARD,No recognizable entities — check annotation,No medical center shall post or fill more than 30% of its RN/NP positions as twelve (12) hour shifts under this provisio
KAISER_C_0092,HARD,No recognizable entities — check annotation,"(8) hours in consecutive time excluding meal period, such Nurse shall be paid at time and one-half (1 1/2) the Nurse's s"
KAISER_C_0056,HARD,No recognizable entities — check annotation,"518 When a RN is assigned to perform preceptor duties, the preceptor and preceptee shall share a single assignment and o"
KAISER_C_0071,HARD,No recognizable entities — check annotation,"Nurses may submit a notice to remove themselves from the list at any time, with a minimum of thirty (30) days notice, bu"
KAISER_C_0072,SOFT,No recognizable entities — check annotation,An RN may request to terminate his/her twelve (12) week obligation prior to fulfilling the twelve (12) weeks which will 
KAISER_C_0072,SOFT,Could not parse numeric value: empty string,An RN may request to terminate his/her twelve (12) week obligation prior to fulfilling the twelve (12) weeks which will 
KAISER_C_0072,SOFT,Could not determine unit: empty string,An RN may request to terminate his/her twelve (12) week obligation prior to fulfilling the twelve (12) weeks which will 
KAISER_C_0074,HARD,No recognizable entities — check annotation,No other nurse shall float out of their home unit during the first three
KAISER_C_0060,HARD,No recognizable entities — check annotation,Section F – Float Department 520 Each Medical Center shall establish a Float Department.
KAISER_C_0057,HARD,Could not parse numeric value: empty string,"The shared assignment shall be reduced during the initial precepting phase, for two"
KAISER_C_0057,HARD,Could not determine unit: empty string,"The shared assignment shall be reduced during the initial precepting phase, for two"
KAISER_C_0086,HARD,No recognizable entities — check annotation,A Nurse exercising this option shall be granted two
KAISER_C_0086,HARD,Could not parse numeric value: empty string,A Nurse exercising this option shall be granted two
KAISER_C_0086,HARD,Could not determine unit: empty string,A Nurse exercising this option shall be granted two
KAISER_C_0116,SOFT,No recognizable entities — check annotation,The above weekend off provisions may be waived on the written request of the individual Nurse.
KAISER_C_0117,HARD,No recognizable entities — check annotation,"In order to qualify for third weekend pay, the Nurse must perform work on the second of three consecutive weekend period"
KAISER_C_0118,HARD,No recognizable entities — check annotation,All hours worked on the third and following consecutive weekends shall be paid at the penalty rate and payment shall be 
KAISER_C_0151,SOFT,No recognizable entities — check annotation,Section O – Absence Notification 743 Any Nurse who is unable to report to work on any scheduled shift shall use reasonab
KAISER_C_0037,HARD,No recognizable entities — check annotation,Any Nurse designated as a Regular Nurse shall accumulate and receive all fringe benefits as provided in this Agreement w
KAISER_C_0153,HARD,Could not parse numeric value: empty string,"Section R - Correction of Payroll Errors 753 At the Nurse’s request, an off-cycle payment shall be issued for an underpa"
KAISER_C_0153,HARD,Could not determine unit: empty string,"Section R - Correction of Payroll Errors 753 At the Nurse’s request, an off-cycle payment shall be issued for an underpa"
KAISER_C_0155,HARD,No recognizable entities — check annotation,(8) hours will be added to the next paycheck. 754 Payroll shall make diligent efforts to verify and correct any payroll 
KAISER_C_0160,HARD,No recognizable entities — check annotation,"When a Nurse changes status, the following adjustments shall apply with respect to seniority accumulation: Effective Sep"
KAISER_C_0163,HARD,No recognizable entities — check annotation,No Nurse shall accumulate more than one
KAISER_C_0166,HARD,No recognizable entities — check annotation,"The total number of hours shall then be divided by one hundred forty five (145) for all hours worked before September 1,"
KAISER_C_0168,HARD,No recognizable entities — check annotation,Each entity shall establish the department applicable to its particular operations.
KAISER_C_0170,SOFT,No recognizable entities — check annotation,Section B – Availability For Extra Shifts 809 Registered Nurses who wish to work additional shifts beyond their regular 
KAISER_C_0172,SOFT,No recognizable entities — check annotation,"Prior to offering third weekend penalty pay, the facility may offer extra shifts to Nurses who have not indicated formal"
KAISER_C_0173,SOFT,No recognizable entities — check annotation,Registry and travelers may be offered extra shifts only after the above process has been followed and has not been succe
KAISER_C_0122,SOFT,No recognizable entities — check annotation,This provision may be waived on the request of the individual Nurse and with the agreement of the supervisor.
KAISER_C_0128,SOFT,No recognizable entities — check annotation,This provision may be waived on the request of an individual Nurse and with the agreement of the Supervisor as provided 
KAISER_C_0129,SOFT,No recognizable entities — check annotation,"Section K – Waivers The above Article VII, Section G – Weekends Off, Section H – Rest Between Shifts, Section I – Premiu"
KAISER_C_0130,HARD,No recognizable entities — check annotation,"The facility shall maintain a record of such agreement, in either electronic or paper format."
KAISER_C_0131,HARD,No recognizable entities — check annotation,shall be in writing and the individual Nurse shall indicate the time period during which such waiver shall be in effect.
KAISER_C_0132,HARD,No recognizable entities — check annotation,The facility shall furnish a copy of such written waiver to the Nurse Representative at that facility designated by the 
KAISER_C_0133,HARD,Could not parse numeric value: empty string,Section L – Premium Pay for Seventh Consecutive Day 734 Employees shall be paid at the rate of double the straight time 
KAISER_C_0133,HARD,Could not determine unit: empty string,Section L – Premium Pay for Seventh Consecutive Day 734 Employees shall be paid at the rate of double the straight time 
KAISER_C_0139,HARD,No recognizable entities — check annotation,"This provision shall not affect Article XXVIII, Section A – Recognized Holidays, paragraph 2807, guaranteeing each Regul"
KAISER_C_0313,HARD,No recognizable entities — check annotation,"Within that forty-five (45) day period, a summary of the information exchanged between the Parties on the problem since "
KAISER_C_0460,HARD,No recognizable entities — check annotation,"For those Nurses whose appointments are away from the facility where they work, the appointment shall be scheduled so th"
KAISER_C_0467,HARD,No recognizable entities — check annotation,Payments received in the form of basic UCD benefits shall not be charged against the Nurse's accumulated sick leave.
KAISER_C_0474,HARD,No recognizable entities — check annotation,Such paid vacation shall be charged against the Nurse’s vacation accrual for the Nurse’s first twelve (12) months of con
KAISER_C_0474,HARD,Could not parse numeric value: empty string,Such paid vacation shall be charged against the Nurse’s vacation accrual for the Nurse’s first twelve (12) months of con
KAISER_C_0474,HARD,Could not determine unit: empty string,Such paid vacation shall be charged against the Nurse’s vacation accrual for the Nurse’s first twelve (12) months of con
KAISER_C_0477,HARD,No recognizable entities — check annotation,"To implement this provision, each Nurse who wishes to exercise this option shall, at any time prior to the completion of"
KAISER_C_0479,HARD,No recognizable entities — check annotation,A Nurse exercising this option shall receive the extra weeks’ vacation.
KAISER_C_0480,HARD,No recognizable entities — check annotation,A Nurse may not change the option until the Nurse’s next anniversary year.
KAISER_C_0489,SOFT,No recognizable entities — check annotation,"With regard to nonprescheduled vacation requests, operational needs of the unit shall be considered in making such deter"
KAISER_C_0456,HARD,Could not parse numeric value: empty string,Each Regular part-time Nurse shall accumulate sick leave at the prorated rate pursuant to paragraph 2401.
KAISER_C_0456,HARD,Could not determine unit: empty string,Each Regular part-time Nurse shall accumulate sick leave at the prorated rate pursuant to paragraph 2401.
KAISER_C_0430,HARD,Could not parse numeric value: empty string,Evening Shift Definition 2343 An evening shift shall be defined as any shift of four
KAISER_C_0430,HARD,Could not determine unit: empty string,Evening Shift Definition 2343 An evening shift shall be defined as any shift of four
KAISER_C_0314,SOFT,No recognizable entities — check annotation,"Any representative on the Panel may request, and shall receive, relevant information from the representative of the othe"
KAISER_C_0434,HARD,No recognizable entities — check annotation,Multi-Medical Center 2347 All RNs/NPs who work at locations in both columns A and B in the chart in paragraph 910 based 
KAISER_C_0439,HARD,No recognizable entities — check annotation,Call Back On Standby 2354 Nurses on standby duty who are called in to work shall be compensated for the time worked at o
KAISER_C_0440,HARD,No recognizable entities — check annotation,"However, the total hours of work paid at time and one-half (1 1/2) shall not exceed the number of hours in the standby p"
KAISER_C_0440,HARD,Could not parse numeric value: max_hours=standby_hours,"However, the total hours of work paid at time and one-half (1 1/2) shall not exceed the number of hours in the standby p"
KAISER_C_0440,HARD,Could not determine unit: max_hours=standby_hours,"However, the total hours of work paid at time and one-half (1 1/2) shall not exceed the number of hours in the standby p"
KAISER_C_0441,HARD,No recognizable entities — check annotation,Not on Standby 2355 A Regular full-time Nurse who has completed a shift and leaves the facility but is recalled to work 
KAISER_C_0444,HARD,Could not parse numeric value: empty string,Payment for relief in higher classification shall be made for four
KAISER_C_0444,HARD,Could not determine unit: empty string,Payment for relief in higher classification shall be made for four
KAISER_C_0448,SOFT,No recognizable entities — check annotation,"Section H – Language Skills 2361 Within ninety (90) days of the ratification of this Agreement, the parties agree to mee"
KAISER_C_0452,HARD,Could not parse numeric value: empty string,"Section B – Short-Hour, Temporary and Per diem Nurses 2402 Short-Hour, Temporary and Per diem Nurses shall receive one a"
KAISER_C_0452,HARD,Could not determine unit: empty string,"Section B – Short-Hour, Temporary and Per diem Nurses 2402 Short-Hour, Temporary and Per diem Nurses shall receive one a"
KAISER_C_0455,HARD,No recognizable entities — check annotation,Effective after the completion of the fourth year of employment each Regular Nurse shall accumulate sick leave at the ra
KAISER_C_0428,HARD,No recognizable entities — check annotation,Effective Date 2340 Tenure increases shall become effective at the beginning of the first full payroll period nearest th
KAISER_C_0515,HARD,No recognizable entities — check annotation,Major Holidays Off 2807 Each Nurse qualifying for paid holidays shall be scheduled off work on at least one
KAISER_C_0516,HARD,No recognizable entities — check annotation,"Section C – Holiday Eligibility 2810 To be eligible for holiday pay, including personal birthday, a Nurse shall have suc"
KAISER_C_0519,SOFT,No recognizable entities — check annotation,The date upon which the Nurse takes the compensatory time off shall be set only by mutual agreement between the Nurse an
KAISER_C_0525,SOFT,Could not parse numeric value: empty string,"If Thanksgiving, Christmas or New Year's Day falls on a day normally scheduled to work and the employee works such holid"
KAISER_C_0525,SOFT,Could not determine unit: empty string,"If Thanksgiving, Christmas or New Year's Day falls on a day normally scheduled to work and the employee works such holid"
KAISER_C_0532,HARD,No recognizable entities — check annotation,"2902 The various areas covered above shall include those sponsored by a hospital, educational institutions, government a"
KAISER_C_0536,HARD,No recognizable entities — check annotation,Method of Payment 2909 A Nurse shall be paid for educational leave if the educational program occurs on a day that the N
KAISER_C_0537,HARD,No recognizable entities — check annotation,Such leave shall not count as time worked for the purpose of determining eligibility for overtime. 2910 If the education
KAISER_C_0538,HARD,No recognizable entities — check annotation,The facility shall notify the Nurse of the option it elects at the time it approves the leave request.
KAISER_C_0491,HARD,No recognizable entities — check annotation,Schedule Preference 2713 If staffing and patient care requirements do not permit all Nurses requesting a certain vacatio
KAISER_C_0492,SOFT,No recognizable entities — check annotation,Vacation Segments 2714 Nurses may split their vacation into increments of not less than one
KAISER_C_0017,HARD,No recognizable entities — check annotation,Remittance 308 Deductions shall be made bi-weekly and remitted to the California Nurses Association.
KAISER_C_0495,SOFT,No recognizable entities — check annotation,Deferred Vacation 2716 It is the intention of the Parties to this Agreement that the vacation time to which a Nurse is e
KAISER_C_0496,SOFT,No recognizable entities — check annotation,"A Nurse may, because of a disability which may necessitate a postponement of the vacation or because of an approved leav"
KAISER_C_0009,SOFT,No recognizable entities — check annotation,If a Nurse who has elected to make charitable contributions in lieu of paying membership dues requests to CNA to use the
KAISER_C_0008,HARD,No recognizable entities — check annotation,The Nurse must show proof to CNA of having made the contributions to charity in the amount of membership dues on a month
KAISER_C_0503,SOFT,No recognizable entities — check annotation,Section G – Vacation Buy Back 2719 Nurses may elect to cash out up to one hundred sixty (160) hours of Vacation per year
KAISER_C_0432,HARD,Could not parse numeric value: premium=minimum hourly wage,Split Shift Differential 2345 Nurses performing work on split shifts shall be paid a premium equal to the minimum hourly
KAISER_C_0432,HARD,Could not determine unit: premium=minimum hourly wage,Split Shift Differential 2345 Nurses performing work on split shifts shall be paid a premium equal to the minimum hourly
KAISER_C_0358,HARD,No recognizable entities — check annotation,Disputes regarding the application of the Nurse Practitioner peer review educational process shall be referred to the fa
KAISER_C_0344,HARD,No recognizable entities — check annotation,Section F – Appeal Process 1662 Any applicant denied the Clinical Expert designation may appeal the decision of the Faci
KAISER_C_0345,HARD,No recognizable entities — check annotation,The appeal shall not contain any application information that was not submitted with the original application as a justi
KAISER_C_0346,SOFT,No recognizable entities — check annotation,"If the appeal is denied, the Nurse may appeal that decision to the Regional Appeals Committee no later than thirty (30) "
KAISER_C_0349,SOFT,No recognizable entities — check annotation,"In addition, the Regional Appeals Committee may review the Nurse's original application materials and the Facility Selec"
KAISER_C_0354,HARD,No recognizable entities — check annotation,Section D – Peer Review 1704 Each NP PPC shall ensure that a Nurse Practitioner peer review educational process is estab
KAISER_C_0357,SOFT,No recognizable entities — check annotation,"Such activities may take place during existing department educational meetings, NP peer group meetings, or at other time"
KAISER_C_0363,SOFT,No recognizable entities — check annotation,Masters/Post-Masters/Doctoral Degree courses shall apply if applicable to clinical specialty and are recognized by the B
KAISER_C_0364,HARD,No recognizable entities — check annotation,This number must equal twenty-four (24) hours or more in order for a Nurse Practitioner to meet the hours worked qualifi
KAISER_C_0366,SOFT,No recognizable entities — check annotation,Additional activities may be considered with unanimous consent of the local NP III Selection Committee.
KAISER_C_0368,HARD,No recognizable entities — check annotation,This only applies to those Nurse Practitioners who obtained national certification after their initial date of hire. 181
KAISER_C_0029,HARD,No recognizable entities — check annotation,Section L – Nurse Representative 320 The California Nurses Association may appoint Nurse Representatives who shall be no
KAISER_C_0370,SOFT,No recognizable entities — check annotation,(6) months per year (alternate time frame may be considered with unanimous consent of the local NP III facility selectio
KAISER_C_0030,HARD,No recognizable entities — check annotation,"In handling grievances, the Nurse Representative shall only deal with representatives of the facility designated to hand"
KAISER_C_0318,HARD,No recognizable entities — check annotation,"If the Special Review Panel is unable to agree on a resolution, the neutral third party may resolve the difference and s"
KAISER_C_0319,HARD,No recognizable entities — check annotation,"prescribing levels and ratios, and the Special Review Panel, including the neutral third party, shall have no jurisdicti"
KAISER_C_0326,SOFT,No recognizable entities — check annotation,Either the applicant or the committee may request an alternate if there is a direct line relationship between the applic
KAISER_C_0328,SOFT,No recognizable entities — check annotation,1611 A content expert may be called if the committee has limited knowledge of the applicant's specialty area.
KAISER_C_0334,HARD,No recognizable entities — check annotation,The applicant shall contact a member of the Facility Selection Committee to verify completeness of the application prior
KAISER_C_0339,SOFT,No recognizable entities — check annotation,A written explanation or description of the course content's applicability may be requested with the portfolio by the co
KAISER_C_0372,HARD,No recognizable entities — check annotation,"(2) NP IIIs (one shall be a co-chair): If there are no NP IIIs in the facility, two"
KAISER_C_0414,HARD,Could not parse numeric value: empty string,"Short-Hour, Temporary and Per diem Nurses - Daily Rate 2317 All Short-Hour, Temporary and Per diem Nurses shall be paid "
KAISER_C_0414,HARD,Could not determine unit: empty string,"Short-Hour, Temporary and Per diem Nurses - Daily Rate 2317 All Short-Hour, Temporary and Per diem Nurses shall be paid "
KAISER_C_0397,SOFT,No recognizable entities — check annotation,The inservice educational programs based on results of the annual surveys will begin by September 30th. 1904 The NQFs ma
KAISER_C_0398,HARD,No recognizable entities — check annotation,"When no NP II or NP III is available to mentor, a physician or other appropriate clinician mentor shall be designated. 2"
KAISER_C_0402,HARD,No recognizable entities — check annotation,"In emergency situations where the immediate nature of the patient's needs will not allow for substitution, the patient's"
KAISER_C_0404,HARD,No recognizable entities — check annotation,Such examination shall be conducted during the Nurse's non-working hours.
KAISER_C_0405,SOFT,No recognizable entities — check annotation,The examining licensed provider may utilize diagnostic tests as deemed appropriate.
KAISER_C_0408,HARD,Could not parse numeric value: empty string,Advancement to Staff Nurse II 2312 A Staff Nurse I shall receive the appropriate Staff Nurse I salary for the first six
KAISER_C_0408,HARD,Could not determine unit: empty string,Advancement to Staff Nurse II 2312 A Staff Nurse I shall receive the appropriate Staff Nurse I salary for the first six
KAISER_C_0413,HARD,No recognizable entities — check annotation,Registered Nurses who are promoted to the Nurse Practitioner II classification based on prior NP experience shall be mov
KAISER_C_0389,SOFT,No recognizable entities — check annotation,"In addition, the Regional Appeals Committee may review the Nurse Practitioner's original application materials and the F"
KAISER_C_0376,SOFT,No recognizable entities — check annotation,A content expert may be called if the committee has limited knowledge of the applicant’s specialty area.
KAISER_C_0377,HARD,No recognizable entities — check annotation,Any NP II serving on the committee will be replaced by an alternate for review of her/his application for NP III classif
KAISER_C_0425,HARD,No recognizable entities — check annotation,"Short-Hour, Temporary and Per diem Nurses 2331 Short-Hour, Temporary and Per diem Nurses shall be eligible for progressi"
KAISER_C_0421,SOFT,No recognizable entities — check annotation,Other Experience 2321 Tenure credit for previous employment which does not fully conform to the above definition of prev
KAISER_C_0378,HARD,No recognizable entities — check annotation,Applicants shall be notified within ten (10) business days after this meeting of the Facility Selection Committee’s deci
KAISER_C_0379,SOFT,No recognizable entities — check annotation,Term & Vacancies 1826 Facility Selection Committee members may serve a maximum of three
KAISER_C_0380,HARD,No recognizable entities — check annotation,Rotation will be staggered to provide continuity to the panel. 1827 Facility Selection Committee vacancies are to be pub
KAISER_C_0381,HARD,Could not parse numeric value: empty string,Section E – Maintenance of NP III Designation 1829 Each appointment as NP III shall be made for three
KAISER_C_0381,HARD,Could not determine unit: empty string,Section E – Maintenance of NP III Designation 1829 Each appointment as NP III shall be made for three
KAISER_C_0383,SOFT,No recognizable entities — check annotation,Additional activities may be considered with the unanimous consent of the local NP III selection committee.
KAISER_C_0385,SOFT,No recognizable entities — check annotation,(3) years (alternate time frame may be considered with unanimous consent of the local NPIII facility selection committee
KAISER_C_0386,HARD,No recognizable entities — check annotation,Section F – Appeal Process 1849 Any applicant denied the Clinical Expert designation may appeal the decision of the Faci
KAISER_C_0387,SOFT,No recognizable entities — check annotation,"If the appeal is denied, the Nurse Practitioner may appeal that decision to the Regional Appeals Committee no later than"
KAISER_C_0535_p1,SOFT,No recognizable entities — check annotation,"When educational leave requests are made with less than 30 days’ notice, operational needs of the unit shall be consider"
KAISER_C_0689_p2,HARD,No recognizable entities — check annotation,0) days after the expiration of the time for settling the grievance in Step Three. 4111 In discharge and suspension case
KAISER_C_0689_p3,HARD,No recognizable entities — check annotation,"0) days after submission, except in situations where either Party requires a written brief, in which case the award and "
KAISER_C_0179_p3,HARD,No recognizable entities — check annotation,"2) hours shall remain on the availability list until the shift commences, but such Nurses shall not have any displacemen"
KAISER_C_0400,SOFT,No recognizable entities — check annotation,"In the case of therapeutic abortions, the nursing profession accepts the obligation of providing competent nursing care "
KAISER_C_0644_p2,HARD,No recognizable entities — check annotation,Any RN assigned to a patient suspected of having an infectious disease shall be provided and use the same PPE and precau
KAISER_C_0391_p1,SOFT,No recognizable entities — check annotation,Transfers to another area of clinical specialty within the same facility or another facility will require application fo
KAISER_C_0391_p2,SOFT,No recognizable entities — check annotation,"The Regional Appeals Committee will determine individual exceptions to eligibility on a case-by-case, non-precedent sett"
KAISER_C_0391_p3,HARD,No recognizable entities — check annotation,The decision of the Regional Appeals Committee is final and binding and shall not be subject to the provisions of Articl
KAISER_C_0352,SOFT,No recognizable entities — check annotation,"(3) year classification. 1672 Transfers to another area of clinical specialty require application for Staff Nurse III, S"
KAISER_C_0320_p3,SOFT,No recognizable entities — check annotation,"1) of the NLRA. 1430 Time limits contained in this provision may be extended by mutual agreement, or at the reasonable r"
KAISER_C_0847_p1,SOFT,No recognizable entities — check annotation,The Parties shall mutually agree upon agendas for the Nursing Quality Forum meetings that further these goals.
KAISER_C_0847_p3,HARD,No recognizable entities — check annotation,The Staff Nurse/Nurse Practitioner co-chair of the Nursing Quality Forum shall be given one hour to prepare an agenda to
KAISER_C_0847_p5,HARD,No recognizable entities — check annotation,Activities of and issues before the Nursing Quality Forums shall not be subject to either the grievance and arbitration 
KAISER_C_0390,HARD,No recognizable entities — check annotation,1854 The Regional Appeals Committee may overturn the decision of the Facility Selection Committee only when there is cle
KAISER_C_0718,HARD,No recognizable entities — check annotation,(7) calendar days provided for filing in Step Two shall commence from the date that the notice to the Association is pos
KAISER_C_0850_p1,SOFT,No recognizable entities — check annotation,"However, none of the provisions related to the Nursing Quality Forums shall restrict a RN/NP’s right to request review o"
KAISER_C_0850_p4,SOFT,No recognizable entities — check annotation,Agreed upon Patient Safety improvement efforts shall be sponsored by nursing leadership.
KAISER_C_0860_p1,SOFT,No recognizable entities — check annotation,"Temporary or long-term reassignments of duties that will meet operational needs of a department, may be offered to Nurse"
KAISER_C_0860_p2,HARD,No recognizable entities — check annotation,The successful NP candidate must have the skills and required competencies for the position to which the NP is assigned.
KAISER_C_0860_p5,HARD,No recognizable entities — check annotation,"An appropriate Supervising Physician must be identified, in accordance with the requirements of the Standardized Procedu"
KAISER_C_0484,HARD,No recognizable entities — check annotation,"However, they are entitled to time off in full week increments pursuant to paragraph 2708, unless otherwise requested. 2"
KAISER_C_0608,HARD,No recognizable entities — check annotation,"(6) months, except in the case of Association Leaves (see paragraphs 3517-3520 below). 3504 For Registered Nurses who ha"
KAISER_C_0608,HARD,Could not parse numeric value: empty string,"(6) months, except in the case of Association Leaves (see paragraphs 3517-3520 below). 3504 For Registered Nurses who ha"
KAISER_C_0608,HARD,Could not determine unit: empty string,"(6) months, except in the case of Association Leaves (see paragraphs 3517-3520 below). 3504 For Registered Nurses who ha"
KAISER_C_0561_p3,SOFT,Could not parse numeric value: max_contribution=determined annually,0) on 1/1/25 for the 2025 Plan Year. • The maximum HCSA voluntary employee contribution is determined each year by the I
KAISER_C_0561_p3,SOFT,Could not determine unit: max_contribution=determined annually,0) on 1/1/25 for the 2025 Plan Year. • The maximum HCSA voluntary employee contribution is determined each year by the I
KAISER_C_0553_p1,HARD,No recognizable entities — check annotation,Night shift Nurses shall be excused from work on the night immediately preceding or immediately following service on jur
KAISER_C_1079,HARD,No recognizable entities — check annotation,Pre-Retirement Termination: In the event that a nurse terminates employment with Kaiser Permanente after becoming vested
KAISER_C_1050_p6,SOFT,No recognizable entities — check annotation,The policy will outline a timeframe for a status report back to the affected unit.
KAISER_C_1030,HARD,Could not parse numeric value: bilingual_rate=adjusted to no less than other unions' rate,"To be implemented, any such modifications shall only be made by written mutual agreement. 321 KAISER PERMANENTE AND CNA "
KAISER_C_1030,HARD,Could not determine unit: bilingual_rate=adjusted to no less than other unions' rate,"To be implemented, any such modifications shall only be made by written mutual agreement. 321 KAISER PERMANENTE AND CNA "
KAISER_C_0518_p1,HARD,Could not parse numeric value: empty string,Section D – Holiday Pay Practices Full-time Regular Nurses 2811 A full-time Regular Nurse who works on a recognized holi
KAISER_C_0518_p1,HARD,Could not determine unit: empty string,Section D – Holiday Pay Practices Full-time Regular Nurses 2811 A full-time Regular Nurse who works on a recognized holi
KAISER_C_0427_p2,HARD,No recognizable entities — check annotation,0) hours since progressing to the eleventh year tenure step. 2335 Short-Hour and Per diem Nurses shall progress to the t
KAISER_C_0427_p3,SOFT,No recognizable entities — check annotation,0) years of continuous service (not broken by termination) with Kaiser Permanente if they are presently at the sixteenth
KAISER_C_0427_p4,HARD,No recognizable entities — check annotation,0) hours of work since progressing to the sixteenth year tenure step. 2336 Short-Hour and Per diem Nurses shall progress
KAISER_C_0427_p5,SOFT,No recognizable entities — check annotation,5) years of continuous service (not broken by termination) with Kaiser Permanente if they are presently at the twenty-fi
KAISER_C_0427_p6,HARD,No recognizable entities — check annotation,0) hours of work since progressing to the twenty-first year tenure step. 2337 Short-Hour and Per diem Nurses shall progr
KAISER_C_0427_p7,SOFT,No recognizable entities — check annotation,0) years of continuous service (not broken by termination) with Kaiser Permanente if they are presently at the twentysix
KAISER_C_0427_p9,SOFT,No recognizable entities — check annotation,5) years of continuous service (not broken by termination) with Kaiser Permanente if they are presently at the thirty-fi
KAISER_C_0350_p1,HARD,No recognizable entities — check annotation,This decision shall be provided to the applicant within thirty (
KAISER_C_0350_p1,HARD,Could not parse numeric value: empty string,This decision shall be provided to the applicant within thirty (
KAISER_C_0350_p1,HARD,Could not determine unit: empty string,This decision shall be provided to the applicant within thirty (
KAISER_C_0350_p2,HARD,No recognizable entities — check annotation,0) calendar days after the Regional Appeals Committee’s meeting. 1667 The Regional Appeals Committee may overturn the de
KAISER_C_0335_p1,HARD,No recognizable entities — check annotation,"4) months, no later than March 1, July 1 and November 1. 1643 Attend a Facility Selection Committee meeting for intervie"
KAISER_C_0335_p3,HARD,No recognizable entities — check annotation,0) days of the applicable deadlines. 1646 Applicants will be notified of the committee's decision within ten business da
KAISER_C_0399,HARD,No recognizable entities — check annotation,"However, other Nurse Practitioners may assume responsibility for a newly hired Nurse Practitioner in the absence of the "
KAISER_C_0424_p1,HARD,No recognizable entities — check annotation,2328 Regular Nurses shall progress to the thirty-first year tenure step upon completion of thirty (
KAISER_C_0424_p2,HARD,No recognizable entities — check annotation,0) years of continuous service (not broken by termination) with Kaiser Permanente if they are presently at the twentysix
KAISER_C_0424_p3,SOFT,No recognizable entities — check annotation,5) years of continuous service (not broken by termination) with Kaiser Permanente if they are presently at the thirty-fi
KAISER_C_0423_p1,HARD,No recognizable entities — check annotation,7) years of continuous service (not broken by termination) with Kaiser Permanente if they are presently at the fifth yea
KAISER_C_0423_p2,HARD,No recognizable entities — check annotation,0) years of continuous service (not broken by termination) with Kaiser Permanente if they are presently at the eighth ye
KAISER_C_0423_p3,HARD,No recognizable entities — check annotation,5) years of continuous service (not broken by termination) with Kaiser Permanente if they are presently at the eleventh 
KAISER_C_0423_p4,HARD,No recognizable entities — check annotation,0) years of continuous service (not broken by termination) with Kaiser Permanente if they are presently at the sixteenth
KAISER_C_0423_p5,HARD,No recognizable entities — check annotation,5) years of continuous service (not broken by termination) with Kaiser Permanente if they are presently at the twenty-fi
2021-202_0394,HARD,No recognizable entities — check annotation,"A part-timer shall not receive premium overtime hours prior to full-timers, unless he/she has greater classification sen"
2021-202_0650,HARD,No recognizable entities — check annotation,"No recommendation by the mediator shall be in writing (except as the parties may agree) and no positions, testimony or s"
2021-202_0657,HARD,No recognizable entities — check annotation,Matters over which CIPC has jurisdiction under this Agreement shall be subject to the aforementioned arbitration process
2021-202_0339,HARD,No recognizable entities — check annotation,Disputes may be referred to CIPC but shall not be subject to arbitration.
2021-202_0770,HARD,No recognizable entities — check annotation,(a) The Credited Future Service benefit calculation formula for Participants who commence participation on or after Augu
2021-202_0766,HARD,No recognizable entities — check annotation,"Unless extended by mutual agreement, the “Contract Language” and “Data and Measurement” Sub-committees shall make a join"
2021-202_0638,SOFT,No recognizable entities — check annotation,"Anything to the contrary herein notwithstanding, a grievance concerning a discharge or suspension may be presented initi"
2021-202_0327,HARD,No recognizable entities — check annotation,"Except to the extent that the prior practice of a particular institution is to the contra1y, there shall be no further a"
2021-202_0685,SOFT,No recognizable entities — check annotation,"Voluntary Arbitration Project: In order to reduce the delay and cost of arbitrations, the parties agree to establish a p"
2021-202_0900,HARD,No recognizable entities — check annotation,The League and 1199 further agree that this letter shall be confidential and shall not be released except to members of 
2021-202_0518,SOFT,No recognizable entities — check annotation,"(iii) The Fund administration, together with the actuaries, shall develop a practicable contribution methodology, subjec"
2021-202_0635,SOFT,No recognizable entities — check annotation,Scheinman shall resolve the issue of determining if there is a bona fide overload and the procedure that should apply in
2021-202_0512,HARD,Could not parse numeric value: RCR=,The Employer shall continue to contribute to the 1199SEIU National Benefit Fund for Health and Human Service Employees (
2021-202_0512,HARD,Could not determine unit: RCR=,The Employer shall continue to contribute to the 1199SEIU National Benefit Fund for Health and Human Service Employees (
2021-202_0509,HARD,No recognizable entities — check annotation,"All matters concerning the particulars of such programs including, among others, questions of eligibility, limitations, "
2021-202_0623,SOFT,No recognizable entities — check annotation,"If the grievance is not settled in Step 1, the grievance may, within five"
2021-202_0682,HARD,No recognizable entities — check annotation,The parties shall designate a panel of six
2021-202_0514,HARD,No recognizable entities — check annotation,The NBF shall comply with the requirements of Section 358-3.1 of the New York State Paid Family Leave Benefits Law.
2021-202_0629,SOFT,Could not parse numeric value: empty string,The Employer shall use its best efforts to render its written decision within five
2021-202_0629,SOFT,Could not determine unit: empty string,The Employer shall use its best efforts to render its written decision within five
2021-202_0643,HARD,No recognizable entities — check annotation,(a) Upon the request of either party a grievance not resolved at the third step shall be submitted to mediation within t
2021-202_0655,HARD,No recognizable entities — check annotation,"In the absence of a resolution by the Contract Interpretation and Policy Committee, the issue shall be submitted to the "
2021-202_0658,SOFT,No recognizable entities — check annotation,"To expedite its assignments and to deal with routine matters, the Contract Interpretation and Policy Committee may estab"
2021-202_0645,HARD,No recognizable entities — check annotation,If the volume of mediation exceeds the scheduling capability of FMCS or FMCS is otherwise unable to provide the necessar
2021-202_0648,SOFT,No recognizable entities — check annotation,(c) The parties may present up to five
2021-202_0644,HARD,No recognizable entities — check annotation,(b) The parties shall utilize the Federal Mediation and Conciliation Service (“FMCS”) to administer the mediation proced
2021-202_0540,HARD,No recognizable entities — check annotation,Such PF at all times shall take whatever action is necessary to secure and retain approval of the U.S.
2021-202_0542,HARD,Could not parse numeric value: empty string,"The Employer shall remit the contributions required under Articles IXA, XXII, XXIII, XXIV, XXXVII and XLII to the Funds "
2021-202_0542,HARD,Could not determine unit: empty string,"The Employer shall remit the contributions required under Articles IXA, XXII, XXIII, XXIV, XXXVII and XLII to the Funds "
2021-202_0576,SOFT,No recognizable entities — check annotation,"2021-2024 1199-LEAGUE AGREEMENT 81 subcontracted services shall, at any time in the future, be increased by a figure in "
2021-202_0567,HARD,No recognizable entities — check annotation,The total amount of contributions redirected to the NBF and/or TUF shall be in the same amount as the reduction in contr
2021-202_0558,HARD,No recognizable entities — check annotation,"If the parties are unable to agree, such disputes shall be handled in accordance with Article XXXII until such time as t"
2021-202_0553,HARD,No recognizable entities — check annotation,"In such a case, interest upon the principal amounts determined by the Certified Public Accountant retained by the Fund s"
2021-202_0612,HARD,No recognizable entities — check annotation,"In such event, the dispute shall be submitted and determined under the grievance and arbitration procedure hereinafter s"
2021-202_0524,SOFT,No recognizable entities — check annotation,"Effective May 1, 2005, and every twelve (12) months thereafter, a consultant retained by the Committee shall determine i"
2021-202_0607,HARD,Could not parse numeric value: advance_notice=initial annual vacation entitlement,An Employee who resigns shall give the Employer advance notice equal to the initial annual vacation entitlement for his/
2021-202_0607,HARD,Could not determine unit: advance_notice=initial annual vacation entitlement,An Employee who resigns shall give the Employer advance notice equal to the initial annual vacation entitlement for his/
2021-202_0534,HARD,No recognizable entities — check annotation,"(d)The parties shall direct the PF to perform an annual Pension Verification Program (PVP) for 50% of pensioners, benefi"
2021-202_0533,HARD,No recognizable entities — check annotation,(c) The parties shall direct the PF trustees to extend amortization bases as set forth in the side letter dated November
2021-202_0532,HARD,No recognizable entities — check annotation,"(ii) Retiree Bonus: Each Retiree and Beneficiary of the PF, including Alternate Payees and Qualified Pre-Retirement Spou"
2021-202_0933,HARD,No recognizable entities — check annotation,"Any disputes regarding the funding of the Programs, the specific amounts of funding or the specific sources of funding s"
2021-202_0916,HARD,No recognizable entities — check annotation,LPN in charge pay: When an LPN is designated as “in charge of the Facility” she/he shall receive three
2021-202_0883,HARD,No recognizable entities — check annotation,"2021-2024 1199-LEAGUE AGREEMENT 143 EXHIBIT A TO ATTACHMENT A (CONTINUED) INFORMATION SHEET Under federal law, whether t"
2021-202_0898,HARD,No recognizable entities — check annotation,(b) above shall be offered or received in any arbitration or other action or proceeding arising out of a dispute concern
2021-202_0906,HARD,No recognizable entities — check annotation,The following recognition procedures shall apply to all facilities covered by this proposal.
2021-202_0907,HARD,No recognizable entities — check annotation,The parties shall not engage in conduct which undermines these procedures. 10.
2021-202_0688,HARD,No recognizable entities — check annotation,(b) An administrator shall be appointed and his or her salary and all administrative expenses will be paid by the LMI Fu
2021-202_0732,HARD,No recognizable entities — check annotation,"As directed in the MOA, effective October 1, 2021 the NBF Plan shall be amended as follows: Cost reduction modifications"
2021-202_0736,SOFT,No recognizable entities — check annotation,The periods during which all Fund diversions provided for in this Agreement shall take place are set forth in Attachment
2021-202_0740,HARD,Could not parse numeric value: empty string,"If they do not reach agreement, the matter shall not be arbitrable, however, the medical reimbursement schedule shall be"
2021-202_0740,HARD,Could not determine unit: empty string,"If they do not reach agreement, the matter shall not be arbitrable, however, the medical reimbursement schedule shall be"
2021-202_0704,HARD,No recognizable entities — check annotation,The execution of this Agreement shall be without prejudice to the rights or remedies of either party with respect to suc
2021-202_0698,HARD,No recognizable entities — check annotation,If any provision of this Agreement is in contravention of the laws or regulations of the United States or of the State o
2021-202_0706,HARD,No recognizable entities — check annotation,All Child Care funds shall be commingled under terms approved by the Trustees.
2021-202_0714,SOFT,No recognizable entities — check annotation,Said committee may meet monthly.
2021-202_0790,SOFT,No recognizable entities — check annotation,Funding shall be as determined by CIPC.
2021-202_0793,HARD,No recognizable entities — check annotation,Existing local programs shall only be modified by mutual agreement at the local level.
2021-202_0795,SOFT,No recognizable entities — check annotation,"If a Home is experiencing substantial economic hardship, it may petition CIPC for permission to have up to five"
2021-202_0797,SOFT,No recognizable entities — check annotation,"In addition, a Home may petition CIPC for additional relief from the provisions of this Agreement."
2021-202_0798,HARD,No recognizable entities — check annotation,"To obtain relief, the Home must demonstrate a substantial decline in the ratio of its operating revenue to its cost unde"
2021-202_0798,HARD,Could not parse numeric value: empty string,"To obtain relief, the Home must demonstrate a substantial decline in the ratio of its operating revenue to its cost unde"
2021-202_0798,HARD,Could not determine unit: empty string,"To obtain relief, the Home must demonstrate a substantial decline in the ratio of its operating revenue to its cost unde"
2021-202_0753,HARD,No recognizable entities — check annotation,(f) This arbitration procedure shall not apply to:
2021-202_0760,HARD,No recognizable entities — check annotation,"Effective July 22, 2009, funding for the work of the QCC shall be in the amount of $350,000 per year for each year of th"
2021-202_0774,SOFT,No recognizable entities — check annotation,"Kramer, President League of Voluntary Hospitals and Homes of New York 555 W. 57th Street New York, NY 10019 Re: 144 Mini"
2021-202_0777,SOFT,No recognizable entities — check annotation,This is also to confirm that the Pension Fund shall be amended to provide that during the life of this Agreement and/or 
2021-202_0779,SOFT,No recognizable entities — check annotation,In the event the Plan Actuary determines that amounts to be contributed to the PF would be in excess of the contribution
2021-202_0173,HARD,No recognizable entities — check annotation,The savings to the grant or program from such layoffs shall not exceed the loss in external funding. i.
2021-202_0173,HARD,Could not parse numeric value: max_savings=loss_in_external_funding,The savings to the grant or program from such layoffs shall not exceed the loss in external funding. i.
2021-202_0173,HARD,Could not determine unit: max_savings=loss_in_external_funding,The savings to the grant or program from such layoffs shall not exceed the loss in external funding. i.
2021-202_0180,HARD,No recognizable entities — check annotation,(b) The savings to the HHC affiliation from such layoffs shall not exceed the loss of funding that precipitated the layo
2021-202_0180,HARD,Could not parse numeric value: max_savings=loss_of_funding,(b) The savings to the HHC affiliation from such layoffs shall not exceed the loss of funding that precipitated the layo
2021-202_0180,HARD,Could not determine unit: max_savings=loss_of_funding,(b) The savings to the HHC affiliation from such layoffs shall not exceed the loss of funding that precipitated the layo
2021-202_0189,HARD,Could not parse numeric value: length_of_employment=length_of_employment,"In no case, however, shall an Employee be entitled to supplemental income for a period longer than his/her length of emp"
2021-202_0189,HARD,Could not determine unit: length_of_employment=length_of_employment,"In no case, however, shall an Employee be entitled to supplemental income for a period longer than his/her length of emp"
2021-202_0193,HARD,Could not parse numeric value: empty string,Laid off part-time Employees who satisfy all the conditions set forth at subsection 6(a) of this Article IXA(B) shall be
2021-202_0193,HARD,Could not determine unit: empty string,Laid off part-time Employees who satisfy all the conditions set forth at subsection 6(a) of this Article IXA(B) shall be
2021-202_0194,HARD,No recognizable entities — check annotation,(b) If the Fund balance reaches a five million dollar ($5 million) level for League institutions the requirement to pay 
2021-202_0195,HARD,No recognizable entities — check annotation,(1) month of PF contributions shall be paid to the JSF and no contribution will be required to be made to the Pension Fu
2021-202_0168,HARD,Could not parse numeric value: min_hours=actual_hours,"As applied to part-time Employees, this salary guarantee means that the Employee’s annual actual hours, excluding overti"
2021-202_0168,HARD,Could not determine unit: min_hours=actual_hours,"As applied to part-time Employees, this salary guarantee means that the Employee’s annual actual hours, excluding overti"
2021-202_0207,SOFT,No recognizable entities — check annotation,"(l) In the event a major facility, affiliation contract or grant program closes or terminates, the availability and amou"
2021-202_0215,HARD,Could not parse numeric value: empty string,The SUB for a part-time Employee shall not exceed the SUB payable to a full-time Employee laid off from the same positio
2021-202_0215,HARD,Could not determine unit: empty string,The SUB for a part-time Employee shall not exceed the SUB payable to a full-time Employee laid off from the same positio
2021-202_0216,HARD,Could not parse numeric value: full-time minimum weekly rate,"If the average weekly earnings of a part-time Employee exceed the full-time minimum weekly rate for his/her position, he"
2021-202_0216,HARD,Could not determine unit: full-time minimum weekly rate,"If the average weekly earnings of a part-time Employee exceed the full-time minimum weekly rate for his/her position, he"
2021-202_0223,HARD,No recognizable entities — check annotation,(iii) The League shall be entitled to designate nine
2021-202_0225,HARD,Could not parse numeric value: empty string,The Union shall be entitled to designate nine
2021-202_0225,HARD,Could not determine unit: empty string,The Union shall be entitled to designate nine
2021-202_0003,HARD,No recognizable entities — check annotation,Bargaining unit coverage shall be retroactive to the first day of the thirteen (13) week period. 2.
2021-202_0003,HARD,Could not parse numeric value: empty string,Bargaining unit coverage shall be retroactive to the first day of the thirteen (13) week period. 2.
2021-202_0003,HARD,Could not determine unit: empty string,Bargaining unit coverage shall be retroactive to the first day of the thirteen (13) week period. 2.
2021-202_0012,HARD,Could not parse numeric value: empty string,Computations shall be made every six
2021-202_0012,HARD,Could not determine unit: empty string,Computations shall be made every six
2021-202_0023,HARD,Could not parse numeric value: empty string,The Employer shall remit to the Union all deductions for dues and/or initiation fees made from the wages of all Employee
2021-202_0023,HARD,Could not determine unit: empty string,The Employer shall remit to the Union all deductions for dues and/or initiation fees made from the wages of all Employee
2021-202_0096,HARD,No recognizable entities — check annotation,Said part-timers shall have the right to return to their former positions at the end of the temporary position;
2021-202_0121,HARD,No recognizable entities — check annotation,(a) Bargaining unit seniority shall apply in the computation and determination of eligibility for all benefits where len
2021-202_0078,HARD,No recognizable entities — check annotation,Any applicant hired into a permanent job shall have a Certificate issued by the Service.
2021-202_0090,HARD,Could not parse numeric value: empty string,Contributions to the 1199SEIU National Benefit Fund for Health and Human Service Employees on behalf of temporary Employ
2021-202_0090,HARD,Could not determine unit: empty string,Contributions to the 1199SEIU National Benefit Fund for Health and Human Service Employees on behalf of temporary Employ
2021-202_0376,HARD,Could not parse numeric value: empty string,"For full-time Employees hired during the term of this Agreement (October 1, 2021 to September 30, 2024), this provision "
2021-202_0376,HARD,Could not determine unit: empty string,"For full-time Employees hired during the term of this Agreement (October 1, 2021 to September 30, 2024), this provision "
2021-202_0353,HARD,Could not parse numeric value: empty string,Employees shall receive two
2021-202_0353,HARD,Could not determine unit: empty string,Employees shall receive two
2021-202_0393,HARD,Could not parse numeric value: empty string,"Pursuant to such procedure, a volunteer ove11ime roster shall be compiled and posted every six"
2021-202_0393,HARD,Could not determine unit: empty string,"Pursuant to such procedure, a volunteer ove11ime roster shall be compiled and posted every six"
2021-202_0423,HARD,Could not parse numeric value: free_days=number_set_forth_in_Stipulation_IV,Employees shall be entitled to the number of “free days” with pay set forth in Stipulation IV hereunto annexed.
2021-202_0423,HARD,Could not determine unit: free_days=number_set_forth_in_Stipulation_IV,Employees shall be entitled to the number of “free days” with pay set forth in Stipulation IV hereunto annexed.
2021-202_0430,HARD,No recognizable entities — check annotation,In no case shall the total number of holidays be less than those received by similar employees employed by the City of N
2021-202_0430,HARD,Could not parse numeric value: min_holidays=similar_employees,In no case shall the total number of holidays be less than those received by similar employees employed by the City of N
2021-202_0430,HARD,Could not determine unit: min_holidays=similar_employees,In no case shall the total number of holidays be less than those received by similar employees employed by the City of N
2021-202_0417,HARD,Could not parse numeric value: empty string,"(d) If a legal holiday falls on an Employee’s regularly scheduled day off, the Employee shall receive an additional day’"
2021-202_0417,HARD,Could not determine unit: empty string,"(d) If a legal holiday falls on an Employee’s regularly scheduled day off, the Employee shall receive an additional day’"
2021-202_0305,HARD,No recognizable entities — check annotation,"(b) Each League member shall provide longevity increases to Nursing Attendants, Senior Nursing Attendants and Ward Clerk"
2021-202_0480,HARD,No recognizable entities — check annotation,(p. 189). 20 This provision shall not apply to an institution which has a religious objection.
2021-202_0275,HARD,No recognizable entities — check annotation,The Committee shall retain the services of experts/professionals who shall be paid for through LMI.
2021-202_0276,SOFT,No recognizable entities — check annotation,"(6) months thereafter, the Committee shall issue a report with recommendations to adopt changes in the JSF’s protocols a"
2021-202_0277,SOFT,No recognizable entities — check annotation,Any disputes regarding recommendations in the Report shall be submitted to CIPC. 10 The layoffee may visit the instituti
2021-202_0288,SOFT,No recognizable entities — check annotation,"(g) If there are differences in terms and conditions among the current locations, and a new location is established, the"
2021-202_0333,HARD,No recognizable entities — check annotation,This benefit shall be pro-rated for part-timers.
2021-202_0313,HARD,Could not parse numeric value: min_salary=minimum,"(1) year of employment, no Employee shall receive less than the minimum for his or her job classification."
2021-202_0313,HARD,Could not determine unit: min_salary=minimum,"(1) year of employment, no Employee shall receive less than the minimum for his or her job classification."
2021-202_0317,HARD,Could not parse numeric value: min_mileage_allowance=other Employees,Social Workers who are required to use their own automobiles in the performance of their duties shall receive not less t
2021-202_0317,HARD,Could not determine unit: min_mileage_allowance=other Employees,Social Workers who are required to use their own automobiles in the performance of their duties shall receive not less t
2021-202_0326_p1,HARD,Could not parse numeric value: min_rate=minimum rate provided,"Notwithstanding any other provision of this Agreement, it is understood and agreed that any Employee who, as of June 30,"
2021-202_0326_p1,HARD,Could not determine unit: min_rate=minimum rate provided,"Notwithstanding any other provision of this Agreement, it is understood and agreed that any Employee who, as of June 30,"
2021-202_0118_p2,HARD,Could not parse numeric value: empty string,"5) of the regular work week applicable to their job classification (except those employed as of June 30, 1974, whose sen"
2021-202_0118_p2,HARD,Could not determine unit: empty string,"5) of the regular work week applicable to their job classification (except those employed as of June 30, 1974, whose sen"
2021-202_0231_p2,SOFT,No recognizable entities — check annotation,"0) or less above the entry level minimum; i.e., clerk, clerk typist, mail room clerk, admitting clerk, receptionist, war"
2021-202_0517_p1,HARD,Could not parse numeric value: empty string,"i) Effective October 1, 2021, each Employer, other than nursing homes, shall contribute the RCR which shall be a monthly"
2021-202_0517_p1,HARD,Could not determine unit: empty string,"i) Effective October 1, 2021, each Employer, other than nursing homes, shall contribute the RCR which shall be a monthly"
2021-202_0847_p1,HARD,Could not parse numeric value: election_within_42_days,(ii) When the Union petitions to represent employees in a job classification that is residual to an existing bargaining 
2021-202_0847_p1,HARD,Could not determine unit: election_within_42_days,(ii) When the Union petitions to represent employees in a job classification that is residual to an existing bargaining 
2021-202_0848_p1,HARD,Could not parse numeric value: election_within_42_days,(iii) When the Union petitions to represent a unit of employees that conforms to one of the specific bargaining units en
2021-202_0848_p1,HARD,Could not determine unit: election_within_42_days,(iii) When the Union petitions to represent a unit of employees that conforms to one of the specific bargaining units en
2021-202_0942,HARD,No recognizable entities — check annotation,"202 2021-2024 1199-LEAGUE AGREEMENT SIDE LETTER RE: NYU PRO/TECH RATE ADJUSTMENTS September 23, 2021 George Gresham, Pre"
2021-202_0762_p11,SOFT,No recognizable entities — check annotation,0) Meet one date per month or as determined by the Committee.
2021-202_0043,HARD,Could not parse numeric value: sum_specified=amount,"Upon receipt of a written authorization from an Employee in the form annexed hereto as Exhibit C, or in any other form d"
2021-202_0043,HARD,Could not determine unit: sum_specified=amount,"Upon receipt of a written authorization from an Employee in the form annexed hereto as Exhibit C, or in any other form d"
2021-202_0049_p1,HARD,Could not parse numeric value: monthly_repayment=once_a_month,"Upon receipt of a written authorization from an Employee in the form approved by the 1199 Pension Fund Trustees, the Emp"
2021-202_0049_p1,HARD,Could not determine unit: monthly_repayment=once_a_month,"Upon receipt of a written authorization from an Employee in the form approved by the 1199 Pension Fund Trustees, the Emp"
UC-CNA_C_1052,HARD,No recognizable entities — check annotation,"At UCLA, newly licensed NP shall be placed in an NP I position for 6 months under Article 2, after which s/he would adva"
UC-CNA_C_0462,HARD,No recognizable entities — check annotation,"While the use of FML need not be consecutive, in no event shall a nurse's aggregate use of FML exceed a total of twelve "
UC-CNA_C_0671,HARD,No recognizable entities — check annotation,"Repayment of Severance - Prior to receiving severance pay, a Nurse must sign an agreement to repay severance to the Univ"
UC-CNA_C_0754,HARD,No recognizable entities — check annotation,"Unless the parties agree otherwise, the University shall convene a meeting with the grievant(s) and the grievant’s repre"
UC-CNA_C_0111,HARD,No recognizable entities — check annotation,"Whenever the PPC makes a written recommendation to the appropriate CNO or, in Student Health Centers, the appropriate Di"
UC-CNA_C_0363,HARD,No recognizable entities — check annotation,"Under the Factor Accrual System, an eligible Nurse shall earn sick leave credit at the rate of .046154 hours per hour on"
UC-CNA_C_0619,SOFT,No recognizable entities — check annotation,"Any transfers, unit closures or layoffs caused by reorganization or restructuring shall be subject to meeting and discus"
UC-CNA_C_0646,HARD,No recognizable entities — check annotation,"The wage rate of the reclassified Nurse shall be unchanged, provided that the Nurse’s wage is not above the wage range f"
UC-CNA_C_0644,SOFT,No recognizable entities — check annotation,CN III Layoff 1) When the University (except at UCLA) identifies a Medical Center funded CN III position for layoff in a
UC-CNA_C_0092,SOFT,No recognizable entities — check annotation,"Professional and Educational Development Time a. must be scheduled according to staffing requirements; however, the Univ"
UC-CNA_C_0254,SOFT,No recognizable entities — check annotation,The University shall not unreasonably deny a Nurse's request for the scheduling of banked compensatory time off subject 
UC-CNA_C_0502,SOFT,No recognizable entities — check annotation,(4) months of Pregnancy Disability Leave. 2) When the nurse’s health care provider states that it is medically advisable
UC-CNA_C_0258,HARD,No recognizable entities — check annotation,The University shall pay a Nurse for hours of overtime that exceed 240 hours. c.
UC-CNA_C_0262,SOFT,No recognizable entities — check annotation,A Nurse’s request to be excused for part of a shift shall be subject to mutual agreement between the Nurse and the Unive
UC-CNA_C_0348,HARD,No recognizable entities — check annotation,"Payment for the holiday shall be by actual straight time pay including any eligible shift differential, in accordance wi"
UC-CNA_C_0347,HARD,No recognizable entities — check annotation,Compensation for Holidays – All eligible nurses shall receive holiday time for the holidays provided for in this Article
UC-CNA_C_0268,HARD,No recognizable entities — check annotation,"When the University requires a Nurse to change from a day, evening, or night shift to another shift, the Nurse shall rec"
UC-CNA_C_1040,HARD,No recognizable entities — check annotation,"Upon completion of those impasse procedures, if the parties are unable to reach agreement, then notwithstanding the No S"
UC-CNA_C_0977,HARD,Could not parse numeric value: max_step_range=applicable,"Unless otherwise specified, pay increases (regardless of type) shall be base-building only up to the maximum of the appl"
UC-CNA_C_0977,HARD,Could not determine unit: max_step_range=applicable,"Unless otherwise specified, pay increases (regardless of type) shall be base-building only up to the maximum of the appl"
UC-CNA_C_0976,HARD,No recognizable entities — check annotation,All provisions in this Article applicable to career nurses shall apply equally to limited appointment nurses unless othe
UC-CNA_C_0432,HARD,No recognizable entities — check annotation,"Eligibility 1) Nurses who have at least twelve (12) cumulative months of University service and who have at least 1,250 "
UC-CNA_C_0919,HARD,No recognizable entities — check annotation,"The duration of the extended leave of absence shall be specified at the time the Nurse commences the leave, and no such "
UC-CNA_C_0180,HARD,No recognizable entities — check annotation,"Whenever vacancies within the bargaining unit are to be filled, except as provided in §A.3., below, the University shall"
UC-CNA_C_0192,SOFT,No recognizable entities — check annotation,"Nurse request for alternate schedule - Notwithstanding any other provisions of this Article 14, Nurses working in ambula"
UC-CNA_C_0407,HARD,No recognizable entities — check annotation,"Confirmation of Leave Status – Except for FML, the University shall provide the nurse with written approval or denial of"
UC-CNA_C_0172,SOFT,No recognizable entities — check annotation,If there is no evaluation on record within a one year period a Nurse may request an evaluation which shall be completed 
UC-CNA_C_0199,HARD,No recognizable entities — check annotation,"At UC Berkeley Student Health Center, the University shall post furlough schedules six (6)weeks in advance of furlough, "
UC-CNA_C_0727,SOFT,No recognizable entities — check annotation,"If no alternative representative can be found for the scheduled meeting, the University may reschedule the meeting withi"
UC-CNA_C_0403,HARD,No recognizable entities — check annotation,Certification of ability to return to work from medical leaves – A nurse must provide evidence of the ability to return 
UC-CNA_C_0431,HARD,No recognizable entities — check annotation,"However, for nurses granted military leave, all hours that would have been worked had the nurse not been ordered to mili"
UC-CNA_C_0947,HARD,No recognizable entities — check annotation,"DURATION The terms and conditions of this agreement shall remain in full force and effect commencing, July 9, 2022 and s"
UC-CNA_C_0155,HARD,No recognizable entities — check annotation,At least 50% of the members of the PCSC shall be direct-care RNs recommended by the PPC.
UC-CNA_C_0951,HARD,No recognizable entities — check annotation,Negotiations shall commence on or about fifteen calendar days following the University’s submission of its initial propo
UC-CNA_C_0395,HARD,No recognizable entities — check annotation,"Requests for leaves of absence and extensions to leaves, both in paid and unpaid status - except for leaves covered unde"
UC-CNA_C_0213,SOFT,No recognizable entities — check annotation,"Subject to operational needs, the University shall make every effort to avoid assigning Nurses to work full shifts in ex"
UC-CNA_C_0896,HARD,No recognizable entities — check annotation,"No Nurse shall be dropped from Association membership upon return from any leave of absence or layoff, unless such leave"
UC-CNA_C_0960,HARD,No recognizable entities — check annotation,Nurse Negotiators shall not be paid for pre-negotiation preparation time except as described below in §E.
UC-CNA_C_0740,HARD,No recognizable entities — check annotation,No Reprisal – No Nurse shall be subject to reprisal for using or participating in the grievance procedure of this Agreem
UC-CNA_C_0680,SOFT,No recognizable entities — check annotation,A medical separation may be based on the receipt of long term disability payments from a retirement system to which the 
UC-CNA_C_0678,HARD,No recognizable entities — check annotation,"Except by mutual consent, a Nurse in the unit shall not be medically separated under this Article while on any authorize"
UC-CNA_C_0743,HARD,No recognizable entities — check annotation,"(1) representative attends a meeting in the grievance process, only one person may be the primary spokesperson, and only"
UC-CNA_C_0248,HARD,No recognizable entities — check annotation,"Except UCSF, Nurses shall be compensated for overtime worked at double (2x) the straight time rate for all consecutive h"
UC-CNA_C_0577,SOFT,No recognizable entities — check annotation,"If not on pay status, the Nurse shall receive length-of-service credit, provided that the Nurse returns to University se"
UC-CNA_C_1099,HARD,No recognizable entities — check annotation,"Unless the parties mutually agree to renew in writing, this Side Letter Agreement shall sunset with the Collective Agree"
UC-CNA_C_0559,HARD,No recognizable entities — check annotation,"If on pay status, provided that the Nurse returns to University service at the expiration of the leave in accordance wit"
UC-CNA_C_0306,HARD,No recognizable entities — check annotation,"In case of a work-incurred illness or injury which is compensable under the Workers' Compensation Act, the University sh"
UC-CNA_C_0557,HARD,No recognizable entities — check annotation,"Service Credit and Benefits - A Nurse on temporary military leave for active-duty training or extended military leave, w"
UC-CNA_C_0298,SOFT,No recognizable entities — check annotation,"If the Nurse unreasonably refuses to perform the task, the Nurse may be subject to discipline."
UC-CNA_C_0835,HARD,No recognizable entities — check annotation,There shall be no transcript of the proceedings unless required by the mediator.
UC-CNA_C_0320,HARD,No recognizable entities — check annotation,Earned vacation for each month or quadri-weekly cycle is credited on the first day of the following month or quadri-week
UC-CNA_C_0818,HARD,No recognizable entities — check annotation,The arbitration hearing shall be closed unless the parties otherwise agree in writing. 111
UC-CNA_C_0301,SOFT,No recognizable entities — check annotation,The University and the Association acknowledge that the University's ability to comply with the provisions of this Artic
UC-CNA_C_0316,SOFT,No recognizable entities — check annotation,"Interim measures may include training and education for the Respondent, no-contact remedies, and/or changes in work loca"
UC-CNA_C_1079,HARD,No recognizable entities — check annotation,Expiration: This Side Letter Agreement shall sunset with the expiration of the Collective Bargaining Agreement on Octobe
UC-CNA_C_0056,SOFT,No recognizable entities — check annotation,"Additionally, a Per Diem Nurse's eligibility for scheduling may be discontinued at any time at the sole discretion of th"
UC-CNA_C_0027,HARD,No recognizable entities — check annotation,A Nurse who accepts a position at the same classification level in another unit shall maintain their classification for 
UC-CNA_C_0613,HARD,No recognizable entities — check annotation,"The University shall determine the unit of layoff, and which positions are to be subject to layoff. 2."
UC-CNA_C_0829,SOFT,No recognizable entities — check annotation,Expenses for stenographic or other services or facilities shall be borne by the party requesting such services or facili
UC-CNA_C_0798,SOFT,No recognizable entities — check annotation,The parties may extend the sixty (60) day limit for scheduling the arbitration by mutual written agreement in advance of
UC-CNA_C_0735,HARD,No recognizable entities — check annotation,Association Grievances – The Association shall have the right to present grievances under this procedure on behalf of an
UC-CNA_C_0736,SOFT,No recognizable entities — check annotation,"(2) or more Nurses and multiple grievances by, or related to, the same Nurse which relate to the same incident, issue, o"
UC-CNA_C_0801,SOFT,No recognizable entities — check annotation,Time limits may be extended by mutual agreement of the parties in writing in advance of the expiration of the time limit
UC-CNA_C_0800,HARD,No recognizable entities — check annotation,Failure to schedule the arbitration within sixty (60) calendar days will render the grievance ineligible for arbitration
UC-CNA_C_0741,HARD,No recognizable entities — check annotation,The University shall not have the right to use the grievance procedure.
UC-CNA_C_0738,SOFT,No recognizable entities — check annotation,"Consolidation or severance of grievances shall occur by mutual agreement of the Nurse and the University, in those cases"
UC-CNA_C_0802,HARD,No recognizable entities — check annotation,The Association and the University shall select an arbitrator from the lists below: a.
UC-CNA_C_0734,SOFT,No recognizable entities — check annotation,"The time limits specified in this Article may be extended by written agreement between the University and the Nurse, the"
UC-CNA_C_0733,HARD,No recognizable entities — check annotation,"The University shall notify CNA of the designated official, including title, mailing address, phone number and e-mail ad"
UC-CNA_C_0719,HARD,No recognizable entities — check annotation,"A copy of a written warning or notice of any further disciplinary action, given or mailed to a Nurse shall be placed in "
UC-CNA_C_0724,HARD,No recognizable entities — check annotation,"The University shall advise a Nurse of any scheduled meeting, the outcome of which may be a written warning, suspension "
UC-CNA_C_0805,HARD,No recognizable entities — check annotation,The arbitration proceeding shall provide an opportunity for the Association and the University to examine and cross-exam
UC-CNA_C_0725,SOFT,No recognizable entities — check annotation,A Nurse may request a representative of the Nurse's choice other than a University employee who has been designated as s
UC-CNA_C_0726,HARD,No recognizable entities — check annotation,"If the Nurse's preferred representative is not available to attend a meeting scheduled by the University, the Nurse shal"
UC-CNA_C_0803,HARD,No recognizable entities — check annotation,The parties shall alternately strike one
UC-CNA_C_0731,HARD,No recognizable entities — check annotation,"In the case of a nurse’s separation from the University, the University must receive the grievance, within thirty (30) c"
UC-CNA_C_0742,HARD,No recognizable entities — check annotation,NURSE REPRESENTATION RIGHTS A Nurse shall have the right to be represented at all steps of the grievance procedure by a 
UC-CNA_C_0744,HARD,No recognizable entities — check annotation,"With this sole exception, the procedures described in this Article and in Article 28 Arbitration, of this Agreement shal"
UC-CNA_C_0784,HARD,No recognizable entities — check annotation,"If the Association does not appeal the grievance to arbitration within thirty (30) calendar days, as specified in §F.4.,"
UC-CNA_C_0787,HARD,No recognizable entities — check annotation,The University shall notify the Association of any formal grievance filed by a Nurse where an Association representative
UC-CNA_C_0765,HARD,No recognizable entities — check annotation,"Within fifteen (15) calendar days following the Step 2 meeting, or within fifteen (15) calendar days following receipt o"
UC-CNA_C_0786,HARD,No recognizable entities — check annotation,Whenever a Nurse has chosen a representative other than a Nurse Representative or other Association representative as de
UC-CNA_C_0785,HARD,No recognizable entities — check annotation,"PAY STATUS Upon advance request, a grievant, a grievant's representative, and witnesses called by the University who are"
UC-CNA_C_0717,HARD,No recognizable entities — check annotation,A Nurse shall be entitled to respond in writing to any corrective action or disciplinary action by the University and to
UC-CNA_C_0766,HARD,No recognizable entities — check annotation,"In cases where the Association is not directly involved, the University shall render the written response within fifteen"
UC-CNA_C_0769,SOFT,No recognizable entities — check annotation,CNA or a nurse may appeal a grievance to Step 3.
UC-CNA_C_0772,HARD,No recognizable entities — check annotation,Such notice shall identify the grievance being appealed and shall be signed and dated by CNA. 107
UC-CNA_C_0776,HARD,No recognizable entities — check annotation,Such written appeal shall identify the grievance being appealed and shall be signed and dated by the nurse(s) and their 
UC-CNA_C_0783,HARD,No recognizable entities — check annotation,"Pursuant to the provision of Article 28 – Arbitration, only CNA shall have the right to submit a grievance to arbitratio"
UC-CNA_C_0777,HARD,No recognizable entities — check annotation,The subject of the grievance as stated in Step 2 shall constitute the sole and entire subject matter of the appeal to St
UC-CNA_C_0764,HARD,No recognizable entities — check annotation,"During the Step 2 meeting, the Nurse and the Nurse's representative, if any, shall present the known facts, issues and a"
UC-CNA_C_0788,HARD,No recognizable entities — check annotation,The Association shall have fifteen (15) calendar days from the date of issuance of the University's proposed Step 1 or S
UC-CNA_C_0745,SOFT,No recognizable entities — check annotation,The Nurse(s) and/or the Nurse's representative shall discuss the grievance with the immediate supervisor.
UC-CNA_C_0746,SOFT,No recognizable entities — check annotation,"In the case of grievances which the Association wishes to present on its own behalf, the Association shall discuss the g"
UC-CNA_C_0795,HARD,No recognizable entities — check annotation,The Office of the President official shall forward the grievance to arbitration within twenty (20) calendar days after r
UC-CNA_C_0794,HARD,No recognizable entities — check annotation,"In the appeal, the Association must set forth the issues and remedies remaining unresolved. b."
UC-CNA_C_0751,SOFT,No recognizable entities — check annotation,"The University and CNA may mutually agree, on a location by location basis, that grievance filings and responses may be "
UC-CNA_C_0752,SOFT,No recognizable entities — check annotation,Either party may withdraw mutual consent upon thirty (30) days written notice. 2.
UC-CNA_C_0753,HARD,No recognizable entities — check annotation,The University shall not agree to resolution of a formal grievance until the Association representative has received a c
UC-CNA_C_0762,HARD,No recognizable entities — check annotation,"The written appeal must be postmarked, submitted via email, or hand delivered to the local labor relations office listed"
UC-CNA_C_0756,SOFT,No recognizable entities — check annotation,"During the Step 1 meeting, the parties shall discuss information and contentions relative to the grievance and attempt t"
UC-CNA_C_0757,SOFT,No recognizable entities — check annotation,"In addition, the University shall, either orally or in writing, inform the Association of the known facts, issues, and a"
UC-CNA_C_0758,SOFT,No recognizable entities — check annotation,"If the University does not render its response within these time limits, or if the grievance is not resolved at Step 1, "
UC-CNA_C_0792,HARD,No recognizable entities — check annotation,The original appeal to arbitration must be postmarked with an official United States Postal Service postmark and receive
UC-CNA_C_0760,SOFT,No recognizable entities — check annotation,"If the grievance is not resolved at Step 1, the Nurse or the Association may proceed to Step 2 by filing an appeal, as f"
UC-CNA_C_0791,HARD,No recognizable entities — check annotation,"GENERAL CONDITIONS Only the Association may file an appeal to arbitration after the timely exhaustion of Article 27, Gri"
UC-CNA_C_0790,HARD,No recognizable entities — check annotation,GRIEVANCE FILE Materials generated as a result of the filing of a grievance including the grievance form shall be mainta
UC-CNA_C_0761,HARD,No recognizable entities — check annotation,The Nurse or the Nurse's representative shall submit the written appeal on the mutually agreed-upon form. b.
UC-CNA_C_0789,HARD,No recognizable entities — check annotation,Proof of service shall accompany the University written decision.
UC-CNA_C_0718,HARD,No recognizable entities — check annotation,A counseling memorandum shall be placed in the Nurse's personnel records. 2.
UC-CNA_C_0625,HARD,No recognizable entities — check annotation,"If, however, after seeking and implementing available alternatives, the University determines that the need to lay Nurse"
UC-CNA_C_0609,HARD,No recognizable entities — check annotation,"If a Nurse separates from University employment without returning to work, the Nurse shall be paid for vacation accrued "
UC-CNA_C_0610,HARD,No recognizable entities — check annotation,"If the Nurse separates from University employment without returning to work, no payment shall be made for such vacation "
UC-CNA_C_0612,HARD,No recognizable entities — check annotation,"The University shall determine when temporary, emergency, or indefinite layoffs shall occur."
UC-CNA_C_0615,SOFT,No recognizable entities — check annotation,"When the University determines that there is to be a change in a layoff unit within the bargaining unit, it shall give t"
UC-CNA_C_0616,HARD,No recognizable entities — check annotation,"In advance of an indefinite layoff, the University shall provide a listing of the names and seniority of affected Nurses"
UC-CNA_C_0617,HARD,No recognizable entities — check annotation,"The list shall include the least senior Nurse in the unit to the most senior Nurse to be laid off, and the next five"
UC-CNA_C_0618,HARD,No recognizable entities — check annotation,The University shall provide advance notice of at least thirty (30) days to the Association of any proposed subcontracti
UC-CNA_C_0620,HARD,No recognizable entities — check annotation,"An emergency layoff is one for which the need occurs suddenly, and shall not affect an individual Nurse longer than sixt"
UC-CNA_C_0623,SOFT,No recognizable entities — check annotation,"In addition, Nurses may use educational leave or take required classes in a manner consistent with Article 6."
UC-CNA_C_0624,SOFT,No recognizable entities — check annotation,Such alternatives to emergency layoff may be provided in an order determined by the University.
UC-CNA_C_0626,SOFT,No recognizable entities — check annotation,"When an emergency layoff has occurred, the University shall notify the Association as soon as is reasonable under the ci"
UC-CNA_C_0628,HARD,No recognizable entities — check annotation,TEMPORARY LAYOFF If the University determines that a temporary layoff of one-hundred twenty (120) calendar days or less 
UC-CNA_C_0630,HARD,No recognizable entities — check annotation,"When the University identifies particular Nurses to be affected by a temporary layoff, it shall give the individual Nurs"
UC-CNA_C_0631,HARD,No recognizable entities — check annotation,Pay in lieu of notice is provided for reductions in appointment rate only up to the Nurse(s) pre-layoff appointment rate
UC-CNA_C_0632,HARD,No recognizable entities — check annotation,The Nurse shall return to work on the date provided in the notice.
UC-CNA_C_0633,SOFT,No recognizable entities — check annotation,"The Nurse shall make every reasonable attempt to return to work on the date provided in the §2.a.4. notice, above, and w"
UC-CNA_C_0634,SOFT,No recognizable entities — check annotation,The University and the Nurse shall attempt to establish a mutually agreeable return date and the Nurse’s reasonable requ
UC-CNA_C_0635,SOFT,No recognizable entities — check annotation,"When the University determines that a temporary layoff is imminent, it shall give the Association such advance notice as"
UC-CNA_C_0637,HARD,No recognizable entities — check annotation,The University shall notify the Association concurrent with notification to affected Nurses that they are to be laid off
UC-CNA_C_0638,HARD,No recognizable entities — check annotation,Conversion of Temporary to Indefinite Layoff – In the event the University converts a temporary layoff to an indefinite 
UC-CNA_C_0639,HARD,No recognizable entities — check annotation,"INDEFINITE LAYOFF If the University determines that an indefinite layoff is imminent, it shall be implemented in accorda"
UC-CNA_C_0715,SOFT,No recognizable entities — check annotation,"After review of the Nurse's timely response, if any, the University shall notify the Nurse of any action to be taken."
UC-CNA_C_0588,HARD,No recognizable entities — check annotation,"Prior to returning to work, the Nurse must provide a release from their medical provider."
UC-CNA_C_0574,HARD,No recognizable entities — check annotation,EMERGENCY NATIONAL GUARD LEAVE Military Leave shall be granted to a Nurse who as a member of the National Guard is calle
UC-CNA_C_0575,HARD,No recognizable entities — check annotation,A Nurse who as a member of the National Guard is called to active federal military duty at the request of the President 
UC-CNA_C_0575,HARD,Could not parse numeric value: empty string,A Nurse who as a member of the National Guard is called to active federal military duty at the request of the President 
UC-CNA_C_0575,HARD,Could not determine unit: empty string,A Nurse who as a member of the National Guard is called to active federal military duty at the request of the President 
UC-CNA_C_0578,HARD,No recognizable entities — check annotation,"Such Nurse shall accrue vacation and sick leave and receive holiday pay in accordance with Article 17, Vacation Leave;"
UC-CNA_C_0581,SOFT,No recognizable entities — check annotation,The University may require verification of a Nurse's military orders to report for a physical examination.
UC-CNA_C_0582,HARD,No recognizable entities — check annotation,"REINSTATEMENT Following release from military service, a Nurse shall have such right to return, and only such right, as "
UC-CNA_C_0583,HARD,No recognizable entities — check annotation,"Upon reinstatement, a Nurse shall receive salary range adjustments and other terms and conditions applicable to the Nurs"
UC-CNA_C_0586,SOFT,No recognizable entities — check annotation,"When possible, a Nurse granted a Work-Incurred Injury or Illness Leave must provide the University with thirty (30) days"
UC-CNA_C_0587,SOFT,No recognizable entities — check annotation,"If thirty (30) days notice is not possible, then the Nurse must provide notice as soon as possible."
UC-CNA_C_0589,SOFT,No recognizable entities — check annotation,"Upon the Nurse’s return to work, the University shall either reinstate the Nurse to the same or a similar position in th"
UC-CNA_C_0590,SOFT,No recognizable entities — check annotation,A Nurse who has sustained a work-related injury and who has been given temporary restrictions may be provided with modif
UC-CNA_C_0591,SOFT,No recognizable entities — check annotation,"Modified assignments may start with any part of the Nurse’s usual and customary duties that they are able to perform, bu"
UC-CNA_C_0592,SOFT,No recognizable entities — check annotation,"In the event that a department is unable to accommodate a Nurse’s temporary work restrictions, the University may place "
UC-CNA_C_0593,SOFT,No recognizable entities — check annotation,Modified or alternative assignments may be extended past ninety (90) days to support a Nurse’s recovery with the goal an
UC-CNA_C_0594,SOFT,No recognizable entities — check annotation,"After ninety (90) days, the Nurse’s recovery should be evaluated at regular intervals to determine the Nurse’s progress."
UC-CNA_C_0595,SOFT,No recognizable entities — check annotation,"In a manner that is consistent with applicable law, the University shall provide reasonable accommodation to Nurses who "
UC-CNA_C_0597,HARD,Could not parse numeric value: max_payments=regular_salary_difference,Sick leave and vacation payments shall not exceed the difference between the amount payable to the Nurse under the Worke
UC-CNA_C_0597,HARD,Could not determine unit: max_payments=regular_salary_difference,Sick leave and vacation payments shall not exceed the difference between the amount payable to the Nurse under the Worke
UC-CNA_C_0599,HARD,No recognizable entities — check annotation,A Nurse who receives an advance temporary disability payment shall reimburse the University for such payment.
UC-CNA_C_0600,HARD,No recognizable entities — check annotation,A Nurse who is receiving temporary disability payments on account of a work-related injury or illness and who has exhaus
UC-CNA_C_0640,SOFT,No recognizable entities — check annotation,"Alternatives to Layoff – The University shall attempt to avoid an indefinite layoff, or to ease its impact, by implement"
UC-CNA_C_0641,HARD,No recognizable entities — check annotation,The order of indefinite layoff of Nurses in the same classification and specialty within the unit of layoff shall be in 
UC-CNA_C_0642,SOFT,No recognizable entities — check annotation,"The University may retain Nurses irrespective of seniority who possess special knowledge, skills, or abilities which are"
UC-CNA_C_0699,SOFT,No recognizable entities — check annotation,"DEMOTION The University may demote a Nurse to a lower classification, with concurrent reassignment to work of lesser dut"
UC-CNA_C_0685,HARD,No recognizable entities — check annotation,"The notice shall: 1. inform the Nurse of the action intended, the reason for the action and the effective date of the ac"
UC-CNA_C_0688,SOFT,No recognizable entities — check annotation,"UNIVERSITY RESPONSE After review of the Nurse's timely response, if any, the University shall notify the Nurse of any ac"
UC-CNA_C_0690,SOFT,No recognizable entities — check annotation,"(1) year following the date of a medical separation, a medically separated Nurse may be selected for a position within t"
UC-CNA_C_0691,HARD,No recognizable entities — check annotation,"However, if the former Nurse is receiving disability benefits from a retirement system to which the University contribut"
UC-CNA_C_0693,HARD,No recognizable entities — check annotation,NOTICE TO THE ASSOCIATION The University shall provide concurrent notice to the Association of notice of intent to medic
UC-CNA_C_0694,HARD,No recognizable entities — check annotation,AUTOMATIC RESIGNATION A Nurse who is absent for thirteen (13) calendar days without their supervisor's approval shall be
UC-CNA_C_0695,SOFT,No recognizable entities — check annotation,TYPE OF ACTIVITY The University may use an oral reprimand or counseling memorandum as corrective action.
UC-CNA_C_0702,SOFT,No recognizable entities — check annotation,INVESTIGATORY LEAVE The University may place a Nurse on investigatory leave with pay in order to review or investigate a
UC-CNA_C_0703,HARD,No recognizable entities — check annotation,"A Per Diem Nurse with special per diem rights as defined in Article 4, placed on investigatory leave shall be entitled t"
UC-CNA_C_0704,SOFT,No recognizable entities — check annotation,The University shall provide an update regarding the status of an investigatory leave upon request by CNA.
UC-CNA_C_0706,HARD,No recognizable entities — check annotation,"Such notice shall be made, either by delivery of the notice to the Nurse in person, or by placing the notice of intent i"
UC-CNA_C_0707,HARD,No recognizable entities — check annotation,"In either case, a copy of the notice of intent shall be sent by United States mail, first class postage paid, to the Ass"
UC-CNA_C_0708,HARD,No recognizable entities — check annotation,It shall be the responsibility of the Nurse to inform the University in writing of any change of home address.
UC-CNA_C_0712,SOFT,No recognizable entities — check annotation,"The Nurse shall be entitled to respond, orally or in writing, to the notice of intent described in §E., above."
UC-CNA_C_0713,HARD,No recognizable entities — check annotation,"If the written notice is delivered in person to the Nurse, the Nurse's response must be received within ten (10) calenda"
UC-CNA_C_0714,HARD,No recognizable entities — check annotation,"If the written notice is mailed to the Nurse and the Association, the Nurse's response must be received within fourteen "
UC-CNA_C_0683,HARD,No recognizable entities — check annotation,NOTICE OF INTENT TO MEDICALLY SEPARATE A written notice of intent to medically separate shall be given to the Nurse eith
UC-CNA_C_0682,HARD,No recognizable entities — check annotation,"When the University requests a medical opinion as verification of disability, the University shall bear the costs of the"
UC-CNA_C_0677,HARD,No recognizable entities — check annotation,"Prior to medical separation, a determination must be made by the University that no reasonable accommodation exists with"
UC-CNA_C_0647,HARD,No recognizable entities — check annotation,"In that event, the Nurse’s wage shall be the top rate of the CN II range."
UC-CNA_C_0648,HARD,Could not parse numeric value: max_salary_rate=maximum of the salary range,"The downwardly reclassified Nurse shall retain their hourly salary rate at the time of layoff, even if the Nurse is no l"
UC-CNA_C_0648,HARD,Could not determine unit: max_salary_rate=maximum of the salary range,"The downwardly reclassified Nurse shall retain their hourly salary rate at the time of layoff, even if the Nurse is no l"
UC-CNA_C_0651,HARD,No recognizable entities — check annotation,"When the University identifies particular Nurses to be affected by an indefinite layoff, it shall give individual writte"
UC-CNA_C_0652,HARD,No recognizable entities — check annotation,"Advance notice will be provided as follows: 1) For indefinite layoff, the University shall give thirty (30) calendar day"
UC-CNA_C_0654,SOFT,No recognizable entities — check annotation,"When the University determines that a layoff is imminent, it shall give the Association such advance notice as is reason"
UC-CNA_C_0656,HARD,No recognizable entities — check annotation,Non-probationary career Nurses who are indefinitely laid off shall be recalled in order of seniority to an active vacant
UC-CNA_C_0660,SOFT,No recognizable entities — check annotation,"Recall rights, once terminated, may be reinstituted at the sole discretion of the University, upon the request of the Nu"
UC-CNA_C_0665,SOFT,No recognizable entities — check annotation,"A career Nurse who has received notice of their indefinite layoff may, at the University’s sole, non-grievable discretio"
UC-CNA_C_0668,HARD,No recognizable entities — check annotation,"Should, as a result of a grievance, arbitration, or settlement agreement related to the layoff, a Nurse be returned to w"
UC-CNA_C_0669,SOFT,No recognizable entities — check annotation,"In the event the Nurse does not have sufficient funds to repay the severance, a repayment schedule shall be agreed to by"
UC-CNA_C_0670,HARD,No recognizable entities — check annotation,The Nurse’s failure to complete their severance repayment obligation shall not increase the University’s back pay liabil
UC-CNA_C_0672,SOFT,No recognizable entities — check annotation,"In that event, the Nurse may retain that portion of the severance pay equal to the base pay they would have earned if no"
UC-CNA_C_0674,SOFT,No recognizable entities — check annotation,Nurses on temporary layoff beyond one-hundred twenty (120) calendar days in a calendar year may continue medical plan co
UC-CNA_C_0675,SOFT,No recognizable entities — check annotation,Nurses on indefinite layoff may continue medical plan coverage by remitting the full premiums as required by COBRA. 3.
UC-CNA_C_0676,SOFT,No recognizable entities — check annotation,A Nurse in the bargaining unit who becomes unable to perform the essential assigned functions of the position due to any
UC-CNA_C_0806,HARD,No recognizable entities — check annotation,The parties shall not seek to introduce new issues and allegations at the arbitration hearing which were not introduced 
UC-CNA_C_0808,SOFT,No recognizable entities — check annotation,"When practicable, the University shall inform the Association in writing of its intent to assert the issue of arbitrabil"
UC-CNA_C_0993,HARD,No recognizable entities — check annotation,UC Los Angeles shall increase the on-call rate to $18.00 per hour. d.
UC-CNA_C_0994,HARD,No recognizable entities — check annotation,UC Davis shall increase the on-call rate to $15.00 per hour.
UC-CNA_C_0997,HARD,No recognizable entities — check annotation,"The University shall provide to career and special per diem Nurses, parking and parkingrelated services at each campus o"
UC-CNA_C_0999,HARD,No recognizable entities — check annotation,"For FY 2019-20, 2020-21, 2021-22, and 2022-23, the University shall limit the parking rate increases as specified in App"
UC-CNA_C_0999,HARD,Could not parse numeric value: parking_rate_increase=specified_in_Appendix_E,"For FY 2019-20, 2020-21, 2021-22, and 2022-23, the University shall limit the parking rate increases as specified in App"
UC-CNA_C_0999,HARD,Could not determine unit: parking_rate_increase=specified_in_Appendix_E,"For FY 2019-20, 2020-21, 2021-22, and 2022-23, the University shall limit the parking rate increases as specified in App"
UC-CNA_C_1000,HARD,No recognizable entities — check annotation,"The use of technology shall not limit the Nurse’s exercise of clinical judgment in assessment, evaluation, planning and "
UC-CNA_C_1001,HARD,No recognizable entities — check annotation,"New technology may affect nursing duties, but shall not be used to replace the Nurse’s role in delivery of care to patie"
UC-CNA_C_1002,SOFT,No recognizable entities — check annotation,"NURSE INPUT INTO NEW TECHNOLOGY Representatives of the PPC shall be entitled to participate in the selection, design, bu"
UC-CNA_C_1004,SOFT,No recognizable entities — check annotation,A Nurse’s patient care assignment shall be taken into consideration when determining the appropriate method for training
UC-CNA_C_1005,SOFT,No recognizable entities — check annotation,"In situations where a Nurse has been instructed to complete training and in the Nurse’s clinical judgment, they are unab"
UC-CNA_C_0991,HARD,No recognizable entities — check annotation,UC San Diego shall increase the on-call rate to $12.00 per hour. b.
UC-CNA_C_1023,SOFT,No recognizable entities — check annotation,"Campus may reinstate the rate of $18.75 per month, plus annual increases within agreed cap level."
UC-CNA_C_1024,SOFT,No recognizable entities — check annotation,"Campus may reinstate the rate to the same amount as the Annual and Multi-Year Rate, plus annual increases within agreed "
UC-CNA_C_1024,SOFT,Could not parse numeric value: annual increases within agreed cap level,"Campus may reinstate the rate to the same amount as the Annual and Multi-Year Rate, plus annual increases within agreed "
UC-CNA_C_1024,SOFT,Could not determine unit: annual increases within agreed cap level,"Campus may reinstate the rate to the same amount as the Annual and Multi-Year Rate, plus annual increases within agreed "
UC-CNA_C_1025,SOFT,No recognizable entities — check annotation,"UC SAN DIEGO MEETING ROOMS Scheduling is done through the Medical Center Labor Relations Office Hillcrest The cafeteria,"
UC-CNA_C_1026,SOFT,No recognizable entities — check annotation,"La Jolla The cafeteria, general purpose conference rooms and auditoriums may be scheduled for use by CNA."
UC-CNA_C_0992,HARD,No recognizable entities — check annotation,UC Irvine shall increase the on-call rate to $10.50 per hour. c.
UC-CNA_C_1028,HARD,No recognizable entities — check annotation,"If UCSD is charged a cost for a room reservation, the cost shall be passed on to CNA for payment."
UC-CNA_C_0971,HARD,No recognizable entities — check annotation,The Association shall notify the University at least two
UC-CNA_C_0971,HARD,Could not parse numeric value: empty string,The Association shall notify the University at least two
UC-CNA_C_0971,HARD,Could not determine unit: empty string,The Association shall notify the University at least two
UC-CNA_C_0961,HARD,No recognizable entities — check annotation,Attendance by a Nurse Negotiator at scheduled bargaining session shall constitute fulfillment of the Nurse’s work obliga
UC-CNA_C_0962,SOFT,No recognizable entities — check annotation,"If the parties agree that a fullday CNA bargaining team caucus is necessary to the bargaining process, the University ma"
UC-CNA_C_0963,SOFT,No recognizable entities — check annotation,The designated Nurse Negotiators shall make a reasonable effort to notify their immediate supervisor of their intent to 
UC-CNA_C_0965,HARD,Could not parse numeric value: max_pay=regular_pay,Paid release time shall not exceed the Nurse's regular pay for their normally scheduled hours of work on the day(s) of t
UC-CNA_C_0965,HARD,Could not determine unit: max_pay=regular_pay,Paid release time shall not exceed the Nurse's regular pay for their normally scheduled hours of work on the day(s) of t
UC-CNA_C_0968,SOFT,No recognizable entities — check annotation,"(9) CNA Nurse Negotiators, identified in §A above, shall receive up to five"
UC-CNA_C_0989,HARD,No recognizable entities — check annotation,UC San Diego shall provide Certified Registered Nurse Anesthetists (CRNA) an additional 1% across the board increase eff
UC-CNA_C_0975,HARD,No recognizable entities — check annotation,"Each campus/hospital/laboratory’s method of providing credit for relevant experience for nurses, including service for S"
UC-CNA_C_0975,HARD,Could not parse numeric value: empty string,"Each campus/hospital/laboratory’s method of providing credit for relevant experience for nurses, including service for S"
UC-CNA_C_0975,HARD,Could not determine unit: empty string,"Each campus/hospital/laboratory’s method of providing credit for relevant experience for nurses, including service for S"
UC-CNA_C_0978,SOFT,No recognizable entities — check annotation,The campus or Medical Center’s normal pay practices shall be followed in implementing pay increases. d.
UC-CNA_C_0979,HARD,No recognizable entities — check annotation,To be eligible for the lump sum payment a nurse must have been hired into a bargaining unit position on or before Januar
UC-CNA_C_0981,HARD,No recognizable entities — check annotation,"Each eligible nurse shall receive a within-range step increase effective July 1, 2023;"
UC-CNA_C_0983,HARD,No recognizable entities — check annotation,"UC Irvine shall provide Clinical Nurses an additional 2% across the board increase effective January 1, 2023; an additio"
UC-CNA_C_0984,HARD,No recognizable entities — check annotation,"UC Irvine shall provide Nurse Practitioners an additional 2% across the board increase effective January 1, 2023; and an"
UC-CNA_C_0985,HARD,No recognizable entities — check annotation,"UC Irvine shall provide Transplant Coordinators an additional 4% across the board increase effective January 1, 2023; an"
UC-CNA_C_0986,HARD,No recognizable entities — check annotation,"UC Irvine shall provide Certified Registered Nurse Anesthetists (CRNA) a $2,400 Lump Sum Payment effective January 1, 20"
UC-CNA_C_0987,HARD,No recognizable entities — check annotation,"UC San Diego shall provide Clinical Nurse 1, 2, 3, 4 and Per Diems an additional 1% across the board increase effective "
UC-CNA_C_0988,HARD,No recognizable entities — check annotation,"UC San Diego shall provide Nurse Practitioners an additional 1% across the board increase effective January 1, 2023; an "
UC-CNA_C_1027,SOFT,No recognizable entities — check annotation,Offsite Facilities Staff lounges/ break rooms and general purpose conference rooms may be scheduled for use by CNA.
UC-CNA_C_1029,HARD,No recognizable entities — check annotation,The cost of the room shall be made available to CNA prior to reserving the room.
UC-CNA_C_1076,HARD,No recognizable entities — check annotation,The parties shall mutually exchange agenda items at least one week in advance of the scheduled meetings. b.
UC-CNA_C_1077,HARD,No recognizable entities — check annotation,The parties shall mutually exchange meeting participants at least one week in advance of the scheduled meetings. c.
UC-CNA_C_1080,HARD,No recognizable entities — check annotation,"Within thirty (30) days from the date of ratification, CNA shall withdraw the following outstanding grievances and unfai"
UC-CNA_C_1084,HARD,No recognizable entities — check annotation,"CNA shall withdraw its request for information dated May 18, 2022 as a condition of reaching Tentative Agreement (“TA”) "
UC-CNA_C_1086,HARD,No recognizable entities — check annotation,CNA shall be the moving party to schedule the meeting. 2.
UC-CNA_C_1088,SOFT,No recognizable entities — check annotation,The agenda for these meetings shall be determined by mutual agreement of the parties at least seven
UC-CNA_C_1089,SOFT,No recognizable entities — check annotation,With advanced notice the University shall work with CNA to provide release time for identified nurses to participate in 
UC-CNA_C_1090,HARD,No recognizable entities — check annotation,"If the University raises arbitrability, in accordance with Article 28, Section C, the parties shall engage a mediator to"
UC-CNA_C_1093,HARD,No recognizable entities — check annotation,The University does not waive any of its procedural or substantive arbitrability arguments should the parties proceed to
UC-CNA_C_1073,HARD,No recognizable entities — check annotation,CNA shall appoint two nurse representatives from each of the five major health systems and the Association shall have an
UC-CNA_C_1095,SOFT,No recognizable entities — check annotation,The parties shall mutually agree to the mediator.
UC-CNA_C_1097,HARD,No recognizable entities — check annotation,The Office of the President – Labor Relations shall be responsible for convening the mediation session. 6.
UC-CNA_C_1104,SOFT,No recognizable entities — check annotation,"The University and CNA agree that any staffing disputes, regarding this side letter may be immediately referred to the S"
UC-CNA_C_1106,HARD,No recognizable entities — check annotation,"When the subcontract is $1,000,000 or more on an annual basis, the University shall provide CNA with at least ninety (90"
UC-CNA_C_1107,HARD,No recognizable entities — check annotation,CNA shall be required to request a meeting within fifteen (15) calendar days from the date on the notice to discuss the 
UC-CNA_C_1109,HARD,No recognizable entities — check annotation,"Upon request, the University shall provide CNA with all available relevant information including requests for proposals,"
UC-CNA_C_1074,SOFT,No recognizable entities — check annotation,"Upon advanced notice, either party may invite additional participants to attend JLMC meetings provided their attendance "
UC-CNA_C_1072,HARD,No recognizable entities — check annotation,The University shall appoint two representatives from each of the five major health systems and the UC Office of the Pre
UC-CNA_C_1047,SOFT,No recognizable entities — check annotation,Either Party may request to review the UCDH Transplant Coordinator side letter by providing notice one
UC-CNA_C_1031,SOFT,No recognizable entities — check annotation,UC SANTA CRUZ MEETING ROOMS Pre-scheduling is required The Association may reserve meeting rooms anywhere on campus in a
UC-CNA_C_1033,SOFT,No recognizable entities — check annotation,"Either party may request, in writing, to reopen this agreement with regards to retirement (Article 15.B.) and wages (Art"
UC-CNA_C_1035,HARD,No recognizable entities — check annotation,If either party reopens on either article identified above then both articles shall be deemed to reopen simultaneously. 
UC-CNA_C_1036,HARD,No recognizable entities — check annotation,The time period which either party may provide written notice to the other party that it has chosen to reopen shall star
UC-CNA_C_1042,HARD,No recognizable entities — check annotation,"Should neither party elect to reopen, the contract shall remain in full force and effect. 168"
UC-CNA_C_1071,HARD,No recognizable entities — check annotation,"The JLMC shall meet at least twice per calendar year, with additional meetings scheduled by mutually agreement. 2."
UC-CNA_C_1055,SOFT,No recognizable entities — check annotation,"After extended periods of additional time worked or unusually heavy workload, supervisors may approve a nurse anesthetis"
UC-CNA_C_1057,HARD,No recognizable entities — check annotation,"For full-time exempt nurse anesthetists, leaves with and without pay shall be used in one-day increments only. b."
UC-CNA_C_1066,HARD,No recognizable entities — check annotation,"(1) student health center, designated by CNA, shall be released from work on paid release time in accordance with Articl"
UC-CNA_C_1067,HARD,No recognizable entities — check annotation,CNA shall provide the local Labor Relations office with at least two
UC-CNA_C_1068,SOFT,No recognizable entities — check annotation,The parties may by mutual agreement agree to a shorter period of notice. 181
UC-CNA_C_1069,SOFT,No recognizable entities — check annotation,"If a location is interested in designating Cesar Chavez Day (last Friday in March) as an administrative holiday, rather "
UC-CNA_C_1070,SOFT,No recognizable entities — check annotation,"Upon timely request from CNA, the parties shall meet and confer regarding the effects, if any, of designating Cesar Chav"
UC-CNA_C_0955,HARD,No recognizable entities — check annotation,"In the event that neither CNA nor the University accomplishes timely notice of intent to reopen, the terms and condition"
UC-CNA_C_0953,HARD,No recognizable entities — check annotation,Neither party shall have an obligation or requirement to negotiate on any provision of any Article not timely designated
UC-CNA_C_0864,SOFT,No recognizable entities — check annotation,"All Nurse representatives shall request release time from their supervisor prior to the activity. 1) Where practicable, "
UC-CNA_C_0851,SOFT,No recognizable entities — check annotation,CNA may designate one
UC-CNA_C_0852,SOFT,No recognizable entities — check annotation,"At medical centers with more than one hundred (100) Nurses, CNA may designate one"
UC-CNA_C_0857,HARD,No recognizable entities — check annotation,"The Nurse Representative and the Chief Nurse Representative, if any, shall not be allowed release time for the same bloc"
UC-CNA_C_0858,HARD,No recognizable entities — check annotation,"The total cumulative use of paid release time for the primary and alternate Nurse Representative, per particular patient"
UC-CNA_C_0859,HARD,No recognizable entities — check annotation,"For Per Diem Nurses who serve as Nurse Representatives or Chief Nurse Representatives, the University and CNA agree that"
UC-CNA_C_0861,SOFT,No recognizable entities — check annotation,(4) hours per month for attendance at monthly Nurse Representative meetings at the Nurse’s facility to deal with grievan
UC-CNA_C_0862,HARD,No recognizable entities — check annotation,"When such time is used for the on-site grievance-related activities of witness interviewing and/or document collection, "
UC-CNA_C_0848,SOFT,No recognizable entities — check annotation,The University and the Association may mutually agree to waive the prerequisite in the appropriate circumstances.
UC-CNA_C_0866,SOFT,No recognizable entities — check annotation,"At its sole discretion, the University may authorize use of release time for more than the time limits provided for in t"
UC-CNA_C_0867,HARD,No recognizable entities — check annotation,The exercise of this discretion and/or the enforcement by the University of the maximum time shall under no circumstance
UC-CNA_C_0868,SOFT,No recognizable entities — check annotation,"If a question remains, the University may take corrective action when warranted."
UC-CNA_C_0869,HARD,No recognizable entities — check annotation,PATIENT CARE AREAS Association representatives shall have access to patient care areas only as necessary for travel to a
UC-CNA_C_0870,HARD,No recognizable entities — check annotation,"Association representatives shall not contact Nurses in, linger in, or use patient care areas for the purpose of conduct"
UC-CNA_C_0871,HARD,No recognizable entities — check annotation,The University shall provide the Association use of general-purpose meeting rooms and those rooms set forth in Appendix 
UC-CNA_C_0872,SOFT,No recognizable entities — check annotation,The Association shall make advance arrangements for such use with the designated campus/Laboratory office. 117
UC-CNA_C_0873,SOFT,No recognizable entities — check annotation,The University shall approve or deny an Association request for an available meeting room within a reasonable period of 
UC-CNA_C_0875,SOFT,No recognizable entities — check annotation,The Association may schedule classrooms and conference rooms outside of patient care areas for those times when such roo
UC-CNA_C_0877,HARD,No recognizable entities — check annotation,"The University and the Association shall, within thirty (30) calendar days of the conclusion of bargaining, meet and upd"
UC-CNA_C_0878,SOFT,No recognizable entities — check annotation,"ASSOCIATION ACCESS TO NURSE RECORDS Upon reasonable notice, the Nurse and/or the Nurse's representative and/or an Associ"
UC-CNA_C_0879,HARD,No recognizable entities — check annotation,The written authorization shall be valid for thirty (30) calendar days from the date of the signature of the authorizati
UC-CNA_C_0849,HARD,No recognizable entities — check annotation,The University shall recognize designated Nurse Representatives who are members of the bargaining unit.
UC-CNA_C_0881,SOFT,No recognizable entities — check annotation,"In locations where Nurse mailboxes exist, the Association shall have reasonable use of them."
UC-CNA_C_0828,HARD,No recognizable entities — check annotation,ARBITRATOR'S FEES The arbitrator's fees shall be borne equally by the parties.
UC-CNA_C_0814,HARD,No recognizable entities — check annotation,If either party requests a postponement of the scheduled arbitration hearing following the University’s raising issue(s)
UC-CNA_C_0815,SOFT,No recognizable entities — check annotation,"Prior to arbitration, the Association and the University shall attempt to stipulate as to the issue(s) to be arbitrated "
UC-CNA_C_0816,HARD,No recognizable entities — check annotation,Relevant material and the names of all witnesses who are to be called shall be identified by the parties prior to the he
UC-CNA_C_0817,SOFT,No recognizable entities — check annotation,"To the extent possible, witnesses and material should be identified at least seven"
UC-CNA_C_0822,HARD,Could not parse numeric value: empty string,"If the grievance is sustained in whole or in part, the remedy shall not exceed restoring to the nurse the pay, benefits,"
UC-CNA_C_0822,HARD,Could not determine unit: empty string,"If the grievance is sustained in whole or in part, the remedy shall not exceed restoring to the nurse the pay, benefits,"
UC-CNA_C_0825,HARD,No recognizable entities — check annotation,"The Association shall have full authority to settle, withdraw, or otherwise dispose of any grievance brought on behalf o"
UC-CNA_C_0827,HARD,No recognizable entities — check annotation,"PAY STATUS Upon advance request, the grievant, the grievant's representative, and witnesses called by the University who"
UC-CNA_C_0846,HARD,No recognizable entities — check annotation,"Association representatives shall be given a campus/hospital/Laboratory orientation which shall review access areas, gen"
UC-CNA_C_0832,SOFT,No recognizable entities — check annotation,MEDIATION The parties may agree to mediation in an effort to resolve grievances and avoid unnecessary use of the arbitra
UC-CNA_C_0833,HARD,No recognizable entities — check annotation,If the parties agree to use mediation they shall agree to it in writing.
UC-CNA_C_0834,SOFT,No recognizable entities — check annotation,"When the parties agree to use mediation, the case shall be heard by an agreed upon mediator at a date agreed upon by the"
UC-CNA_C_0836,HARD,No recognizable entities — check annotation,"The cost of the mediation, if any, shall be born equally by the parties."
UC-CNA_C_0837,SOFT,No recognizable entities — check annotation,Either the Association or the University may terminate the mediation immediately by written notice at any time.
UC-CNA_C_0840,HARD,No recognizable entities — check annotation,"No later than one month following negotiations, the parties shall negotiate additions and/or deletions for the arbitrati"
UC-CNA_C_0843,HARD,No recognizable entities — check annotation,The Association shall update the list as changes to the original occur.
UC-CNA_C_0844,HARD,No recognizable entities — check annotation,"Such internal Association business as membership recruitment, campaigning for Association office, hand billing or other "
UC-CNA_C_0845,HARD,No recognizable entities — check annotation,"As currently provided, the Association shall be permitted to use a table in or near the main cafeteria at each facility,"
UC-CNA_C_0880,HARD,No recognizable entities — check annotation,Records protected by recognized legal privilege and records excepted from disclosure by law may be withheld from the Nur
UC-CNA_C_0882,HARD,No recognizable entities — check annotation,"At each medical center, the University shall provide a secure mail drop for use by the Association and Nurses."
UC-CNA_C_0917,SOFT,No recognizable entities — check annotation,(1) Association-represented Nurse per campus/Laboratory shall be granted an extended leave of absence to engage in Assoc
UC-CNA_C_0922,HARD,No recognizable entities — check annotation,"While on Association leave, University employees shall be covered by CNA’s Workers Compensation carrier. b."
UC-CNA_C_0925,SOFT,No recognizable entities — check annotation,"The University, due to operational requirements, may postpone the date such leave of absence without pay is scheduled to"
UC-CNA_C_0926,HARD,No recognizable entities — check annotation,Under no circumstance shall the University be required to return such Nurse to an active employment status with the Univ
UC-CNA_C_0928,SOFT,No recognizable entities — check annotation,"Article 14, Hours of Work, §M.3, Compensatory Time Bank; and Article 20, Leaves of Absence, §F., Personal Leave, Nurses "
UC-CNA_C_0933,SOFT,No recognizable entities — check annotation,"Although the University may upon request consult with the Association concerning the following areas, the University is "
UC-CNA_C_0938,HARD,No recognizable entities — check annotation,"During the term of this Agreement or any written extension thereof, the University agrees that there shall be no lockout"
UC-CNA_C_0941,HARD,No recognizable entities — check annotation,The Association shall immediately take whatever affirmative action is necessary to prevent and bring about an end to any
UC-CNA_C_0942,HARD,No recognizable entities — check annotation,Such affirmative action shall include but not be limited to sending written notice to the home address of all Nurses eng
UC-CNA_C_0945,SOFT,No recognizable entities — check annotation,The parties shall meet and confer in good faith with respect to any provision found to be in contravention of the law. 1
UC-CNA_C_0948,HARD,No recognizable entities — check annotation,"The Association shall no later than June 15, 2025 serve upon the Office of Labor Relations of the University written not"
UC-CNA_C_0949,HARD,No recognizable entities — check annotation,Included in such notice shall be the Association’s written initial proposals regarding a successor Agreement. 2.
UC-CNA_C_0950,HARD,No recognizable entities — check annotation,"The University shall, no later than July 1, 2025, following receipt of the Association’s timely notice of its intent to "
UC-CNA_C_0916,HARD,No recognizable entities — check annotation,"Where the University conducts RN-only orientations, the University shall allow CNA to address Nurses there in accordance"
UC-CNA_C_0883,HARD,No recognizable entities — check annotation,Nurse Representatives shall have the right to use their University e-mail account for the purposes of conducting Associa
UC-CNA_C_0884,SOFT,No recognizable entities — check annotation,GENERAL CONDITIONS All Nurses covered by the terms of this Agreement may become and remain members in good standing of t
UC-CNA_C_0885,HARD,No recognizable entities — check annotation,No Nurse shall be required to join the Association as a condition of employment at the University.
UC-CNA_C_0886,HARD,No recognizable entities — check annotation,Each Nurse who is a member of the Association or authorizes Association deductions shall have the Association deductions
UC-CNA_C_0887,HARD,Could not parse numeric value: empty string,Such certification shall occur no later than the 15th of the month for the following monthly or bi-weekly payroll cycle.
UC-CNA_C_0887,HARD,Could not determine unit: empty string,Such certification shall occur no later than the 15th of the month for the following monthly or bi-weekly payroll cycle.
UC-CNA_C_0888,HARD,No recognizable entities — check annotation,Such deductions shall be delivered to the University in an Excel (.xls) format. 3.
UC-CNA_C_0889,HARD,No recognizable entities — check annotation,The University shall provide notice of the final administrative process at least thirty (30) calendar days in advance of
UC-CNA_C_0891,SOFT,No recognizable entities — check annotation,"The Association list to be submitted shall contain the available information, in a form that is mutually agreed upon by "
UC-CNA_C_0892,SOFT,No recognizable entities — check annotation,Ongoing deduction dollar amount for political action The University and the Association shall meet and discuss in a good
UC-CNA_C_0893,HARD,No recognizable entities — check annotation,"The University shall deduct and remit to the Association no less frequently than once a month Association deductions, as"
UC-CNA_C_0894,HARD,No recognizable entities — check annotation,The University shall not be responsible for deduction in any pay period in which the Nurse's net earnings are insufficie
UC-CNA_C_0895,HARD,No recognizable entities — check annotation,The University shall also remit an alphabetical list showing the names of payees and the amounts deducted and remitted. 
UC-CNA_C_0897,HARD,No recognizable entities — check annotation,Any written communications received by the University regarding Association membership shall be returned to the Nurse by
UC-CNA_C_0899,HARD,No recognizable entities — check annotation,The Association shall inform the University once a year of the amount of the monthly dues under this provision.
UC-CNA_C_0901,HARD,No recognizable entities — check annotation,"CORRECTION OF ERRORS If, through inadvertence or error, the University fails to make authorized deductions, or any part "
UC-CNA_C_0902,HARD,No recognizable entities — check annotation,"Once the funds are remitted to the designated representatives of the Association, their disposition thereafter shall be "
UC-CNA_C_0903,HARD,No recognizable entities — check annotation,It is expressly understood and agreed that the Association shall refund to the Nurse any deductions erroneously withheld
UC-CNA_C_0904,HARD,No recognizable entities — check annotation,"For each monthly remittance to CNA, the University shall charge CNA $10.00 for payment transmittal, and $.07 per employe"
UC-CNA_C_0905,HARD,No recognizable entities — check annotation,The administrative service fees shall be deducted from payroll deduction amounts being remitted to CNA. 2.
UC-CNA_C_0906,HARD,No recognizable entities — check annotation,"For the purpose of voluntary deductions for CNA’s Political Action and Education Fund, fees deducted for administration "
UC-CNA_C_0906,HARD,Could not parse numeric value: max_fees=actual_costs,"For the purpose of voluntary deductions for CNA’s Political Action and Education Fund, fees deducted for administration "
UC-CNA_C_0906,HARD,Could not determine unit: max_fees=actual_costs,"For the purpose of voluntary deductions for CNA’s Political Action and Education Fund, fees deducted for administration "
UC-CNA_C_0907,HARD,No recognizable entities — check annotation,"On a monthly basis, the University shall provide CNA with a list by campus/medical center of all Nurses in the NX bargai"
UC-CNA_C_0908,HARD,No recognizable entities — check annotation,"Within ten (10) calendar days following ratification, the University shall provide CNA with an electronic copy of the dr"
UC-CNA_C_0908,HARD,Could not parse numeric value: empty string,"Within ten (10) calendar days following ratification, the University shall provide CNA with an electronic copy of the dr"
UC-CNA_C_0908,HARD,Could not determine unit: empty string,"Within ten (10) calendar days following ratification, the University shall provide CNA with an electronic copy of the dr"
UC-CNA_C_0909,HARD,No recognizable entities — check annotation,The University and CNA will use their best efforts to ensure that this agreement is posted within one hundred twenty (12
UC-CNA_C_0910,HARD,No recognizable entities — check annotation,The University shall provide CNA not less than ten (10) days notice in advance of a new employee orientation.
UC-CNA_C_0911,SOFT,No recognizable entities — check annotation,The University shall advise CNA of the estimated number of NX bargaining unit members scheduled to attend the new employ
UC-CNA_C_0912,HARD,No recognizable entities — check annotation,The Association shall be permitted to address Nurses at a reasonable time in conjunction with new employee orientation s
UC-CNA_C_0556,SOFT,No recognizable entities — check annotation,Ineligible Nurse - A Nurse not eligible for military leave pay may have such absence charged to accrued vacation or accr
UC-CNA_C_0186,HARD,No recognizable entities — check annotation,"When a current UC nurse is hired into a vacant position, the provisions of Article 2, Section C.2. and 3., MOVEMENT BETW"
UC-CNA_C_0188,SOFT,No recognizable entities — check annotation,"The University may establish workweeks beginning and ending on a day other than the above, upon notice to the Associatio"
UC-CNA_C_0190,SOFT,No recognizable entities — check annotation,"Full and part-time work schedules which may be established by the University include, but are not limited to: a. eight"
UC-CNA_C_0191,SOFT,No recognizable entities — check annotation,"The University may establish regular shift schedules other than those listed above, provided the University provides adv"
UC-CNA_C_0193,SOFT,No recognizable entities — check annotation,"If the University grants such request, it may schedule the requesting Nurse(s) to work the alternate schedule without th"
UC-CNA_C_0194,SOFT,No recognizable entities — check annotation,"Once granted, the University or the Nurse may rescind the alternative schedule with thirty (30) calendar days advance wr"
UC-CNA_C_0195,HARD,No recognizable entities — check annotation,Work Schedules - The University shall post work schedules at least two
UC-CNA_C_0196,HARD,No recognizable entities — check annotation,The University shall not change the posted schedule without two weeks personal notice to the Nurse.
UC-CNA_C_0197,SOFT,No recognizable entities — check annotation,"Insofar as practicable, the University shall update posted work schedules as changes occur. 30"
UC-CNA_C_0198,HARD,No recognizable entities — check annotation,Holiday Schedules - The University shall post-holiday schedules at least four
UC-CNA_C_0204,HARD,No recognizable entities — check annotation,"Whenever the University permits a Nurse to perform work during a meal period, the meal period shall be considered time w"
UC-CNA_C_0205,SOFT,No recognizable entities — check annotation,As soon as practicable after a Nurse determines that they are unable to take a meal break due to urgent patient care nee
UC-CNA_C_0207,SOFT,No recognizable entities — check annotation,As soon as practicable after a Nurse determines that they are unable to take a rest break due to urgent patient care nee
UC-CNA_C_0208,HARD,No recognizable entities — check annotation,"Following such notification, when the University cannot offer the rest break(s) for the Nurse, the University shall pay "
UC-CNA_C_0208,HARD,Could not parse numeric value: 15min,"Following such notification, when the University cannot offer the rest break(s) for the Nurse, the University shall pay "
UC-CNA_C_0208,HARD,Could not determine unit: 15min,"Following such notification, when the University cannot offer the rest break(s) for the Nurse, the University shall pay "
UC-CNA_C_0209,HARD,No recognizable entities — check annotation,"If the Nurse fails to take a break for reasons other than patient care needs, or fails to inform their supervisor of an "
UC-CNA_C_0210,HARD,No recognizable entities — check annotation,"The University shall not discourage a Nurse from reporting that a meal or rest break has been missed, whether such repor"
UC-CNA_C_0211,SOFT,No recognizable entities — check annotation,Missed break forms shall be reasonably and conveniently available to all Nurses on all shifts.
UC-CNA_C_0212,SOFT,No recognizable entities — check annotation,WEEKEND WORK The University shall attempt to grant at least twenty-six (26) weekends off per year to Nurses who work in 
UC-CNA_C_0215,SOFT,No recognizable entities — check annotation,"The Nurse may waive the consecutive days of work provisions, either at their request or as the result of a scheduling ch"
UC-CNA_C_0217,HARD,No recognizable entities — check annotation,The University shall reimburse Nurses for expenses in accordance with the provisions of University of California Policy 
UC-CNA_C_0183,SOFT,No recognizable entities — check annotation,"(7) calendar days of initial posting, the University has not filled the position, the vacancy may be converted to an “op"
UC-CNA_C_0182,HARD,No recognizable entities — check annotation,"Such postings shall identify the classification, percentage of appointment, minimum qualifications, initial date of post"
UC-CNA_C_0149,SOFT,No recognizable entities — check annotation,"If the SRP is unable to achieve a resolution, the neutral third party may resolve the difference and such decision shall"
UC-CNA_C_0150,HARD,No recognizable entities — check annotation,"Any resolution of the SRP, including any decision by the neutral third party, must take into consideration work area sta"
UC-CNA_C_0151,HARD,No recognizable entities — check annotation,The SRP – including the neutral third party – shall have no jurisdiction to fashion any remedy that imposes an obligatio
UC-CNA_C_0152,SOFT,No recognizable entities — check annotation,Either CNA or the University may seek to vacate any decision of the SRP or of the neutral third party under any basis pe
UC-CNA_C_0154,SOFT,No recognizable entities — check annotation,"Within forty-five (45) days following receipt of the notice, the PPC may make recommendations in writing to the CNO of t"
UC-CNA_C_0156,HARD,No recognizable entities — check annotation,The patient classification system shall be reviewed at least annually by the PCSC to determine whether or not the system
UC-CNA_C_0157,HARD,No recognizable entities — check annotation,Nurses in career appointments shall serve a probationary period during which time the University will evaluate their wor
UC-CNA_C_0159,HARD,No recognizable entities — check annotation,(6) months of continuous service at 50% time or more in a noncareer appointment and who receives a career appointment as
UC-CNA_C_0162,SOFT,No recognizable entities — check annotation,"RELEASE DURING PROBATIONARY PERIOD Prior to the completion of the probationary period, a Nurse may be released at the so"
UC-CNA_C_0164,HARD,No recognizable entities — check annotation,A Nurse who is temporarily assigned by the University to fully perform the functions of a position in a higher classific
UC-CNA_C_0166,SOFT,No recognizable entities — check annotation,DDooccuussiiggnn EEnnvveellooppee IIDD:: FC9490C78C1B3A11-7-3E26A4A-4-40B16E-B9-6B0514-595-0880BE7948A42F121802BB ARTICL
UC-CNA_C_0167,SOFT,No recognizable entities — check annotation,A Nurse's evaluation shall be sufficiently specific to inform and guide the Nurse in the performance of the duties.
UC-CNA_C_0168,HARD,No recognizable entities — check annotation,"The performance of each Nurse shall be evaluated at least annually, in accordance with a process established by the Univ"
UC-CNA_C_0170,SOFT,No recognizable entities — check annotation,"If a Nurse is not given an opportunity to perform on a particular element, the University will note on the performance e"
UC-CNA_C_0176,SOFT,No recognizable entities — check annotation,"NURSE RESPONSES TO AN EVALUATION Subsequent to receiving a University performance evaluation, a Nurse may write comments"
UC-CNA_C_0219,SOFT,No recognizable entities — check annotation,A Nurse called to return to work may be assigned by the University to perform available work.
UC-CNA_C_0265,HARD,No recognizable entities — check annotation,The provisions of this section shall not apply in a situation where a Nurse has been off work for at least six
UC-CNA_C_0266,SOFT,No recognizable entities — check annotation,The University may temporarily require shift rotation to ensure proper skill/competency mixes on all shifts. a.
UC-CNA_C_0269,HARD,No recognizable entities — check annotation,REPORTING PAY/WORK A Nurse who reports for work as scheduled without receiving prior notice that their assignment is not
UC-CNA_C_0270,HARD,No recognizable entities — check annotation,"If no alternate work is available, the Nurse shall be paid two"
UC-CNA_C_0273,SOFT,No recognizable entities — check annotation,"The University may, at its option during the term of this Agreement, alter its retirement system plans (UCRS / UCRP)."
UC-CNA_C_0274,HARD,No recognizable entities — check annotation,All UCRP-eligible Nurses (regardless of date of hire or UCRP tier placement) shall contribute to the UCRP expressed as a
UC-CNA_C_0275,HARD,Could not parse numeric value: max_contribution=foregoing amounts,"The University may not require employee contributions to the UCRP which exceed the foregoing amounts, nor may the Univer"
UC-CNA_C_0275,HARD,Could not determine unit: max_contribution=foregoing amounts,"The University may not require employee contributions to the UCRP which exceed the foregoing amounts, nor may the Univer"
UC-CNA_C_0276,HARD,No recognizable entities — check annotation,The sole exception shall be any alterations proposed by the University that affect only bargaining unit Nurses.
UC-CNA_C_0568,SOFT,No recognizable entities — check annotation,"Upon written request, a Nurse may elect to retain accrued vacation on the records for a period not to exceed one-hundred"
UC-CNA_C_0287,SOFT,No recognizable entities — check annotation,"Within the overall University responsibility to provide medical care, the University shall make reasonable attempts to f"
UC-CNA_C_0288,HARD,No recognizable entities — check annotation,"The University shall make reasonable attempts to provide bargaining unit Nurses with such equipment, methods, practices,"
UC-CNA_C_0289,HARD,No recognizable entities — check annotation,A Nurse within the bargaining unit shall not be assigned to any task abnormally dangerous or hazardous at the Nurse's pl
UC-CNA_C_0291,HARD,No recognizable entities — check annotation,In the event a Nurse within the bargaining unit regards an assigned task as abnormally dangerous the Nurse shall notify 
UC-CNA_C_0292,SOFT,No recognizable entities — check annotation,The supervisor shall make workplace task performance and/or task assignment changes consistent with health and safety co
UC-CNA_C_0293,SOFT,No recognizable entities — check annotation,"The supervisor, after consulting with the Nurse, may direct the Nurse to perform the task, or may assign the affected Nu"
UC-CNA_C_0294,HARD,No recognizable entities — check annotation,The University shall make reasonable accommodations in work assignments for Nurses who are pregnant and for lactating mo
UC-CNA_C_0259,HARD,No recognizable entities — check annotation,Compensatory Time at UCSF Medical Center 1) Nurses at UCSF Medical Center shall be allowed to be paid for holiday time i
UC-CNA_C_0222,HARD,No recognizable entities — check annotation,On-call is time during which a Nurse is required to be available for immediate reporting to work.
UC-CNA_C_0225,SOFT,No recognizable entities — check annotation,The University shall meet with the Association upon request to discuss alternative solutions when a pattern of assigned 
UC-CNA_C_0227,HARD,No recognizable entities — check annotation,"At UCSF, a Nurse who is called in to the work site from on-call status shall receive two"
UC-CNA_C_0227,HARD,Could not parse numeric value: empty string,"At UCSF, a Nurse who is called in to the work site from on-call status shall receive two"
UC-CNA_C_0227,HARD,Could not determine unit: empty string,"At UCSF, a Nurse who is called in to the work site from on-call status shall receive two"
UC-CNA_C_0230,HARD,No recognizable entities — check annotation,A Nurse called in to work from on-call status shall be assigned by the University to perform available work. 4.
UC-CNA_C_0233,HARD,No recognizable entities — check annotation,The University shall decide when overtime is needed and which Nurses will be assigned overtime.
UC-CNA_C_0234,HARD,No recognizable entities — check annotation,Overtime must be approved in advance by the University. b.
UC-CNA_C_0236,SOFT,No recognizable entities — check annotation,The University will ask for volunteers before assigning overtime and shall attempt to distribute overtime work assignmen
UC-CNA_C_0237,HARD,No recognizable entities — check annotation,"As soon as the need for overtime is determined, the University shall notify the Nurse that overtime must be worked."
UC-CNA_C_0247,HARD,No recognizable entities — check annotation,"For Nurses on 8/40 and 10/40 schedules only, ""hours of actual work in one workweek"" shall include time on holiday and va"
UC-CNA_C_0249,HARD,No recognizable entities — check annotation,"At UCSF, Nurses shall be paid double time (2x) for hours worked in excess of twelve (12) hours in a work day or twelve ("
UC-CNA_C_0251,HARD,No recognizable entities — check annotation,Compensatory time shall be paid or scheduled by the University at least twice per year.
UC-CNA_C_0252,HARD,No recognizable entities — check annotation,"However, the University shall not pay out any Nurse’s compensatory time bank below thirty-six (36) hours. 1) Nurses shal"
UC-CNA_C_0253,SOFT,No recognizable entities — check annotation,"Examples of such days include days on which the Nurse has been placed on emergency layoff, or on which educational or ho"
UC-CNA_C_0256,SOFT,No recognizable entities — check annotation,"Once the University has approved a Nurse's request to schedule banked compensatory time, the University shall not unreas"
UC-CNA_C_0257,HARD,No recognizable entities — check annotation,"However, a Nurse at the Berkeley Student Health Service may request scheduling of banked compensatory time in accordance"
UC-CNA_C_0145,HARD,No recognizable entities — check annotation,"Within thirty (30) calendar days of receiving the appeal, the CNO shall convene a Special Review Panel in accordance wit"
UC-CNA_C_0040,SOFT,No recognizable entities — check annotation,Nurses in Limited Appointments may be terminated or have their time reduced at the sole discretion of the University and
UC-CNA_C_0043,HARD,No recognizable entities — check annotation,When calculating time in pay status during a calendar year the University shall include any period of time for which a N
UC-CNA_C_0044,SOFT,No recognizable entities — check annotation,"(9) months on pay status in a calendar year, the University shall attempt to assign the Nurse to perform additional work"
UC-CNA_C_0047,SOFT,No recognizable entities — check annotation,"Nurses with partial-year career appointments may choose either to receive paychecks during pay periods worked only, or t"
UC-CNA_C_0048,HARD,No recognizable entities — check annotation,Nurses who occupy partialyear career positions and who elect the pay over twelve (12) months option must occupy the part
UC-CNA_C_0049,HARD,No recognizable entities — check annotation,Benefits A Nurse in a designated partial year career appointment shall be provided the University's contribution to the 
UC-CNA_C_0050,HARD,No recognizable entities — check annotation,"For medical plans which require a Nurse contribution, Nurses on furlough must remit to the University the amount of the "
UC-CNA_C_0053,SOFT,No recognizable entities — check annotation,"Requirements for maintaining Per Diem Nurse status are established by the University, and may vary at each location."
UC-CNA_C_0144,SOFT,No recognizable entities — check annotation,In the event the CNO’s action does not resolve the matter the PPC may appeal the decision in writing to the CNO.
UC-CNA_C_0060,SOFT,No recognizable entities — check annotation,"At the mutual agreement of the University and the Per Diem Nurse, their Per Diem Nurse status may be temporarily held in"
UC-CNA_C_0067,HARD,No recognizable entities — check annotation,Requirements – The campus/Laboratory shall notify the Per Diem Nurse of the unavailability of work in advance of their s
UC-CNA_C_0068,HARD,No recognizable entities — check annotation,It shall be the responsibility of the Per Diem Nurse to inform the University of any change of telephone number. 2.
UC-CNA_C_0069,HARD,No recognizable entities — check annotation,Reporting Pay/Work – A Per Diem Nurse who reports for work as scheduled without receiving prior notice that their assign
UC-CNA_C_0070,HARD,No recognizable entities — check annotation,"If no alternate work is available, the Per Diem Nurse shall be paid two"
UC-CNA_C_0070,HARD,Could not parse numeric value: empty string,"If no alternate work is available, the Per Diem Nurse shall be paid two"
UC-CNA_C_0070,HARD,Could not determine unit: empty string,"If no alternate work is available, the Per Diem Nurse shall be paid two"
UC-CNA_C_0071,HARD,No recognizable entities — check annotation,Per Diem Nurses shall be reimbursed for the costs of educational programs which are required and approved by the Univers
UC-CNA_C_0073,HARD,No recognizable entities — check annotation,A Per Diem Nurse shall pay the same fees as other Nurses at their campus/Laboratory for Continuing Education in Nursing 
UC-CNA_C_0035,HARD,No recognizable entities — check annotation,New graduate Nurses shall not be hired into limited appointments when career CN I appointments are available in that uni
UC-CNA_C_0003,HARD,No recognizable entities — check annotation,The Association shall have thirty (30) calendar days after mailing of such notice to contest the University's assignment
UC-CNA_C_0004,HARD,No recognizable entities — check annotation,Nurses shall not be assigned to the newly established classification until the bargaining unit assignment is either agre
UC-CNA_C_0005,SOFT,No recognizable entities — check annotation,If the Association contests the bargaining unit assignment of the newly created classification/title within thirty (30) 
UC-CNA_C_0006,HARD,No recognizable entities — check annotation,"If the parties are unable to reach agreement regarding the bargaining unit assignment of the title/classification, the d"
UC-CNA_C_0007,HARD,No recognizable entities — check annotation,If the Association does not contest the bargaining unit assignment of the newly created position within the thirty (30) 
UC-CNA_C_0008,SOFT,No recognizable entities — check annotation,"If the new classification is in the bargaining unit in accordance with the provisions of §B.1., above, the University an"
UC-CNA_C_0009,HARD,No recognizable entities — check annotation,In the event the University believes that a Registered Nurse position should be reclassified or designated for exclusion
UC-CNA_C_0010,SOFT,No recognizable entities — check annotation,"If the Association disagrees with the University's proposed removal of positions from the bargaining unit, the Universit"
UC-CNA_C_0011,HARD,No recognizable entities — check annotation,If the Association does not contest the reclassification or designation for exclusion within the thirty (30) calendar da
UC-CNA_C_0012,HARD,No recognizable entities — check annotation,Nurses shall not be reclassified or excluded from the bargaining unit until agreement is reached by the Association and 
UC-CNA_C_0023,SOFT,No recognizable entities — check annotation,The University may temporarily assign charge responsibilities to Nurses in addition to the staff Nurse duties normally a
UC-CNA_C_0026,HARD,No recognizable entities — check annotation,"The University shall notice CNA in advance regarding changes in clinical ladders and upon request of the Association, me"
UC-CNA_C_0029,SOFT,No recognizable entities — check annotation,A Nurse may also move to another classification and level described in this Article by way of a reclassification of thei
UC-CNA_C_0030,HARD,No recognizable entities — check annotation,The Association shall be notified upon the reclassification of any position and any resulting wage change.
UC-CNA_C_0032,SOFT,No recognizable entities — check annotation,"A Nurse may receive a salary decrease following a downward reclassification or movement; however, a Nurse's current sala"
UC-CNA_C_0078,HARD,Could not parse numeric value: empty string,"Day, December 24 shall be paid at the rate of time and one-half (1 ½ X) the regular rate of pay for the hours actually w"
UC-CNA_C_0078,HARD,Could not determine unit: empty string,"Day, December 24 shall be paid at the rate of time and one-half (1 ½ X) the regular rate of pay for the hours actually w"
UC-CNA_C_0112,SOFT,No recognizable entities — check annotation,"If the meeting calendar changes, the Association shall make every effort to provide notice of the new meeting time and d"
UC-CNA_C_0114,HARD,No recognizable entities — check annotation,"If the request is denied, the PPC shall be provided within thirty (30) calendar days, a written response describing why "
UC-CNA_C_0115,HARD,No recognizable entities — check annotation,The University shall annually provide to the PPC the facility Cal-OSHA 300 logs. 6.
UC-CNA_C_0120,HARD,No recognizable entities — check annotation,"If a patient care unit has more than one hundred (100) bargaining unit Nurses, then a second Nurse from that unit shall "
UC-CNA_C_0123,SOFT,No recognizable entities — check annotation,Nothing shall preclude the CNO from authorizing additional release time upon request of the PPC.
UC-CNA_C_0124,SOFT,No recognizable entities — check annotation,"For each Medical Center PPC, CNA may designate one"
UC-CNA_C_0125,HARD,No recognizable entities — check annotation,The University shall have a staffing system based on assessment of patient needs in conformance with applicable state re
UC-CNA_C_0129,SOFT,No recognizable entities — check annotation,"In the event a Nurse feels that they lack competency, including age-specific clinical competency for an assignment, the "
UC-CNA_C_0130,SOFT,No recognizable entities — check annotation,"The supervisor and the Nurse shall make an assessment of the assignment, and shall alter such assignment if the assessme"
UC-CNA_C_0133,HARD,No recognizable entities — check annotation,"When it is necessary to float (not including float pool and those assigned to cover multiple units/locations), the float"
UC-CNA_C_0134,HARD,No recognizable entities — check annotation,"Volunteers, Registry, Travelers and Per Diem shall float prior to any career bargaining unit Nurse provided competency r"
UC-CNA_C_0135,HARD,No recognizable entities — check annotation,A bargaining unit Nurse shall not be required to float to more than one
UC-CNA_C_0137,HARD,No recognizable entities — check annotation,"At the request of the Association, the University shall provide, within a reasonable time period of receiving the reques"
UC-CNA_C_0138,HARD,No recognizable entities — check annotation,STAFFING RATIO AND ACUITY DISPUTE RESOLUTION The University and CNA agree that the process contained herein shall be the
UC-CNA_C_0140,HARD,No recognizable entities — check annotation,"The NSRP shall be comprised of a chair appointed or assumed by the CNO, two (2)RNs selected by the University, and two"
UC-CNA_C_0142,HARD,No recognizable entities — check annotation,"The Panel shall make staffing adjustment recommendations to the CNO, based on compliance with state ratios."
UC-CNA_C_0143,HARD,No recognizable entities — check annotation,"The CNO shall, within thirty days of receiving the Panel’s recommendations, provide their response to the PPC. d."
UC-CNA_C_0113,SOFT,No recognizable entities — check annotation,"The PPC may also request, through the appropriate office of labor relations, to meet with one representative of the Safe"
UC-CNA_C_0110,SOFT,No recognizable entities — check annotation,"When practicable, the PPC shall provide the Chief Nursing Officer (CNO) the topics for discussion seven"
UC-CNA_C_0109,HARD,No recognizable entities — check annotation,At least once per quarter the appropriate Chief Nursing Officer (CNO) shall meet with the PPC at one of its scheduled me
UC-CNA_C_0081,HARD,No recognizable entities — check annotation,"A Nurse who does not meet the minimum scheduling commitment shall not have access to Article 26, Corrective Action, Disc"
UC-CNA_C_0084,SOFT,No recognizable entities — check annotation,SEXUAL HARASSMENT COMPLAINT RESOLUTION PROCEDURE The Association agrees that a Nurse within the unit covered by this Agr
UC-CNA_C_0085,HARD,No recognizable entities — check annotation,"Nurses shall be reimbursed for the costs of educational programs required and approved by the University, including but "
UC-CNA_C_0086,SOFT,No recognizable entities — check annotation,Nurses attending University courses or seminars shall be eligible for fee reductions applicable to other Nurses at their
UC-CNA_C_0089,HARD,No recognizable entities — check annotation,"Such hours shall be prorated for Nurses appointed at less than 90%, based on their appointment rate."
UC-CNA_C_0095,SOFT,No recognizable entities — check annotation,"(8) hours, the Nurse may use professional/educational development hours equal to their full shift. b."
UC-CNA_C_0097,SOFT,No recognizable entities — check annotation,"When a Nurse participates in a professional/educational development program on the Nurse’s day off, the Nurse may use pr"
UC-CNA_C_0097,SOFT,Could not parse numeric value: empty string,"When a Nurse participates in a professional/educational development program on the Nurse’s day off, the Nurse may use pr"
UC-CNA_C_0097,SOFT,Could not determine unit: empty string,"When a Nurse participates in a professional/educational development program on the Nurse’s day off, the Nurse may use pr"
UC-CNA_C_0100,HARD,No recognizable entities — check annotation,"Nurses who are scheduled to take the examination which would grant a state and/or nationally recognized certification, a"
UC-CNA_C_0102,SOFT,No recognizable entities — check annotation,"When a Nurse is enrolled in a formal education program which culminates in a higher degree, the University shall at the "
UC-CNA_C_0103,SOFT,No recognizable entities — check annotation,The parties may extend the duration by mutual agreement. 18
UC-CNA_C_0104,SOFT,No recognizable entities — check annotation,A Professional Practice Committee (PPC) of bargaining unit Nurses may be established by the Association at each patient 
UC-CNA_C_0108,SOFT,No recognizable entities — check annotation,"When practicable, the University shall provide information requested by the PPC within thirty (30) calendar days."
UC-CNA_C_0297,SOFT,No recognizable entities — check annotation,"If the matter is not resolved to the satisfaction of the Nurse and/or the Nurse carries out the task, the Nurse may late"
UC-CNA_C_0277,HARD,No recognizable entities — check annotation,"For Nurses hired, rehired following a break in service, or who become UCRP-eligible on or after July 1st, 2013, the pens"
UC-CNA_C_0300,HARD,No recognizable entities — check annotation,"If, as a result of the filing of a grievance relative to an abnormally dangerous or hazardous task assignment, the Unive"
UC-CNA_C_0460,HARD,No recognizable entities — check annotation,"If the nurse is taking FML as Military Caregiver Leave, the nurse shall be eligible for up to 26 workweeks of leave in a"
UC-CNA_C_0464,SOFT,No recognizable entities — check annotation,Only the time actually spent on the intermittent or reduced leave schedule shall be counted towards the nurse's entitlem
UC-CNA_C_0468,HARD,No recognizable entities — check annotation,Return to Work 1) Medical Release to Return to Work – A nurse who has been granted FML for their own serious health cond
UC-CNA_C_0470,HARD,No recognizable entities — check annotation,The University shall not grant a leave of absence beyond the ending date of the nurse's appointment or predetermined dat
UC-CNA_C_0471,HARD,Could not parse numeric value: empty string,Such leave shall be concluded within one
UC-CNA_C_0471,HARD,Could not determine unit: empty string,Such leave shall be concluded within one
UC-CNA_C_0474,HARD,No recognizable entities — check annotation,A nurse shall request Parental Leave sufficiently in advance of the expected birth date of the child or placement of a c
UC-CNA_C_0495,HARD,No recognizable entities — check annotation,"Such a nurse’s entitlement for a total absence from work shall not exceed twelve (12) months, as necessary and as provid"
UC-CNA_C_0463,HARD,No recognizable entities — check annotation,"Intermittent/Reduced Schedule Leave 1) When medically necessary and supported by medical certification, the University s"
UC-CNA_C_0423,SOFT,No recognizable entities — check annotation,"If the University does not grant a Personal Leave, a nurse may be medically separated from employment in accordance with"
UC-CNA_C_0457,HARD,No recognizable entities — check annotation,Nurses not eligible for University disability benefits and who are not on leave due to a work-incurred injury or illness
UC-CNA_C_0425,HARD,No recognizable entities — check annotation,"In a manner that is consistent with applicable state and federal law, the University shall provide reasonable accommodat"
UC-CNA_C_0426,SOFT,No recognizable entities — check annotation,"The University may, if possible, make available alternate assignments and/ or modified duty work consistent with the nur"
UC-CNA_C_0433,HARD,No recognizable entities — check annotation,"For the purposes of this Section, all University service, including service with the Department of Energy Laboratories r"
UC-CNA_C_0435,SOFT,No recognizable entities — check annotation,Personal Leave After Exhaustion of FML Leave Entitlements – If a nurse has exhausted their entitlement to FML or is inel
UC-CNA_C_0436,SOFT,No recognizable entities — check annotation,The University shall not unreasonably deny a Personal Leave of Absence to a nurse who 60
UC-CNA_C_0437,HARD,No recognizable entities — check annotation,"However, such nurse shall not be eligible for any of the rights or benefits attached to FML. d."
UC-CNA_C_0438,HARD,No recognizable entities — check annotation,Notice 1) If the nurse learns of the event giving rise to the need for leave more than thirty (30) days in advance of th
UC-CNA_C_0440,SOFT,No recognizable entities — check annotation,Certification and Other Supporting Documentation 1) If FML Is Requested For The Nurse's Own Serious Health Condition – W
UC-CNA_C_0441,HARD,No recognizable entities — check annotation,"When certification is required by the University, such requirement shall be submitted to the nurse in writing."
UC-CNA_C_0443,HARD,No recognizable entities — check annotation,When the University requires certification the University shall provide the nurse a written notice of such requirement.
UC-CNA_C_0444,SOFT,No recognizable entities — check annotation,The nurse may submit the required certification on a form provided by the University.
UC-CNA_C_0302,SOFT,No recognizable entities — check annotation,The University and the Association agree that the availability of such specifically budgeted and available funds shall b
UC-CNA_C_0447,HARD,No recognizable entities — check annotation,The University shall bear the cost of the second and third opinions and the third opinion shall be final. 62
UC-CNA_C_0450,SOFT,No recognizable entities — check annotation,"If the leave has begun, the leave may be discontinued at the University's discretion; however, any leave taken need not "
UC-CNA_C_0451,HARD,No recognizable entities — check annotation,The University shall confirm a request for subsequent certification in writing. 5) Failure to Provide Complete Certifica
UC-CNA_C_0454,HARD,No recognizable entities — check annotation,"If the leave has begun, the leave will not be designated as FML and may be discontinued by the University. f."
UC-CNA_C_0456,HARD,No recognizable entities — check annotation,"All time taken off as FML, whether the nurse is using accrued paid leave or taking unpaid leave, shall be deducted from "
UC-CNA_C_0498,HARD,No recognizable entities — check annotation,"Use of Accrued Paid Leave Pregnancy Disability Leave may consist of leave with or without pay; however, a nurse shall be"
UC-CNA_C_0499,HARD,No recognizable entities — check annotation,"If the nurse is not eligible for the University’s Disability Plan, she shall use accrued sick leave during Pregnancy Dis"
UC-CNA_C_0500,HARD,No recognizable entities — check annotation,"All time off taken as Pregnancy Disability Leave, whether the nurse is using accrued paid leave or taking unpaid leave, "
UC-CNA_C_0537,HARD,No recognizable entities — check annotation,Requests for such leave shall be made to the nurse's supervisor.
UC-CNA_C_0538,HARD,No recognizable entities — check annotation,A career nurse who is summoned to serve on jury duty shall be granted paid release time from their scheduled day(s) and 
UC-CNA_C_0538,HARD,Could not parse numeric value: max_hours=normal work day,A career nurse who is summoned to serve on jury duty shall be granted paid release time from their scheduled day(s) and 
UC-CNA_C_0538,HARD,Could not determine unit: max_hours=normal work day,A career nurse who is summoned to serve on jury duty shall be granted paid release time from their scheduled day(s) and 
UC-CNA_C_0541,SOFT,No recognizable entities — check annotation,Authorized Emergencies – A nurse may be granted leave with pay during regularly scheduled hours of work for the period o
UC-CNA_C_0542,HARD,No recognizable entities — check annotation,"Administrative or Legal Proceedings on Behalf of the University – When a nurse is attending administrative proceedings, "
UC-CNA_C_0543,HARD,No recognizable entities — check annotation,Such leave shall not exceed the number of hours in the nurse's normal work day and normal workweek.
UC-CNA_C_0543,HARD,"Could not parse numeric value: max_hours=normal work day, max_hours=normal workweek",Such leave shall not exceed the number of hours in the nurse's normal work day and normal workweek.
UC-CNA_C_0543,HARD,"Could not determine unit: max_hours=normal work day, max_hours=normal workweek",Such leave shall not exceed the number of hours in the nurse's normal work day and normal workweek.
UC-CNA_C_0544,HARD,No recognizable entities — check annotation,The University shall grant leave with pay for actual time required to be present at an administrative or legal proceedin
UC-CNA_C_0545,HARD,No recognizable entities — check annotation,Such leave shall not to exceed the number of hours in the nurse's normal work day and the nurse's normal workweek.
UC-CNA_C_0545,HARD,"Could not parse numeric value: max_hours=normal_work_day, max_hours=normal_workweek",Such leave shall not to exceed the number of hours in the nurse's normal work day and the nurse's normal workweek.
UC-CNA_C_0545,HARD,"Could not determine unit: max_hours=normal_work_day, max_hours=normal_workweek",Such leave shall not to exceed the number of hours in the nurse's normal work day and the nurse's normal workweek.
UC-CNA_C_0546,HARD,No recognizable entities — check annotation,"Similarly, the University shall grant a part-time nurse in a career position, when subpoenaed, leave with pay for time s"
UC-CNA_C_0547,HARD,No recognizable entities — check annotation,"Leave with pay shall not be granted when a nurse is the plaintiff or defendant in a proceeding, is called but not subpoe"
UC-CNA_C_0548,SOFT,No recognizable entities — check annotation,EMERGENCY RELIEF LEAVE The University may designate a disaster as one which warrants emergency relief efforts.
UC-CNA_C_0549,SOFT,No recognizable entities — check annotation,"Upon such designation, nurses may request unpaid leave to join or otherwise perform services for a recognized emergency "
UC-CNA_C_0553,SOFT,No recognizable entities — check annotation,"In any event, the University may require verification of a Nurse's military orders."
UC-CNA_C_0002,HARD,No recognizable entities — check annotation,"When the University creates a new Registered Nurse classification and title, the University shall mail a notice to the A"
UC-CNA_C_0558,HARD,No recognizable entities — check annotation,"Such Nurse shall accrue vacation and sick leave and receive holiday pay only in accordance with Article 17, Vacation Lea"
UC-CNA_C_0561,SOFT,No recognizable entities — check annotation,Health benefits may be continued at the Nurse's request and expense for a limited period of time as outlined under the U
UC-CNA_C_0562,HARD,No recognizable entities — check annotation,TEMPORARY MILITARY LEAVE FOR ACTIVE-DUTY TRAINING Temporary military leave for active-duty training shall be granted to 
UC-CNA_C_0563,HARD,No recognizable entities — check annotation,EXTENDED MILITARY LEAVE Extended military leave shall be granted to a Nurse who enlists or is ordered into active duty i
UC-CNA_C_0536,SOFT,No recognizable entities — check annotation,"(5) days of accumulated sick leave, vacation, holiday, or accumulated compensatory time may, at the option of the nurse,"
UC-CNA_C_0501,HARD,No recognizable entities — check annotation,"Intermittent and Reduced Schedule Leave 1) When medically advisable and supported by medical certification, the Universi"
UC-CNA_C_0504,HARD,No recognizable entities — check annotation,Only the time actually spent on the intermittent or reduced schedule shall be counted towards the nurse’s entitlement to
UC-CNA_C_0505,HARD,No recognizable entities — check annotation,When the nurse’s health care provider certifies that the intermittent or reduced schedule leave is no longer medically a
UC-CNA_C_0506,SOFT,No recognizable entities — check annotation,"Reassignment and Reasonable Accommodation 1) As an alternative to or in addition to Pregnancy Disability Leave, the Univ"
UC-CNA_C_0509,HARD,No recognizable entities — check annotation,Childcaring Leave The University shall grant a nurse’s request for a total of up to six
UC-CNA_C_0511,HARD,No recognizable entities — check annotation,The nurse shall conclude Childcaring Leave within one
UC-CNA_C_0511,HARD,Could not parse numeric value: empty string,The nurse shall conclude Childcaring Leave within one
UC-CNA_C_0511,HARD,Could not determine unit: empty string,The nurse shall conclude Childcaring Leave within one
UC-CNA_C_0512,SOFT,No recognizable entities — check annotation,A nurse shall request Childcaring Leave sufficiently in advance of the expected birth date of the child or placement of 
UC-CNA_C_0518,HARD,No recognizable entities — check annotation,The University shall reinstate a nurse who has been given an alternate assignment and/or Pregnancy Disability Leave of A
UC-CNA_C_0520,HARD,No recognizable entities — check annotation,If a comparable position is not available on the nurse’s scheduled date of reinstatement but a comparable position or po
UC-CNA_C_0523,SOFT,No recognizable entities — check annotation,"MILITARY SPOUSE/DOMESTIC PARTNER LEAVE A nurse who is a spouse or domestic partner of a member of the Armed Forces, Nati"
UC-CNA_C_0525,HARD,No recognizable entities — check annotation,"Eligibility To be eligible, a nurse must satisfy all of the following criteria: a."
UC-CNA_C_0424,HARD,No recognizable entities — check annotation,A nurse on an approved University Disability Leave under this Section which exceeds the FML allotment shall have return 
UC-CNA_C_0446,SOFT,No recognizable entities — check annotation,"Should the second medical opinion differ from the opinion of the nurse's own health care provider, the University may re"
UC-CNA_C_0359,SOFT,No recognizable entities — check annotation,The University shall make a reasonable effort to accommodate the request of a nurse to take time off for a religious obs
UC-CNA_C_0339,HARD,No recognizable entities — check annotation,"A Nurse who is transferred, promoted, or demoted to or from a Lawrence Berkeley Laboratory position shall be paid for an"
UC-CNA_C_0340,HARD,No recognizable entities — check annotation,The University shall observe the following days as administrative holidays: • New Year's Day • Labor Day (first Monday i
UC-CNA_C_0343,HARD,No recognizable entities — check annotation,"Day, Third Monday in February (or announced equivalent), Last Monday in May, Fourth of July, Labor Day, Thanksgiving Day"
UC-CNA_C_0344,HARD,No recognizable entities — check annotation,Each member of the unit who works at a medical center hospital or clinic who is not working on an academic calendar shal
UC-CNA_C_0345,SOFT,No recognizable entities — check annotation,The University shall grant nurse requests to use the holiday time in accordance with hospital and clinic scheduling need
UC-CNA_C_0346,HARD,No recognizable entities — check annotation,Straight time holiday pay eligibility shall be determined by the official University holiday schedule.
UC-CNA_C_0349,HARD,No recognizable entities — check annotation,An eligible full-time nurse shall receive eight
UC-CNA_C_0349,HARD,Could not parse numeric value: empty string,An eligible full-time nurse shall receive eight
UC-CNA_C_0349,HARD,Could not determine unit: empty string,An eligible full-time nurse shall receive eight
UC-CNA_C_0352,HARD,No recognizable entities — check annotation,A nurse shall be paid at the rate of time and one-half (1½ X) regular pay for hours actually worked on the following hol
UC-CNA_C_0352,HARD,Could not parse numeric value: empty string,A nurse shall be paid at the rate of time and one-half (1½ X) regular pay for hours actually worked on the following hol
UC-CNA_C_0352,HARD,Could not determine unit: empty string,A nurse shall be paid at the rate of time and one-half (1½ X) regular pay for hours actually worked on the following hol
UC-CNA_C_0353,HARD,Could not parse numeric value: empty string,"Hours worked on a holiday shall count toward weekly overtime calculations, and time and one-half (1 1/2x) paid on a holi"
UC-CNA_C_0353,HARD,Could not determine unit: empty string,"Hours worked on a holiday shall count toward weekly overtime calculations, and time and one-half (1 1/2x) paid on a holi"
UC-CNA_C_0374,HARD,No recognizable entities — check annotation,When sick leave is used as provided in this Section during Family and Medical Leave (FML) that a Nurse takes to care for
UC-CNA_C_0358,SOFT,No recognizable entities — check annotation,"RELIGIOUS OBSERVANCE By charging time off to vacation, compensatory time off, or leave without pay, a nurse may observe "
UC-CNA_C_0422,SOFT,Could not parse numeric value: empty string,"(6) months, a Personal Leave may be granted."
UC-CNA_C_0422,SOFT,Could not determine unit: empty string,"(6) months, a Personal Leave may be granted."
UC-CNA_C_0360,HARD,No recognizable entities — check annotation,ELIGIBILITY An eligible nurse on pay status on the nurse's last scheduled work day before the holiday and first schedule
UC-CNA_C_0364,HARD,No recognizable entities — check annotation,"For campuses retaining the Table Accrual System, an eligible Nurse shall earn sick leave credit at the rate of eight"
UC-CNA_C_0365,HARD,No recognizable entities — check annotation,A Nurse must be on pay status for at least one-half (1/2) of the working hours of a month or quadri-weekly cycle to earn
UC-CNA_C_0370,HARD,No recognizable entities — check annotation,PREGNANCY-RELATED USE OF SICK LEAVE A Nurse on Pregnancy Disability Leave shall use accumulated sick leave in accordance
UC-CNA_C_0371,HARD,No recognizable entities — check annotation,Nurses who are not eligible for University disability benefits shall use accumulated sick leave during Pregnancy Disabil
UC-CNA_C_0338,HARD,No recognizable entities — check annotation,"A Nurse who is transferred, promoted, or demoted to a position at a University medical center or campus in which vacatio"
UC-CNA_C_0337,HARD,No recognizable entities — check annotation,"TRANSFER OF VACATION CREDIT A Nurse who is transferred, promoted, or demoted to another position at a University medical"
UC-CNA_C_0303,SOFT,No recognizable entities — check annotation,"In such cases, the University shall take reasonable measures to alleviate the problem pending budgetary considerations."
UC-CNA_C_0305,HARD,No recognizable entities — check annotation,In the case of a suspected outbreak of a communicable disease and when the University requires testing and provides trea
UC-CNA_C_0308,HARD,No recognizable entities — check annotation,The University shall provide protocols and personal protective equipment (PPE) based on the type and nature of the disea
UC-CNA_C_0309,SOFT,No recognizable entities — check annotation,The University shall engage in the Interactive Process with any Nurse who reports an allergy or sensitivity associated w
UC-CNA_C_0310,HARD,No recognizable entities — check annotation,"The University shall provide training and education, at least annually, for all Nurses who may be exposed to patients, t"
UC-CNA_C_0312,SOFT,No recognizable entities — check annotation,WORKPLACE VIOLENCE PREVENTION The University and the Association agree that the workplace should be free from violent an
UC-CNA_C_0313,HARD,No recognizable entities — check annotation,The University shall respond promptly and effectively to reports of prohibited behavior and shall take appropriate actio
UC-CNA_C_0318,HARD,No recognizable entities — check annotation,INPUT FROM THE PRACTICE COMMITTEE Health and Safety issues identified and raised by the Professional Practice Committee 
UC-CNA_C_0321,SOFT,No recognizable entities — check annotation,"A full-time Nurse on the Factor Accrual System may earn vacation credit to a maximum stated in §A.2., above."
UC-CNA_C_0322,SOFT,No recognizable entities — check annotation,A full-time Nurse on the Table Accrual System may earn vacation credit to a maximum of two
UC-CNA_C_0323,SOFT,Could not parse numeric value: max_hours=full-time Nurse hours,A part-time Nurse may earn vacation credit to the same maximum number of hours as a full-time Nurse with comparable year
UC-CNA_C_0323,SOFT,Could not determine unit: max_hours=full-time Nurse hours,A part-time Nurse may earn vacation credit to the same maximum number of hours as a full-time Nurse with comparable year
UC-CNA_C_0325,SOFT,No recognizable entities — check annotation,"When vacation schedules are established, they shall be established in accordance with normal scheduling practices and in"
UC-CNA_C_0326,SOFT,No recognizable entities — check annotation,"Upon request, the approved vacation schedule shall be provided to a Nurse."
UC-CNA_C_0329,HARD,No recognizable entities — check annotation,"A Nurse may use vacation from the date of accrual, but no vacation shall be used prior to the time it is credited."
UC-CNA_C_0330,HARD,No recognizable entities — check annotation,"Prior to the date on which a Nurse's vacation credit will reach the maximum allowable accumulation, the University shall"
UC-CNA_C_0331,HARD,No recognizable entities — check annotation,The Nurse shall request dates for use of the vacation at least sixty (60) days prior to the maximum accumulation.
UC-CNA_C_0373,HARD,No recognizable entities — check annotation,A Nurse shall be permitted to use not more than thirty (30) calendar days of accrued sick leave in any calendar year whe
UC-CNA_C_0391,SOFT,No recognizable entities — check annotation,Other non-medical leaves of absence without pay may be provided to nurses under the provisions of Personal Leave of Abse
UC-CNA_C_0376,SOFT,No recognizable entities — check annotation,"ILLNESS DURING VACATION If, while on vacation a Nurse becomes ill and is under the care of a health care provider and su"
UC-CNA_C_0398,HARD,No recognizable entities — check annotation,"Family and Medical Leave, when the need for leave is foreseeable, the nurse shall give the University thirty (30) calend"
UC-CNA_C_0399,HARD,No recognizable entities — check annotation,"If the need for leave is unforeseeable or actually occurs prior to the anticipated date of a foreseeable leave, the nurs"
UC-CNA_C_0401,HARD,No recognizable entities — check annotation,"University may require certification prior to leave starting - Upon written request from the University, a nurse must pr"
UC-CNA_C_0404,HARD,No recognizable entities — check annotation,"Such proof shall be provided by the nurse’s health care provider and shall include, but shall not be limited to, a state"
UC-CNA_C_0405,HARD,No recognizable entities — check annotation,"Extensions of leave - If there is a need to extend the medical leave, a nurse must notify the University in writing in a"
UC-CNA_C_0412,SOFT,No recognizable entities — check annotation,An eligible nurse on approved leave without pay other than FML may elect to continue certain University-sponsored benefi
UC-CNA_C_0413,HARD,No recognizable entities — check annotation,"A nurse shall have University-provided health benefits continued for the period of FML accordance with §C.1.i., below. d"
UC-CNA_C_0416,HARD,Could not parse numeric value: empty string,"(4) months, the nurse shall be reinstated to the same position in the same department upon expiration of the leave."
UC-CNA_C_0416,HARD,Could not determine unit: empty string,"(4) months, the nurse shall be reinstated to the same position in the same department upon expiration of the leave."
UC-CNA_C_0418,HARD,No recognizable entities — check annotation,"If the position held has been abolished during the leave, the nurse shall be afforded the same considerations which woul"
UC-CNA_C_0377,HARD,No recognizable entities — check annotation,"A Nurse transferred, promoted, or demoted without a break in service to or from a position within this unit shall have a"
UC-CNA_C_0382,HARD,No recognizable entities — check annotation,"A Nurse who is transferred, promoted, demoted, recalled, or preferentially rehired into a different bargaining unit shal"
UC-CNA_C_0378,HARD,No recognizable entities — check annotation,"A Nurse transferred, promoted, or demoted out of this unit shall have any accumulated sick leave transferred if the Nurs"
UC-CNA_C_0380,SOFT,No recognizable entities — check annotation,If the Nurse should subsequently move without a break in service to a position within the University which is eligible f
UC-CNA_C_0379,SOFT,No recognizable entities — check annotation,"A Nurse transferred, promoted, or demoted out of this unit to a position which is not eligible for sick leave shall have"
UC-CNA_C_0649_p2,HARD,No recognizable entities — check annotation,"1) When the University (except at UCLA) identifies a Medical Center funded CN IV position, or an inpatient ANI dedicated"
UC-CNA_C_0649_p3,HARD,No recognizable entities — check annotation,"0) calendar days, fully competent to perform the duties of a previously held clinical Nurse position in the layoff unit "
UC-CNA_C_0649_p5,HARD,Could not parse numeric value: max_salary_rate=maximum of the salary range,"3) The downwardly reclassified Nurse shall retain their hourly salary rate at the time of layoff, even if the Nurse is n"
UC-CNA_C_0649_p5,HARD,Could not determine unit: max_salary_rate=maximum of the salary range,"3) The downwardly reclassified Nurse shall retain their hourly salary rate at the time of layoff, even if the Nurse is n"
UC-CNA_C_0650_p1,HARD,No recognizable entities — check annotation,"Further, the Nurse may not move into a step that requires a specific amount of UC service until they meet the UC service"
UC-CNA_C_0650_p2,HARD,No recognizable entities — check annotation,4) UCLA shall maintain its Reassignment Opportunity Program to retain UCLA Nurses.
UC-CNA_C_0650_p3,HARD,No recognizable entities — check annotation,"5) In the event the affected Nurse is reclassified, the Nurse who has been displaced by the CN IV or AN I will then be s"
UC-CNA_C_0650_p4,SOFT,No recognizable entities — check annotation,"6) At the Nurse’s option, the CN IV or AN I identified for layoff may be laid off in lieu of being reclassified. 93"
UC-CNA_C_0622,SOFT,No recognizable entities — check annotation,"Alternatives to Layoff - In the event of a potential emergency layoff caused by a decrease in workload, the University s"
UC-CNA_C_0066_p1,HARD,No recognizable entities — check annotation,"Such Per Diem Nurses shall have access to Articles 26, 27, and 28 and shall not be subject to discipline or removal from"
UC-CNA_C_0066_p2,HARD,No recognizable entities — check annotation,"1) In addition to Special Per Diem Rights obtained in B.2.a. above, a career Nurse who moves from career to per diem sta"
UC-CNA_C_0066_p3,HARD,No recognizable entities — check annotation,"2) In addition to Special Per Diem Rights obtained in B.2.a. above, a career Nurse who moves from career to per diem sta"
UC-CNA_C_0319,HARD,No recognizable entities — check annotation,"After a campus implements the following Factor Accrual System, an eligible Nurse shall earn vacation credit each month o"
UC-CNA_C_1050_p1,HARD,No recognizable entities — check annotation,"UCDH will pay transplant coordinators non-base building, non-retirement eligible lump sum stipend amounts for taking Org"
UC-CNA_C_1050_p4,HARD,No recognizable entities — check annotation,s) 5.As a United Network for Organ Sharing (UNOS) approved solid organ transplant program UC Davis Transplant Center is 
UC-CNA_C_0629_p1,SOFT,No recognizable entities — check annotation,"Alternatives to Layoff – The University shall attempt to avoid a temporary layoff, or to ease its impact, by attempting "
UC-CNA_C_0629_p2,SOFT,No recognizable entities — check annotation,"s) to an alternative assignment for which they are qualified, or c. scheduling the use of compensatory time, or d. offer"
UC-CNA_C_0643_p2,HARD,No recognizable entities — check annotation,0) days will be retained in the unit.
UC-CNA_C_0643_p3,HARD,No recognizable entities — check annotation,"1) If a Nurse with less seniority is to be retained, the University shall notify the Association in writing of the speci"
UC-CNA_C_0661_p1,HARD,No recognizable entities — check annotation,"A non-probationary career Nurse who is on indefinite layoff, or who has received written notice of an indefinite layoff "
UC-CNA_C_0661_p2,HARD,Could not parse numeric value: salary_level=max,1) at the same or lower salary level (as determined by the salary range maximum); and
UC-CNA_C_0661_p2,HARD,Could not determine unit: salary_level=max,1) at the same or lower salary level (as determined by the salary range maximum); and
UC-CNA_C_0860_p1,HARD,No recognizable entities — check annotation,"Within the twelve hours of paid release time provided in §D.1.a., above, the Nurse Representative shall be authorized pa"
UC-CNA_C_0860_p3,SOFT,No recognizable entities — check annotation,"2) a meeting with a supervisor to resolve potential or formal grievances,"
UC-CNA_C_0860_p4,SOFT,No recognizable entities — check annotation,"3) to attend scheduled group orientation for new Nurses,"
UC-CNA_C_0921_p2,SOFT,No recognizable entities — check annotation,1) During the paid reimbursed leave the Nurse shall be eligible for increases in accordance with campus practices.
UC-CNA_C_0915_p5,SOFT,No recognizable entities — check annotation,"2) For reasons of operational necessity only, the University may notify CNA that the proposed time is unworkable and tha"
UC-CNA_C_0934,HARD,No recognizable entities — check annotation,"Examples of the rights reserved solely to the University administration and its agents and officials include, but are no"
UC-CNA_C_0946,HARD,No recognizable entities — check annotation,"Therefore, the University and the Association, for the term of this Agreement, each voluntarily and unqualifiedly waives"
UC-CNA_C_0201_p1,SOFT,No recognizable entities — check annotation,"Part-time career Nurses who have indicated their availability for additional assignments shall, when practicable, be off"
UC-CNA_C_0201_p2,SOFT,No recognizable entities — check annotation,"s) for additional shifts, within the following limitations: a. the affected part-time career Nurses("
UC-CNA_C_0201_p3,HARD,No recognizable entities — check annotation,"s) are qualified and competent for the additional assignment(s), as determined by the University; and b. the University "
UC-CNA_C_0201_p6,HARD,No recognizable entities — check annotation,s) working any additional shift(s); and c. the University shall not be obligated to modify the work schedule of any Per 
UC-CNA_C_0466_p1,HARD,No recognizable entities — check annotation,"Continuation of Health Benefits A nurse on an approved FML shall be entitled, if eligible, to continue participation in "
UC-CNA_C_0466_p2,HARD,No recognizable entities — check annotation,1) When the nurse is on FML that runs concurrently under the federal Family and Medical Leave Act (FMLA) and the Califor
UC-CNA_C_0466_p4,SOFT,No recognizable entities — check annotation,2) When the nurse is on a Military Caregiver Leave under the FMLA: Continued coverage for up to twenty-six (
UC-CNA_C_0466_p6,SOFT,No recognizable entities — check annotation,3) When the nurse is on a Qualifying Exigency Leave under the FMLA: Continued coverage for up to twelve (
UC-CNA_C_0466_p8,HARD,No recognizable entities — check annotation,"4) When the nurse is on a Pregnancy Disability Leave under the California Pregnancy Disability Leave Law (PDLL), regardl"
UC-CNA_C_0458_p1,SOFT,No recognizable entities — check annotation,"If sick leave is exhausted, a nurse may elect to use accrued vacation time and/or accrued compensatory time prior to tak"
UC-CNA_C_0458_p4,SOFT,No recognizable entities — check annotation,3) A nurse on FML for Parental Leave or Qualifying Exigency Leave may elect to use accrued vacation time and/or accrued 
UC-CNA_C_0439_p3,SOFT,No recognizable entities — check annotation,0) days after the date on which the nurse provides notice.
UC-CNA_C_0439_p4,SOFT,No recognizable entities — check annotation,"2) If the need for leave is foreseeable due to the planned medical treatment of the nurse or their family member, the nu"
UC-CNA_C_0439_p5,HARD,No recognizable entities — check annotation,"3) If the need for leave is unforeseeable or actually occurs prior to the anticipated date of a foreseeable leave, the n"
UC-CNA_C_0442_p1,HARD,No recognizable entities — check annotation,"Certification may be provided by the nurse on a form given to the nurse by the University and shall, regardless of the f"
UC-CNA_C_0442_p3,SOFT,No recognizable entities — check annotation,"b) the date, if known, on which the nurse's serious health condition began, the probable duration of the condition and t"
UC-CNA_C_0445_p2,SOFT,No recognizable entities — check annotation,"3) Questioned Medical Opinion – Should the University have a good faith, objective reason to doubt the validity of the n"
UC-CNA_C_0453_p1,HARD,No recognizable entities — check annotation,"If the nurse fails to provide a complete certification and/or recertification, the leave is not FML and may be denied in"
UC-CNA_C_0508_p1,HARD,No recognizable entities — check annotation,"When the nurse’s health care provider certifies that the reassignment is no longer medically advisable, the University s"
UC-CNA_C_0508_p2,SOFT,No recognizable entities — check annotation,2) If the nurse’s health care provider certifies that reasonable accommodations other than reassignment and/or leave on 
UC-CNA_C_0421_p1,SOFT,No recognizable entities — check annotation,Eligibility – A nurse may be eligible for a disability leave of absence when the nurse has furnished evidence of disabil
MIAMI_DA_0039,HARD,No recognizable entities — check annotation,"HSOs shall receive a minimum of 24 consecutive hours off per work week (i.e., duty free), when averaged over four weeks,"
MIAMI_DA_0111,HARD,No recognizable entities — check annotation,"Article 5 Prevailing Benefits Section 1: Unless specifically provided for or abridged herein, all wage and economic bene"
MIAMI_DA_0186,HARD,No recognizable entities — check annotation,Medical and DEA License: The PHT shall provide reimbursement for each resident or fellow to acquire their Medical and DE
MIAMI_DA_0389,HARD,No recognizable entities — check annotation,"Accordingly, it is understood and agreed that in the event of any violation of this Article, the PHT shall be entitled t"
MIAMI_DA_0094,HARD,No recognizable entities — check annotation,The HSO shall be granted bereavement leave in the event of a death in the immediate family.
MIAMI_DA_0122,HARD,No recognizable entities — check annotation,Section 3: Salary Continuation and Disability Coverage The PHT shall continue to provide disability insurance on the sam
MIAMI_DA_0276,HARD,No recognizable entities — check annotation,"Notwithstanding, absent written approval from the Chief Physician Executive or designee, a HSO’s leave for treatment und"
MIAMI_DA_0179,HARD,No recognizable entities — check annotation,The determination rendered by such Medical Panel shall be final and binding on all parties and shall not be subject to g
MIAMI_DA_0112,SOFT,No recognizable entities — check annotation,"Nothing in this Article shall prevent the PHT from making changes in work rules or methods, provided that such changes d"
MIAMI_DA_0272,SOFT,No recognizable entities — check annotation,treatment; and the anticipated return to work date of the HSO; provided that the HSO shall not be punished if the failur
MIAMI_DA_0274,HARD,Could not parse numeric value: empty string,An update regarding a HSO’s anticipated return to work date shall be provided to the program director within five
MIAMI_DA_0274,HARD,Could not determine unit: empty string,An update regarding a HSO’s anticipated return to work date shall be provided to the program director within five
MIAMI_DA_0275,HARD,No recognizable entities — check annotation,"Changes in a HSO’s treatment programs or plans, including, but not limited to, changes to the anticipated length of the "
MIAMI_DA_0298,SOFT,No recognizable entities — check annotation,"The number of included on any particular committee, where not separately specified elsewhere in this Agreement, shall be"
MIAMI_DA_0306,HARD,No recognizable entities — check annotation,On-call rooms shall have functional locks and a key shall be issued to applicable HSOs.
MIAMI_DA_0305,HARD,No recognizable entities — check annotation,The number of on-call rooms shall be sufficient for HSOs on duty at night.
MIAMI_DA_0304,HARD,No recognizable entities — check annotation,"The Public Health PHT shall provide on-call rooms, bathrooms, and shower facilities which are safe and secure and readil"
MIAMI_DA_0302,SOFT,No recognizable entities — check annotation,This committee shall be convened annually or upon mutual agreement of the parties and shall address issues of concern to
MIAMI_DA_0301,SOFT,No recognizable entities — check annotation,CIR may appoint up to two
MIAMI_DA_0295,HARD,No recognizable entities — check annotation,It is understood that appeals of grievances of individual HSOs shall not be the subject of these meetings nor shall the 
MIAMI_DA_0294,SOFT,No recognizable entities — check annotation,This committee shall be convened quarterly or upon mutual agreement of the parties and shall address issues of concern t
MIAMI_DA_0293,HARD,No recognizable entities — check annotation,Nothing in the provision of this Article shall prevent the PHT from administering corrective action in accordance with t
MIAMI_DA_0210,HARD,No recognizable entities — check annotation,"The parties shall each strike from said list, alternately, three"
MIAMI_DA_0232,HARD,No recognizable entities — check annotation,The PHT or chief shall conduct the necessary investigation to include full consideration of any documentation submitted 
MIAMI_DA_0231,HARD,No recognizable entities — check annotation,The PHT or Chief shall initiate an investigation prior to notification to the HSO of a pending corrective action.
MIAMI_DA_0230,HARD,No recognizable entities — check annotation,Whenever it is alleged that a HSO’s discharge of clinical responsibilities is unsatisfactory or that they have violated 
MIAMI_DA_0228,SOFT,No recognizable entities — check annotation,Discipline by the PHT or Chief of Service may include relief of the HSO from clinical duties and/or reassignment to othe
MIAMI_DA_0226,HARD,No recognizable entities — check annotation,The HSO shall regularly be given photocopies of their evaluations.
MIAMI_DA_0224,HARD,No recognizable entities — check annotation,"The Chief of Service shall give notice of any deficiencies, improvement required, and plan to accomplish such, and time "
MIAMI_DA_0222,SOFT,No recognizable entities — check annotation,"If the HSO declines to sign such document, the offer and its date shall be noted and witnessed."
MIAMI_DA_0221,SOFT,No recognizable entities — check annotation,"A HSO shall be required to sign and date a form or statement to acknowledge only that they was shown or given a copy, bu"
MIAMI_DA_0220,HARD,No recognizable entities — check annotation,Section 2: HSOs shall have the right to place in their files a response to any evaluatory or adverse statement in their 
MIAMI_DA_0237,HARD,No recognizable entities — check annotation,The Chief of Service or the PHT shall render a written decision within seven
MIAMI_DA_0261,HARD,No recognizable entities — check annotation,"The HSO and their representative shall have the right, prior to all hearings, to receive and review all statements and o"
MIAMI_DA_0255,HARD,No recognizable entities — check annotation,Section 6: A final determination to terminate the appointment of a HSO shall also terminate any reappointment of the HSO
MIAMI_DA_0239,SOFT,No recognizable entities — check annotation,"The HSO may request, within fourteen (14) calendar days, that the Chief Physician Executive or their designee meet to re"
MIAMI_DA_0250,HARD,No recognizable entities — check annotation,The committee shall meet within five
MIAMI_DA_0250,HARD,Could not parse numeric value: empty string,The committee shall meet within five
MIAMI_DA_0250,HARD,Could not determine unit: empty string,The committee shall meet within five
MIAMI_DA_0249,HARD,No recognizable entities — check annotation,The appointment of the committee shall be within seven
MIAMI_DA_0244,SOFT,No recognizable entities — check annotation,"Section 4: In the case of a suspension without pay or termination, the President/CEO of the Public Health PHT may withho"
MIAMI_DA_0243,SOFT,No recognizable entities — check annotation,sponsibilities is so unsatisfactory that to allow him/her to continue in their assignment would expose patients to unnec
MIAMI_DA_0383,HARD,No recognizable entities — check annotation,A HSO’s use of leave under this Article shall not excuse the officer from completing the requirements of his or her trai
MIAMI_DA_0381,SOFT,No recognizable entities — check annotation,The parties recognize that time spent in such activities shall not interfere with patient needs.
MIAMI_DA_0374,HARD,No recognizable entities — check annotation,The PHT shall provide accommodation on-site in one or more designated 2023-2026 CIR 53
MIAMI_DA_0370,HARD,No recognizable entities — check annotation,The PHT shall provide contact information for questions regarding asbestos-containing materials and to report any damage
MIAMI_DA_0369,HARD,No recognizable entities — check annotation,The PHT shall notify all potentially affected HSO officers of asbestos removal in work areas where asbestos removal is s
MIAMI_DA_0368,HARD,No recognizable entities — check annotation,Asbestos: The PHT shall inform all potentially affected HSO officers about all known materials that contain asbestos in 
MIAMI_DA_0367,HARD,No recognizable entities — check annotation,Infectious Diseases: The PHT shall provide the appropriate protection to HSO officers from occupational transmission of 
MIAMI_DA_0366,HARD,No recognizable entities — check annotation,"HSO officers who are affected by any new equipment, medical treatment, and/or processes shall be provided, prior to impl"
MIAMI_DA_0362,SOFT,No recognizable entities — check annotation,The committee shall meet when either side feels that there is a health and safety issue that requires immediate attentio
MIAMI_DA_0384,HARD,No recognizable entities — check annotation,"Section 7: Orientation CIR shall be allowed to make presentations to all newly hired HSO during the days of orientation,"
MIAMI_DA_0386,HARD,No recognizable entities — check annotation,Article 20 Management Rights and Complete Agreement Section 1: It is understood and agreed that the PHT possesses the so
MIAMI_DA_0387,SOFT,No recognizable entities — check annotation,Take such actions as may be necessary to carry out services during emergencies declared by the PHT;
MIAMI_DA_0407,SOFT,No recognizable entities — check annotation,"Section 2: Renewal and Notice Either party may require, by written notice to the other no later than June 30, 2023, nego"
MIAMI_DA_0405,HARD,No recognizable entities — check annotation,"The parties agree that the terms and obligations herein contained shall not be affected, modified, altered, or changed i"
MIAMI_DA_0404,HARD,No recognizable entities — check annotation,Section 2: Successors and Assigns The provisions of this Agreement shall be binding upon the parties hereto and upon the
MIAMI_DA_0398,HARD,No recognizable entities — check annotation,The PHT’s Chief Physician Executive and CIR designee shall be co-chairs of the HSPC.
MIAMI_DA_0397,HARD,No recognizable entities — check annotation,"PHT’s Chief Physician Executive, Chief Operating Officer and UM’s Graduate Education Director as well as CIR’s Area Dire"
MIAMI_DA_0394,HARD,No recognizable entities — check annotation,"The PHT shall also make every reasonable effort to provide all CIR requests for data, which are necessary to achieve the"
MIAMI_DA_0393,HARD,No recognizable entities — check annotation,"Therefore, the PHT shall provide $175,000.00 annually to CIR to work on ways to achieve these goals in concert with the "
MIAMI_DA_0391,SOFT,No recognizable entities — check annotation,"The parties recognize, however, that there may be times when a HSO is required to be present at the PHT but is not actua"
MIAMI_DA_0360,HARD,No recognizable entities — check annotation,The HSO-specific committee shall be composed of eight
MIAMI_DA_0333,HARD,No recognizable entities — check annotation,HSO shall have access to the library during the same hours as any member of the medical community.
MIAMI_DA_0331,HARD,No recognizable entities — check annotation,Library: The PHT shall maintain ready access to a medical library with materials and equipment in accordance with the Es
MIAMI_DA_0330,HARD,No recognizable entities — check annotation,Any hours a HSO works for compensation at the sponsoring institution or any of the sponsor’s primary clinical sites must
MIAMI_DA_0329,SOFT,No recognizable entities — check annotation,A HSO may engage in limited employment during their vacation period
MIAMI_DA_0328,SOFT,No recognizable entities — check annotation,"The Chief of Service may recommend a reduction in hours or total abolishment of such additional employment, when, in the"
MIAMI_DA_0327,HARD,No recognizable entities — check annotation,Section 5: Moonlighting A HSO wishing to engage in limited employment in addition to their regularly assigned duties mus
MIAMI_DA_0325,HARD,No recognizable entities — check annotation,The PHT shall make food available for HSO working overnight at Jackson Memorial Hospital. a.
MIAMI_DA_0324,HARD,No recognizable entities — check annotation,The PHT shall provide healthy food options in the vending machine(s).
MIAMI_DA_0322,HARD,No recognizable entities — check annotation,HSOs may not use any unused balances at academic year-end to buy pre-ordered bulk purchases at the Jackson Cafeteria.
MIAMI_DA_0321,HARD,No recognizable entities — check annotation,HSO shall have access to any newly dedicated “Resident Lounge.” F.
MIAMI_DA_0320,SOFT,No recognizable entities — check annotation,"The PHT shall provide a designated line for meal card holders during peak hours to expedite HSO through cashier lines, a"
MIAMI_DA_0316,HARD,No recognizable entities — check annotation,The PHT agrees that one of the HSO lounges shall be located in Central Building on the first floor.
MIAMI_DA_0334,HARD,No recognizable entities — check annotation,The PHT shall maintain basic reference materials for HSO use in departments and units on a twenty-four (24) hour basis n
MIAMI_DA_0357,SOFT,No recognizable entities — check annotation,"The committee(s) may research and make recommendations for safer substitutes or modifications to the new equipment, medi"
MIAMI_DA_0356,SOFT,No recognizable entities — check annotation,The committee(s) shall have the authority to make recommendations to correct health and safety hazards.
MIAMI_DA_0354,SOFT,No recognizable entities — check annotation,Section 2: Joint Health and Safety Committee(s) HSO may bring health and safety concerns to either the hospital-wide hea
MIAMI_DA_0351,SOFT,No recognizable entities — check annotation,"CIR and PHT executive, medical and financial leaders shall meet quarterly to discuss any non-clinical work issues, inclu"
MIAMI_DA_0349,SOFT,No recognizable entities — check annotation,This “buy-back” opportunity is voluntary and must be executed and paid within the first year of employment following Res
MIAMI_DA_0346,SOFT,No recognizable entities — check annotation,Section 8: PHT-Provided Transportation In the event a HSO officer feels fatigued and is concerned about falling asleep w
MIAMI_DA_0345,HARD,No recognizable entities — check annotation,HSO’s who commence employment with the PHT after September of any academic year shall receive their professional allowan
MIAMI_DA_0344,HARD,No recognizable entities — check annotation,The HSO shall receive the allowance on the second full pay period of each academic year.
MIAMI_DA_0343,HARD,No recognizable entities — check annotation,"Section 7: Professional Allowance Beginning the first academic year after ratification, the PHT shall provide each HSO r"
MIAMI_DA_0342,HARD,No recognizable entities — check annotation,"Check-out: HSO officers shall not be required to turn in pagers, ID badges, uniforms, and the like more than one week in"
MIAMI_DA_0338,HARD,No recognizable entities — check annotation,Mail: The PHT shall provide each HSO a centralized mailbox.
MIAMI_DA_0336,HARD,No recognizable entities — check annotation,Required Training Courses: The PHT shall provide courses or pay the costs of enrollment and materials for each HSO for a
MIAMI_DA_0081,SOFT,No recognizable entities — check annotation,"FMLA Notice: HSOs should make requests for pregnancy, maternity or other FMLA leaves of absence at least thirty (30) day"
MIAMI_DA_0007,HARD,No recognizable entities — check annotation,(2) years of service in a training program outside of PHT and transfers to PHT shall be placed at the PGY-3 level.) C. 1
MIAMI_DA_0078,HARD,No recognizable entities — check annotation,"Sick Days: HSOs shall accrue, as of the commencement of their employment, and annually thereafter, fourteen (14) days of"
MIAMI_DA_0077,HARD,No recognizable entities — check annotation,Professional meeting attendance required by a Chief of Service and sick days (while the HSO has unused paid sick time) s
MIAMI_DA_0070,HARD,No recognizable entities — check annotation,All HSOs shall receive four
MIAMI_DA_0070,HARD,Could not parse numeric value: empty string,All HSOs shall receive four
MIAMI_DA_0070,HARD,Could not determine unit: empty string,All HSOs shall receive four
MIAMI_DA_0008,HARD,No recognizable entities — check annotation,"Each HSO shall, during their employ, receive one"
MIAMI_DA_0084,SOFT,No recognizable entities — check annotation,The hospital may require such HSOs to present documentation from their personal physician that they are able to continue
MIAMI_DA_0086,SOFT,No recognizable entities — check annotation,HSOs shall be allowed to use sick or vacation leave for child birthing training classes for themselves or with their spo
MIAMI_DA_0109,HARD,No recognizable entities — check annotation,Section 12: Contract Year Extension A HSO’s contract year shall be extended with full pay and benefits for up to sixty (
MIAMI_DA_0108,HARD,No recognizable entities — check annotation,Section 11: Holidays The Public Health PHT past practice regarding the scheduling and pay for holidays for HSOs shall co
MIAMI_DA_0106,HARD,No recognizable entities — check annotation,Prior approval of the Chief Physician Executive or designee shall be obtained.
MIAMI_DA_0102,HARD,No recognizable entities — check annotation,Section 9: Witness and Jury Fees A HSO who is subpoenaed by private party to a suit and testifies while being excused fr
MIAMI_DA_0093,SOFT,No recognizable entities — check annotation,"Any request for such leave shall be submitted in advance to the Chief, who may grant such leave when consistent with the"
MIAMI_DA_0092,SOFT,No recognizable entities — check annotation,"Section 4: Professional Leave With the approval of their Chief of Service, HSOs may be granted leave with pay to take ex"
MIAMI_DA_0091,HARD,No recognizable entities — check annotation,"After such leave, the HSO shall return to their program retaining the same status held at the beginning of the leave."
MIAMI_DA_0089,HARD,No recognizable entities — check annotation,Section 3: Leave of Absence without Pay HSOs shall be entitled to take leave in accordance with the Federal Family and M
MIAMI_DA_0062,HARD,No recognizable entities — check annotation,The PHT shall make payment of approved claims within thirty (30) days of receipt of a properly completed claim form.
MIAMI_DA_0023,HARD,No recognizable entities — check annotation,Section 5: Uninterrupted Pay The PHT shall not withhold a HSO’s pay (or pay check) for disciplinary or any other reason 
MIAMI_DA_0030,HARD,No recognizable entities — check annotation,HSO shall be compensated for working reassigned shifts and additional shifts at the rates set forth below: a.
MIAMI_DA_0029,SOFT,No recognizable entities — check annotation,In order to meet the demands of the market during this COVID-19 pandemic and to ensure that experienced clinical staff a
MIAMI_DA_0029,SOFT,Could not parse numeric value: empty string,In order to meet the demands of the market during this COVID-19 pandemic and to ensure that experienced clinical staff a
MIAMI_DA_0029,SOFT,Could not determine unit: empty string,In order to meet the demands of the market during this COVID-19 pandemic and to ensure that experienced clinical staff a
MIAMI_DA_0010,HARD,No recognizable entities — check annotation,The HSO shall receive the 6 CIR 2023-2026
MIAMI_DA_0025,HARD,No recognizable entities — check annotation,"Section 7: Pay Supplements Beginning October 1, 2023, each HSO shall continue to receive a $75.00 bi-weekly pay suppleme"
MIAMI_DA_0022,HARD,No recognizable entities — check annotation,"At no time shall the PHT require a HSO to have a medical license as a condition of employment, training, or for any othe"
MIAMI_DA_0037,HARD,No recognizable entities — check annotation,If the PHT anticipates offering rotations and/or assignments out of Miami-Dade County the PHT shall notify HSO of such p
MIAMI_DA_0021,HARD,No recognizable entities — check annotation,Section 4: Registration Fees The PHT shall pay for the full cost of the State of Florida’s fee for registration of an un
MIAMI_DA_0020,HARD,No recognizable entities — check annotation,This lump sum shall be paid to Chief Residents during the first full pay period in September of each academic year.
MIAMI_DA_0012,HARD,No recognizable entities — check annotation,"A HSO who, during the term of this Agreement, successfully completes their service for a year and is re-appointed to ser"
MIAMI_DA_0018,HARD,No recognizable entities — check annotation,"There shall be a $2,900.00 per year Chief Resident lump sum differential above the regular PGY rate for each bargaining "
MIAMI_DA_0016,HARD,No recognizable entities — check annotation,All bargaining unit HSOs beginning work after the beginning of the academic year shall be paid and placed in pay status 
MIAMI_DA_0015,HARD,No recognizable entities — check annotation,All bargaining unit HSOs beginning work in the month of June proceeding the academic year shall be paid and placed in pa
MIAMI_DA_0009,HARD,No recognizable entities — check annotation,"Each HSO shall during their employ, receive a maximum of one"
MIAMI_DA_0051,HARD,No recognizable entities — check annotation,"If more than one HSO volunteers, then the coverage shall be rotated on an equal basis."
MIAMI_DA_0060,HARD,No recognizable entities — check annotation,Section 6: Pull List Coverage Pool Claims Procedure All claims shall be made on the form agreed to by CIR and the PHT.
MIAMI_DA_0053,HARD,No recognizable entities — check annotation,"In order to provide pull pool coverage for CIR delegates to attend the CIR annual convention, each academic year the PHT"
MIAMI_DA_0049,HARD,No recognizable entities — check annotation,"In order to be eligible for being assigned coverage, a HSO shall not be scheduled for any regular on-call duties during "
MIAMI_DA_0048,HARD,No recognizable entities — check annotation,Any HSO who submits pull coverage shall be entitled to payment from the available pull coverage pool funds.
MIAMI_DA_0045,HARD,No recognizable entities — check annotation,"The PHT shall fund a pull list coverage pool in the amount of $175,000 per academic year."
MIAMI_DA_0044,HARD,No recognizable entities — check annotation,"The report shall include the name of the affected HSO, date of incident, excessive hours worked, and name of 2023-2026 C"
MIAMI_DA_0043,HARD,Could not parse numeric value: max_hours=hours limitations mandated by the collective bargaining agreement,"Section 3: Hours Violations The PHT shall require that the GME office provide the PHT, the DIO, and UM Dean of School of"
MIAMI_DA_0043,HARD,Could not determine unit: max_hours=hours limitations mandated by the collective bargaining agreement,"Section 3: Hours Violations The PHT shall require that the GME office provide the PHT, the DIO, and UM Dean of School of"
MIAMI_DA_0110,SOFT,No recognizable entities — check annotation,"If the HSO needs additional time to complete their residency requirements, they may apply to the Chief of Service for pe"
MIAMI_DA_0013,HARD,Could not parse numeric value: salary_level=adjusted upward,ciation of American Medical Colleges) survey then such salary level shall be immediately adjusted upward to reach that s
MIAMI_DA_0013,HARD,Could not determine unit: salary_level=adjusted upward,ciation of American Medical Colleges) survey then such salary level shall be immediately adjusted upward to reach that s
MIAMI_DA_0183,HARD,No recognizable entities — check annotation,or renewal and required training shall be the responsibility of the PHT.
MIAMI_DA_0181,HARD,No recognizable entities — check annotation,"Section 5: Notification, Licensing and Exams The PHT shall process all HSOs unlicensed physician registrations as well a"
MIAMI_DA_0177,SOFT,No recognizable entities — check annotation,"If there are additional issues of fact or procedure in question, the panel may call for further investigation and meetin"
MIAMI_DA_0176,HARD,No recognizable entities — check annotation,"This panel’s meeting shall not constitute a hearing, and the rules with respect to the presentation and examination of t"
MIAMI_DA_0115,HARD,No recognizable entities — check annotation,The PHT shall offer COBRA rights and advance information in a timely way to all HSOs who are completing their appointmen
MIAMI_DA_0171,SOFT,No recognizable entities — check annotation,"If the Chief of Service’s response is adverse to the HSO, the affected officer and/or the CIR may file a written appeal "
MIAMI_DA_0170,HARD,No recognizable entities — check annotation,The Chief of Service shall respond to the written appeal within fourteen (14) calendar days following the receipt of the
MIAMI_DA_0169,SOFT,No recognizable entities — check annotation,non-advancement may be appealed by presenting a written appeal no later than fourteen (14) calendar days after the recei
MIAMI_DA_0165,HARD,No recognizable entities — check annotation,HSOs with contracts of (12) months or less shall be given notice of their inability to graduate along with a Performance
MIAMI_DA_0184,HARD,No recognizable entities — check annotation,"No resident shall be reimbursed for this fee more than one time, and unsuccessful attempts shall not be reimbursed."
MIAMI_DA_0185,HARD,No recognizable entities — check annotation,"For the purposes of reimbursement, residents must pass this exam by the end of HSO first eighteen months of their traini"
MIAMI_DA_0187,HARD,No recognizable entities — check annotation,Article 12 Grievance and Arbitration Procedures Section 1: In a mutual effort to provide harmonious working relationship
MIAMI_DA_0203,HARD,No recognizable entities — check annotation,The other party must be notified of the requested extension.
MIAMI_DA_0198,HARD,No recognizable entities — check annotation,The Chief of Service or designee shall respond to the grievance within (14) fourteen calendar days.
MIAMI_DA_0161,HARD,No recognizable entities — check annotation,"HSOs with annual contracts shall be notified in writing no later than January 15, if their appointment is not to be rene"
MIAMI_DA_0160,HARD,No recognizable entities — check annotation,"However, the PHT shall take all administrative steps within its control to ensure that HSOs are notified of academic com"
MIAMI_DA_0134,HARD,No recognizable entities — check annotation,"However, a HSO may be held personally liable for injuries or damages resulting from any act of omission or commission pe"
MIAMI_DA_0133,HARD,No recognizable entities — check annotation,"Article 8 Malpractice and Liability Coverage With respect to liability for negligence, the PHT agrees that each HSO’s ac"
MIAMI_DA_0131,HARD,Could not parse numeric value: empty string,This wellness day will not carry over to the following year and must be used by July 31st of each academic year.
MIAMI_DA_0131,HARD,Could not determine unit: empty string,This wellness day will not carry over to the following year and must be used by July 31st of each academic year.
MIAMI_DA_0139,HARD,No recognizable entities — check annotation,The PHT shall also defend against any such actions reported or filed after completion of the HSO’s employment with the P
MIAMI_DA_0125,HARD,No recognizable entities — check annotation,"All HSOs shall be provided the PHT’s Dental and Vision coverage, on the same terms and conditions provided to all other "
MIAMI_DA_0124,HARD,No recognizable entities — check annotation,Disability Insurance shall cover the HSO from the ninety-first (91st) day provided the claim is filed and eligible for c
MIAMI_DA_0123,HARD,No recognizable entities — check annotation,"However, the PHT shall continue to pay the HSO for the first ninety (90) days."
MIAMI_DA_0119,SOFT,No recognizable entities — check annotation,Jackson First plan participants and Select Plan participants electing to use Jackson services shall also have access to 
MIAMI_DA_0003,SOFT,No recognizable entities — check annotation,"This shall not prevent the PHT from allowing volunteers to perform work on a short-term voluntary basis for educational,"
MIAMI_DA_0138,HARD,No recognizable entities — check annotation,In the event that any legal action is taken against any HSO in any action for any injury or damage suffered as a result 
MIAMI_DA_0140,HARD,No recognizable entities — check annotation,"As provided by Section 768.28(9) of the Florida Statutes, the PHT shall be responsible for payment of any settlements or"
MIAMI_DA_0158,HARD,No recognizable entities — check annotation,Section 3: Letter of Completion and Certificate The service shall issue the appropriate letter of completion for each HS
MIAMI_DA_0155,HARD,No recognizable entities — check annotation,No individual HSO may waive his or her rights under this collective bargaining agreement without the written consent of 
MIAMI_DA_0154,HARD,No recognizable entities — check annotation,"Each HSO shall, prior to their appointment, receive a written individual annual contract not inconsistent with the provi"
MIAMI_DA_0152,SOFT,No recognizable entities — check annotation,Section 4: The PHT shall make good faith efforts to assist HSOs adversely affected by the reduction of a program or its 
MIAMI_DA_0151,HARD,No recognizable entities — check annotation,Incumbent residents who continue to perform on a satisfactory level shall be guaranteed the opportunity to complete that
MIAMI_DA_0141,SOFT,No recognizable entities — check annotation,"The PHT shall have the right to adjust, settle, or compromise any claims, suit, or judgment in respect of any obligation"
MIAMI_DA_0146,HARD,No recognizable entities — check annotation,Article 10 Maintenance of Residency Programs Section 1: In the event the PHT decides to terminate or reduce the size of 
MIAMI_DA_0145,HARD,No recognizable entities — check annotation,"Sexual harassment is a form of sexual discrimination that is prohibited by Title VII of the Civil Rights Act of 1964, as"
MIAMI_DA_0143,HARD,No recognizable entities — check annotation,"In addition to the sovereign immunity protection of Section 768.28 of Florida Statutes, if the HSO is directed by the PH"
MIAMI_DA_0142,HARD,No recognizable entities — check annotation,"When a HSO is directed by the PHT to work at facilities, not operated by the PHT, the HSO shall continue to be an employ"
MIAMI_DA_0014,HARD,No recognizable entities — check annotation,All bargaining unit HSOs shall be paid and placed in pay status commencing on the first day of work.
MIAMI_DA_0414_p2,SOFT,No recognizable entities — check annotation,Dependents residing outside the providers with admitting privileges at one of network area may be covered through networ
UCSF_CIR_0085,SOFT,No recognizable entities — check annotation,Time limits may be extended by mutual agreement of the Parties in writing in advance of the expiration of the time limit
UCSF_CIR_0355,HARD,No recognizable entities — check annotation,The Hospital shall ensure that printer paper is restocked and that HIPAA bins and trash cans are emptied a minimum of 3 
UCSF_CIR_0035,HARD,No recognizable entities — check annotation,Room reservations shall not be canceled by the University except where unforeseen circumstances require the room to be u
UCSF_CIR_0111,HARD,No recognizable entities — check annotation,"The arbitration hearing shall be closed to the public, unless the parties otherwise agree in writing. 9."
UCSF_CIR_0115,SOFT,No recognizable entities — check annotation,Expenses for other services or facilities shall be borne by the party requesting such services or facilities unless the 
UCSF_CIR_0126,HARD,"Could not parse numeric value: max_remedy=pay, benefits, rights lost","If the grievance is sustained in whole or in part, and subject to the limitations set forth in the paragraph below, the "
UCSF_CIR_0126,HARD,"Could not determine unit: max_remedy=pay, benefits, rights lost","If the grievance is sustained in whole or in part, and subject to the limitations set forth in the paragraph below, the "
UCSF_CIR_0168,SOFT,No recognizable entities — check annotation,"As an alternative to or in addition to PDL, the University may temporarily modify the job duties of a pregnant Resident "
UCSF_CIR_0259,SOFT,No recognizable entities — check annotation,Any Resident or Fellow who violates this Article may be subject to disciplinary action up to and including termination o
UCSF_CIR_0233,HARD,No recognizable entities — check annotation,"Effective July 1, 2023, the University shall limit annual parking rate increases to no more than 10% annually."
UCSF_CIR_0205,HARD,No recognizable entities — check annotation,"(1) fiscal year, provided that the Resident has completed twelve (12) months of continuous University service immediatel"
UCSF_CIR_0003,HARD,No recognizable entities — check annotation,"This agreement shall be automatically renewed and extended year to year and thereafter without additions, changes or ame"
UCSF_CIR_0394,SOFT,No recognizable entities — check annotation,Interns & Residents may use multiple fund sources to receive up to 100 percent reimbursement for items noted in paragrap
UCSF_CIR_0395,HARD,No recognizable entities — check annotation,Under no circumstances may Interns & Residents use multiple fund sources to be reimbursed for more than 100 percent of a
UCSF_CIR_0281,HARD,No recognizable entities — check annotation,"The University will allow adequate time for a Resident to express breast milk, during which the Resident shall not be ex"
UCSF_CIR_0280,HARD,No recognizable entities — check annotation,"In accordance with UC Policy, local procedures, and prevailing law, lactation rooms or other comparable space shall be p"
UCSF_CIR_0278,SOFT,No recognizable entities — check annotation,Residents and Fellows will have to provide proof of eligible expenses and should consult with the UCSF policy on relocat
UCSF_CIR_0276,HARD,No recognizable entities — check annotation,"Where the University provides a Resident lounge, it shall be equipped with a hospital phone, microwave, refrigerator, ut"
UCSF_CIR_0275,SOFT,No recognizable entities — check annotation,The University shall take reasonable steps to ensure that scrub machines are maintained and operational.
UCSF_CIR_0285,HARD,No recognizable entities — check annotation,"Likewise, the University shall not discriminate or retaliate against a Resident for requesting or taking Family and Medi"
UCSF_CIR_0268,HARD,No recognizable entities — check annotation,"If the parties do not reach agreement in the negotiations, the impasse procedures pursuant to HEERA shall apply. 31"
UCSF_CIR_0266,SOFT,No recognizable entities — check annotation,The parties shall undertake negotiations regarding the impact of such changes on Residents and Fellows when both of the 
UCSF_CIR_0418,HARD,No recognizable entities — check annotation,"All fees and expenses of the arbitrator and court reporter and report, if any, shall be borne and paid in full and share"
UCSF_CIR_0306,HARD,No recognizable entities — check annotation,Postings must be on letterhead and/or include the name of the responsible organization and/or individual.
UCSF_CIR_0299,HARD,No recognizable entities — check annotation,All persons on University property are required to wear the official identification provided for this purpose (i.e. name
UCSF_CIR_0291,HARD,No recognizable entities — check annotation,"In such cases, the appropriate contract or policy provisions shall apply."
UCSF_CIR_0417,HARD,No recognizable entities — check annotation,Each party shall bear its own expenses in connection therewith.
UCSF_CIR_0288,HARD,No recognizable entities — check annotation,"CIR National Convention Upon advance request of no less than forty-five (45) calendar days, elected CIR delegates shall "
UCSF_CIR_0419,HARD,No recognizable entities — check annotation,Transcript costs shall be paid separately by the party requesting the transcript.
UCSF_CIR_0227,HARD,No recognizable entities — check annotation,In no event shall these discussions delay implementation of the University’s objectives.
UCSF_CIR_0234,HARD,No recognizable entities — check annotation,"Parking taxes, fees, or surcharges imposed by governmental entities or authorities outside of the University shall not b"
UCSF_CIR_0231,SOFT,No recognizable entities — check annotation,"When a Resident is reassigned and travels to a different location during a shift, the Resident may use University shuttl"
UCSF_CIR_0229,SOFT,No recognizable entities — check annotation,The Parties agree that ninety (90) days should be sufficient notice to complete any meet and confer process.
UCSF_CIR_0228,SOFT,No recognizable entities — check annotation,The University may also alter the monthly rates of contribution by Residents.
UCSF_CIR_0238,HARD,No recognizable entities — check annotation,General Eligibility: To be eligible for reimbursement under this provision a Resident or Fellow must meet both of the fo
UCSF_CIR_0226,SOFT,No recognizable entities — check annotation,"The University may, at its option, alter its health and welfare programs."
UCSF_CIR_0225,HARD,No recognizable entities — check annotation,"Effective July 1, 2022, the University shall provide access to a commuter expense FSA for Residents."
UCSF_CIR_0224,HARD,No recognizable entities — check annotation,The University shall continue to provide access to FSA plans for Child Care and Medical Expenses.
UCSF_CIR_0218,SOFT,No recognizable entities — check annotation,"During other protected education time (didactics, conferences, courses, simulations, computer training sessions and orie"
UCSF_CIR_0217,SOFT,No recognizable entities — check annotation,"During research and elective rotations, trainees may still participate in clinical duties."
UCSF_CIR_0252,HARD,No recognizable entities — check annotation,"A Resident or Fellow who, during the term of this Agreement, successfully completes his or her services for a year and i"
UCSF_CIR_0249,HARD,No recognizable entities — check annotation,Meal Allowances: Residents and Fellows on a rotation at a UCSF owned and operated facility shall receive a meal allowanc
UCSF_CIR_0245,HARD,No recognizable entities — check annotation,Reimbursement forms shall be provided and handled by University administration.
UCSF_CIR_0244,HARD,No recognizable entities — check annotation,Reimbursement Process: Residents and Fellows must provide documentation of any costs incurred for which they seek reimbu
UCSF_CIR_0357,SOFT,No recognizable entities — check annotation,"Interns & Residents, when faced with possible bodily harm without provision of adequate security, may leave the location"
UCSF_CIR_0400,HARD,No recognizable entities — check annotation,In no event shall a grievance include a claim for money relief for more than a thirty (30) working day period prior to t
UCSF_CIR_0358,HARD,No recognizable entities — check annotation,The Hospital shall provide a total of no more than sixty-five (65) entries per day for Interns & Residents who are on ca
UCSF_CIR_0367,HARD,No recognizable entities — check annotation,"The midnight meal arrangement shall continue, and SFGH shall deliver 50 meals, including vegetarian options, around 6:00"
UCSF_CIR_0403,HARD,No recognizable entities — check annotation,"Mediation: Within thirty (30) days of the filing of the grievance, the parties shall request that the California State M"
UCSF_CIR_0379,HARD,No recognizable entities — check annotation,"To be eligible, the resident must provide his/her anticipated second year schedule (and third year if necessary) at SFGH"
UCSF_CIR_0390,HARD,No recognizable entities — check annotation,Interns & Residents must spend a minimum of three
UCSF_CIR_0396,HARD,No recognizable entities — check annotation,Interns & Residents shall be reimbursed within three
UCSF_CIR_0396,HARD,Could not parse numeric value: empty string,Interns & Residents shall be reimbursed within three
UCSF_CIR_0396,HARD,Could not determine unit: empty string,Interns & Residents shall be reimbursed within three
UCSF_CIR_0382,SOFT,No recognizable entities — check annotation,Any SFGH intern or resident may make a request to the Committee.
UCSF_CIR_0368,SOFT,No recognizable entities — check annotation,Interns & Residents may maintain a microwave oven in the Interns & Residents Lounge after appropriate inspection for ele
UCSF_CIR_0377,HARD,No recognizable entities — check annotation,"Residents who do not meet this criteria, but who can verify that they will average three or more months or rotations at "
UCSF_CIR_0373,HARD,No recognizable entities — check annotation,"Nothing in this section shall be construed to require the Hospital to expend unreasonable funds, nor to purchase or prov"
UCSF_CIR_0369,HARD,No recognizable entities — check annotation,It shall be the responsibility of the Interns & Residents to maintain cleanliness and sanitation of the oven. d.
UCSF_CIR_0391,SOFT,No recognizable entities — check annotation,Interns & Residents may apply for and receive educational reimbursement funds prior to completion of the required three
UCSF_CIR_0409,HARD,No recognizable entities — check annotation,The grievant’s representative and the City shall then alternately delete names from such list until only one
UCSF_CIR_0408,HARD,No recognizable entities — check annotation,"If the grievant’s representative and the City are unable to agree on the selection of an arbitrator, they shall jointly "
UCSF_CIR_0314,SOFT,No recognizable entities — check annotation,"Special use areas are available at the Parnassus and Mission Bay (Genentech Hall, Koret Quad and other Mission Bay sites"
UCSF_CIR_0344,SOFT,No recognizable entities — check annotation,"In determining whether a particular activity is hazardous or unsafe, the parties shall take into account the fact that t"
UCSF_CIR_0335,SOFT,No recognizable entities — check annotation,"If UCSF/CIR add to or amend a provision in the UCSF/CIR MOU after the date of execution of this Letter Agreement, CIR ag"
UCSF_CIR_0343,HARD,No recognizable entities — check annotation,No intern or resident shall suffer adverse action by the City due to his or her refusal to: i.
UCSF_CIR_0405,SOFT,No recognizable entities — check annotation,The parties may mutually agree to waive the mediation step of this procedure and proceed to arbitration. e.
UCSF_CIR_0337,HARD,No recognizable entities — check annotation,Bulletin Board: A bulletin board exclusively for the use of CIR shall be established or designated on the second floor o
UCSF_CIR_0334,HARD,No recognizable entities — check annotation,"If on the date of execution of this Letter Agreement, the UCSF/CIR Memorandum of Understanding (hereinafter “MOU”) inclu"
UCSF_CIR_0406,HARD,No recognizable entities — check annotation,The arbitrator shall be selected by mutual agreement between the grievant’s representative and the City.
UCSF_CIR_0333,HARD,No recognizable entities — check annotation,"If the Civil Service Commission must approve the agreement to dissolve the bargaining unit, the parties agree to make a "
UCSF_CIR_0327,HARD,No recognizable entities — check annotation,DocuSign Envelope ID: D9D1EECC-B3CA-4D37-B5A6-82BF8FCCB914 APPENDIX B GRIEVANCE FORM CIR/SEIU Allegations of a violation
UCSF_CIR_0426,HARD,No recognizable entities — check annotation,"On behalf of the University, the Agreement must be reviewed ãnd appioved by the Office of the President, including revie"
UCSF_CIR_0098,SOFT,No recognizable entities — check annotation,"The parties, by written mutual agreement, may agree to waive or modify the process for selecting an arbitrator and/or th"
UCSF_CIR_0091,SOFT,No recognizable entities — check annotation,The time limits contained herein may be extended by mutual agreement of the parties in writing. 4.
UCSF_CIR_0084,HARD,No recognizable entities — check annotation,"Within twenty (20) calendar days of receipt of the Step II appeal, the [UC Location’s] designee shall schedule and conve"
UCSF_CIR_0081,HARD,No recognizable entities — check annotation,A designee from [UC Location’s] Labor Relations shall review the grievance and meet with the Resident(s) and their repre
UCSF_CIR_0079,HARD,No recognizable entities — check annotation,Step I – A formal grievance must be filed in writing on a grievance form mutually agreed- to by the Parties with the [UC
UCSF_CIR_0078,HARD,No recognizable entities — check annotation,The University’s email server’s internal clock shall govern any disputes regarding date and/or time of receipt.
UCSF_CIR_0100,HARD,No recognizable entities — check annotation,DocuSign Envelope ID: D9D1EECC-B3CA-4D37-B5A6-82BF8FCCB914 materials and the names of all witnesses who are to be called
UCSF_CIR_0121,HARD,No recognizable entities — check annotation,All arbitrator and stenographer fees associated with a hearing on arbitrability shall be borne equally by the parties.
UCSF_CIR_0116,HARD,No recognizable entities — check annotation,"In the event the nonrequesting party does not agree to share costs for that service or facility, the non-requesting part"
UCSF_CIR_0050,HARD,No recognizable entities — check annotation,All Residents and Fellows shall return the pager when they end employment with the University or when directed to return
UCSF_CIR_0049,SOFT,No recognizable entities — check annotation,Each Resident and Fellow shall continue to be provided with a pager in accordance with University policy as soon as prac
UCSF_CIR_0048,HARD,No recognizable entities — check annotation,"In the event that the Resident or Fellow opts to use their own phone, all University-required security measures must be "
UCSF_CIR_0047,HARD,No recognizable entities — check annotation,Residents and Fellows shall return the phone upon separation from employment with the University or when otherwise direc
UCSF_CIR_0046,SOFT,No recognizable entities — check annotation,Any request for a labor-management meeting and the setting of agenda items by either party should be done with enough ad
UCSF_CIR_0038,HARD,No recognizable entities — check annotation,The University shall post a copy the final official Agreement on the UCOP Labor Relations website.
UCSF_CIR_0032,HARD,No recognizable entities — check annotation,"This list shall be updated in a timely manner and any changes, additions or deletions to the list shall be made in writi"
UCSF_CIR_0054,HARD,No recognizable entities — check annotation,"The protocols for blood borne pathogens, developed by the infections control program, shall be given to Residents and Fe"
UCSF_CIR_0070,HARD,No recognizable entities — check annotation,Representation A Resident or a group of Residents shall be entitled to a single representative in any Step of the grieva
UCSF_CIR_0063,HARD,No recognizable entities — check annotation,"Before a grievance related to a Disciplinary Action can be filed under this Article, the Resident must first exhaust any"
UCSF_CIR_0055,HARD,No recognizable entities — check annotation,Residents and Fellows shall be educated on the University’s needle-stick protocols and the University shall ensure that 
UCSF_CIR_0057,HARD,No recognizable entities — check annotation,No Resident or Fellow shall be disciplined for reporting in good faith any unsafe working condition. 8
UCSF_CIR_0180,SOFT,No recognizable entities — check annotation,"The University, at its sole non-grievable discretion, may require that any additional parental leave requested be for a "
UCSF_CIR_0189,HARD,No recognizable entities — check annotation,The Resident shall give the University notice at least thirty (30) calendar days in advance of the leave's anticipated s
UCSF_CIR_0188,HARD,No recognizable entities — check annotation,"Benefits Continuation During an approved leave, the University shall continue its Employer contribution for the Resident"
UCSF_CIR_0187,HARD,No recognizable entities — check annotation,"However, for Residents granted military leave, all hours that would have been worked had the Resident not been ordered t"
UCSF_CIR_0007,HARD,No recognizable entities — check annotation,Individual requests to cancel payroll deduction shall be directed to CIR-SEIU.
UCSF_CIR_0183,SOFT,No recognizable entities — check annotation,"For example, a Resident who gives birth to twins is considered a single event for the purposes of PDLL, FMLA, CFRA, and "
UCSF_CIR_0181,HARD,No recognizable entities — check annotation,The Resident is required to exhaust their accumulated sick leave and vacation leave prior to receiving any additional pa
UCSF_CIR_0177,HARD,No recognizable entities — check annotation,The Resident must use accumulated vacation time prior to taking parental bonding leave without pay. h.
UCSF_CIR_0175,HARD,No recognizable entities — check annotation,"If a Resident on an approved Pregnancy Disability Leave (PDL) also is eligible for FML under Article 15, Parental Leave "
UCSF_CIR_0171,SOFT,No recognizable entities — check annotation,"The University may, at its discretion, require that a Resident returning to work immediately following PDL provide a wri"
UCSF_CIR_0190,SOFT,No recognizable entities — check annotation,"If the need for leave is not foreseeable, the Resident shall give the University notice as soon as practicable. b."
UCSF_CIR_0192,SOFT,No recognizable entities — check annotation,"As permitted by law, the University may require that the Resident’s request for FML be supported by a written certificat"
UCSF_CIR_0203,HARD,No recognizable entities — check annotation,"(ii) when it is used for pregnancy disability and parental bonding, the Resident shall be eligible for up to four"
UCSF_CIR_0212,SOFT,No recognizable entities — check annotation,"Investigatory Leave may be used to permit the University to review or investigate allegations of wrongdoing, which may w"
UCSF_CIR_0210,SOFT,No recognizable entities — check annotation,Administrative Leave and Investigatory Leave are not intended to replace any other leave to which a Resident may be enti
UCSF_CIR_0208,HARD,"Could not parse numeric value: max_hours=normal workday, max_hours=normal workweek",A Resident who is summoned and required to serve on jury duty shall be granted leave with pay for the time spent on jury
UCSF_CIR_0208,HARD,"Could not determine unit: max_hours=normal workday, max_hours=normal workweek",A Resident who is summoned and required to serve on jury duty shall be granted leave with pay for the time spent on jury
UCSF_CIR_0207,SOFT,No recognizable entities — check annotation,"Personal Leave of Absence A Resident may be granted a Personal Leave of Absence Without Pay at the sole, non-grievable d"
UCSF_CIR_0204,HARD,No recognizable entities — check annotation,"(iii) when it is used for Military Caregiver Leave, the Resident shall be eligible for up to 26 workweeks of leave in a "
UCSF_CIR_0202,HARD,No recognizable entities — check annotation,"(i) when it is used for PDL, the Resident shall be eligible for leave for the period of actual disability up to four"
UCSF_CIR_0197,HARD,No recognizable entities — check annotation,Residents not eligible for University disability benefits and who are not on leave due to a work-incurred injury or illn
UCSF_CIR_0196,HARD,No recognizable entities — check annotation,A Resident on FML for their own serious health condition shall use accumulated sick leave in accordance with the Univers
UCSF_CIR_0195,HARD,No recognizable entities — check annotation,"All time taken off as FML, whether the Resident is using accumulated paid leave or taking unpaid leave, shall be deducte"
UCSF_CIR_0005,HARD,No recognizable entities — check annotation,The University shall make the payroll deduction in the 3
UCSF_CIR_0169,SOFT,No recognizable entities — check annotation,"When a Resident requests a reasonable accommodation, transfer, or leave due to pregnancy, childbirth, or related medical"
UCSF_CIR_0147,HARD,No recognizable entities — check annotation,"Once approved, the University may not modify or deny the vacation days approved for a Resident without the agreement of "
UCSF_CIR_0151,SOFT,No recognizable entities — check annotation,"Where the need to use sick leave is foreseeable, Residents shall provide reasonable advance notice of their need to use "
UCSF_CIR_0152,SOFT,No recognizable entities — check annotation,"Where the need to use sick leave is unforeseeable, Residents shall provide notice as soon as practicable."
UCSF_CIR_0164,HARD,No recognizable entities — check annotation,A Resident must exhaust their accumulated sick leave prior to taking leave without pay.
UCSF_CIR_0163,HARD,No recognizable entities — check annotation,"For a Resident who is disabled due to pregnancy, childbirth, or other related medical conditions, the University shall c"
UCSF_CIR_0160,SOFT,No recognizable entities — check annotation,"However, Residents may be required or allowed to use their accumulated sick leave or vacation leave to cover all or part"
UCSF_CIR_0157,SOFT,No recognizable entities — check annotation,"In accordance with the provisions of this Article, leaves of absence, with or without pay, may be approved by the Univer"
UCSF_CIR_0155,SOFT,Could not parse numeric value: empty string,"If requested by the Program Director, the Resident shall provide reasonable documentation of illness lasting three"
UCSF_CIR_0155,SOFT,Could not determine unit: empty string,"If requested by the Program Director, the Resident shall provide reasonable documentation of illness lasting three"
UCSF_CIR_0284,HARD,No recognizable entities — check annotation,"Within the limits imposed by law or University regulation, the University shall not discriminate against or harass any R"
UCSF_CIR_0331_p2,HARD,Could not parse numeric value: min_rate=minimum,6) plus an additional fixed monthly stipend as senior/chief resident or fellow (under title code 2738). under title code
UCSF_CIR_0331_p2,HARD,Could not determine unit: min_rate=minimum,6) plus an additional fixed monthly stipend as senior/chief resident or fellow (under title code 2738). under title code
2025-SEI_0222,HARD,No recognizable entities — check annotation,"Decisions or judgments by the Medical School related to all academic matters, including determinations that a Resident/F"
2025-SEI_0246,SOFT,No recognizable entities — check annotation,"Only one grievance may be referred to and decided during a particular arbitration, unless otherwise agreed by the partie"
2025-SEI_0028,SOFT,No recognizable entities — check annotation,"(3) days, the Resident shall switch with a colleague, subject to approval of the program."
2025-SEI_0241,HARD,No recognizable entities — check annotation,The arbitration process shall be administered by the Medical School’s Office of Labor Relations and the parties agree to
2025-SEI_0055,HARD,No recognizable entities — check annotation,This section shall not be subject to the parties’ arbitration procedures.
2025-SEI_0125,HARD,No recognizable entities — check annotation,Residents and Fellows shall be notified in writing no less than six (6.) months prior to the end of their annual contrac
2025-SEI_0218,SOFT,No recognizable entities — check annotation,"In the event a representative is requested, but not available, UMass Chan may temporarily reassign the Resident/Fellow f"
2025-SEI_0063,HARD,No recognizable entities — check annotation,This article shall not be subject to the parties’ arbitration procedures.
2025-SEI_0094,SOFT,No recognizable entities — check annotation,"Residents/Fellows may be eligible for up to twenty (20) weeks of medical leave for their own serious health condition, 1"
2025-SEI_0087,SOFT,No recognizable entities — check annotation,A Resident/Fellow may use up to a maximum of one hundred twenty hours (15 days) in a twelve-month period. c.
2025-SEI_0201,HARD,No recognizable entities — check annotation,A copy of the written notice shall be sent by email to CIR within 72 hours after it is presented to the Resident/Fellow.
2025-SEI_0084,HARD,No recognizable entities — check annotation,"Eligibility: To be eligible for FMLA leave, a Resident/Fellow must be employed at least twelve (12) months and have work"
2025-SEI_0132,HARD,No recognizable entities — check annotation,"It recognizes that the Medical School’s GME Personnel Policies are applicable to and binding on Residents/Fellows, excep"
2025-SEI_0262,SOFT,No recognizable entities — check annotation,The Medical School may utilize all available remedies it has in the event of any violation of Section 1. 3.
2025-SEI_0264,HARD,No recognizable entities — check annotation,"This Agreement shall be automatically renewed and extended year to year and thereafter without additions, changes, or am"
2025-SEI_0192,HARD,No recognizable entities — check annotation,The Appeal Review Committee shall not be represented by counsel in any meeting with UMass Chan Medical School & Committe
2025-SEI_0146,HARD,No recognizable entities — check annotation,A copy of this request shall be filed by the Resident/Fellow with the Designated Institutional Official. b.
2025-SEI_0181,HARD,No recognizable entities — check annotation,A Notice of Disciplinary Action shall be in writing with a copy provided to the Resident/Fellow and CIR. iii.
2025-SEI_0182,SOFT,No recognizable entities — check annotation,Disciplinary actions may be appealed by a Resident/Fellow by requesting in writing a hearing before an internal faculty 
2025-SEI_0183,HARD,No recognizable entities — check annotation,The request must be sent to the Dean of the School of Medicine within fourteen (14) calendar days of receipt of the writ
2025-SEI_0184,HARD,No recognizable entities — check annotation,"Within ten (10) calendar days of receipt of the Resident/Fellow’s request for a hearing, the Dean or their designee shal"
2025-SEI_0186,HARD,No recognizable entities — check annotation,The appointed committee chairperson shall vote only in the case of a tie.
2025-SEI_0187,SOFT,No recognizable entities — check annotation,One faculty member of the Appeal Review Committee may come from another UMass Chan clinical department (the Resident/Fel
2025-SEI_0188,HARD,No recognizable entities — check annotation,The UMass Chan Appeal Review Committee shall be provided with all documents comprising the appeal in the case.
2025-SEI_0189,SOFT,No recognizable entities — check annotation,The Resident/Fellow may provide the Appeal Review Committee with any additional information or evidence which the Reside
2025-SEI_0190,HARD,No recognizable entities — check annotation,The Appeal Review Committee shall meet with the Resident/Fellow (without counsel).
2025-SEI_0176,HARD,No recognizable entities — check annotation,"The Associate Dean for GME will consider all evidence, interview any needed persons (including the Resident/Fellow), and"
2025-SEI_0193,SOFT,No recognizable entities — check annotation,The Appeal Review Committee may determine whether it requires any additional information or evidence from any other pers
2025-SEI_0167,SOFT,No recognizable entities — check annotation,The development of a corrective action plan is a collaborative process that should be discussed with the Resident/Fellow
2025-SEI_0169,HARD,No recognizable entities — check annotation,Copies of Notice of Corrective Action and written notice to the Resident/Fellow that they have not successfully correcte
2025-SEI_0170,SOFT,No recognizable entities — check annotation,"During the course of their residency, Residents/Fellows may receive more than one Notice of Corrective Action."
2025-SEI_0194,SOFT,No recognizable entities — check annotation,"The Appeal Review Committee may adopt, modify, or reject the Notice of Adverse Action."
2025-SEI_0195,HARD,No recognizable entities — check annotation,The Appeal Review Committee shall deliver a final binding decision in writing within twenty-eight (28) calendar days of 
2025-SEI_0236,SOFT,No recognizable entities — check annotation,"In the event a step 3 hearing is not held, or if an answer is not received, the grievance may be submitted to arbitratio"
2025-SEI_0249,HARD,No recognizable entities — check annotation,The cost of the fees of the Arbitrator and any transcripts shall be borne equally by the Medical UMass Chan Medical Scho
2025-SEI_0251,SOFT,No recognizable entities — check annotation,Time limits may be extended in writing by mutual agreement of the parties at any step of the process.
2025-SEI_0252,HARD,No recognizable entities — check annotation,"Each Resident/Fellow shall have access, upon their request to their personnel files and the right to copy any documents "
2025-SEI_0253,HARD,No recognizable entities — check annotation,The Resident/Fellow shall have the right to place in their file a response to any evaluative statement in their file. 3.
2025-SEI_0254,HARD,No recognizable entities — check annotation,All adverse materials to be placed in the Resident/Fellow’s file must be shown and given to the Resident/Fellow prior to
2025-SEI_0255,HARD,No recognizable entities — check annotation,Any adverse documents not shown or given to the Resident/Fellow may not be considered in any disciplinary hearing.
2025-SEI_0258,SOFT,No recognizable entities — check annotation,"Also, health and dental benefits may be continued under COBRA by paying the full premiums plus the administrative fee UM"
2025-SEI_0265,SOFT,No recognizable entities — check annotation,"Upon such notice, the Parties will engage in mid-term impact bargaining, pursuant to which the University may implement "
2025-SEI_0266,HARD,No recognizable entities — check annotation,The Parties agree that reduction or elimination of reading weeks shall not be considered a change in past practice.
2025-SEI_0228,HARD,No recognizable entities — check annotation,"(7) calendar days, the grievance shall automatically proceed to Step 2."
2025-SEI_0227,HARD,No recognizable entities — check annotation,The person to whom the grievance is addressed shall respond to the grievance in writing within seven
2025-SEI_0203,SOFT,No recognizable entities — check annotation,The Resident/Fellow may appeal the suspension or termination by requesting in writing a hearing before an internal facul
2025-SEI_0141,HARD,No recognizable entities — check annotation,The Resident/Fellow shall have the right to examine all material in their file that will be used as the basis for evalua
2025-SEI_0209,HARD,No recognizable entities — check annotation,"If the Resident/Fellow has appealed the Discipline, the Dean of the School of Medicine or their designee shall appoint a"
2025-SEI_0226,HARD,No recognizable entities — check annotation,"The grievance shall state with particularity the facts upon which the alleged violation is based, the Articles violated,"
2025-SEI_0213,HARD,No recognizable entities — check annotation,The Appeal Review Committee shall meet with the resident (without counsel).
2025-SEI_0214,SOFT,No recognizable entities — check annotation,"The Appeal Review Committee may adopt, modify, or reject the decision of suspension or termination."
2025-SEI_0215,HARD,No recognizable entities — check annotation,The failure of the Resident/Fellow to appear before the ad hoc faculty hearing committee without good cause shall result
2025-SEI_0216,HARD,No recognizable entities — check annotation,"Prior to a Resident/Fellow being brought into a disciplinary or suspension or termination conference, or an investigatio"
2025-SEI_0217,HARD,No recognizable entities — check annotation,The Resident/Fellow shall have the right to have a CIR representative of their choice UMass Chan Medical School & Commit
2025-SEI_0219,HARD,No recognizable entities — check annotation,"The Medical School shall not prohibit CIR representation of a Resident/Fellow at any Corrective Action, Disciplinary Act"
2025-SEI_0224,SOFT,No recognizable entities — check annotation,The parties shall attempt to resolve the grievance informally.
2025-SEI_0140,HARD,No recognizable entities — check annotation,Each resident must submit an annual anonymous program evaluation to the Office of Graduate Medical Education. a.
2025-SEI_0035,HARD,No recognizable entities — check annotation,The parties recognize that time spent in such activities shall not interfere with patient needs or be disruptive to hosp
2025-SEI_0043,HARD,No recognizable entities — check annotation,"If a grievance has been arbitrated and an award has been issued before the discrimination charge is filed, any remedy al"
2025-SEI_0048,HARD,No recognizable entities — check annotation,"Such Residents and Fellows shall continue to receive, with no reduction or loss, the compensation, health insurance, sic"
2025-SEI_0049,HARD,No recognizable entities — check annotation,All UMass Chan Medical school affiliation agreements with clinical facilities to which Residents and Fellows are assigne
2025-SEI_0066,SOFT,No recognizable entities — check annotation,"On a case-by-case basis, the Medical School may approve a request from a Resident/Fellow to carry over for use in the fo"
2025-SEI_0068,HARD,No recognizable entities — check annotation,Vacation days unused during the Resident/Fellow’s terminal year shall be reimbursed upon the Resident/Fellow's terminati
2025-SEI_0074,SOFT,No recognizable entities — check annotation,"Residents/Fellows may join the UMass Chan Sick Leave Bank, which provides financial support for up to ninety (90) days d"
2025-SEI_0006,HARD,Could not parse numeric value: empty string,"No later than May 1 of each academic year, and every three"
2025-SEI_0006,HARD,Could not determine unit: empty string,"No later than May 1 of each academic year, and every three"
2025-SEI_0010,HARD,No recognizable entities — check annotation,"On or before July 15, the University shall provide a list of Residents and Fellows who have completed residency training"
2025-SEI_0102,HARD,No recognizable entities — check annotation,Residents/Fellows must complete program requirements for the level when the leave was granted in order to be promoted to
2025-SEI_0103,SOFT,Could not parse numeric value: empty string,A program director may require a Resident/Fellow to extend their training due to excused days or a leave of absence whic
2025-SEI_0103,SOFT,Could not determine unit: empty string,A program director may require a Resident/Fellow to extend their training due to excused days or a leave of absence whic
2025-SEI_0104,HARD,No recognizable entities — check annotation,The Resident/Fellow shall receive a stipend at the existing rate for the PG year being completed. 8.
2025-SEI_0104,HARD,Could not parse numeric value: empty string,The Resident/Fellow shall receive a stipend at the existing rate for the PG year being completed. 8.
2025-SEI_0104,HARD,Could not determine unit: empty string,The Resident/Fellow shall receive a stipend at the existing rate for the PG year being completed. 8.
2025-SEI_0105,HARD,No recognizable entities — check annotation,"To be eligible for any wage increase, a Resident/Fellow must be on the payroll, including any authorized leave of absenc"
2025-SEI_0106,HARD,"Could not parse numeric value: PGY4, PGY5","A Resident/Fellow shall be placed at the PGY level commensurate with their functional level, consistent with applicable "
2025-SEI_0106,HARD,"Could not determine unit: PGY4, PGY5","A Resident/Fellow shall be placed at the PGY level commensurate with their functional level, consistent with applicable "
2025-SEI_0107,HARD,No recognizable entities — check annotation,"A Resident/Fellow who, during the term of this Agreement, successfully completes their service for a year and is re-appo"
2025-SEI_0110,HARD,No recognizable entities — check annotation,Each Resident/Fellow shall be required to submit proof of purchase in order to receive the allowance.
2025-SEI_0126,HARD,No recognizable entities — check annotation,Residents and Fellows with contracts for less than twelve (12) months shall be given notice of non-renewal by the first 
2025-SEI_0112,SOFT,No recognizable entities — check annotation,Any unused portion of an individual Resident/Fellow’s benefit up to $1000 may be rolled over to the following year for R
2025-SEI_0118,HARD,No recognizable entities — check annotation,The Resident/Fellow must have a Massachusetts full physician’s license. 2.
2025-SEI_0119,HARD,No recognizable entities — check annotation,In no instance may a Resident/Fellow engage in outside employment when such employment may require the Resident/Fellow's
2025-SEI_0090,SOFT,No recognizable entities — check annotation,"Pay During Parental Leave: A Resident/Fellow may request accrued sick, vacation or personal time be used during parental"
2025-SEI_0080,HARD,No recognizable entities — check annotation,"If a Resident/Fellow wishes to take off a school holiday during which the Clinical Service is running, they must request"
2025-SEI_0138,SOFT,No recognizable entities — check annotation,"A resident may dispute a written evaluation report by submitting a written response, which shall be filed with the evalu"
2025-SEI_0091,HARD,No recognizable entities — check annotation,Residents/Fellows working additional shifts covering for Residents/Fellows on approved parental leave shall be compensat
2025-SEI_0095,HARD,No recognizable entities — check annotation,Any leave utilized under UMass Chan leave policies for a qualifying reason under the Paid Family and Medical Leave Law s
2025-SEI_0134,HARD,No recognizable entities — check annotation,A resident must be informed as soon as possible when performance is below the level of performance set by the program’s 
2025-SEI_0096,HARD,No recognizable entities — check annotation,Premiums must be paid directly to the Group Insurance Commission within the specified timeframe.
2025-SEI_0097,HARD,No recognizable entities — check annotation,Residents/Fellows may not supplement any paid benefits awarded by the DFML with their accrued leave while on PFML. f.
2025-SEI_0121,HARD,No recognizable entities — check annotation,In no instance may a resident be required to engage in moonlighting.
