sentence_id,source_doc,page_num,raw_text,predicted_type,signals,confidence_score,is_constraint,constraint_type,entities,threshold,exception,notes
SEIU_503_0108,SEIU_503_PACS_2024_2025,20,Temporary employees are not subject to an introductory period and may be terminated by the Employer at any time without recourse to this Agreement's Grievance and Arbitration provisions. 9.2 Retainment of New Hires.,SOFT,deontic:permission|exception,3,,,,,,
SEIU_503_0386,SEIU_503_PACS_2024_2025,57,"Meeting: The FLMC shall meet quarterly, or more frequently as desired by the Parties, on a date mutually agreed to by the Facility’s Administrator and the designated Union representative unless mutually agreed otherwise.",HARD,deontic:obligation|exception,3,,,,,,
SEIU_503_0342,SEIU_503_PACS_2024_2025,52,No Party’s allegation of Agreement breach or claim for relief shall be eligible for arbitration unless the Party initially presented it timely per the procedure identified in the preceding sections.,HARD,deontic:obligation|exception,3,,,,,,
SEIU_503_0060,SEIU_503_PACS_2024_2025,13,"Notwithstanding anything else in this Agreement to the contrary, the Union may use the Article 23 Grievance and Arbitration Process to address an allegation of the Employer failing to fully and timely remit Article 4 deductions to the Union. 4.8 Hold Harmless.",SOFT,deontic:permission|exception,3,,,,,,
SEIU_503_0314,SEIU_503_PACS_2024_2025,49,"The settlement of a grievance by either party shall not constitute a precedent, unless mutually agreed to in writing.",HARD,deontic:prohibition|deontic:obligation|exception,3,,,,,,
SEIU_503_0418,SEIU_503_PACS_2024_2025,62,Nothing in this provision shall require the successor employer to continue in effect the contractual vacation and sick leave provisions provided that the successor employer offers a comparable amount of time off as the total time off amounts for vacation and sick leave contained in this Agreement. d.,HARD,deontic:obligation|exception,3,,,,,,
SEIU_503_0312,SEIU_503_PACS_2024_2025,48,"To the extent possible in a timely manner, the Employer shall honor the employee’s choice of representative unless such representative is involved in the dispute. 48",HARD,deontic:obligation|exception,3,,,,,,
SEIU_503_0035,SEIU_503_PACS_2024_2025,9,"To the extent permitted by law, the Employer shall not require or demand proof of immigration status, except as required by 8 USC 1324a (1)(B) and listed on the back of the I-9 form or as otherwise required by law.",HARD,deontic:prohibition|deontic:obligation|exception,3,,,,,,
SEIU_503_0111,SEIU_503_PACS_2024_2025,21,"Except as contrary to the foregoing, an employee’s seniority shall be defined as the worker’s length of continuous service with the Employer in the bargaining unit and in the facility in which they work, including continuous service at any facility operated as an independent operating subsidiary of PACS Group, commencing with the date and hour on which the worker first began work in a bargaining unit position.",HARD,deontic:obligation|exception,3,,,,,,
SEIU_503_0145,SEIU_503_PACS_2024_2025,25,"The Employer may hire new employees on any step of the wage scale, based on verifiable work experience, as determined by the Employer, provided that no newly hired employee will be paid a higher wage than current employees who have the same years of experience in the job classification.",SOFT,deontic:permission|exception,3,,,,,,
SEIU_503_0413,SEIU_503_PACS_2024_2025,61,"No confidential business information shall be disclosed to Union at any time unless the Union agrees to suitable arrangements for protecting the confidentiality and use of such information. 2) When the Employer’s notification to Union requirement is triggered above per qualified transaction, the Employer shall also notify the prospective new owner, assignee, lessee, or transferee Successor in writing of the existence of this Labor Agreement and provide a copy. 3) The Employer agrees that, in the event that it decides to sell any facility covered under this Agreement, which facility shall continue to be operated as a skilled nursing facility, the Employer shall require as a condition of any sale that the successor operator recognize the Union as the exclusive collective bargaining agent for currently- represented employees at the facility; and further as condition of sale, the buyer shall be obligated to continue the terms and conditions of the collective bargaining agreement for a period of one hundred and twenty (120) days, in which time the successor employer has the option to notify the Union it wishes to negotiate the terms and conditions of employment during that period.",HARD,deontic:obligation|exception,3,,,,,,
SEIU_503_0311,SEIU_503_PACS_2024_2025,48,"Yet, such Forms that are more than eighteen (18) months old will not be considered by the Employer when contemplating further disciplinary action or when evaluating the job performance of the Employee under the principles of just cause and progressive discipline, unless such Forms relate to an Employee’s allegations of abuse, violence, theft, harassment, discrimination, or breaches of ethical conduct, which shall remain in effect indefinitely.",HARD,deontic:obligation|exception,3,,,,,,
SEIU_503_0285,SEIU_503_PACS_2024_2025,46,"Accordingly, no such verbal counseling shall be considered a matter subject to the grievance and arbitration procedures.",HARD,deontic:obligation|exception,3,,,,,,
SEIU_503_0410,SEIU_503_PACS_2024_2025,61,"ARTICLE 27 – SUCCESSORSHIP 1) In the event a facility is to be sold, assigned, leased or transferred, the Employer shall notify the Union in writing, at least sixty (60) calendar days prior to such transaction, subject to SEC and other applicable laws and regulations.",HARD,deontic:obligation|exception,3,,,,,,
SEIU_503_0043,SEIU_503_PACS_2024_2025,10,"To the extent permitted by law, the Employer shall not discipline, discharge, or discriminate against any employee because of national origin or immigration status or because the employee is subject to immigration or deportation proceedings.",HARD,deontic:prohibition|deontic:obligation|exception,3,,,,,,
SEIU_503_0044,SEIU_503_PACS_2024_2025,10,"To the extent permitted by law, an employee subject to immigration or deportation proceedings shall not be discharged solely because of pending immigration or deportation proceedings, so long as the employee is authorized to work in the United States.",HARD,deontic:prohibition|deontic:obligation|exception,3,,,,,,
SEIU_503_0309,SEIU_503_PACS_2024_2025,48,"No Corrective Action, disciplinary material, or evaluations shall be placed in a Bargaining Unit Employee's personnel file unless the employee has had an opportunity to review, sign and receive a copy.",HARD,deontic:obligation|exception,3,,,,,,
SEIU_503_0297,SEIU_503_PACS_2024_2025,47,"Discipline shall be imposed only in the presence of a Union Steward, except in those cases where the Steward may not be readily available, the employee chooses not to have Union representation, or the infraction for which a suspension or termination is imposed constitutes a very ""serious offense"" warranting summary action (i.e., assault, attack or threat of physical violence on fellow employees or management representatives, etc.).",HARD,deontic:obligation|deontic:restriction|deontic:permission|exception,3,,,,,,
SEIU_503_0047,SEIU_503_PACS_2024_2025,11,"Not later than the thirty-first (31st) day following the beginning of employment, or the effective date of this Agreement, whichever is later, every employee subject to the terms of this Agreement shall, as a condition of employment, become and remain a member of the Union, paying the periodic dues and fees uniformly required, or, in the alternative, shall, as a condition of employment, pay a fee in the amount equal to the periodic dues uniformly required as a condition of acquiring or retaining membership. 4.2 Formal Separation.",HARD,deontic:obligation|exception,3,,,,,,
SEIU_503_0062,SEIU_503_PACS_2024_2025,14,"Therefore, except to the extent abridged, delegated, granted, or modified by a provision of this Agreement, the Employer reserves and retains the responsibility and authority that the Employer had before signing this Agreement, and these responsibilities and control shall remain with management.",HARD,deontic:obligation|exception,3,,,,,,
SEIU_503_0355,SEIU_503_PACS_2024_2025,52,"Unless otherwise provided in this Article, all costs, fees, and expenses of the Arbitration, including the cost of the Arbitrator, court reporter, hearing transcript (if requested by either party or the arbitrator), and any hearing room, shall be borne by the party whose position is not sustained by the Arbitrator.",HARD,deontic:obligation|exception,3,,,,,,
SEIU_503_0154,SEIU_503_PACS_2024_2025,26,"In order to qualify for the CSP, the employee must work their next scheduled shift, unless the employee is unable to work due to an excused absence as defined by the Oregon Sick Leave Law or was called off by the Employer.",HARD,deontic:obligation|exception,3,,,,,,
SEIU_503_0191,SEIU_503_PACS_2024_2025,32,"The Employer shall use its best efforts to schedule an employee in the job classification and work shift (i.e., Day Shift, PM Shift, Nocturnal Shift) that the employee was hired for, or voluntarily transferred into, unless the employee mutually agreed to work a different job classification or work shift on a permanent or time-limited basis. 14.4.1 Monthly Posted Schedule.",HARD,deontic:obligation|exception,3,,,,,,
SEIU_503_0398,SEIU_503_PACS_2024_2025,59,the Agreement except that either party may grieve or arbitrate any failure by the other party to fulfill any procedural obligation that arises under this Article.,SOFT,deontic:permission|exception,3,,,,,,
SEIU_503_0397,SEIU_503_PACS_2024_2025,58,This Article shall not be subject to the grievance and arbitration procedure of 58,HARD,deontic:prohibition|deontic:obligation|exception,3,,,,,,
SEIU_503_0028,SEIU_503_PACS_2024_2025,8,"To the extent permitted by law, the Employer shall not act against an employee solely because the employee is subject to an immigration proceeding where the employee is otherwise entitled to work. 3.6 Workplace Immigration Enforcement.",HARD,deontic:prohibition|deontic:obligation|exception,3,,,,,,
SEIU_503_0115,SEIU_503_PACS_2024_2025,21,An employee’s seniority shall be lost in the event of their:,HARD,deontic:obligation|exception,3,,,,,,
SEIU_503_0026,SEIU_503_PACS_2024_2025,8,"To the extent permitted by law, no employee covered by this Agreement shall suffer any loss of seniority, compensation, or benefits solely due to any changes in the employee’s name or social security number, provided that the new social security number is valid and the employee is authorized to work in the United States.",HARD,deontic:obligation|deontic:prohibition|exception,3,,,,,,
SEIU_503_0432,SEIU_503_PACS_2024_2025,64,"the parties and neither party shall be required to bargain upon any issue during the life of this Agreement, unless such bargaining of a specific issue is expressly addressed by this Agreement.",HARD,deontic:obligation|exception,3,,,,,,
SEIU_503_0444,SEIU_503_PACS_2024_2025,74,"To qualify for the Retention Bonus, Mentors must complete at least 2 shifts with the new employee. a) The parties agree that the intention is for 1 trainee to be assigned to 1 mentor for the duration of their 1 on 1 training period whenever possible. b) The parties acknowledge that unforeseen circumstances could result in a trainee being assigned a different mentor during their 1 on 1 training period. c) Should two mentors equally split the number of 1 on 1 training shifts for a trainee, the mentors will split the bonus payments as outlined below. d) Should the Primary mentor leave the service of Prestige, the other Mentor to whom the trainee was assigned will become eligible for any remaining Retention Bonus payments 7) Retention Bonus pay will be awarded to the Mentor at the following amounts and milestones: a) $150 bonus for 90-day retention b) $250 bonus for 180-day retention c) $300 bonus for 1-Year retention 73",HARD,deontic:obligation|deontic:preference|threshold,3,,,,,,
SEIU_503_0441,SEIU_503_PACS_2024_2025,72,"Mentor Criteria: a) A Bargaining Unit Employee who is willing to be a mentor. b) Must have successfully completed the probationary period c) Preferred seniority of at least 1 year with Prestige. d) Other considerations include but not limited to Performance, time management, experience, attendance. 2) Prestige and SEIU recognize that each new CNA will have different training needs.",HARD,deontic:obligation|threshold,3,,,,,,
SEIU_503_0002,SEIU_503_PACS_2024_2025,5,"Notwithstanding any other provision of this Agreement, the Union and the Employer shall designate a top-level representative to discuss complaints about alleged violations of this Agreement.",HARD,deontic:obligation|exception,3,,,,,,
SEIU_503_0439,SEIU_503_PACS_2024_2025,64,"Unless amended by the Parties’ mutual written agreement, it shall remain operative and binding on the Parties until midnight August 31, 2025.",HARD,deontic:obligation|exception,3,,,,,,
SEIU_503_0279,SEIU_503_PACS_2024_2025,44,Eligible employees may participate in the 401(k) plan subject to all terms and conditions of the plan.,SOFT,deontic:permission|exception,3,,,,,,
SEIU_503_0234,SEIU_503_PACS_2024_2025,39,"Employees will begin to accrue, or are provided, PSL immediately upon hire, but may only use paid sick leave after they have been employed for at least 90 days.",SOFT,deontic:permission|threshold,3,,,,,,
SEIU_503_0435,SEIU_503_PACS_2024_2025,64,"No employee shall suffer any reduction in their individual hourly wage rate, total amount of paid time off, nor health insurance benefits, because of coverage under this Agreement unless such reduction is expressly addressed by this Agreement or by a written Amendment executed by the parties herein.",HARD,deontic:obligation|deontic:prohibition|exception,3,,,,,,
SEIU_503_0012,SEIU_503_PACS_2024_2025,6,"(c) Temporary employees shall be covered by all terms of this Agreement, except that they shall not be entitled to seniority, paid time off, or health insurance benefits.",HARD,deontic:prohibition|deontic:obligation|exception,3,,,,,,
SEIU_503_0219,SEIU_503_PACS_2024_2025,36,"To be eligible for holiday pay, the employee must work their last scheduled day before the holiday and the first scheduled day after the holiday, unless they are taking an excused absence on those days.",HARD,deontic:obligation|exception,3,,,,,,
SEIU_503_0075,SEIU_503_PACS_2024_2025,16,The Employer agrees that there shall be no sub-contracting of bargaining unit work for the duration of this Agreement unless the Parties mutually agree to subcontract bargaining unit work upon the Employer’s demonstration of extraordinary circumstances. 6.2 This Article does not apply to the Employer contracting with caregiver agency staff as necessary.,HARD,deontic:obligation|exception,3,,,,,,
SEIU_503_0358,SEIU_503_PACS_2024_2025,53,"Except as otherwise indicated, the periods and limits provided herein shall be calculated as of the date of actual receipt.",HARD,deontic:obligation|exception,3,,,,,,
SEIU_503_0022,SEIU_503_PACS_2024_2025,7,"Except when it is necessary to ensure safe, efficient, and resident-centered care, employees may speak the language of their choice.",SOFT,deontic:permission|exception,3,,,,,,
SEIU_503_0119,SEIU_503_PACS_2024_2025,21,"Seniority shall cease to accrue but shall not be lost in the event of a layoff, unless such a layoff lasts longer than eighteen (18) months.= 11.3 General Conditions.",HARD,deontic:prohibition|deontic:obligation|exception,3,,,,,,
SEIU_503_0073,SEIU_503_PACS_2024_2025,16,The Union must file a grievance within 30 days of the Union receiving written or electronic notice of the changes. 5.3 Supervision and Work Assignments.,HARD,deontic:obligation|threshold,3,,,,,,
SEIU_503_0292,SEIU_503_PACS_2024_2025,46,Failure to provide such copies shall not be subject to this Agreement’s grievance and arbitration procedure.,HARD,deontic:prohibition|deontic:obligation|exception,3,,,,,,
SEIU_503_0427,SEIU_503_PACS_2024_2025,63,Violations of this section shall not be subject to the Grievance and Arbitration provisions of this Agreement.,HARD,deontic:prohibition|deontic:obligation|exception,3,,,,,,
SEIU_503_0239,SEIU_503_PACS_2024_2025,40,"Leave under this policy may be used for the following purposes: 1) To care for the employee’s own illness, injury, or health condition, need for medical diagnosis or treatment of an illness, injury or health condition; 2) To care for the employee’s family member with an illness, injury or health condition who needs medical diagnosis, care, or treatment or who needs preventative medical care; 3) For any purpose allowed under Oregon’s domestic violence, harassment, sexual assault, bias crime, or stalking laws, including to seek legal, law enforcement or other aid, including participating in legal proceedings, or medical treatment or recovery from injuries, or to obtain mental health or counseling or other similar services, or participate in safety planning when the employee, or the employee’s minor child or dependent is a victim of domestic violence, harassment, sexual assault, bias crime, or stalking; 4) In the event of a public health emergency, including:",SOFT,deontic:permission|exception,3,,,,,,
SEIU_503_0217,SEIU_503_PACS_2024_2025,36,"14.7.1 Employees shall not be called back to work during their breaks except in case of emergency. 14.7.2 The supervisor shall be responsible for ensuring that employees are able to take their breaks by scheduling break times (in consultation with the affected employees) and, if necessary, covering the employees’ work during their break time. 14.8 Paychecks.",HARD,deontic:prohibition|deontic:obligation|exception,3,,,,,,
SEIU_503_0287,SEIU_503_PACS_2024_2025,46,The verbal warning shall be considered part of the progressive disciplinary procedure.,HARD,deontic:obligation,2,,,,,,
SEIU_503_0301,SEIU_503_PACS_2024_2025,47,Suppose any communication between a supervisor and a union member may lead to Corrective Action.,SOFT,deontic:permission,2,,,,,,
SEIU_503_0290,SEIU_503_PACS_2024_2025,46,"An employee may be represented by a Union Steward, staff representative, or other facility Union member of their choice if they choose to be represented in meetings called by the Employer that could reasonably result in disciplinary action, provided a Union Steward is available.",SOFT,deontic:permission,2,,,,,,
SEIU_503_0293,SEIU_503_PACS_2024_2025,46,"The Union, acting on behalf of any employee whom the Union believes to have been disciplined without just cause, shall have the right to appeal such discipline per the grievance and arbitration procedure set forth herein. 20.2 Progressive Discipline and Just Cause.",HARD,deontic:obligation,2,,,,,,
SEIU_503_0291,SEIU_503_PACS_2024_2025,46,"The Employers' policy is that employees sign the disciplinary action copy, which shall constitute only an acknowledgment of receipt and not an admission of guilt.",HARD,deontic:obligation,2,,,,,,
SEIU_503_0295,SEIU_503_PACS_2024_2025,46,Any introductory employee may be discharged or disciplined by the 46,SOFT,deontic:permission,2,,,,,,
SEIU_503_0300,SEIU_503_PACS_2024_2025,47,All facility employees should treat each other with respect and dignity.,SOFT,deontic:preference,2,,,,,,
SEIU_503_0298,SEIU_503_PACS_2024_2025,47,Employees may choose not to have representation by indicating this on a form with language mutually agreed upon by the Employer and Union. 20.4 Corrective Action Process.,SOFT,deontic:permission,2,,,,,,
SEIU_503_0294,SEIU_503_PACS_2024_2025,46,"The Employer shall have the right to maintain discipline and efficiency of its operations, including the right to discharge, suspend or discipline an employee for just cause while applying progressive discipline.",HARD,deontic:obligation,2,,,,,,
SEIU_503_0296,SEIU_503_PACS_2024_2025,47,No question concerning the disciplining or discharge of introductory employees shall be the subject of the grievance or arbitration procedure. 20.3 Right to Union Representation.,HARD,deontic:obligation,2,,,,,,
SEIU_503_0299,SEIU_503_PACS_2024_2025,47,"In that case, the supervisor shall make a reasonable effort to promptly implement the Corrective Action in private.",HARD,deontic:obligation,2,,,,,,
SEIU_503_0001,SEIU_503_PACS_2024_2025,5,The preceding principles shall also apply while providing service to patients and visitors.,HARD,deontic:obligation,2,,,,,,
SEIU_503_0302,SEIU_503_PACS_2024_2025,47,The supervisor may also have a witness join the conversation.,SOFT,deontic:permission,2,,,,,,
SEIU_503_0303,SEIU_503_PACS_2024_2025,47,"The Employer shall notify the Union in writing, via email correspondence, of any discharge or suspension within forty-eight (48) hours (excluding Saturdays, Sundays, and holidays) from the time of discharge or suspension. 20.6 Disciplinary Record.",HARD,deontic:obligation,2,,,,,,
SEIU_503_0325,SEIU_503_PACS_2024_2025,50,The employee may voice all such concerns verbally.,SOFT,deontic:permission,2,,,,,,
SEIU_503_0324,SEIU_503_PACS_2024_2025,50,"In that case, the employee may go to the person that the immediate supervisor reports to.",SOFT,deontic:permission,2,,,,,,
SEIU_503_0323,SEIU_503_PACS_2024_2025,49,Although an employee may contact any supervisor to discuss a problem 49,SOFT,deontic:permission,2,,,,,,
SEIU_503_0321,SEIU_503_PACS_2024_2025,49,Failure of the Employer to comply with the time limits set forth in the grievance procedure shall allow the employee or Union to advance the grievance to the next step of the grievance procedure within the time frames specified herein.,HARD,deontic:obligation,2,,,,,,
SEIU_503_0320,SEIU_503_PACS_2024_2025,49,Grievances over an employee's eligibility for a benefit shall be deemed to have occurred when the Employer made such an employee benefit eligibility decision.,HARD,deontic:obligation,2,,,,,,
SEIU_503_0319,SEIU_503_PACS_2024_2025,49,Grievances regarding employee compensation shall be deemed to have occurred at the time payment is made or at the time when the payment was due but not made if that is the contention.,HARD,deontic:obligation,2,,,,,,
SEIU_503_0318,SEIU_503_PACS_2024_2025,49,A grievance must be filed in writing within thirty (30) calendar days of the event giving rise to the concern or the date the event became known or should have become known to the employee.,HARD,deontic:obligation|deontic:preference,2,,,,,,
SEIU_503_0317,SEIU_503_PACS_2024_2025,49,A grievance regarding an employee’s termination must be filed at Step 1 within ten (10) calendar days of the discharge.,HARD,deontic:obligation,2,,,,,,
SEIU_503_0316,SEIU_503_PACS_2024_2025,49,Time limits set forth in the following may only be extended by mutual written agreement between the Employer and the Union.,SOFT,deontic:permission,2,,,,,,
SEIU_503_0315,SEIU_503_PACS_2024_2025,49,An employee may be assisted or represented by a representative of the Union at any step in the grievance procedure. 22.3 Grievance Time Limits.,SOFT,deontic:permission,2,,,,,,
SEIU_503_0313,SEIU_503_PACS_2024_2025,49,A grievance shall be defined as a claimed violation of a specific provision or provisions of this Agreement that is not expressly excluded from the grievance and arbitration procedure.,HARD,deontic:obligation,2,,,,,,
SEIU_503_0310,SEIU_503_PACS_2024_2025,48,Employee corrective or disciplinary action written communication (“Forms”) shall not be removed from an Employee’s personnel file.,HARD,deontic:prohibition|deontic:obligation,2,,,,,,
SEIU_503_0308,SEIU_503_PACS_2024_2025,48,(5) working days upon written request. “Working days” shall mean non-weekend/holiday days. 21.2 Disciplinary Materials and Evaluations.,HARD,deontic:obligation,2,,,,,,
SEIU_503_0307,SEIU_503_PACS_2024_2025,48,The Bargaining Unit Employee may request in writing and will receive a copy of the personnel files within five,SOFT,deontic:permission,2,,,,,,
SEIU_503_0306,SEIU_503_PACS_2024_2025,48,The records may be reviewed in the presence of an Employer representative.,SOFT,deontic:permission,2,,,,,,
SEIU_503_0305,SEIU_503_PACS_2024_2025,48,A Bargaining Unit Employee shall be permitted to examine all materials in their personnel file within three,HARD,deontic:obligation,2,,,,,,
SEIU_503_0304,SEIU_503_PACS_2024_2025,47,Copies of all discipline shall be given to the employee involved and the 47,HARD,deontic:obligation,2,,,,,,
SEIU_503_0286,SEIU_503_PACS_2024_2025,46,"In contrast, a “verbal warning” shall be accompanied by a written notification placed in the employee’s personnel file.",HARD,deontic:obligation,2,,,,,,
SEIU_503_0271,SEIU_503_PACS_2024_2025,43,Parental leave may be granted with less than sixty (60) days notice upon approval by facility Administrator.,SOFT,deontic:permission,2,,,,,,
SEIU_503_0284,SEIU_503_PACS_2024_2025,46,No “verbal counseling” discussion between an employee and a supervisor shall be deemed to constitute discipline under this Section.,HARD,deontic:obligation,2,,,,,,
SEIU_503_0283,SEIU_503_PACS_2024_2025,45,Introductory employees can be disciplined or discharged for any reason and shall not have recourse to the grievance and arbitration procedure set forth in this Agreement.,HARD,deontic:prohibition|deontic:obligation,2,,,,,,
SEIU_503_0256,SEIU_503_PACS_2024_2025,42,Employees must contact their supervisor and report for their regular duties when temporarily excused from attendance in court. 17.5 Family Leave.,HARD,deontic:obligation,2,,,,,,
SEIU_503_0255,SEIU_503_PACS_2024_2025,42,Eligible employees may use accrued vacation.,SOFT,deontic:permission,2,,,,,,
SEIU_503_0254,SEIU_503_PACS_2024_2025,42,Employees must immediately advise their supervisor of receipt of a jury summons.,HARD,deontic:obligation,2,,,,,,
SEIU_503_0253,SEIU_503_PACS_2024_2025,42,The Employer shall comply with all state and federal rules and regulations regarding disability leave. 17.3 Non-Work-Related Disability Leave.,HARD,deontic:obligation,2,,,,,,
SEIU_503_0252,SEIU_503_PACS_2024_2025,42,Eligible employees may use accrued vacation for any unpaid bereavement days. 17.2 Disability Leave.,SOFT,deontic:permission,2,,,,,,
SEIU_503_0249,SEIU_503_PACS_2024_2025,42,probationary period may take up to two,SOFT,deontic:permission,2,,,,,,
SEIU_503_0248,SEIU_503_PACS_2024_2025,41,"Leave under this policy may run concurrently with leave under local, state or federal law, including leave taken pursuant to the Federal Family Medical Leave Act.",SOFT,deontic:permission,2,,,,,,
SEIU_503_0247,SEIU_503_PACS_2024_2025,41,"For more information regarding this policy or to report any concerns or issues regarding this policy, employees should contact their Human Resources representative or the Administrator.",SOFT,deontic:preference,2,,,,,,
SEIU_503_0246,SEIU_503_PACS_2024_2025,41,"In the event medical certification is not covered under a health benefit plan, the Employer shall pay any reasonable costs for providing the certification.",HARD,deontic:obligation,2,,,,,,
SEIU_503_0245,SEIU_503_PACS_2024_2025,41,The Employer may require appropriate certification of leave under this policy when a leave exceeds three,SOFT,deontic:permission,2,,,,,,
SEIU_503_0244,SEIU_503_PACS_2024_2025,41,"Where the need for sick leave is unforeseeable, employees must provide notice as soon as practicable.",HARD,deontic:obligation,2,,,,,,
SEIU_503_0243,SEIU_503_PACS_2024_2025,41,"Employees must make reasonable efforts to schedule planned sick leave in a manner that does not unduly disrupt operations and should attempt not to schedule sick leave during peak work hours, when work is time-sensitive, or when mandatory meetings are scheduled.",HARD,deontic:obligation|deontic:preference,2,,,,,,
SEIU_503_0242,SEIU_503_PACS_2024_2025,41,"For planned sick leave, the employee must provide their supervisor with as much advance notice as possible, and, in any event, at least ten (10) days’ notice prior to the date the leave will commence.",HARD,deontic:obligation,2,,,,,,
SEIU_503_0240,SEIU_503_PACS_2024_2025,40,(b) a determination that the employee’s presence or the presence of the employee’s family member in the community would jeopardize the health of others such that the employee must provide self-care or care for the family member; or,HARD,deontic:obligation,2,,,,,,
SEIU_503_0238,SEIU_503_PACS_2024_2025,39,"For example, an employee hired in March will receive approximately thirty (30) hours of sick leave, an employee hired in June will receive approximately twenty (20) hours of sick leave, and an employee hired in September will receive approximately ten (10) hours of sick leave, which the employee may begin using on the 91st day after his or her employment with the Company begins.",SOFT,deontic:permission,2,,,,,,
SEIU_503_0237,SEIU_503_PACS_2024_2025,39,Sick time may be used for full or partial day absences and may be taken in increments of one,SOFT,deontic:permission,2,,,,,,
SEIU_503_0236,SEIU_503_PACS_2024_2025,39,"Employees may carry over up to forty (40) hours of any available, unused PSL hours to the following benefit year.",SOFT,deontic:permission,2,,,,,,
SEIU_503_0235,SEIU_503_PACS_2024_2025,39,"Employee hired on September 1, 2024, who were employed by the predecessor employer on August 31, 2024, may begin using their PSL immediately.",SOFT,deontic:permission,2,,,,,,
SEIU_503_0232,SEIU_503_PACS_2024_2025,38,"To do so, employees must complete a Vacation Payment Request form and submit it to their supervisor at least seven",HARD,deontic:obligation,2,,,,,,
SEIU_503_0231,SEIU_503_PACS_2024_2025,38,This may be done only one,SOFT,deontic:permission,2,,,,,,
SEIU_503_0230,SEIU_503_PACS_2024_2025,38,"Instead of taking vacation, employees may request payment for the vacation hours they have accrued but must maintain a vacation balance of at least twenty-four (24) hours.",HARD,deontic:obligation|deontic:permission,2,,,,,,
SEIU_503_0257,SEIU_503_PACS_2024_2025,42,The Employer shall comply with the terms of the Oregon and Federal Family and Medical Leave Acts.,HARD,deontic:obligation,2,,,,,,
SEIU_503_0258,SEIU_503_PACS_2024_2025,42,Such compliance shall not diminish any additional rights offered by the language of this Agreement. 17.6 Military Service.,HARD,deontic:prohibition|deontic:obligation,2,,,,,,
SEIU_503_0259,SEIU_503_PACS_2024_2025,42,Armed Forces or with a reserve component shall be granted in accordance with applicable law.,HARD,deontic:obligation,2,,,,,,
SEIU_503_0327,SEIU_503_PACS_2024_2025,50,"The written grievance shall contain all of the following pertinent information: 1. the specific Article(s) of this Agreement alleged to have been violated; 2. a brief factual description of how the specific language of the identified Section(s) has been violated; 3. the date of each alleged violation of the identified Section(s); 4. the specific remedy requested for each alleged violation (i.e., if possible, describe how the grievant will be ""made whole in every way""); 5. the reason the response in the previous step is not satisfactory when appealing a grievance to the next step; and 6. the names of the grievant(s) and union representatives presenting the grievance.",HARD,deontic:obligation,2,,,,,,
SEIU_503_0282,SEIU_503_PACS_2024_2025,45,"Following the Management Rights Article, the Employer shall publish an Employee Handbook and Human Resources Policy and Procedures.",HARD,deontic:obligation,2,,,,,,
SEIU_503_0281,SEIU_503_PACS_2024_2025,45,"The Employer shall have the right to discipline, suspend, or discharge any employee for just cause per the Employer's Policies.",HARD,deontic:obligation,2,,,,,,
SEIU_503_0278,SEIU_503_PACS_2024_2025,44,Employees may be eligible to participate in the plan after completing the service eligibility requirements set by the plan.,SOFT,deontic:permission,2,,,,,,
SEIU_503_0277,SEIU_503_PACS_2024_2025,44,"If, after good faith bargaining for up to sixty (60) days, the parties cannot reach an agreement, the No Strike/No Lockout Provisions shall be lifted.",HARD,deontic:obligation,2,,,,,,
SEIU_503_0276,SEIU_503_PACS_2024_2025,44,"The parties shall consider establishing an additional Contribution Holiday to address the material change in Employer’s cost of providing health insurance, if any.",HARD,deontic:obligation,2,,,,,,
SEIU_503_0275,SEIU_503_PACS_2024_2025,44,"The Fund shall determine the eligibility rules for coverage, waiting periods for coverage, and the benefits to be provided to employees and their dependents. 5.",HARD,deontic:obligation,2,,,,,,
SEIU_503_0274,SEIU_503_PACS_2024_2025,44,Each facility shall make a Fund contribution for all employees enrolled in the Fund- provided healthcare insurance coverage. 3.,HARD,deontic:obligation,2,,,,,,
SEIU_503_0273,SEIU_503_PACS_2024_2025,43,Bargaining-unit eligible employees who enroll in the Fund-provided healthcare insurance coverage shall pay the following applicable monthly employee-share amount of the total premium’s four hundred and eighty-eight dollar ($488) employer insurance cost.,HARD,deontic:obligation,2,,,,,,
SEIU_503_0272,SEIU_503_PACS_2024_2025,43,"ARTICLE 18 - HEALTH INSURANCE From September 1, 2024, the Employer shall pay the Oregon Essential Workforce Health Care Fund (“Fund”) four hundred and eighty-eight dollars ($488) by the fifteenth (15th) day of each month following the month in which each participating employee is scheduled to work thirty (30) or more hours per week.",HARD,deontic:obligation,2,,,,,,
SEIU_503_0270,SEIU_503_PACS_2024_2025,43,Parental leave must be requested at least sixty (60) days in advance.,HARD,deontic:obligation,2,,,,,,
SEIU_503_0260,SEIU_503_PACS_2024_2025,42,Employees must notify their supervisors and provide a copy of their orders as soon as possible. 17.7 Union Leave.,HARD,deontic:obligation,2,,,,,,
SEIU_503_0269,SEIU_503_PACS_2024_2025,43,"During the period of parental leave, the employee may choose to use accrued vacation.",SOFT,deontic:permission,2,,,,,,
SEIU_503_0268,SEIU_503_PACS_2024_2025,43,"Following successful completion of the probationary period, an Employee shall be granted a leave of absence without pay for up to twelve (12) weeks to care for a new baby.",HARD,deontic:obligation,2,,,,,,
SEIU_503_0267,SEIU_503_PACS_2024_2025,43,Personal leave may be granted with less than sixty (60) days notice upon approval by facility Administrator.,SOFT,deontic:permission,2,,,,,,
SEIU_503_0266,SEIU_503_PACS_2024_2025,43,Employees must be continuously employed for at least six months prior to the requested leave.,HARD,deontic:obligation,2,,,,,,
SEIU_503_0265,SEIU_503_PACS_2024_2025,43,Personal leave must be requested at least sixty (60) days in advance.,HARD,deontic:obligation,2,,,,,,
SEIU_503_0264,SEIU_503_PACS_2024_2025,43,they may be eligible for a Personal Leave of Absence without pay for up to forty-five (45) calendar days.,SOFT,deontic:permission,2,,,,,,
SEIU_503_0263,SEIU_503_PACS_2024_2025,42,"Should a situation arise that temporarily prevents an employee from working, 42",SOFT,deontic:preference,2,,,,,,
SEIU_503_0262,SEIU_503_PACS_2024_2025,42,Union leave must be requested at least thirty (30) days in advance.,HARD,deontic:obligation,2,,,,,,
SEIU_503_0261,SEIU_503_PACS_2024_2025,42,"(1) year shall be granted to employees in order to accept a full-time position with the Union, provided such leaves will not interfere with the operation of the Employer.",HARD,deontic:obligation,2,,,,,,
SEIU_503_0326,SEIU_503_PACS_2024_2025,50,"Within thirty (30) calendar days after the employee knew or reasonably should have known of the cause of any grievance, an employee having a grievance, with the optional assistance of a Union representative, shall present it in writing to the Facility Administrator or authorized designee.",HARD,deontic:obligation|deontic:preference,2,,,,,,
SEIU_503_0343,SEIU_503_PACS_2024_2025,52,"In that case, upon a timely demand for arbitration, the moving party must request a list within thirty (30) calendar days from the FMCS and notify the other party of having done so.",HARD,deontic:obligation,2,,,,,,
SEIU_503_0328,SEIU_503_PACS_2024_2025,50,"The Union representative and the administrator shall arrange a mutually agreeable date to meet within fifteen (15) calendar days from the Administrator’s receipt of the grievance to review and, where possible, attempt to settle the matter.",HARD,deontic:obligation|deontic:preference,2,,,,,,
SEIU_503_0384,SEIU_503_PACS_2024_2025,57,"The FLMC shall monitor the quality of resident services and make recommendations to improve such services in staffing and workload issues, resident care indices (e.g., falls, bedsores, wound care), and other matters directly bearing on the quality of care received by the residents.",HARD,deontic:obligation,2,,,,,,
SEIU_503_0411,SEIU_503_PACS_2024_2025,61,"Such notice shall include the name and address of the prospective new owner, assignee, lessee or transferee.",HARD,deontic:obligation,2,,,,,,
SEIU_503_0409,SEIU_503_PACS_2024_2025,61,"ARTICLE 26 – SEPARABILITY In the event that any provision of this Agreement shall at any time be declared invalid by a court of competent jurisdiction or through government regulations or decrees, such decisions, regulations or decrees shall not invalidate the entire Agreement, it being the express intention of the parties that all other provisions not declared invalid shall remain in full force and effect.",HARD,deontic:prohibition|deontic:obligation,2,,,,,,
SEIU_503_0408,SEIU_503_PACS_2024_2025,60,"Such training held at the facility will be made available to appropriate employees, as determined by the Employer, and such employee(s) shall be paid for all Employer-authorized time spent in such training. 60",HARD,deontic:obligation,2,,,,,,
SEIU_503_0407,SEIU_503_PACS_2024_2025,60,"This training shall be completed prior to the Employee being officially placed on the schedule. 25.11 The Union and the Employer will work cooperatively to establish additional training program(s) on the subject matter of more effectively caring for residents with behavioral and/or dementia concerns, through either the Oregon Care Partners or any other potential source of training funds.",HARD,deontic:obligation,2,,,,,,
SEIU_503_0406,SEIU_503_PACS_2024_2025,60,"These evaluations shall not be tied to any monetary incentives. 25.10 All new Bargaining Unit Employees performing direct care on residents, and existing Bargaining Unit Employees promoted to any position performing direct care on residents shall receive up to five",HARD,deontic:prohibition|deontic:obligation,2,,,,,,
SEIU_503_0405,SEIU_503_PACS_2024_2025,60,"For example, they may offer an all staff during the 6am shift change and at 4pm so as to include NOC workers, dietary staff, etc. 25.9 Employees shall receive annual staff evaluations from their direct supervisor and appropriate management staff.",HARD,deontic:obligation|deontic:permission,2,,,,,,
SEIU_503_0404,SEIU_503_PACS_2024_2025,60,"(2) times per year at each facility and on an as- needed basis beyond that. 25.7 Continuing education opportunities for CMAs shall be offered on a regular basis at each facility. 25.8 The Employer agrees to make an effort to include multiple shifts and departments when scheduling trainings, in-services, and all-staff meetings.",HARD,deontic:obligation,2,,,,,,
SEIU_503_0403,SEIU_503_PACS_2024_2025,60,Probationary employees will receive proper training before receiving a full assignment. 25.5 All nursing Employees shall be trained on all units of the facility during their initial training period. 25.6 CPR trainings shall be offered at least two,HARD,deontic:obligation,2,,,,,,
SEIU_503_0402,SEIU_503_PACS_2024_2025,59,"Employee shall abide by all of the Employer’s safety policies and procedures. 25.2 The Employer shall provide hepatitis B vaccines, flu vaccines, screening and subsequent treatment of lice and scabies during a diagnosed resident episode, TB tests, and chest X-rays (if an employee’s TB test is positive) available to employees at no cost to the employee. 25.3 The Employer shall provide the equipment, materials and training to employees in order to promote a safe workplace. 59",HARD,deontic:obligation,2,,,,,,
SEIU_503_0401,SEIU_503_PACS_2024_2025,59,The Employer shall be responsible for enforcement of such rules and regulations and of its own safety rules and regulations.,HARD,deontic:obligation,2,,,,,,
SEIU_503_0400,SEIU_503_PACS_2024_2025,59,"ARTICLE 25 - SAFETY AND TRAINING 25.1 The Employer and employees shall carry out their obligations as set forth in applicable federal, state and local laws and regulations to provide a safe and healthy work environment for its employees.",HARD,deontic:obligation,2,,,,,,
SEIU_503_0399,SEIU_503_PACS_2024_2025,59,Neither the Employer’s rights nor the Union’s rights in this CBA or under law shall be abridged by this contract provision.,HARD,deontic:obligation,2,,,,,,
SEIU_503_0396,SEIU_503_PACS_2024_2025,58,"Under no circumstances shall the SLMC or FLMC members be required to testify concerning the operation of the SLMC or FLMC, topics discussed, positions advocated, or recommendations made. 23.4 Enforcement.",HARD,deontic:obligation,2,,,,,,
SEIU_503_0395,SEIU_503_PACS_2024_2025,58,Nothing said during or as part of the FLMC related to patient care shall be disclosed to any outside party.,HARD,deontic:obligation,2,,,,,,
SEIU_503_0394,SEIU_503_PACS_2024_2025,58,It is understood and agreed that the SLMC and FLMC deliberations and discussions shall remain confidential among the parties.,HARD,deontic:obligation,2,,,,,,
SEIU_503_0393,SEIU_503_PACS_2024_2025,58,"Yet, the SLMC may recommend that the Parties mutually amend this Agreement as unanimously agreed by each SLMC member and as allowed by this CBA.",SOFT,deontic:permission,2,,,,,,
SEIU_503_0392,SEIU_503_PACS_2024_2025,58,"Topics for discussion at the FLMC may include, but are not limited to: • Resident care • Training needs • Staffing levels • Staff recognition • Staff morale • Facility policies • Scheduling • The Facility’s CMS “5 Star” Quality Rating and strategies to improve the rating • The Facility’s regulatory compliance results and strategies to improve such results • The Facility’s CMS Quality Measures trend for the past four quarters (e.g., ADL Decline, Long Stay High-Risk Pressure Ulcer, Weight loss, Restraints, Injurious Falls, etc.) • Opportunity for the Parties to cooperate to improve the quality of resident care for patients being discharged from an acute hospital and joint outreach to local acute hospitals to educate and inform them of how this nursing home can become their provider of choice • Opportunities for employees to promote high-quality customer service while working in the facility. 23.3 No Authority to Change CBA.",SOFT,deontic:permission,2,,,,,,
SEIU_503_0391,SEIU_503_PACS_2024_2025,58,Employee committee members shall be paid for their attendance at their straight-time hourly rate.,HARD,deontic:obligation,2,,,,,,
SEIU_503_0389,SEIU_503_PACS_2024_2025,58,"(1) hour, but in no event shall they last for more than two",HARD,deontic:obligation,2,,,,,,
SEIU_503_0388,SEIU_503_PACS_2024_2025,58,Meetings shall be held at the facility and scheduled to last one,HARD,deontic:obligation,2,,,,,,
SEIU_503_0387,SEIU_503_PACS_2024_2025,58,representative shall provide each other with their proposed agenda items to be discussed at the meeting.,HARD,deontic:obligation,2,,,,,,
SEIU_503_0412,SEIU_503_PACS_2024_2025,61,"The Employer shall meet with representatives of the Union to bargain over the effects of the transaction on bargaining unit employees, not later than fortyfive (45) days prior to the transaction.",HARD,deontic:obligation,2,,,,,,
SEIU_503_0414,SEIU_503_PACS_2024_2025,61,If the successor employer does not exercise that option then the Collective Bargaining Agreement shall remain intact through its full term. a.,HARD,deontic:obligation,2,,,,,,
SEIU_503_0415,SEIU_503_PACS_2024_2025,61,"Nothing in this provision shall require the successor employer to offer the same medical, dental or vision insurance plans, or the same retirement or 401k, or the same group life or disability plans.",HARD,deontic:obligation,2,,,,,,
SEIU_503_0429,SEIU_503_PACS_2024_2025,63,"All individual agreements, both oral and written, which may exist between the Employer and any employee in the bargaining unit, shall terminate upon the execution of this Agreement.",HARD,deontic:obligation|deontic:permission,2,,,,,,
SEIU_503_0443,SEIU_503_PACS_2024_2025,72,Prestige will notify SEIU of any changes to the program and SEIU may request to meet and confer regarding these changes at either the next 71,SOFT,deontic:permission,2,,,,,,
SEIU_503_0442,SEIU_503_PACS_2024_2025,72,"Additional training shifts may be added as needed based on the team member's individual training needed. b) Prestige will attempt to check-in with the assigned Mentor to get feedback on the team member's progress before placing the team member on the floor. 3) Prestige can adjust the Mentor Program guidelines, procedures and documents as required to fit individual facilities operational needs.",SOFT,deontic:permission,2,,,,,,
SEIU_503_0440,SEIU_503_PACS_2024_2025,64,Any change agreed upon by the parties shall be reduced to writing and executed by duly authorized officers or agents of the parties to this Agreement. 64,HARD,deontic:obligation,2,,,,,,
SEIU_503_0438,SEIU_503_PACS_2024_2025,64,"ARTICLE 31 – DURATION This Agreement shall be effective as of September 1, 2024.",HARD,deontic:obligation,2,,,,,,
SEIU_503_0436,SEIU_503_PACS_2024_2025,64,"If the State of Oregon minimum wage rate increases, any employee being paid the minimum wage shall have their compensation increased accordingly.",HARD,deontic:obligation,2,,,,,,
SEIU_503_0434,SEIU_503_PACS_2024_2025,64,"The waiver, in any instance, of any term or condition of this Agreement or any breach thereof shall not constitute a waiver of such term or condition or any breach thereof in any other instance. 30.4 Standards Preserved.",HARD,deontic:prohibition|deontic:obligation,2,,,,,,
SEIU_503_0433,SEIU_503_PACS_2024_2025,64,"The failure of either party to enforce any of the provisions of this Agreement or any rights granted by law shall not be deemed a waiver of any provision or right, nor a waiver of the party’s authority to exercise such right in some way not in conflict with the Agreement. 30.3 Amendment.",HARD,deontic:prohibition|deontic:obligation,2,,,,,,
SEIU_503_0431,SEIU_503_PACS_2024_2025,63,All matters not covered in this Agreement shall be deemed to have been raised and properly disposed of.,HARD,deontic:obligation,2,,,,,,
SEIU_503_0430,SEIU_503_PACS_2024_2025,63,The Employer may provide or rescind any compensation or benefits policies or practices not expressly referenced in this Agreement at any time.,SOFT,deontic:permission,2,,,,,,
SEIU_503_0428,SEIU_503_PACS_2024_2025,63,"If concerns around equitable distribution of workload are not adequately addressed at the facility level, Employees retain the right to escalate concerns to the corporate level, which may or may not include the State Labor Management Committee as detailed in Article 31.",SOFT,deontic:restriction|deontic:permission,2,,,,,,
SEIU_503_0416,SEIU_503_PACS_2024_2025,61,"The successor employer may implement its own medical, dental or vision plans, retirement or 401k plan, disability plan, and group life insurance plan and may also implement its own time off plan. 61",SOFT,deontic:permission,2,,,,,,
SEIU_503_0426,SEIU_503_PACS_2024_2025,63,They shall report the relevant results of such meetings at quarterly LMCs as discussed in Article 31. 29.3 ECU/MHU/Locked Units.,HARD,deontic:obligation,2,,,,,,
SEIU_503_0425,SEIU_503_PACS_2024_2025,63,The Employer may be asked to report what they are doing to improve staffing issues on a monthly basis.,SOFT,deontic:permission,2,,,,,,
SEIU_503_0424,SEIU_503_PACS_2024_2025,62,"The purpose of this training shall be to review language within this Agreement that reflects the following: • Changes in this CBA from the predecessor CBA. • New language, policies, or procedures in this CBA. • Review of the Parties’ history with the FLMC and SLMC.",HARD,deontic:obligation,2,,,,,,
SEIU_503_0423,SEIU_503_PACS_2024_2025,62,The Employer shall have no responsibility or liability for any breach of the provisions of this Section by the successor employer as long as the Employer performs the obligations set out in this Article.,HARD,deontic:obligation,2,,,,,,
SEIU_503_0422,SEIU_503_PACS_2024_2025,62,"Upon providing such evidence, the Employer shall be relieved of its obligation under the “successorship” provisions of the contract. e.",HARD,deontic:obligation,2,,,,,,
SEIU_503_0421,SEIU_503_PACS_2024_2025,62,The Employer shall provide evidence of its intent to close because the potential buyer will not purchase the facility if said buyer has to honor the “successorship” provision.,HARD,deontic:obligation,2,,,,,,
SEIU_503_0420,SEIU_503_PACS_2024_2025,62,"Upon notifying the Union, the parties shall meet within ten (10) business days to discuss the possible closure.",HARD,deontic:obligation,2,,,,,,
SEIU_503_0419,SEIU_503_PACS_2024_2025,62,"In the event that the Employer is unable to find a purchaser that is willing to purchase the facility under the terms and conditions specified herein and the Employer is faced with closing the facility, the Employer shall notify the Union of its intent to close the facility.",HARD,deontic:obligation,2,,,,,,
SEIU_503_0417,SEIU_503_PACS_2024_2025,62,"With regard to the medical insurance benefits, the successor employer shall offer a plan that is similar on the whole to the Employer offered plan. c.",HARD,deontic:obligation,2,,,,,,
SEIU_503_0385,SEIU_503_PACS_2024_2025,57,The Employer shall implement those FLMC recommendations that are unanimously agreed upon by the FLMC members when any such advice is consistent with the terms of this Agreement and the Employer’s policies.,HARD,deontic:obligation,2,,,,,,
SEIU_503_0383,SEIU_503_PACS_2024_2025,57,Other bargaining unit employees may voluntarily attend on unpaid time.,SOFT,deontic:permission,2,,,,,,
SEIU_503_0329,SEIU_503_PACS_2024_2025,50,The Administrator shall provide a written response to the written grievance within fifteen (15) calendar days following the grievance meeting.,HARD,deontic:obligation,2,,,,,,
SEIU_503_0382,SEIU_503_PACS_2024_2025,57,The FLMC members shall be paid for the time of the meeting.,HARD,deontic:obligation,2,,,,,,
SEIU_503_0353,SEIU_503_PACS_2024_2025,52,All Arbitrator decisions shall be limited to this Agreement’s terms and provisions.,HARD,deontic:obligation,2,,,,,,
SEIU_503_0352,SEIU_503_PACS_2024_2025,52,The Arbitrator’s determination shall be final and binding.,HARD,deontic:obligation,2,,,,,,
SEIU_503_0351,SEIU_503_PACS_2024_2025,52,Any dispute as to arbitrability may be submitted and determined by the arbitrator.,SOFT,deontic:permission,2,,,,,,
SEIU_503_0350,SEIU_503_PACS_2024_2025,52,The arbitrator shall conduct the hearing in whatever manner will most expeditiously permit full presentation of the parties' evidence and arguments.,HARD,deontic:obligation,2,,,,,,
SEIU_503_0349,SEIU_503_PACS_2024_2025,52,"The Union and the Employer may, with mutual agreement, make procedural changes to the arbitration process given unique circumstances of individual cases.",SOFT,deontic:permission,2,,,,,,
SEIU_503_0348,SEIU_503_PACS_2024_2025,52,The party proceeding first in the striking of names procedure shall be determined by a coin toss. 2.,HARD,deontic:obligation,2,,,,,,
SEIU_503_0347,SEIU_503_PACS_2024_2025,52,The last remaining name shall be the arbitrator.,HARD,deontic:obligation,2,,,,,,
SEIU_503_0346,SEIU_503_PACS_2024_2025,52,"(7) calendar days after receiving the list, the parties shall select the arbitrator by alternately striking names from the list.",HARD,deontic:obligation,2,,,,,,
SEIU_503_0345,SEIU_503_PACS_2024_2025,52,(5) must have earned a Juris Doctor degree from the graduate program of a law school accredited by the American Bar Association.,HARD,deontic:obligation,2,,,,,,
SEIU_503_0344,SEIU_503_PACS_2024_2025,52,The FMCS shall provide the parties with a list of nine,HARD,deontic:obligation,2,,,,,,
SEIU_503_0227,SEIU_503_PACS_2024_2025,38,Employees should request vacation time off in writing from their supervisor at least two,SOFT,deontic:preference,2,,,,,,
SEIU_503_0341,SEIU_503_PACS_2024_2025,51,"If a grievance is not resolved at step 2 and the Parties have not entered into Mediation, the Union may appeal the issue to arbitration by providing written notice to the Employer’s 51",SOFT,deontic:permission,2,,,,,,
SEIU_503_0340,SEIU_503_PACS_2024_2025,51,The mediator shall have no authority to bind either party to an agreement. 22.8 Arbitration.,HARD,deontic:obligation,2,,,,,,
SEIU_503_0339,SEIU_503_PACS_2024_2025,51,The mediator shall be selected by alternate striking from the list until one name remains.,HARD,deontic:obligation,2,,,,,,
SEIU_503_0338,SEIU_503_PACS_2024_2025,51,"In that case, the requesting party shall request a panel from the Federal Mediation and Conciliation Service (“FMCS”) or another mediation group agreed to by the parties.",HARD,deontic:obligation,2,,,,,,
SEIU_503_0337,SEIU_503_PACS_2024_2025,51,The mediation process shall not interfere with the scheduling of an arbitration.,HARD,deontic:prohibition|deontic:obligation,2,,,,,,
SEIU_503_0336,SEIU_503_PACS_2024_2025,51,"If a grievance is not resolved at Step 2, either party may request, in writing, within fifteen (15) calendar days of the Step 2 response or lack of response that the matter proceeds to mediation.",SOFT,deontic:permission,2,,,,,,
SEIU_503_0334,SEIU_503_PACS_2024_2025,51,The Employer’s Designated Leadership representative and the Union shall meet within fifteen (15) calendar days to conduct the Step 2 grievance meeting.,HARD,deontic:obligation,2,,,,,,
SEIU_503_0333,SEIU_503_PACS_2024_2025,51,"Upon receipt of the written Step 2 grievance appeal, the Employer’s Designee and the Union's Designee (e.g., Steward or Union Organizer, etc.) shall coordinate a Step 2 grievance meeting.",HARD,deontic:obligation,2,,,,,,
SEIU_503_0332,SEIU_503_PACS_2024_2025,51,"In that case, the Union may appeal the grievance to Step 2.",SOFT,deontic:permission,2,,,,,,
SEIU_503_0331,SEIU_503_PACS_2024_2025,51,"In that case, the Union shall have the option of postponing the hearing to a mutually agreeable date. 22.6 Step 2 Grievance Appeal.",HARD,deontic:obligation,2,,,,,,
SEIU_503_0354,SEIU_503_PACS_2024_2025,52,"The Arbitrator shall have no authority to alter, amend, or modify the current Agreement.",HARD,deontic:obligation,2,,,,,,
SEIU_503_0356,SEIU_503_PACS_2024_2025,52,"If the Arbitrator sustains neither party’s position in the Arbitrator's sole opinion, the Arbitrator shall assess the preceding costs to each party on an equal 52",HARD,deontic:obligation,2,,,,,,
SEIU_503_0357,SEIU_503_PACS_2024_2025,53,"In addition, in all arbitrations, each party shall pay its own attorney’s fees and the cost of presenting its case, including any expert witnesses. 4.",HARD,deontic:obligation,2,,,,,,
SEIU_503_0370,SEIU_503_PACS_2024_2025,53,"The parties agree that neither shall call a resident or patient as a witness, and the arbitrator shall not consider the failure of the resident to appear as prejudicial. 22.9 Grievance Procedure Summary Chart 53",HARD,deontic:prohibition|deontic:obligation,2,,,,,,
SEIU_503_0381,SEIU_503_PACS_2024_2025,57,"The Employer and the Union shall each designate their FLMC members, and the FLMC membership may vary from meeting to meeting based on the agenda items or other reasons.",HARD,deontic:obligation|deontic:permission,2,,,,,,
SEIU_503_0380,SEIU_503_PACS_2024_2025,57,Each Party may submit items for discussion at a FLMC.,SOFT,deontic:permission,2,,,,,,
SEIU_503_0379,SEIU_503_PACS_2024_2025,57,"Therefore, to nurture and encourage this communication, a Facility-specific Labor-Management Committee “FLMC”) shall be formed to discuss issues of concern and importance.",HARD,deontic:obligation,2,,,,,,
SEIU_503_0378,SEIU_503_PACS_2024_2025,57,"The merits of individual disciplines will not be discussed at SLMC meetings but shall instead be referred to the grievance process. • If the SLMC cannot resolve an issue, the parties may mutually agree to move to Mediation of the grievance and arbitration procedure.",HARD,deontic:obligation|deontic:permission,2,,,,,,
SEIU_503_0377,SEIU_503_PACS_2024_2025,57,"o Opportunities for employees to promote high-quality customer service while working for the Company. • The SLMC shall not engage in negotiations, nor shall the SLMC consider matters properly the subject of a grievance.",HARD,deontic:prohibition|deontic:obligation,2,,,,,,
SEIU_503_0376,SEIU_503_PACS_2024_2025,56,Problem-solving strategies to improve resident care; and Addressing public policy concerns that affect nursing home operations. • The Employer or the Union may schedule the SLMC.,SOFT,deontic:permission,2,,,,,,
SEIU_503_0375,SEIU_503_PACS_2024_2025,56,The Employer and employees must be committed to serving the facility’s residents by delivering the highest quality of care possible.,HARD,deontic:obligation,2,,,,,,
SEIU_503_0373,SEIU_503_PACS_2024_2025,54,Step 2 Within 15 Written (often via A step 2 grievance Written response to calendar days of email) notice of Step 2 meeting must occur the Union and receiving the escalation to HR with HR Director within grievant within 15 Employer’s Director. 15 calendar days of calendar days. response (or lack the Employer’s receipt of response) to of the Step 2 move a grievance notification. from Step 1 to Step 2. 54,HARD,deontic:obligation,2,,,,,,
SEIU_503_0372,SEIU_503_PACS_2024_2025,54,Step 1 for all Within 30 Written (often via Step 1 grievance Written response to other issues calendar days of email) grievance meeting must occur the Union and when the issue issued to the facility with the administrator grievant within 15 occurred (10 administrator. within 15 calendar calendar days of calendar days for days of the Employer’s the Step 1 terminations) or receipt of the written grievance meeting. when the grievance. employee learned about it or responded to the optional informal discussion.,HARD,deontic:obligation,2,,,,,,
SEIU_503_0369,SEIU_503_PACS_2024_2025,53,"Such documents shall carry the same force and effect as if the resident, patient, or family member appeared to provide live testimony.",HARD,deontic:obligation,2,,,,,,
SEIU_503_0359,SEIU_503_PACS_2024_2025,53,All notifications under this Article shall be sent by e-mail or certified mail or delivered by in-hand service.,HARD,deontic:obligation,2,,,,,,
SEIU_503_0368,SEIU_503_PACS_2024_2025,53,Both parties shall have equal access to such written statements.,HARD,deontic:obligation,2,,,,,,
SEIU_503_0367,SEIU_503_PACS_2024_2025,53,Parties are responsible for verifying the accuracy of email addresses when using email for communications required to be in writing. 6 The parties agree that the arbitrator shall accept a written statement signed by a resident or patient in place of their sworn testimony.,HARD,deontic:obligation,2,,,,,,
SEIU_503_0366,SEIU_503_PACS_2024_2025,53,Email communications shall be deemed to satisfy requirements that items be “in writing.” Email communications shall be considered “submitted” or “delivered” as the date-stamp on the recipient’s email.,HARD,deontic:obligation,2,,,,,,
SEIU_503_0365,SEIU_503_PACS_2024_2025,53,"Should the Union desire to pursue the grievance further, within fifteen (15) calendar days of such expiration date, it may submit the grievance to the next step of the Grievance and Arbitration Procedure. 5.",SOFT,deontic:preference|deontic:permission,2,,,,,,
SEIU_503_0364,SEIU_503_PACS_2024_2025,53,The failure to so respond or meet shall be deemed a denial of the grievance as of the expiration date of the applicable adjustment period.,HARD,deontic:obligation,2,,,,,,
SEIU_503_0363,SEIU_503_PACS_2024_2025,53,The failure of the Employer to submit a response in any of the steps of the grievance procedure or to meet with the Union Representative within such periods shall not constitute acquiescence to it or result in the sustaining of the grievance.,HARD,deontic:prohibition|deontic:obligation,2,,,,,,
SEIU_503_0362,SEIU_503_PACS_2024_2025,53,"The failure of the aggrieved employee(s) or Union to properly present a grievance in writing initially, to process a grievance in any of the steps in the grievance procedure after that, or to submit the grievance to arbitration under the express time limits provided herein, shall automatically constitute a waiver of the grievance and bar all further action thereon.",HARD,deontic:obligation,2,,,,,,
SEIU_503_0361,SEIU_503_PACS_2024_2025,53,"In the absence of such an agreement, the time limits shall be mandatory.",HARD,deontic:obligation,2,,,,,,
SEIU_503_0360,SEIU_503_PACS_2024_2025,53,Such periods may be extended only by mutual written agreement of the Employer and the Union.,SOFT,deontic:permission,2,,,,,,
SEIU_503_0229,SEIU_503_PACS_2024_2025,38,"(2) or more vacation requests, the Employer will use the length of service with the Employer as a baseline for determination, although exceptions may apply as relevant.",SOFT,deontic:permission,2,,,,,,
SEIU_503_0223,SEIU_503_PACS_2024_2025,37,Some departments may be open on a holiday due to business necessity.,SOFT,deontic:permission,2,,,,,,
SEIU_503_0122,SEIU_503_PACS_2024_2025,22,The Union may request a meeting for the purpose of avoiding or mitigating said layoff and discussion of the procedures to be followed.,SOFT,deontic:permission,2,,,,,,
SEIU_503_0097,SEIU_503_PACS_2024_2025,19,Such calls shall not interfere with resident care.,HARD,deontic:prohibition|deontic:obligation,2,,,,,,
SEIU_503_0095,SEIU_503_PACS_2024_2025,19,In no case shall the Employer be required to pay more than one,HARD,deontic:obligation,2,,,,,,
SEIU_503_0094,SEIU_503_PACS_2024_2025,18,Union stewards shall also receive their base rate of pay for time spent representing Bargaining Unit employees in all meetings where the Employer requested that the Steward process a grievance or represent a Bargaining Unit Employee 18,HARD,deontic:obligation,2,,,,,,
SEIU_503_0093,SEIU_503_PACS_2024_2025,18,Union stewards shall receive their base rate of pay for time spent processing grievances and representing Bargaining Unit Employees in meetings with the Employer during stewards’ scheduled hours of employment.,HARD,deontic:obligation,2,,,,,,
SEIU_503_0092,SEIU_503_PACS_2024_2025,18,The Union Stewards’ performance of union work shall not interfere with the facility's operation nor the performance of employees’ job duties.,HARD,deontic:prohibition|deontic:obligation,2,,,,,,
SEIU_503_0091,SEIU_503_PACS_2024_2025,18,The Union shall designate Union stewards and notify the Employer in writing who the stewards are and any new stewards or any change in status of existing stewards.,HARD,deontic:obligation,2,,,,,,
SEIU_503_0090,SEIU_503_PACS_2024_2025,18,This bulletin board shall be no smaller than three feet by four feet (3’ x 4’).,HARD,deontic:obligation,2,,,,,,
SEIU_503_0089,SEIU_503_PACS_2024_2025,18,Union representatives shall confer with employees during the employee’s non-working time in the employee break room and other non-work areas. 8.3 Union Information.,HARD,deontic:obligation,2,,,,,,
SEIU_503_0088,SEIU_503_PACS_2024_2025,18,"Upon entering the facility, the Union representative shall notify the Administrator, or their designee, of the representative’s presence.",HARD,deontic:obligation,2,,,,,,
SEIU_503_0087,SEIU_503_PACS_2024_2025,18,"If the facility visit is for the purpose of filing an employee’s grievance or investigating a potential grievance, the Union representative shall immediately access the Employer’s premises.",HARD,deontic:obligation,2,,,,,,
SEIU_503_0086,SEIU_503_PACS_2024_2025,18,"If the Administrator does not respond to the advance email or text notice, the Union representative may access the facility per the notification.",SOFT,deontic:permission,2,,,,,,
SEIU_503_0085,SEIU_503_PACS_2024_2025,18,The Administrator may deny facility access by an emailed or texted response when the Union representative did not provide sufficient notice before entry or under extraordinary circumstances such as state survey or a contagious illness in the facility.,SOFT,deontic:permission,2,,,,,,
SEIU_503_0084,SEIU_503_PACS_2024_2025,18,"The Union shall provide twenty-four (24) hours advance notice, via email or text to the facility Administrator, for facility access before entry.",HARD,deontic:obligation,2,,,,,,
SEIU_503_0083,SEIU_503_PACS_2024_2025,18,"Union representatives shall have access to the facility to confer with the Employer, Union Stewards, or members and administer this Agreement.",HARD,deontic:obligation,2,,,,,,
SEIU_503_0082,SEIU_503_PACS_2024_2025,17,"During typical labor relations (e.g., disciplines, the grievance process, LMC meetings, etc.), neither the Union nor the Employer shall use hostile rhetoric in written or verbal communication concerning the mission, motivation, leadership, character, integrity, or representatives of the other.",HARD,deontic:obligation,2,,,,,,
SEIU_503_0081,SEIU_503_PACS_2024_2025,17,The preceding principles shall also apply in providing service to patients and visitors.,HARD,deontic:obligation,2,,,,,,
SEIU_503_0077,SEIU_503_PACS_2024_2025,17,"Union of such action, a representative of the Union shall, as promptly as possible, instruct the employees to cease such action and promptly return to their jobs. 7.3 No Strike Violation.",HARD,deontic:obligation,2,,,,,,
SEIU_503_0076,SEIU_503_PACS_2024_2025,16,"During the term of this Agreement or any written extension thereof, the Union shall not call nor authorize any strike against the Employer at the establishment covered by this Agreement, and the Employer will not lock out any employee.",HARD,deontic:prohibition|deontic:obligation,2,,,,,,
SEIU_503_0074,SEIU_503_PACS_2024_2025,16,Employees shall work as directed by supervisory personnel.,HARD,deontic:obligation,2,,,,,,
SEIU_503_0072,SEIU_503_PACS_2024_2025,16,Said change in a term or condition of employment in the Employee Handbook shall not be unlawful nor in conflict with the provisions of this Agreement.,HARD,deontic:prohibition|deontic:obligation,2,,,,,,
SEIU_503_0071,SEIU_503_PACS_2024_2025,16,The Employer shall continue to update the Union with changes to the Employee Handbook within fourteen (14) calendar days of any effective change(s).,HARD,deontic:obligation,2,,,,,,
SEIU_503_0069,SEIU_503_PACS_2024_2025,16,"As outlined in the Employee Handbook, the Employer’s Rules and Regulations shall apply to all Union employees to the extent that such term, condition, policy, or procedure is not inconsistent with this Agreement.",HARD,deontic:obligation,2,,,,,,
SEIU_503_0096,SEIU_503_PACS_2024_2025,19,"A union steward may receive phone calls from union representatives while on work time, in private if requested, not to exceed ten (10) minutes per shift.",SOFT,deontic:permission,2,,,,,,
SEIU_503_0098,SEIU_503_PACS_2024_2025,19,"In addition, the Employer shall provide thirty (30) minutes of paid time for both a Union Steward and the new employees to conduct a New Union Employee Orientation (NUEO).",HARD,deontic:obligation,2,,,,,,
SEIU_503_0130,SEIU_503_PACS_2024_2025,23,The Recall notice shall be in the form of Exhibit “Recall Notice” included in this Article.,HARD,deontic:obligation,2,,,,,,
SEIU_503_0099,SEIU_503_PACS_2024_2025,19,The NUEO shall occur in an Employer- provided room.,HARD,deontic:obligation,2,,,,,,
SEIU_503_0128,SEIU_503_PACS_2024_2025,22,"In the event that two or more employees have equal seniority the Employer shall consider the disciplinary records of the employees for the prior eighteen (18) months to determine the order of the recall. 11.6.1 The employee will remain on a recall list for eighteen (18) months and it shall be the employee’s sole responsibility to provide, in written form, the Employer with updated contact information.",HARD,deontic:obligation,2,,,,,,
SEIU_503_0126,SEIU_503_PACS_2024_2025,22,"Probationary and Temporary employees within the affected job classification shall be laid off first or have their hours reduced first without regard to seniority. 11.5.1 Bumping: Any employee who is displaced due to layoff may bump the least-senior employee in any classification or shift within their own department (e.g. a laid off Med Aide may bump the leastsenior CNA), provided the more senior employee is qualified based on necessary certification. 11.6 Recall.",HARD,deontic:obligation|deontic:permission,2,,,,,,
SEIU_503_0125,SEIU_503_PACS_2024_2025,22,(2) or more employees have equal seniority the Employer shall consider the disciplinary records of the employees for the prior eighteen (18) months to determine the order of the layoff.,HARD,deontic:obligation,2,,,,,,
SEIU_503_0123,SEIU_503_PACS_2024_2025,22,Any such meeting shall be held within seven,HARD,deontic:obligation,2,,,,,,
SEIU_503_0226,SEIU_503_PACS_2024_2025,38,"Length of Service Accrual Rate per Annual Accrual Maximum Accrual Cap Pay Period (based (based on 2080 hours) on 80 hours) Hire Date – 90 days 0 0 0 90 days -12 months 2.22222 hours 1 week/40 hours 160 hours 13 months – 48 months 3.33333 hours 2 weeks/80 hours 160 hours (2nd, 3rd, 4th years) 49 months -120 months 5.00000 hours 3 weeks/120 hours 180 hours (5th – 9th years) 121 months (10+ years) 6.6666 hours 4 weeks/60 hours 200 hours Except as otherwise allowed by law, paid vacation time can be used in increments.",UNCLEAR,threshold|exception,2,,,,,,
SEIU_503_0121,SEIU_503_PACS_2024_2025,22,The notice shall be provided fourteen (14) calendar days prior to the implementation of the layoff.,HARD,deontic:obligation,2,,,,,,
SEIU_503_0120,SEIU_503_PACS_2024_2025,22,"Prior to a layoff taking effect, the Employer shall provide notice to the Union of the layoff, the affected employees, the shifts, job classifications and number of hours affected, and if known, the anticipated length of the layoff.",HARD,deontic:obligation,2,,,,,,
SEIU_503_0118,SEIU_503_PACS_2024_2025,21,"In the event the Employer anticipates loss of work for a shorter period of time, Article 11, Census Adjustments, shall apply. 11.2 Seniority During Layoff.",HARD,deontic:obligation,2,,,,,,
SEIU_503_0117,SEIU_503_PACS_2024_2025,21,A layoff shall be defined as an expectation of loss of work in a particular classification for three,HARD,deontic:obligation,2,,,,,,
SEIU_503_0116,SEIU_503_PACS_2024_2025,21,A worker whose seniority is lost of any of the reasons outlined above shall be considered as a new employee if the Employer again employs them.,HARD,deontic:obligation,2,,,,,,
SEIU_503_0114,SEIU_503_PACS_2024_2025,21,"The Employer and the Union agree that in all cases of, transfer, layoff, recall, vacation preference and shift or schedule change; length of continuous service within the department shall be determinative in the event a selection among employees is required. 10.1.3 Loss of Seniority.",HARD,deontic:obligation,2,,,,,,
SEIU_503_0113,SEIU_503_PACS_2024_2025,21,A worker shall not accrue seniority while on Layoff. 10.1.2 Application of Seniority.,HARD,deontic:prohibition|deontic:obligation,2,,,,,,
SEIU_503_0112,SEIU_503_PACS_2024_2025,21,"Seniority shall accrue and not be lost during a worker’s paid time off, paid leave of absence, or Layoff.",HARD,deontic:obligation,2,,,,,,
SEIU_503_0109,SEIU_503_PACS_2024_2025,20,The supervisor may confer with the relevant employee Preceptor and/or trainer for input into the probationary employee’s performance assessment.,SOFT,deontic:permission,2,,,,,,
SEIU_503_0107,SEIU_503_PACS_2024_2025,20,"During the introductory period, employees may be disciplined or discharged by the Employer for any reason without recourse to this Agreement's Grievance and Arbitration provisions.",SOFT,deontic:permission,2,,,,,,
SEIU_503_0106,SEIU_503_PACS_2024_2025,20,On-call employees shall be hired on a probationary status until they complete four hundred and fifty (450) work hours.,HARD,deontic:obligation,2,,,,,,
SEIU_503_0105,SEIU_503_PACS_2024_2025,20,New regular full and part-time employees shall be hired on a probationary status of ninety (90) from their hire date.,HARD,deontic:obligation,2,,,,,,
SEIU_503_0104,SEIU_503_PACS_2024_2025,20,The Employer may limit this time for extraordinary circumstances such as viral outbreaks or state inspections.,SOFT,deontic:permission,2,,,,,,
SEIU_503_0103,SEIU_503_PACS_2024_2025,20,"When the Employer holds its regularly scheduled All Staff Meetings at the facility, a Union Representative or Union Steward shall be allowed to address the Bargaining Unit for up to ten (10) minutes when possible.",HARD,deontic:obligation,2,,,,,,
SEIU_503_0102,SEIU_503_PACS_2024_2025,20,"Employees may utilize earned paid time off for employee activity under this Article, including collective bargaining with the Employer, which does not fall under paid time.",SOFT,deontic:permission,2,,,,,,
SEIU_503_0100,SEIU_503_PACS_2024_2025,19,"The Union and the Employer may, upon mutual agreement, establish additional days.",SOFT,deontic:permission,2,,,,,,
SEIU_503_0068,SEIU_503_PACS_2024_2025,15,"The Employers' failure to exercise any function or responsibility now reserved to it, or its exercising any function or right in a particular way, shall not be deemed a waiver of its ability to exercise such function or responsibility, nor preclude the Employer from exercising the same in some 15",HARD,deontic:prohibition|deontic:obligation,2,,,,,,
SEIU_503_0067,SEIU_503_PACS_2024_2025,15,"All matters not covered by the language of this Agreement may be administered by the Employer on a unilateral basis, following such policies and procedures as it from time to time shall determine. 5.1 No Waiver.",HARD,deontic:obligation|deontic:permission,2,,,,,,
SEIU_503_0066,SEIU_503_PACS_2024_2025,15,The parties recognize that the above statement of management responsibilities is for illustrative purposes only and should not be construed as restrictive or interpreted to exclude those prerogatives not mentioned inherent in the management function.,SOFT,deontic:preference,2,,,,,,
SEIU_503_0065,SEIU_503_PACS_2024_2025,15,To determine and schedule when overtime shall be worked; 29.,HARD,deontic:obligation,2,,,,,,
SEIU_503_0029,SEIU_503_PACS_2024_2025,8,"To the extent permitted by law, the Employer shall notify a Union representative promptly if the Employer receives a “no- match” letter from the Social Security Administration (“SSA”), if it is contacted by the Department of Homeland Security (“DHS”), regarding the immigration status of an employee covered by this Agreement, or if a search or arrest warrant, administrative warrant, subpoena, or another request for documentation is presented.",HARD,deontic:obligation,2,,,,,,
SEIU_503_0027,SEIU_503_PACS_2024_2025,8,Nothing in this section shall restrict the Employer’s right to terminate an employee who falsifies other types of records or documents.,HARD,deontic:obligation,2,,,,,,
SEIU_503_0025,SEIU_503_PACS_2024_2025,8,"Accordingly, to the extent permitted by law, either Party may request that the other meet and discuss subject matter related to the Immigration Reform and Control Act or any other current or future legislation, government rules, or policies related to immigration law.",SOFT,deontic:permission,2,,,,,,
SEIU_503_0024,SEIU_503_PACS_2024_2025,7,No employee or applicant for employment covered by this Agreement shall be discriminated against because of membership in the Union or activities on behalf of the Union.,HARD,deontic:obligation|deontic:prohibition,2,,,,,,
SEIU_503_0023,SEIU_503_PACS_2024_2025,7,"These communications, however, must occur outside the presence of residents or family members of a residents who do not understand the language being spoken. 3.3 Union Participation.",HARD,deontic:obligation,2,,,,,,
SEIU_503_0021,SEIU_503_PACS_2024_2025,7,"Neither the Employer nor the Union shall unlawfully discriminate for or against any employee or applicant covered by this Agreement on account of race, color, religious creed, national origin, citizenship status, union membership status or activities, lawful political affiliation, veteran status, disability, medical condition, sexual orientation, sex, gender identity, gender expression, age, marital status, or any other protected class. 3.2 Languages.",HARD,deontic:obligation,2,,,,,,
SEIU_503_0020,SEIU_503_PACS_2024_2025,7,A Union member who is temporarily contracted to work at a non-Union facility that is an independently operated subsidiary of PACS Group shall continue to be covered by this Agreement for purposes of compensation and benefits eligibility.,HARD,deontic:obligation,2,,,,,,
SEIU_503_0019,SEIU_503_PACS_2024_2025,7,Extenuating circumstances may be evaluated. 2.2 Work at Non-Union Facilities.,SOFT,deontic:permission,2,,,,,,
SEIU_503_0016,SEIU_503_PACS_2024_2025,6,"For an employee to remain On-Call, they must pick up at least one 6",HARD,deontic:obligation,2,,,,,,
SEIU_503_0015,SEIU_503_PACS_2024_2025,6,"If the prior position is not available, that employee shall be returned to an available position, for which the individual is qualified. 2.1.4 On-Call Employee. “On-Call” employees are those employees with no regular schedule but who work intermittently as required and depending on the availability of work.",HARD,deontic:obligation,2,,,,,,
SEIU_503_0014,SEIU_503_PACS_2024_2025,6,The employee may return to the prior position when the temporary position ends if the prior position is available.,SOFT,deontic:permission,2,,,,,,
SEIU_503_0013,SEIU_503_PACS_2024_2025,6,"If a temporary employee is hired into a permanent position, their seniority shall be retroactive to their date of hire as a temporary employee.",HARD,deontic:obligation,2,,,,,,
SEIU_503_0011,SEIU_503_PACS_2024_2025,6,"(3) months, temporary employees shall be covered by this Agreement and shall accrue seniority from their dates of hire.",HARD,deontic:obligation,2,,,,,,
SEIU_503_0010,SEIU_503_PACS_2024_2025,6,(3) month period may be extended for the length of the approved leave up to a total of six,SOFT,deontic:permission,2,,,,,,
SEIU_503_0009,SEIU_503_PACS_2024_2025,6,The Union should be notified when temporary employees are hired.,SOFT,deontic:preference,2,,,,,,
SEIU_503_0008,SEIU_503_PACS_2024_2025,6,(b) Temporary employees may be hired for up to three,SOFT,deontic:permission,2,,,,,,
SEIU_503_0007,SEIU_503_PACS_2024_2025,6,Agency Personnel shall not be considered temporary employees.,HARD,deontic:prohibition|deontic:obligation,2,,,,,,
SEIU_503_0006,SEIU_503_PACS_2024_2025,5,This notice shall quote the Union security and check-off provisions of this Agreement.,HARD,deontic:obligation,2,,,,,,
SEIU_503_0005,SEIU_503_PACS_2024_2025,5,"When the Employer hires a new employee, it shall advise that employee in writing within three",HARD,deontic:obligation,2,,,,,,
SEIU_503_0004,SEIU_503_PACS_2024_2025,5,The Parties should have a direct conversation within forty-eight (48) hours to discuss the issue. 1.4 New Employee Notice.,SOFT,deontic:preference,2,,,,,,
SEIU_503_0003,SEIU_503_PACS_2024_2025,5,"If one Party believes that the other Party has violated this Agreement, the affected Party should contact the other Party's representative by phone or electronic mail.",SOFT,deontic:preference,2,,,,,,
SEIU_503_0030,SEIU_503_PACS_2024_2025,8,"To the extent permitted by law, the Employer shall permit inspection of I-9 forms by DHS or DOL only after a minimum of",HARD,deontic:obligation,2,,,,,,
SEIU_503_0031,SEIU_503_PACS_2024_2025,9,"The Employer also shall permit review of I-9 forms where a DHS search or arrest warrant, administrative warrant, subpoena, or other legal process signed by a federal judge or magistrate names employees or requires the production of I-9 forms.",HARD,deontic:obligation,2,,,,,,
SEIU_503_0032,SEIU_503_PACS_2024_2025,9,"To the extent permitted by law, the Employer shall not provide documents other than the I-9 forms to DHS for inspection or reveal to the DHS the names, addresses, or immigration status of any employees in the absence of a valid DHS administrative subpoena, a search warrant, or subpoena signed by a federal judge or magistrate, or where otherwise required by law, or it is otherwise deemed by the employer to be appropriate under the circumstances.",HARD,deontic:prohibition|deontic:obligation,2,,,,,,
SEIU_503_0051,SEIU_503_PACS_2024_2025,12,"Such Union Member List shall similarly identify any membership cancellations or other changes in employee dues, fees or other deductions.",HARD,deontic:obligation,2,,,,,,
SEIU_503_0061,SEIU_503_PACS_2024_2025,13,"ARTICLE 5 - MANAGEMENT RIGHTS The Union recognizes that the Employer must serve its residents with the highest quality of care, 13",HARD,deontic:obligation,2,,,,,,
SEIU_503_0059,SEIU_503_PACS_2024_2025,13,"Upon written notice to the Employer from the Union that an employee has failed to maintain Union membership in good standing (which shall mean payment of dues and fees uniformly required of all members) and has failed to pay appropriate agency-fees as described above, the Employer and the Union shall meet with the employee to determine a reasonable resolution.",HARD,deontic:obligation,2,,,,,,
SEIU_503_0058,SEIU_503_PACS_2024_2025,12,This statement shall include the following information for every bargaining unit employee if readily available: 1) Name of employee 2) Job classification 3) Employee Identification Number 4) Date of Birth 5) Gross pay for the pay period 6) Regular / Base pay for the pay period 12,HARD,deontic:obligation,2,,,,,,
SEIU_503_0057,SEIU_503_PACS_2024_2025,12,An electronic itemized statement shall be sent to the Union no later than ten (10) calendar days following each pay date.,HARD,deontic:obligation,2,,,,,,
SEIU_503_0056,SEIU_503_PACS_2024_2025,12,The deductions collected from all employees for any pay dates in a calendar month shall be remitted to the Union’s Salem headquarters no later than the tenth (10th) of the following month.,HARD,deontic:obligation,2,,,,,,
SEIU_503_0055,SEIU_503_PACS_2024_2025,12,Union shall notify Employer thirty (30) days prior to implementing any material change in such deduction authorization(s) and provide Employer with new blank written deduction authorizations as necessary. 4.5 Itemized Deduction List.,HARD,deontic:obligation,2,,,,,,
SEIU_503_0054,SEIU_503_PACS_2024_2025,12,"The ability of a bargaining unit employee to revoke their written, electronic or recorded oral dues deduction authorization shall be determined by the terms and conditions of such specific dues deduction authorization.",HARD,deontic:obligation,2,,,,,,
SEIU_503_0053,SEIU_503_PACS_2024_2025,12,"Any written applications for Union membership, authorizations for Union dues, authorizations for payment of agency fees and/or other Union-related deductions or dues cancellations which the Employer receives shall be forwarded to the Union.",HARD,deontic:obligation,2,,,,,,
SEIU_503_0052,SEIU_503_PACS_2024_2025,12,"If the Union Member List is submitted to the Employer electronically by at least ten (10) calendar days before Employer’s next pay date, then the Employer shall process such deductions or changes no later than such pay date; otherwise Employer shall process such deductions or changes no later than the next following pay date.",HARD,deontic:obligation,2,,,,,,
SEIU_503_0050,SEIU_503_PACS_2024_2025,12,"The Union shall provide the Employer with a list of bargaining unit employees who have provided a written, electronic or recorded oral request to have monthly Union dues and/or agency fees, plus any additional voluntary Union deductions, deducted from the employee’s pay and remitted to the Union (“Union Member List”).",HARD,deontic:obligation,2,,,,,,
SEIU_503_0033,SEIU_503_PACS_2024_2025,9,"In addition, to the extent permitted by law, the Employer shall offer a private setting for questioning of employees by DHS. 3.7 Reverification of Status.",HARD,deontic:obligation,2,,,,,,
SEIU_503_0049,SEIU_503_PACS_2024_2025,11,"For purposes of this Paragraph, the term “formal separation” shall include transfers out of the bargaining unit, removal from the payroll of the Employer and leaves of absence of more than one",HARD,deontic:obligation,2,,,,,,
SEIU_503_0048,SEIU_503_PACS_2024_2025,11,The condition of employment specified above shall not apply during periods of formal separation from the bargaining unit by any such employee but shall reapply to such employee on the thirty-first (31st) day following their return to the bargaining unit.,HARD,deontic:prohibition|deontic:obligation,2,,,,,,
SEIU_503_0045,SEIU_503_PACS_2024_2025,10,"In that case, to the extent permitted by law, the Employer shall notify the Union in writing and meet to discuss the nature of the problem before taking any Corrective Action.",HARD,deontic:obligation,2,,,,,,
SEIU_503_0042,SEIU_503_PACS_2024_2025,10,The Employer may request verification of such leave.,SOFT,deontic:permission,2,,,,,,
SEIU_503_0041,SEIU_503_PACS_2024_2025,10,"In that case, to the extent permitted by law, the Employer may take any necessary action, including termination of employment, to correct the issue and avoid risk or liability to the employer. 3.9 Seniority and Leave of Absences for Immigration-Related Issues.",SOFT,deontic:permission,2,,,,,,
SEIU_503_0038,SEIU_503_PACS_2024_2025,9,"To the extent permitted by law, the Employer shall not take adverse employment action against an employee based solely on the results of a computer verification of immigration or work authorization status. 3.8 Social Security Discrepancies.",HARD,deontic:prohibition|deontic:obligation,2,,,,,,
SEIU_503_0037,SEIU_503_PACS_2024_2025,9,"(3) years, after which the successor employee shall maintain said forms.",HARD,deontic:obligation,2,,,,,,
SEIU_503_0036,SEIU_503_PACS_2024_2025,9,"In that case, to the extent permitted by law, the Employer shall offer to transfer the I-9 forms of its employees to the new employer or, at the employer’s option, to jointly maintain the I-9 records of its employees with the successor employer for three",HARD,deontic:obligation,2,,,,,,
SEIU_503_0034,SEIU_503_PACS_2024_2025,9,"To the extent permitted by law, no employee employed continuously on or before November 6, 1986, shall be required to document immigration status.",HARD,deontic:obligation|deontic:prohibition,2,,,,,,
SEIU_503_0129,SEIU_503_PACS_2024_2025,22,"Probationary employees will not be placed on a recall list. 11.6.2 Whenever a vacancy occurs while employees are on layoff, laid off Bargaining Unit Employees who are qualified to fill the vacancy shall be recalled in order of seniority. 11.6.3 Recall rights shall last for eighteen (18) months. 11.6.4 Those laid off Bargaining Unit Employees with recall rights are called “Recallables”. 11.6.5 The Employer shall notify any Recallables in writing of the Recallables’ option to return to 22",HARD,deontic:obligation,2,,,,,,
SEIU_503_0445,SEIU_503_PACS_2024_2025,75,"Should the need for changes to this agreement be identified, the parties agree to utilize the State LMC process to meet and confer regarding updates to the agreement.",SOFT,deontic:preference,2,,,,,,
SEIU_503_0131,SEIU_503_PACS_2024_2025,23,These Recallables shall have twenty-four (24) hours from receipt of the Recall Notice sent by registered mail by the Recallable to indicate unequivocally that the Recallable will return to employment (“Yes Notice”).,HARD,deontic:obligation,2,,,,,,
SEIU_503_0170,SEIU_503_PACS_2024_2025,29,Non-dietary employees may purchase facility regular meals for two dollars ($2.00) per meal paid through a payroll deduction program.,SOFT,deontic:permission,2,,,,,,
SEIU_503_0196,SEIU_503_PACS_2024_2025,33,"(2) or more employees have relatively equal abilities, then the employee with the longest seniority (as defined in Article 10: Seniority) shall be awarded the schedule or the assignment.",HARD,deontic:obligation,2,,,,,,
SEIU_503_0195,SEIU_503_PACS_2024_2025,33,Work schedules or assignments shall be filled according to the ability of employees to perform the work required on that schedule as solely determined by the Employer.,HARD,deontic:obligation,2,,,,,,
SEIU_503_0194,SEIU_503_PACS_2024_2025,33,"If changes to the schedule are needed, the Employer shall notify affected employees as soon as possible. 14.4.2 Schedule and Assignment.",HARD,deontic:obligation,2,,,,,,
SEIU_503_0193,SEIU_503_PACS_2024_2025,32,"Once a schedule is posted, the Employer may change an employee’s schedule: 1) per the employee’s consent, 2) when an emergency necessitates a prompt summoning of staff, 3) when the employee is on an approved 32",SOFT,deontic:permission,2,,,,,,
SEIU_503_0192,SEIU_503_PACS_2024_2025,32,Monthly employee work schedules shall be electronically posted at least ten (10) days prior to the first workday on the schedule.,HARD,deontic:obligation,2,,,,,,
SEIU_503_0190,SEIU_503_PACS_2024_2025,32,An employee who is sent home after reporting to work or called off of work shall not be considered “on-call” or “on-standby” for the remainder of the shift. 12.4 Work Schedules and Assignments.,HARD,deontic:prohibition|deontic:obligation,2,,,,,,
SEIU_503_0189,SEIU_503_PACS_2024_2025,32,It shall be the employee’s responsibility to keep a current telephone number on file with the Employer.,HARD,deontic:obligation,2,,,,,,
SEIU_503_0188,SEIU_503_PACS_2024_2025,32,"The Employer may require an employee to work for a minimum of three hours; however, the employee may choose to go home without pay.",SOFT,deontic:permission,2,,,,,,
SEIU_503_0187,SEIU_503_PACS_2024_2025,32,"Reasonable effort shall be defined as an Employer telephone call to the telephone number provided by the employee, or such other method as mutually agreed upon by the Employer and the employee, and either leaving a message with the person who answers the telephone, leaving a voice mail message or sending a text message.",HARD,deontic:obligation,2,,,,,,
SEIU_503_0186,SEIU_503_PACS_2024_2025,32,Such minimum guarantees shall not apply if the Employer makes a reasonable effort to notify the employee at least two,HARD,deontic:prohibition|deontic:obligation,2,,,,,,
SEIU_503_0185,SEIU_503_PACS_2024_2025,32,Employees reporting to work for their scheduled shift shall receive a minimum guarantee of three,HARD,deontic:obligation,2,,,,,,
SEIU_503_0184,SEIU_503_PACS_2024_2025,32,Employees must record all working time including overtime on the Employer’s timekeeping system. 14.4 Report Pay.,HARD,deontic:obligation,2,,,,,,
SEIU_503_0183,SEIU_503_PACS_2024_2025,32,Employees shall not work overtime without advance authorization from their supervisor.,HARD,deontic:prohibition|deontic:obligation,2,,,,,,
SEIU_503_0182,SEIU_503_PACS_2024_2025,31,"For the purposes of computing overtime pay, the regular rate of pay shall include any applicable shift differential or hourly 31",HARD,deontic:obligation,2,,,,,,
SEIU_503_0181,SEIU_503_PACS_2024_2025,31,"Consistent with applicable law, the Employer may modify the workday schedule to institute other workday schedules including ten (10) or twelve (12) hour shifts with overtime after forty (40) hours per week.",SOFT,deontic:permission,2,,,,,,
SEIU_503_0179,SEIU_503_PACS_2024_2025,31,The workdays and workweek periods as specified in this Article shall not constitute guaranteed hours of work. 14.2 Workday.,HARD,deontic:prohibition|deontic:obligation,2,,,,,,
SEIU_503_0178,SEIU_503_PACS_2024_2025,31,Bargaining unit employees who transfer from a job class with a wage/hiring scale with a lower starting rate to a job class with a higher starting rate shall be placed on the step of the scale applicable to the employee’s new job class that is closest to the employee’s current rate but provides an increase.,HARD,deontic:obligation,2,,,,,,
SEIU_503_0177,SEIU_503_PACS_2024_2025,31,rate shall be placed on the same step of the scale applicable to the employee’s new job class.,HARD,deontic:obligation,2,,,,,,
SEIU_503_0175,SEIU_503_PACS_2024_2025,30,"When an Employee is requested to work outside of their classification, they shall be paid at the higher rate of pay of the two classifications.",HARD,deontic:obligation,2,,,,,,
SEIU_503_0173,SEIU_503_PACS_2024_2025,30,"An Employee transferring into a higher-paid classification shall maintain their wage rate or be paid at the new classification wage rate, whichever is greater. 13.13 No Loss of Wages.",HARD,deontic:obligation,2,,,,,,
SEIU_503_0172,SEIU_503_PACS_2024_2025,29,"Bargaining Unit Employees shall receive the following one-time longevity bonuses, to be paid on the first payday after the earlier of the employee’s anniversary date by the Employer or the employee’s Seniority Date while working continuously at the same facility.",HARD,deontic:obligation,2,,,,,,
SEIU_503_0197,SEIU_503_PACS_2024_2025,33,The Employer’s decision shall be exercised in good faith and be based on established policies.,HARD,deontic:obligation,2,,,,,,
SEIU_503_0198,SEIU_503_PACS_2024_2025,33,Schedules or assignments may be filled at the Employer’s discretion on an interim basis until a regular placement is made. 14.4.3 Employee Requests for Schedule Changes.,SOFT,deontic:permission,2,,,,,,
SEIU_503_0199,SEIU_503_PACS_2024_2025,33,"If an employee wishes to change a scheduled day with another employee, both must sign a written request, and it must be approved by their supervisor.",HARD,deontic:obligation,2,,,,,,
SEIU_503_0213,SEIU_503_PACS_2024_2025,35,"If an employee works during all or part of a meal break, it shall be immediately reported to the employee’s supervisor.",HARD,deontic:obligation,2,,,,,,
SEIU_503_0225,SEIU_503_PACS_2024_2025,37,Full-time and part-time employees may use their vacation benefits after three,SOFT,deontic:permission,2,,,,,,
SEIU_503_0224,SEIU_503_PACS_2024_2025,37,Employees will be given as much advance notice as possible if they are required to work a holiday.,HARD,deontic:obligation,2,,,,,,
SEIU_503_0222,SEIU_503_PACS_2024_2025,37,"If an employee’s actual birthday fall on Thanksgiving Day, Christmas Day, or New Year’s Day, the employee may need to request an alternative day off, based on business need. 15.4 Conditions.",SOFT,deontic:permission,2,,,,,,
SEIU_503_0221,SEIU_503_PACS_2024_2025,37,"days before or after the employee’s birthday and may not be in conjunction with Thanksgiving Day, Christmas Day, or New Year’s Day.",SOFT,deontic:restriction|deontic:permission,2,,,,,,
SEIU_503_0220,SEIU_503_PACS_2024_2025,36,The Employee Birthday Holiday must be taken within thirty (30) 36,HARD,deontic:obligation,2,,,,,,
SEIU_503_0218,SEIU_503_PACS_2024_2025,36,Pay periods and paydays shall be determined by the Employer and may not be changed without ninety (90) days’ notice to the Union and the employees. 14.9 Payroll Errors.,HARD,deontic:obligation|deontic:restriction|deontic:permission,2,,,,,,
SEIU_503_0216,SEIU_503_PACS_2024_2025,35,"In an urgent situation, the supervisor may require the employee to postpone their break until the situation has been resolved. 35",SOFT,deontic:permission,2,,,,,,
SEIU_503_0215,SEIU_503_PACS_2024_2025,35,The employee shall notify their supervisor before taking a break.,HARD,deontic:obligation,2,,,,,,
SEIU_503_0214,SEIU_503_PACS_2024_2025,35,Rest breaks may be scheduled by the Employer or taken intermittently.,SOFT,deontic:permission,2,,,,,,
SEIU_503_0212,SEIU_503_PACS_2024_2025,35,"Upon mutual agreement between the Employer and employees in non-nursing departments, a different scheduling process than the process described in Article 14.6.1 may be used to conform to current practice and employee and Employer needs within the Department.",SOFT,deontic:permission,2,,,,,,
SEIU_503_0200,SEIU_503_PACS_2024_2025,33,"In order to ensure shift coverage and quality care, the Employer shall use the following steps to cover any open/unassigned shifts after the monthly work schedule is posted.",HARD,deontic:obligation,2,,,,,,
SEIU_503_0211,SEIU_503_PACS_2024_2025,35,The Employer may utilize an alternative program to the “Low Census Adjustment to Scheduled Shifts” process defined above that is agreed to between the Employer and the Union at the Facility’s Labor Management Committee and signed by Union and Employer representatives. 14.6.3 Non-Nursing Unit Modification.,SOFT,deontic:permission,2,,,,,,
SEIU_503_0210,SEIU_503_PACS_2024_2025,34,The Employer shall first ask for volunteers who are working Extra/Double Shifts.,HARD,deontic:obligation,2,,,,,,
SEIU_503_0208,SEIU_503_PACS_2024_2025,34,The Employer may reduce an employee’s hours of work on a shift-by-shift and day-by-day basis if the Employer deems it necessary to reduce hours for declining census or resident case mix. 14.6.1 Nursing Units and Employees Qualified to Be Assigned to Specialty Units;,SOFT,deontic:permission,2,,,,,,
SEIU_503_0207,SEIU_503_PACS_2024_2025,34,The Employer may utilize an alternative “Same-day Open Shifts” process to the one defined above that is agreed to between the Employer and the Union at the Facility’s Labor Management Committee and signed by Union and Employer representatives 14.6 Low Census Adjustment to Scheduled Shifts.,SOFT,deontic:permission,2,,,,,,
SEIU_503_0206,SEIU_503_PACS_2024_2025,34,"It is understood that for same-day call-offs or same-day overtime work, the Employer may choose among volunteers currently at work and off-duty employees who first respond to an Employer text or other electronic communication announcing an open shift.",SOFT,deontic:permission,2,,,,,,
SEIU_503_0205,SEIU_503_PACS_2024_2025,34,The Employer may offer an employee additional hours of work on a shift-by-shift and day–by-day basis if the Employer deems it necessary to add hours for increasing census or other reasons.,SOFT,deontic:permission,2,,,,,,
SEIU_503_0203,SEIU_503_PACS_2024_2025,34,Employees who sign up for an extra shift may be bumped from that shift on three,SOFT,deontic:permission,2,,,,,,
SEIU_503_0202,SEIU_503_PACS_2024_2025,33,"Shifts will be awarded on a seniority basis; however, once an employee has received a shift in this manner in a given month, then the employee shall go to the bottom of the list for receiving 33",HARD,deontic:obligation,2,,,,,,
SEIU_503_0201,SEIU_503_PACS_2024_2025,33,Employees shall have three,HARD,deontic:obligation,2,,,,,,
SEIU_503_0171,SEIU_503_PACS_2024_2025,29,"Additionally, all employees shall receive a complimentary facility regular meal when working a Holiday shift. 13.8 Longevity Bonus.",HARD,deontic:obligation,2,,,,,,
SEIU_503_0176,SEIU_503_PACS_2024_2025,30,"For example, if a CMA is requested to work on the floor as a CNA, they shall continue to be paid at the CMA rate. 13.15 Transfers to a Job Class with a Lower Starting Rate.",HARD,deontic:obligation,2,,,,,,
SEIU_503_0162,SEIU_503_PACS_2024_2025,27,The Facility shall provide any such bonuses fairly and equitably and not engage in scheduling favoritism.,HARD,deontic:obligation,2,,,,,,
SEIU_503_0152,SEIU_503_PACS_2024_2025,26,"The Employer shall clearly identify the shifts that qualify for the CSP and the amount of the CSP for each shift, including any mass communication sent by the Employer to notify employees of the CSP opportunity (e.g., group text, electronic communication from payroll/scheduling system, etc.).",HARD,deontic:obligation,2,,,,,,
SEIU_503_0161,SEIU_503_PACS_2024_2025,27,"The Employer shall be privileged to offer employment bonuses at its discretion, such as sign-on, refer-a-friend, extra shift, or pick up a shift.",HARD,deontic:obligation,2,,,,,,
SEIU_503_0138,SEIU_503_PACS_2024_2025,24,The Employer shall maintain job descriptions for all positions covered by this Agreement.,HARD,deontic:obligation,2,,,,,,
SEIU_503_0159,SEIU_503_PACS_2024_2025,27,In no case shall such notice to the Union be more than seventy-two (72) hours after the Employer’s announcement.,HARD,deontic:obligation,2,,,,,,
SEIU_503_0158,SEIU_503_PACS_2024_2025,27,"If the other employer’s competitive advantage is instead a future threat, the Employer will contact the Union and bargain OSWI pay increases for up to seventy-two (72) hours, after which the Employer may unilaterally implement their final OSWI proposal to the Union.",SOFT,deontic:permission,2,,,,,,
SEIU_503_0157,SEIU_503_PACS_2024_2025,27,"When implementing an OSWI, the Employer is not required to bargain with the Union when the Facility Administrator believes they must immediately announce pay rate increases to neutralize the competitive advantage of another employer offering the Facility’s union members higher pay.",HARD,deontic:obligation,2,,,,,,
SEIU_503_0155,SEIU_503_PACS_2024_2025,26,Any CSP must be offered to Bargaining unit members first before being offered to other employees or agency or pool employees.,HARD,deontic:obligation,2,,,,,,
SEIU_503_0153,SEIU_503_PACS_2024_2025,26,The Employer may cancel CSP designation within five,SOFT,deontic:permission,2,,,,,,
SEIU_503_0139,SEIU_503_PACS_2024_2025,24,"Upon employment, the Employer shall provide a job description to an employee for the position into which they have been hired.",HARD,deontic:obligation,2,,,,,,
SEIU_503_0151,SEIU_503_PACS_2024_2025,26,The form must be completed by the employee within three,HARD,deontic:obligation,2,,,,,,
SEIU_503_0163,SEIU_503_PACS_2024_2025,27,"The Employer may, without acting in a manner resulting in individual favoritism within a job class, implement, modify, or eliminate incentives to hire new employees, motivate employees to work as needed, encourage safe working practices, or for any other business reason, as long as the incentive programs were not explicitly bargained for in this Agreement.",SOFT,deontic:permission,2,,,,,,
SEIU_503_0140,SEIU_503_PACS_2024_2025,24,Current employees shall be able to access their job description on the Employer’s online portal.,HARD,deontic:obligation,2,,,,,,
SEIU_503_0150,SEIU_503_PACS_2024_2025,26,"To receive eligible CSP compensation, an employee must complete a written CSP form made available by the Employer.",HARD,deontic:obligation,2,,,,,,
SEIU_503_0149,SEIU_503_PACS_2024_2025,26,"A CSP shift shall be defined as an employer-designated shift that includes work time beyond a Bargaining Unit Employee’s regularly scheduled shift, and that enables the facility to address an imminent essential staffing need.",HARD,deontic:obligation,2,,,,,,
SEIU_503_0148,SEIU_503_PACS_2024_2025,26,Full-time and part-time employees who work an Employer-designated “critical” shift shall receive a Critical Shift Premium (“CSP”) of at least six dollars and fifty cents ($6.50) per hour added to their base rate of pay for actual hours worked during the designated critical shift.,HARD,deontic:obligation,2,,,,,,
SEIU_503_0147,SEIU_503_PACS_2024_2025,26,employee shall be adjusted upward. 13.3 Critical Shifts.,HARD,deontic:obligation,2,,,,,,
SEIU_503_0146,SEIU_503_PACS_2024_2025,25,Any wage rate paid above the top step of the scale to reflect more years of applicable experience must be consistent with current employees in the same classification with same years of experience.,HARD,deontic:obligation,2,,,,,,
SEIU_503_0141,SEIU_503_PACS_2024_2025,24,"Effective October 1, 2024, the Employer will increase the starting hourly rates of the predecessor’s wage scale by one dollar and forty-one cents ($1.41) per hour (see Appendix B), and each employee shall move to the next step of the Appendix B wage scale for their job classification and seniority.",HARD,deontic:obligation,2,,,,,,
SEIU_503_0142,SEIU_503_PACS_2024_2025,25,"1.1 In rate year 7/1/24-6/30/25, as soon as a State Official posts actual Medicaid rates, Union and Employer shall use a mutually agreed spreadsheet to calculate the net increase from the 7/1/236/30/24 Net Medicaid rate of $444.13. 1.1.1 The posted 7/1/24-6/30/25 rate is $518.22 with a provider tax of $37.68.",HARD,deontic:obligation,2,,,,,,
SEIU_503_0144,SEIU_503_PACS_2024_2025,25,"On October 1, 2024, the Employer shall annually spend one percent (100%) of the calculated Cumulative Total Economic package (i.e., projected to be one dollar and ninety one cents ($1.91)) on the wage scale increases identified in Appendix A. 13.2 New Hires.",HARD,deontic:obligation,2,,,,,,
SEIU_503_0143,SEIU_503_PACS_2024_2025,25,"Subtracting last fiscal year’s net Medicaid rate of $444.13 from this fiscal year’s net Medicaid rate of $480.54, the net increase is $36.41. 1.2 The Cumulative Total Economic Package (“CTEP”) annual increase per this Agreement shall be defined as follows: one dollar and ninety-one cents ($1.91) on 10/1/24. 1.3 The parties entered the fiscal year’s daily Medicaid Rate and the long-term care assessment effective the preceding July 1st into the corresponding cell of the Excel Spreadsheet titled “2021-2024 SEIU Responsible Employers Total Economic Package Formulas” (the “Spreadsheet”).",HARD,deontic:obligation,2,,,,,,
SEIU_503_0164,SEIU_503_PACS_2024_2025,27,"If the Employer implements an incentive program, the Employer shall notify the Union within five",HARD,deontic:obligation,2,,,,,,
SEIU_503_0166,SEIU_503_PACS_2024_2025,29,The parties will assess the program's effectiveness when bargaining a successor CBA and the Employer shall have discretion whether to continue it. 13.5 Training and Educational Assistance.,HARD,deontic:obligation,2,,,,,,
SEIU_503_0137,SEIU_503_PACS_2024_2025,24,"In the event that no applicant is qualified, or if no applicant accepts the offered position, then the Employer may fill the position as the Employer deems appropriate.",SOFT,deontic:permission,2,,,,,,
SEIU_503_0136,SEIU_503_PACS_2024_2025,24,The qualified employee with the most seniority (as defined in Article 10 Seniority) shall be offered the position.,HARD,deontic:obligation,2,,,,,,
SEIU_503_0135,SEIU_503_PACS_2024_2025,23,"Postings shall include classification, shift, and rate of pay. 12.1.2 Before considering applications from employees outside the bargaining unit, the Employer shall consider applications from bargaining unit employees. 23",HARD,deontic:obligation,2,,,,,,
SEIU_503_0167,SEIU_503_PACS_2024_2025,29,The Employer shall maintain a Training and Educational Assistance Program.,HARD,deontic:obligation,2,,,,,,
SEIU_503_0169,SEIU_503_PACS_2024_2025,29,The Employer shall reimburse Bargaining Unit Employees within thirty (30) days of receipt for fees paid to maintain certifications required as a condition of employment in their job classifications. 13.7 Facility Meal Program.,HARD,deontic:obligation,2,,,,,,
SEIU_503_0168,SEIU_503_PACS_2024_2025,29,"The Employer shall reimburse for the following: C.N.A., C.M.A., RA, CPR, and Food Handlers certification.",HARD,deontic:obligation,2,,,,,,
SEIU_503_0165,SEIU_503_PACS_2024_2025,27,"In addition, the Union may require the Employer to describe its application of the incentive program to verify that it has been implemented equitably, without individual favoritism. 27",SOFT,deontic:permission,2,,,,,,
SEIU_503_0134,SEIU_503_PACS_2024_2025,23,"When a vacancy in a bargaining unit job occurs, the following principles shall apply in the following order: 12.1.1 Vacant positions shall be posted per the Employer’s choice of communication (e.g., document posted in facility, electronic posting in Employer’s payroll/scheduling system, etc.) for five",HARD,deontic:obligation,2,,,,,,
SEIU_503_0322,SEIU_503_PACS_2024_2025,49,Employees will not be subject to any adverse employment actions for raising good-faith concerns.,UNCLEAR,exception,1,,,,,,
SEIU_503_0133,SEIU_503_PACS_2024_2025,23,If you do not notify your employer within 24 hours then you will have waived your right to be recalled.,UNCLEAR,threshold,1,,,,,,
SEIU_503_0330,SEIU_503_PACS_2024_2025,50,The Step 1 response will settle the matter unless appealed to Step 2.,UNCLEAR,exception,1,,,,,,
SEIU_503_0127,SEIU_503_PACS_2024_2025,22,"In the event of a recall, the Employer will recall the most senior employee in the affected job classification.",UNCLEAR,exception,1,,,,,,
SEIU_503_0233,SEIU_503_PACS_2024_2025,39,Full-time and part-time employees accrue PSL at the rate of 0.03333 hours for each hour worked.,UNCLEAR,threshold,1,,,,,,
SEIU_503_0335,SEIU_503_PACS_2024_2025,51,"The Employer's Designees' Step 2 response will resolve the matter unless the matter progresses to mediation or arbitration, as provided after this.",UNCLEAR,exception,1,,,,,,
SEIU_503_0209,SEIU_503_PACS_2024_2025,34,Non-nursing Units Unless Modified Per Article 14.6.3.,UNCLEAR,exception,1,,,,,,
SEIU_503_0124,SEIU_503_PACS_2024_2025,22,"In the event of a layoff, the Employer will lay off the least senior employee in the affected job category.",UNCLEAR,exception,1,,,,,,
SEIU_503_0437,SEIU_503_PACS_2024_2025,64,"It is understood that the provisions of this Agreement relating to wages, hours and conditions of work are intended to establish minimum terms for the employment of employees subject to this Agreement.",UNCLEAR,exception,1,,,,,,
SEIU_503_0018,SEIU_503_PACS_2024_2025,7,"(3) months, they will be notified that they will lose their seniority and On-Call status unless they pick up an available shift within sixty (60) days.",UNCLEAR,exception,1,,,,,,
SEIU_503_0017,SEIU_503_PACS_2024_2025,7,(3) calendar months unless they are on medical leave or an otherwise defined leave of absence.,UNCLEAR,exception,1,,,,,,
SEIU_503_0241,SEIU_503_PACS_2024_2025,40,"(c) the exclusion of the employee from the workplace under any applicable law that requires the employer to exclude the employee from the work place for health reasons; or 5) Any of the enumerated purposes under Oregon’s Family Leave Act (Oregon Revised Statutes section 659A.159), including but not limited to the care for a child of the employee who is suffering from a non-serious illness, injury or condition that requires home care or who requires home care because of the closure of the child’s school or child care provider as a result of a public health emergency, pregnancy disability, 6) To deal with the death of a family member within 60 days of the date on which the eligible employee receives notice of the death of a family member. 7) To deal with the fact that the employee’s home or work location is in a Level 2 or 3 evacuation zone. 8) For purposes of this policy, a “family member” is defined under Oregon Revised Statutes section 40",UNCLEAR,threshold,1,,,,,,
SEIU_503_0374,SEIU_503_PACS_2024_2025,55,"Arbitration The Union has 15 Union notifies Within 60 days of the calendar days to Employer’s HR arbitrator's selection, or file from the Director in writing and as soon as the Employer’s notifies FMCS arbitrator’s schedule response (or lack allows. thereof) to move a step 2 grievance to arbitration. 55",UNCLEAR,threshold,1,,,,,,
SEIU_503_0040,SEIU_503_PACS_2024_2025,10,Suppose the discrepancy is not resolved within 60 days.,UNCLEAR,threshold,1,,,,,,
SEIU_503_0250,SEIU_503_PACS_2024_2025,42,"(2) unpaid days of leave in the event of the death of a spouse, domestic partner, child, parent, sibling, grandparent, grandchild, or corresponding in-laws or “step” relations and up to three",UNCLEAR,exception,1,,,,,,
SEIU_503_0251,SEIU_503_PACS_2024_2025,42,(3) days unpaid in the event of the death of any other relative.,UNCLEAR,exception,1,,,,,,
SEIU_503_0079,SEIU_503_PACS_2024_2025,17,"In the event of a violation of the no-strike provision, the Union will: 7.4.1 As promptly as possible publicly disavow such action by the employees; 7.4.2 Notify the employees of its disapproval of such action and instruct such employees to cease such action and return to work immediately; 7.4.3 Post notices on Union bulletin boards advising that it disapproves of such action and instructing employees to return to work immediately. 7.5 Informational Picketing.",UNCLEAR,exception,1,,,,,,
SEIU_503_0078,SEIU_503_PACS_2024_2025,17,Employees who participate in a strike in violation of this Article will be subject to discipline up to and including termination. 7.4 No Strike Violation Union Action.,UNCLEAR,exception,1,,,,,,
SEIU_503_0288,SEIU_503_PACS_2024_2025,46,The Employer recognizes the concept of progressive discipline and will endeavor to utilize a progressive discipline response in cases of inadequate work performance or violation of Employers' workplace rules.,UNCLEAR,exception,1,,,,,,
SEIU_503_0174,SEIU_503_PACS_2024_2025,30,"Under no circumstances will any section of this Article or Agreement result in an Employee to suffer any loss in wage rates, except if an employee permanently transfers to a classification with a lower wage scale.",UNCLEAR,exception,1,,,,,,
SEIU_503_0371,SEIU_503_PACS_2024_2025,54,"However, the Parties understand that the Article’s provisions govern in the event of a conflict with any chart content.",UNCLEAR,exception,1,,,,,,
SEIU_503_0280,SEIU_503_PACS_2024_2025,45,Employer matches are subject to the following vesting schedule.,UNCLEAR,exception,1,,,,,,
SEIU_503_0070,SEIU_503_PACS_2024_2025,16,The Parties understand that the CBA’s provisions govern in the event of a conflict.,UNCLEAR,exception,1,,,,,,
SEIU_503_0132,SEIU_503_PACS_2024_2025,23,You have 24 hours from when you’ve received this letter to indicate whether or not you want to return to employment.,UNCLEAR,threshold,1,,,,,,
SEIU_503_0289,SEIU_503_PACS_2024_2025,46,"In the event of a conflict, this Agreement will take precedence over the Employer's work rules.",UNCLEAR,exception,1,,,,,,
SEIU_503_0390,SEIU_503_PACS_2024_2025,58,(2) hours unless the parties mutually extend the meeting.,UNCLEAR,exception,1,,,,,,
SEIU_503_0180,SEIU_503_PACS_2024_2025,31,"(8) hours of work, it will provide the Union and affected workers thirty (30) days’ notice before implementing the change unless the parties mutually agree to less notice.",UNCLEAR,exception,1,,,,,,
SEIU_503_0064,SEIU_503_PACS_2024_2025,14,"Accordingly, during the term of the Agreement, except when such rights are specifically abridged or modified by this Agreement, Union with this grants Employer the right and authority to make changes unilaterally (i.e., without giving Union notice and an opportunity to bargain concerning the decision or impact of the decision) within the following subjects or terms and conditions of employment: 1.",UNCLEAR,exception,1,,,,,,
SEIU_503_0063,SEIU_503_PACS_2024_2025,14,"It is agreed that the Employer has the sole and exclusive right and authority to determine and direct the policies and methods of operating the business, subject to this Agreement.",UNCLEAR,exception,1,,,,,,
SEIU_503_0160,SEIU_503_PACS_2024_2025,27,"When implementing an OSWI to target the immediate competitive threat of a local competitor, the Employer will solely apply the OSWI at the nursing home subject to the immediate competitive threat. 13.2 Incentives.",UNCLEAR,exception,1,,,,,,
SEIU_503_0156,SEIU_503_PACS_2024_2025,26,"Notwithstanding anything else in this Agreement to the contrary, the Employer has a privilege to immediately increase union member hourly pay rates across the board by classification as necessary to retain workers recruited by other employers offering higher compensation in the facility’s labor market (“Off Schedule Wage Increase” or “OSWI”).",UNCLEAR,exception,1,,,,,,
SEIU_503_0046,SEIU_503_PACS_2024_2025,11,Such rehired employees will be subject to a further ninety (90) day probationary period. 3.10 Change of Immigration Status Benefit.,UNCLEAR,exception,1,,,,,,
SEIU_503_0101,SEIU_503_PACS_2024_2025,19,The compensation will be paid in the qualified employee's regular paycheck subject to all payroll rules.,UNCLEAR,exception,1,,,,,,
SEIU_503_0080,SEIU_503_PACS_2024_2025,17,This provision will sunset on the last date of the Agreement and will not continue in effect unless it is explicitly renegotiated.,UNCLEAR,exception,1,,,,,,
SEIU_503_0039,SEIU_503_PACS_2024_2025,9,"To the extent permitted by law, the employee will be provided with an opportunity to address and correct the issue within 60 days or as otherwise allowed by applicable laws and regulations.",UNCLEAR,threshold,1,,,,,,
SEIU_503_0110,SEIU_503_PACS_2024_2025,20,This Article is not subject to the grievance process.,UNCLEAR,exception,1,,,,,,
SEIU_503_0204,SEIU_503_PACS_2024_2025,34,Employees will not be rescheduled from their regular shifts or extra shifts to avoid paying overtime or extra shift pay except as defined by Article 14.6 Low Census Adjustment to Scheduled Shifts. 14.5.2 Same-Day Open Shifts.,UNCLEAR,exception,1,,,,,,
SEIU_503_0228,SEIU_503_PACS_2024_2025,38,In case of a conflict between two,UNCLEAR,exception,1,,,,,,
