sentence_id,source_doc,page_num,raw_text,predicted_type,signals,confidence_score,is_constraint,constraint_type,entities,threshold,exception,notes
SEIU_119_1335,SEIU_1199_Ohio_2022,243,An individual who fails to notify OOD of the loss of licensure within 14 days after it is lost may be responsible for repayment of any salary improperly received and may be subject to discipline.,SOFT,deontic:permission|threshold|exception,4,,,,,,
SEIU_119_0218,SEIU_1199_Ohio_2022,43,"ARTICLE 10 - VACATION ALLOWANCE 10.01 Rate of Accrual Permanent full-time employees shall be granted vacation leave with pay at regular rate as follows, except that those employees who have less than eighty (80) hours in an active pay status in a pay period shall be credited with a prorated amount of leave according to the following schedule: Length of State Accrual Rate: Hours Earned Service Per 80 Hours in Active Pay Status Per Pay Period Less than 4 years 3.1 hours 4 years or more 4.6 hours 9 years or more 6.2 hours 14 years or more 6.9 hours 19 years or more 7.7 hours 24 years or more 9.2 hours Employees who provide valid documentation to their Agency’s Human Resources department shall receive credit for prior service with the State, the Ohio National Guard, or any political subdivision of the State for purposes of computing vacation leave in accordance with ORC 9.44.",HARD,deontic:obligation|threshold|exception,4,,,,,,
SEIU_119_1035,SEIU_1199_Ohio_2022,188,"The employee may be eligible for salary continuation during the appeal process, which may not exceed 480 hours.",SOFT,deontic:restriction|deontic:permission|threshold,3,,,,,,
SEIU_119_0325,SEIU_1199_Ohio_2022,61,"Said denial shall not prevent the submission of a new application, subject to the above same requirements.",HARD,deontic:prohibition|deontic:obligation|exception,3,,,,,,
SEIU_119_1170,SEIU_1199_Ohio_2022,211,Hours of Work and Overtime Article 24 (Hours of Work and Overtime) shall be followed except for the following modification: 14.,HARD,deontic:obligation|exception,3,,,,,,
SEIU_119_0455,SEIU_1199_Ohio_2022,83,"(8) hours in between shifts, unless there are extenuating circumstances. 24.04 Overtime and Compensatory Time Overtime work shall be compensated as follows: A.",HARD,deontic:obligation|exception,3,,,,,,
SEIU_119_0270,SEIU_1199_Ohio_2022,52,Sick leave used for these supplements shall be paid at a rate of 100% notwithstanding the schedule previously specified. 13.05 Notification for Use of Sick Leave and Notification for Extended Sick Leave A.,HARD,deontic:obligation|exception,3,,,,,,
SEIU_119_0871,SEIU_1199_Ohio_2022,142,"Notwithstanding any other provision of this Agreement, if these definitions lead to any reduction in pay, the previous application shall apply. 43.02 Schedule of Wage Increases Effective with the pay period which includes July 1, 129",HARD,deontic:obligation|exception,3,,,,,,
SEIU_119_0104,SEIU_1199_Ohio_2022,29,No mediator/arbitrator shall hear a case at both mediation and arbitration unless mutually agreed otherwise.,HARD,deontic:obligation|exception,3,,,,,,
SEIU_119_1166,SEIU_1199_Ohio_2022,211,This one commute trip shall be considered paid work time (less 20 minutes each way) and mileage shall be reimbursed consistent with this MOU.,HARD,deontic:obligation|threshold,3,,,,,,
SEIU_119_0095,SEIU_1199_Ohio_2022,28,Any grievances resolved at Step 2 shall not be precedent setting at other institutions or agencies unless otherwise specifically agreed to in the settlement.,HARD,deontic:prohibition|deontic:obligation|exception,3,,,,,,
SEIU_119_0322,SEIU_1199_Ohio_2022,61,The matter shall then be subject to the constraints of Article 8 of the Collective Bargaining Agreement.,HARD,deontic:obligation|exception,3,,,,,,
SEIU_119_0636,SEIU_1199_Ohio_2022,108,"Only by agreement between the appropriate parties can the regular hours of employees be reduced. 29.06 Placement Notwithstanding any other provisions of Article 30, the Union and the Agency or Agencies may agree, in writing, to place an employee to be laid off in an existing vacancy which may not be otherwise available.",SOFT,deontic:restriction|deontic:permission|exception,3,,,,,,
SEIU_119_0576,SEIU_1199_Ohio_2022,99,"In the event of a layoff or in order to avoid a layoff, appointments of this type may be terminated prior to the end of the appointment period.",SOFT,deontic:permission|exception,3,,,,,,
SEIU_119_0867,SEIU_1199_Ohio_2022,141,"During initial orientation, a Union representative shall be allowed reasonable time to orient new bargaining unit employees to the Union. 42.02 Polygraph Tests No employee shall be required to take a polygraph, voice stress or psychological stress examination as a condition of retaining employment, nor shall an employee be subject to discipline for the refusal to take such a test. 42.03 Compensation for Damaged Personal Property If the clothing or other personal property normally worn by a member of the bargaining unit is damaged or destroyed as the result of actions arising out of the member’s performance of work, the Employer will make reasonable compensation to the member for the property, or repair the property, or clean the property.",HARD,deontic:obligation|deontic:prohibition|exception,3,,,,,,
SEIU_119_0464,SEIU_1199_Ohio_2022,84,"Compensatory time requests must be submitted in writing twenty-four (24) hours in advance of the anticipated time off, unless the need for time off is of an emergency nature. 24.05 Jury Duty Employees shall receive pay at regular rate for regularly scheduled working hours when they are required to serve as a juror in a United States or Ohio court.",HARD,deontic:obligation|deontic:obligation|deontic:obligation|exception,3,,,,,,
SEIU_119_0332,SEIU_1199_Ohio_2022,63,Any requests for additional allowances to a claim shall be approved by BWC prior to requesting payment of additional salary continuation subject to the four hundred and eighty (480) total hours limit.,HARD,deontic:obligation|exception,3,,,,,,
SEIU_119_0875,SEIU_1199_Ohio_2022,150,"43.03 Initial Hires Newly hired employees will move to the next step in their pay range after completion of one hundred and eighty (180) days, except for those employees in classifications who, as of May 31, 2015, receive a probationary step at three hundred and sixty-five (365) days will continue to move to the next step in their pay range after completion of three hundred and sixty-five (365) days.",SOFT,deontic:permission|exception,3,,,,,,
SEIU_119_0317,SEIU_1199_Ohio_2022,60,The Employer’s decision to disability separate an employee or to deny reinstatement from an involuntary disability separation shall not be grievable but shall be exclusively subject to appeal through the State Personnel Board of Review (SPBR).,HARD,deontic:prohibition|deontic:obligation|exception,3,,,,,,
SEIU_119_1092,SEIU_1199_Ohio_2022,198,Any last chance agreements entered into during the term of the last contract shall be subject to the above provision.,HARD,deontic:obligation|exception,3,,,,,,
SEIU_119_0260,SEIU_1199_Ohio_2022,51,Part-time employees shall receive 2.77 hours of sick leave for each eighty (80) hours of completed service.,HARD,deontic:obligation|threshold,3,,,,,,
SEIU_119_1178,SEIU_1199_Ohio_2022,212,"The parties shall schedule vacation for all employees in accordance with Section 10.03 of the collective bargaining agreement, except where modified in this section.",HARD,deontic:obligation|exception,3,,,,,,
SEIU_119_0662,SEIU_1199_Ohio_2022,112,Among those that are qualified the job shall be awarded to the applicant with the most state seniority unless a junior employee is significantly more qualified based on the listed criteria.,HARD,deontic:obligation|exception,3,,,,,,
SEIU_119_0509,SEIU_1199_Ohio_2022,89,"In the other Agencies, shifts shall not be rotated unless mutually agreed to by the parties. 24.15 Job Sharing The Employer and the Union recognize the value of job sharing in some situations.",HARD,deontic:prohibition|deontic:obligation|exception,3,,,,,,
SEIU_119_1091,SEIU_1199_Ohio_2022,198,"(5) years, except if any of the following situations led to the drug or alcohol testing, in which case the last chance agreement shall be of an unlimited duration: 1.",HARD,deontic:obligation|exception,3,,,,,,
SEIU_119_1271,SEIU_1199_Ohio_2022,230,form in advance.  It must be approved by a nursing supervisor designated at the RPH.  No trade may cause overtime for either employee unless specifically noted in advance and approved in advance.  The trading employees must work the entire shift for which the trade is intended.  Locally it must be decided how long in advance the request must be made.  The trade may only be with and among qualified bargaining unit members in the same Union.,HARD,deontic:obligation|deontic:permission|exception,3,,,,,,
SEIU_119_0342,SEIU_1199_Ohio_2022,65,"Upon request of the Employer, employees must participate in the transitional work program unless precluded from participation by their attending physician.",HARD,deontic:obligation|exception,3,,,,,,
SEIU_119_0093,SEIU_1199_Ohio_2022,28,"Once the grievance has been submitted at Step 2 of the grievance procedure, the grievance form may not be altered except by mutual written agreement of the parties.",SOFT,deontic:restriction|deontic:permission|exception,3,,,,,,
SEIU_119_1350,SEIU_1199_Ohio_2022,246,Employees may select to carry their own personal weapons provided that they meet the specifications outlined in DRC policy.,SOFT,deontic:permission|exception,3,,,,,,
SEIU_119_0880,SEIU_1199_Ohio_2022,151,"Work which is to be performed at the employee’s residence shall not be subject to call back pay, but shall be paid at the applicable regular or overtime rate for the time worked.",HARD,deontic:prohibition|deontic:obligation|exception,3,,,,,,
SEIU_119_1095,SEIU_1199_Ohio_2022,198,Safety Sensitive Positions Employees that are eligible to be assigned to work in these positions shall be subject to random testing as 185,HARD,deontic:obligation|exception,3,,,,,,
SEIU_119_1096,SEIU_1199_Ohio_2022,199,Employees in these classifications shall be subject to random testing as described above.,HARD,deontic:obligation|exception,3,,,,,,
SEIU_119_0448,SEIU_1199_Ohio_2022,81,"Agencies will file a report with the Office of Collective Bargaining once a year as specified in Section 43.11(C). 24.02 Rate of Overtime Pay Employees shall receive compensatory time or overtime pay for authorized work performed in excess of forty (40) hours per week, except for the following classifications: 65341 Physician 65343 Physician Specialist 65344 Psychiatric Physician 65371 Psychiatrist Compensatory time for physicians shall be addressed 68",HARD,deontic:obligation|exception,3,,,,,,
SEIU_119_1241,SEIU_1199_Ohio_2022,225,The entire bumping process shall be completed within the first 30 days of this ninety (90) day period.,HARD,deontic:obligation|threshold,3,,,,,,
SEIU_119_0318,SEIU_1199_Ohio_2022,60,"(2) where an investigation regarding the employee is actively underway, disability payments may be held in abeyance subject to the following procedure: The Agency shall promptly notify DAS that",HARD,deontic:obligation|deontic:permission|exception,3,,,,,,
SEIU_119_1316,SEIU_1199_Ohio_2022,240,"The canvass shall apply to all OhioMHAS classifications to canvass for Article 24.16 openings, except Psychiatrist, Physician Specialist, Advanced Practice Nurse, or Physician Assistants, who are subjected to be assigned based on the operational need of their respective hospital. 2.",HARD,deontic:obligation|exception,3,,,,,,
SEIU_119_0782,SEIU_1199_Ohio_2022,129,"intervening disciplinary actions during the thirty-six (36) month period for same or similar offenses, except that written reprimands issued after December 7, 2015, and all documents related thereto shall be removed after twentyfour (24) months if there are no intervening disciplinary actions during the twenty-four (24) month period for same or similar offenses.",HARD,deontic:obligation|exception,3,,,,,,
SEIU_119_0482,SEIU_1199_Ohio_2022,86,"If the rest period(s) and lunch are not combined, such rest periods shall be a time detached from the beginning and end of shifts, and although reasonably scheduled by the Agency, shall be taken near the midpoint of each half-shift unless mutually agreed otherwise.",HARD,deontic:obligation|exception,3,,,,,,
SEIU_119_0838,SEIU_1199_Ohio_2022,135,"An Arbitrator shall have no authority to award back pay for any period of time prior to the beginning of the fiscal year that begins after the grievance award. 39.03 Holding Classifications The parties agree to meet and discuss the review of holding classifications, except for the Community Development Analyst classification (Class Number 33331), within one hundred twenty (120) days of the effective date of this Agreement in order to minimize or eliminate the number of holding classifications.",HARD,deontic:obligation|exception,3,,,,,,
SEIU_119_0493,SEIU_1199_Ohio_2022,87,"Any employee currently working an alternative or flexible work schedule may continue to work the alternative or flexible work schedule, subject to the Employer’s right to change schedules; however, employees will not have their alternative or flexible work 74",SOFT,deontic:permission|exception,3,,,,,,
SEIU_119_0143,SEIU_1199_Ohio_2022,33,"Only disputes involving the interpretation, application or alleged violation of a provision of this Agreement shall be subject to arbitration.",HARD,deontic:obligation|exception,3,,,,,,
SEIU_119_1288,SEIU_1199_Ohio_2022,233,"Request to utilize compensatory time must be submitted twenty-four (24) hours in advance of the anticipated time off, unless an emergency exists.",HARD,deontic:obligation|exception,3,,,,,,
SEIU_119_0479,SEIU_1199_Ohio_2022,86,"At the request of the employee, the rest period(s) shall be scheduled with the meal period unless operational needs preclude combining rest period(s) and lunch.",HARD,deontic:obligation|exception,3,,,,,,
SEIU_119_1286,SEIU_1199_Ohio_2022,233,The maximum accrual of compensatory time shall be 240 hours and must be taken within 365 days of the compensatory time being earned.,HARD,deontic:obligation|deontic:obligation|threshold,3,,,,,,
SEIU_119_0853,SEIU_1199_Ohio_2022,137,The employee may terminate his/her Voluntary Cost Savings Agreement upon ten (10) working days’ notice in writing unless mutually agreed to otherwise.,SOFT,deontic:permission|exception,3,,,,,,
SEIU_119_1114,SEIU_1199_Ohio_2022,203,The Employer shall provide a statement of explanation to SEIU District/1199 regarding a potential furlough and which employees are expected to be subject to a furlough.,HARD,deontic:obligation|exception,3,,,,,,
SEIU_119_0590,SEIU_1199_Ohio_2022,101,Service credit shall be computed in years and days as is the past practice and shall be credited for all periods for which “seniority credits” are granted except for periods of unapproved unpaid leave.,HARD,deontic:obligation|exception,3,,,,,,
SEIU_119_0600,SEIU_1199_Ohio_2022,103,Resignation Any bargaining unit employee who voluntarily resigns from his/her position and subsequently is rehired within thirty (30) days shall suffer no loss of seniority credits. 28.02 Identical Hire Dates Except as provided in Section 28.04: A.,HARD,deontic:obligation|exception,3,,,,,,
SEIU_119_0597,SEIU_1199_Ohio_2022,103,"Non-Bargaining Unit Service Except for classifications subsequently accreted to a bargaining unit covered by this Agreement, time spent in a position(s) exempt from collective bargaining subsequent to June 12, 1986, by employees who were not covered by this Agreement on July 1, 1992, shall not be included in the determination of seniority credits but shall be counted for service credits.",HARD,deontic:prohibition|deontic:obligation|exception,3,,,,,,
SEIU_119_0162,SEIU_1199_Ohio_2022,35,"In disciplinary grievances adjudicated in this forum, there shall be no mediation unless mutually agreed.",HARD,deontic:obligation|exception,3,,,,,,
SEIU_119_0157,SEIU_1199_Ohio_2022,35,"Decisions issued pursuant to this procedure shall have precedence for individual progressivity purposes only, unless mutually agreed otherwise by the parties.",HARD,deontic:obligation|exception,3,,,,,,
SEIU_119_0595,SEIU_1199_Ohio_2022,102,"Effective December 7, 2015, if an employee returns to an 1199-covered classification within 365 days of leaving any 1199-covered classification, the employee shall carry over any previous seniority earned while in an 1199covered classification, regardless of when it was earned.",HARD,deontic:obligation|threshold,3,,,,,,
SEIU_119_0477,SEIU_1199_Ohio_2022,86,remain in a duty status with no scheduled meal period shall receive compensation for time worked at their regular rate except when the employee is in an overtime status at which time the employee will be compensated at his/her overtime rate. 24.08 Breaks A paid rest period of fifteen (15) minutes shall be granted to each employee for every four,HARD,deontic:obligation|exception,3,,,,,,
SEIU_119_0836,SEIU_1199_Ohio_2022,135,Pay adjustments pursuant to the classification review shall not be made effective before the beginning of the next fiscal year unless mutually agreed otherwise.,HARD,deontic:prohibition|deontic:obligation|exception,3,,,,,,
SEIU_119_1132,SEIU_1199_Ohio_2022,205,The employee shall be placed on a repayment plan allowing for repayment in an amount not to exceed fifty ($50.00) dollars a pay period unless the employee agrees to a greater amount.,HARD,deontic:obligation|exception,3,,,,,,
SEIU_119_0136,SEIU_1199_Ohio_2022,32,"Expenses All other fees and expenses of the arbitrator shall be shared equally by the parties, except as expressly provided in this Article. 19",HARD,deontic:obligation|exception,3,,,,,,
SEIU_119_0833,SEIU_1199_Ohio_2022,134,If it is found that the employee is serving in a class not subject to the classification review; the employee shall receive an adjustment effective the date the study was implemented.,HARD,deontic:obligation|exception,3,,,,,,
SEIU_119_1130,SEIU_1199_Ohio_2022,205,"During a furlough, employees shall not receive compensation from the Employer, except as provided by this Appendix. 2.",HARD,deontic:prohibition|deontic:obligation|exception,3,,,,,,
SEIU_119_0171,SEIU_1199_Ohio_2022,36,"In the event an employee refuses or fails to attend a mediation, a non-traditional arbitration or an arbitration, the Union must, except in extraordinary circumstances, proceed with the hearing or have the right to withdraw the grievance.",HARD,deontic:obligation|exception,3,,,,,,
SEIU_119_0172,SEIU_1199_Ohio_2022,36,"In the event of an emergency situation which precludes the grievant from attending a scheduled meeting or authorizing a delegate to appear in his/her behalf, the grievant shall notify the Agency as soon as possible and the meeting will be rescheduled.",HARD,deontic:obligation|exception,3,,,,,,
SEIU_119_1125,SEIU_1199_Ohio_2022,204,"At the expiration of the unpaid leave of absence, the employee may be immediately subject to furlough.",SOFT,deontic:permission|exception,3,,,,,,
SEIU_119_0306,SEIU_1199_Ohio_2022,58,ARTICLE 15 - DISABILITY LEAVE 15.01 Disability Program Eligibility and administration of disability benefits shall be pursuant to current Ohio Law and the Administrative Rules of the Department of Administrative Services except for the following modifications and clarifications: A.,HARD,deontic:obligation|exception,3,,,,,,
SEIU_119_1261,SEIU_1199_Ohio_2022,228,Such deductions may be unilaterally deducted notwithstanding the provisions of Article 8.,SOFT,deontic:permission|exception,3,,,,,,
SEIU_119_1123,SEIU_1199_Ohio_2022,204,"Any employee who does not return to work when notified, and is not on an approved, scheduled leave, may be subject to disciplinary action. 3.",SOFT,deontic:permission|exception,3,,,,,,
SEIU_119_0126,SEIU_1199_Ohio_2022,31,"If the parties are unable to mutually agree upon the selection of an arbitrator from the panel for a particular arbitration case, either party may request a labor arbitrator list through the Federal Mediation and Conciliation Service (FMCS); provided however, FMCS shall not be used for those cases that are required to go to non-traditional arbitration (NTA), discipline/discharge cases, working out of class cases under Article 38, and non-selection cases under Article 30, unless mutually agreed otherwise.",HARD,deontic:prohibition|deontic:obligation|deontic:obligation|deontic:permission|exception,3,,,,,,
SEIU_119_0947,SEIU_1199_Ohio_2022,160,"The performance evaluation appeal process is not grievable, except as outlined below: If an employee is denied a step increase because his/her overall performance is rated “unsatisfactory,” the employee may appeal such action directly to Step Two",SOFT,deontic:permission|exception,3,,,,,,
SEIU_119_0121,SEIU_1199_Ohio_2022,31,Each arbitrator/mediator shall serve for the duration of this Agreement unless the arbitrator/mediator’s services are terminated earlier by written notice from either party to the other.,HARD,deontic:obligation|exception,3,,,,,,
SEIU_119_0626,SEIU_1199_Ohio_2022,107,The Employer shall establish a list of similar classification series which employees may use for displacement purposes in the event of a layoff.,HARD,deontic:obligation|deontic:permission|exception,3,,,,,,
SEIU_119_0466,SEIU_1199_Ohio_2022,84,"Employees scheduled to work on the midnight shift shall not be required to report to work on nights preceding reporting for jury duty, but shall receive full jury duty pay, and shall not be required to report to work on the shift following reporting for jury duty, unless the employee reports to jury duty and is notified that his/her services will not be needed.",HARD,deontic:prohibition|deontic:obligation|exception,3,,,,,,
SEIU_119_0783,SEIU_1199_Ohio_2022,129,"(5) days may be extended by a period equal to employee leaves of fourteen (14) consecutive days or longer, except for approved periods of vacation leave.",SOFT,deontic:permission|exception,3,,,,,,
SEIU_119_1354,SEIU_1199_Ohio_2022,247,The canvass shall apply to Parole Officers and Senior Officers except those on probationary status at the time of the posting. 2.,HARD,deontic:obligation|exception,3,,,,,,
SEIU_119_0259,SEIU_1199_Ohio_2022,50,"D. “Immediate family” is defined as spouse, domestic partner, child, step-child, grandchild, parents, stepparents, mother-in-law, father-in-law, son-in-law, daughter-in-law, grandparents, great grandparents, brother, sister, step-siblings, brother-in-law, sister-inlaw, or legal guardian or other person who stands in the place of a parent. 13.02 Leave Accrual Employees in the bargaining units shall accrue sick leave credit according to the employee’s status as follows: All employees shall accrue sick leave at the rate of 2.77 hours for each eighty (80) hours in active pay status, 37",HARD,deontic:obligation|threshold,3,,,,,,
SEIU_119_0417,SEIU_1199_Ohio_2022,77,"ARTICLE 22 - MOVING EXPENSES Moving expenses shall be paid by the Agency when the employee is transferred or moved, except if such move or transfer is a result of the employee bidding on a job according to Article 30 Vacancies.",HARD,deontic:obligation|exception,3,,,,,,
SEIU_119_0520,SEIU_1199_Ohio_2022,91,The Agency shall not extend a temporary assignment beyond one hundred twenty (120) days unless the Employer has given prior approval and the temporary assignment is being utilized to fill a position which is vacant as a result of an approved leave.,HARD,deontic:prohibition|deontic:obligation|exception,3,,,,,,
SEIU_119_0246,SEIU_1199_Ohio_2022,48,Proration shall be based upon a formula of .0192 hours per hour of non-overtime paid.,HARD,deontic:obligation|threshold,3,,,,,,
SEIU_119_1063,SEIU_1199_Ohio_2022,194,"Random Testing Employees who have direct contact with inmates, youths, or parolees in the Department of Rehabilitation and Correction and Department of Youth Services or others who are under the supervision or jurisdiction of these agencies shall be subject to random drug testing.",HARD,deontic:obligation|exception,3,,,,,,
SEIU_119_0038,SEIU_1199_Ohio_2022,20,"Such deduction shall remain in effect until the Employer is properly notified in writing by the employee of any change. 3.05 Bulletin Boards The Agency shall provide a suitable space for the use of the Union at each facility for the purpose of posting bulletins, notices and other materials affecting the employees in the bargaining units except for those situations where the Agency does not lease or own office space.",HARD,deontic:obligation|exception,3,,,,,,
SEIU_119_1061,SEIU_1199_Ohio_2022,193,"Such written documentation must be presented to the employee and the department head, who shall maintain such report in the strictest confidence, except that a copy shall be released to any person designated by the affected employee. 2.",HARD,deontic:obligation|deontic:obligation|exception,3,,,,,,
SEIU_119_1398,SEIU_1199_Ohio_2022,255,"Overtime will be offered in the following situations:  Employee absences of less than fourteen (14) calendar days (unless the employee has applied for disability as listed above)  Coverage for employees on vacation regardless of duration Missed Overtime Opportunities In the event any SEIU/District 1199 employee is missed for an overtime opportunity, the remedy shall be that the employee who was missed shall be permitted to work the number of hours missed, at the date and shift of the employee’s choosing.",HARD,deontic:obligation|exception,3,,,,,,
SEIU_119_1364,SEIU_1199_Ohio_2022,248,Vacancies shall be filled within 6 weeks of 235,HARD,deontic:obligation|threshold,3,,,,,,
SEIU_119_0699,SEIU_1199_Ohio_2022,116,"Unless extended by the mutual agreement of all members of any such committee, each meeting of the committee shall be limited to a duration of four",HARD,deontic:obligation|exception,3,,,,,,
SEIU_119_0422,SEIU_1199_Ohio_2022,78,"Subject to the limitations of the fund, each employee shall be eligible for an amount not to exceed three thousand five hundred ($3,500) dollars.",HARD,deontic:obligation|exception,3,,,,,,
SEIU_119_0749,SEIU_1199_Ohio_2022,123,Any employee who regularly operates a VDT may obtain an annual eye examination paid by the Employer up to thirty-five dollars ($35) unless paid by insurance.,SOFT,deontic:permission|exception,3,,,,,,
SEIU_119_0030,SEIU_1199_Ohio_2022,19,"Employer as well as for the time spent en route to and from such negotiations, provided that no Union negotiating team member shall receive more than eight",HARD,deontic:obligation|exception,3,,,,,,
SEIU_119_0901,SEIU_1199_Ohio_2022,154,Such grievances shall not be subject to arbitration.,HARD,deontic:prohibition|deontic:obligation|exception,3,,,,,,
SEIU_119_0704,SEIU_1199_Ohio_2022,116,Such investigations shall be subject to review and comment by 103,HARD,deontic:obligation|exception,3,,,,,,
SEIU_119_1193,SEIU_1199_Ohio_2022,215,"In the instance that management utilizes Article 24.17 to conduct a temporary move, management shall notify the Union no later than ten (10) working days prior to the anticipated start of the new assignment, unless unforeseen circumstances otherwise prohibit such notification.",HARD,deontic:obligation|exception,3,,,,,,
SEIU_119_1021,SEIU_1199_Ohio_2022,187,The total hours of OIL shall not exceed 960 hours per OIL claim without exception.,HARD,deontic:prohibition|deontic:obligation|threshold,3,,,,,,
SEIU_119_0213,SEIU_1199_Ohio_2022,42,"The employee, at his or her option, may transfer leave balances except for compensatory time.",SOFT,deontic:permission|exception,3,,,,,,
SEIU_119_0224,SEIU_1199_Ohio_2022,44,Annual Rate of Accumulation Vacation Maximum 80 hours 320 hours 120 hours 480 hours 160 hours 640 hours 180 hours 720 hours 200 hours 800 hours 240 hours 960 hours 10.03 Scheduling Vacation leave shall be taken only at times mutually agreed to by the appointing authority and employee.,HARD,deontic:obligation|threshold,3,,,,,,
SEIU_119_1025,SEIU_1199_Ohio_2022,187,"If the employee’s OIL claim is denied, but the employee’s Workers’ Compensation claim is still pending, the employee may be eligible for salary continuation, not to exceed 480 hours.",SOFT,deontic:permission|threshold,3,,,,,,
SEIU_119_0738,SEIU_1199_Ohio_2022,121,"Non-security staff of the Department of Rehabilitation and Correction will not be required to collect urine samples or other medical samples for testing, unless a custodial officer is not available. 32.09 Rest Rooms The Employer shall maintain all rest room facilities in accordance with the applicable standards of the Ohio Basic Building Code.",HARD,deontic:obligation|exception,3,,,,,,
SEIU_119_1030,SEIU_1199_Ohio_2022,188,"Once an employee’s OIL application has been approved, the employee shall not be subject to the Agency’s daily call-off procedures or any other absentee requirements that are not included in this Appendix, unless the employee is participating in the Transitional Return to Work program.",HARD,deontic:prohibition|deontic:obligation|exception,3,,,,,,
SEIU_119_1042,SEIU_1199_Ohio_2022,190,"The employee may also be subject to disciplinary action, up to and including termination and criminal prosecution.",SOFT,deontic:permission|exception,3,,,,,,
SEIU_119_0011,SEIU_1199_Ohio_2022,16,"In the event of a dispute between the parties as to future inclusions or exclusions from the units resulting from the establishment of new or changed classifications or titles, either party to this Agreement may apply to the State Employment Relations Board for resolution of the dispute.",SOFT,deontic:permission|exception,3,,,,,,
SEIU_119_0230,SEIU_1199_Ohio_2022,45,"Employees separating from employment with less than twelve (12) months total service will not be paid for any accrued vacation. 10.06 Transfer of Vacation Leave An employee who transfers from one state Agency to another shall be credited with the unused balance of his/her vacation leave. 10.07 Death of an Employee In case of death of an employee, any unused vacation leave shall be paid in accordance with Section 2113.04 of the Ohio Revised Code in effect on the date of the ratification of this Agreement; or to his/her estate. 10.08 Leave Availability Newly accrued vacation leave is not available for use 32",HARD,deontic:obligation|exception,3,,,,,,
SEIU_119_0235,SEIU_1199_Ohio_2022,47,"Employees in classifications identified by the Employer as normally requiring overtime to cover an absence and who are scheduled to work and call off sick the scheduled day before, the day of, or the scheduled day after a holiday shall be charged sick leave and shall forfeit their right to holiday pay, unless there are documented, extenuating circumstances which prohibit the employee from reporting for duty.",HARD,deontic:obligation|exception,3,,,,,,
SEIU_119_0008,SEIU_1199_Ohio_2022,15,"Unless otherwise mutually agreed by the parties, those Memoranda of Understanding, amendments, Letters of Intent, or any other mutually agreed to provisions, shall expire and have no further force and effect upon the expiration of this Agreement, except those which have or do confer an economic benefit. 1.03 Total Agreement This Agreement represents the entire agreement between the Employer and the Union and unless specifically and expressly set forth in the express written provisions of this Agreement, all rules, regulations, practices and benefits previously and presently in effect, may be modified or discontinued at the sole discretion of 2",HARD,deontic:obligation|deontic:permission|exception,3,,,,,,
SEIU_119_1427,SEIU_1199_Ohio_2022,262,"the clinician may depart the institution upon receiving permission from the Psychology Supervisor or his or her designee. 5) A clinician may not work more than the 2.67 hours (i.e., 4 hours of straight-time pay) without the prior approval of his or her supervisor.",SOFT,deontic:restriction|deontic:permission|threshold,3,,,,,,
SEIU_119_1428,SEIU_1199_Ohio_2022,262,"If the clinician has not completed all required tasks for the day at the expiration of the 2.67 hours, the clinician shall contact the supervisor, notify the supervisor of such, and receive direction from the supervisor, which may include, at the discretion of the supervisor, an order to stay longer to complete the required work. 6) Behavioral Health Services clinicians shall be canvassed by order of seniority for holiday coverage as a first attempt to fill these spots.",HARD,deontic:obligation|deontic:permission|threshold,3,,,,,,
SEIU_119_0403,SEIU_1199_Ohio_2022,74,"In the event of unforeseen circumstances which dictate operational need, the Employer may require employees to stay overnight. 21.05 Travel Reimbursement Employees who travel are required to submit their request for reimbursement within sixty (60) days of the last date of travel.",HARD,deontic:obligation|deontic:permission|exception,3,,,,,,
SEIU_119_0398,SEIU_1199_Ohio_2022,73,"The Agency may require receipts or other proof of expenditures before providing reimbursement, except for meals and incidentals.",SOFT,deontic:permission|exception,3,,,,,,
SEIU_119_1431,SEIU_1199_Ohio_2022,263,"If the employee is required to report to work, he or she will arrive at 12:00 p.m., unless another mutually agreed to time is established with the clinician’s supervisor. 250",HARD,deontic:obligation|exception,3,,,,,,
SEIU_119_1067,SEIU_1199_Ohio_2022,195,DR&C employees shall be maintained on a Statewide basis that includes all employees in the Agency who are subject to random testing.,HARD,deontic:obligation|exception,3,,,,,,
SEIU_119_1399,SEIU_1199_Ohio_2022,255,"Unless mutually agreed otherwise, the employee must work the missed overtime opportunity within forty-five (45) days of the confirmation of the missed opportunity.",HARD,deontic:obligation|exception,3,,,,,,
SEIU_119_0849,SEIU_1199_Ohio_2022,137,All employees (except project employees) who have completed their initial probationary period shall be eligible to participate in this program.,HARD,deontic:obligation|exception,3,,,,,,
SEIU_119_0439,SEIU_1199_Ohio_2022,80,"The maximum time off under this arrangement may not exceed one tenth (1/10) of the employee’s normally scheduled hours per week, unless otherwise agreed to by the Agency.",SOFT,deontic:restriction|deontic:permission|exception,3,,,,,,
SEIU_119_0060,SEIU_1199_Ohio_2022,24,"ARTICLE 6 - NON-DISCRIMINATION 6.01 Non-Discrimination Neither the Employer nor the Union shall unlawfully discriminate against any employee of the bargaining units on the basis of race, sex, creed, color, religion, age, national origin, political affiliation, Union affiliation and activity, handicap or sexual orientation, or discriminate in the application or interpretation of the provisions of this Agreement, except those positions which are necessarily exempted by bona fide occupational qualifications due to the uniqueness of the job, and in compliance with the existing laws of the United States or the State of Ohio.",HARD,deontic:obligation|exception,3,,,,,,
SEIU_119_0930,SEIU_1199_Ohio_2022,158,"Use The Employer may use performance evaluations pursuant to the Ohio Administrative Code Chapter 123:129, except as modified by this Article.",SOFT,deontic:permission|exception,3,,,,,,
SEIU_119_0356,SEIU_1199_Ohio_2022,67,"Every year the Employer shall conduct an open enrollment period, at which time employees shall be able to enroll in a health plan, continue enrollment in their current plan, switch to another plan, subject to plan availability in their area, or waive coverage.",HARD,deontic:obligation|exception,3,,,,,,
SEIU_119_1077,SEIU_1199_Ohio_2022,196,"Subject to the reasonable requirements of the laboratory, the Union shall have the right, upon reasonable request made to the laboratory, to inspect and observe any aspect of the drug testing program, with the exception of individual test results.",HARD,deontic:obligation|exception,3,,,,,,
SEIU_119_1373,SEIU_1199_Ohio_2022,250,Termination for Clinical Performance Violations shall not be subject to provisions of Article 8 nor shall be grievable under Article 7 of the collective bargaining agreement between SEIU/1199 and the State of Ohio. 6.,HARD,deontic:prohibition|deontic:obligation|exception,3,,,,,,
SEIU_119_0203,SEIU_1199_Ohio_2022,40,"If an employee is returned to a position in the classification title held prior to the promotion, the employee shall receive the same salary received prior to the promotion except for changes in pay rate that may have occurred or any step increase to which the employee would have been entitled in the lower classification title.",HARD,deontic:obligation|deontic:permission|exception,3,,,,,,
SEIU_119_0775,SEIU_1199_Ohio_2022,127,"ARTICLE 36 - PERSONNEL FILES 36.01 Access Each employee shall, upon written request to his/her appointing authority or designee, have the right to inspect the contents of his/her personnel file, at his/her work site or an alternate designated work site, during normal business hours, Monday through Friday (except holidays). 114",HARD,deontic:obligation|exception,3,,,,,,
SEIU_119_1184,SEIU_1199_Ohio_2022,213,Annual Vacation Available Time for Accrual Rate Vacation Canvas 240 hours 160 hours 120 to 200 hours 120 hours 80 hours 80 hours New Hires (during probationary 40 hours period) Employees may request a minimum of one,SOFT,deontic:permission|threshold,3,,,,,,
SEIU_119_0766,SEIU_1199_Ohio_2022,126,Essential employees shall be advised that they should expect to work during weather emergencies unless otherwise advised.,HARD,deontic:obligation|deontic:preference|exception,3,,,,,,
SEIU_119_0682,SEIU_1199_Ohio_2022,114,"An employee shall be permitted to bid on a job vacancy while receiving Workers’ Compensation, OIL, Salary Continuation, or Disability leave benefits, but shall not be eligible to fill the vacancy unless the employee is available to participate in the selection process and available to assume the position on the designated start date.",HARD,deontic:prohibition|deontic:obligation|exception,3,,,,,,
SEIU_119_1084,SEIU_1199_Ohio_2022,197,All sample collection shall be conducted off-site by professional non-state personnel subject to the requirements of the testing lab unless the parties on a facility-by-facility basis mutually agree to an alternative sample collection process.,HARD,deontic:obligation|exception,3,,,,,,
SEIU_119_1073,SEIU_1199_Ohio_2022,195,"Any employee who tests at or above .02% and below .04% shall be immediately removed from duty until the start of the employee’s next scheduled shift or for 24 hours, whichever is greater.",HARD,deontic:obligation|threshold,3,,,,,,
SEIU_119_0440,SEIU_1199_Ohio_2022,80,"Any time beyond this amount shall be without pay, unless specifically approved by the Agency.",HARD,deontic:obligation|exception,3,,,,,,
SEIU_119_1186,SEIU_1199_Ohio_2022,213,"By way of example, an employee accruing 240 vacation hours per year may request up to 160 hours of vacation time in four",SOFT,deontic:permission|threshold,3,,,,,,
SEIU_119_0779,SEIU_1199_Ohio_2022,128,"The employee’s personnel file shall not be made available to any organization or person other than the Employer, or its agents, without the employee’s express written authorization unless pursuant to court order, subpoena, or written request made pursuant to the Ohio Public Records Act. 36.02 Review of Documents An employee who wishes to dispute the accuracy, relevance, timeliness, or completeness of materials contained in his/her personnel file shall have the right to submit a memorandum to the appointing authority or designee explaining the alleged inaccuracy.",HARD,deontic:prohibition|deontic:obligation|exception,3,,,,,,
SEIU_119_1071,SEIU_1199_Ohio_2022,195,Any employee included on the list who is subject to a random test shall be tested within seven,HARD,deontic:obligation|exception,3,,,,,,
SEIU_119_0917,SEIU_1199_Ohio_2022,156,Employment-related child care expenses must have been for those children defined pursuant to IRS Section 129 at the time the expenses were incurred.,HARD,deontic:obligation,2,,,,,,
SEIU_119_0919,SEIU_1199_Ohio_2022,156,"Employees, and spouses when joint income is used, may be required to authorize the Employer to obtain verification of tax information through State and/or Federal Tax authorities.",SOFT,deontic:permission,2,,,,,,
SEIU_119_0918,SEIU_1199_Ohio_2022,156,"Verification No later than April 15, employees must submit a copy of their Form 1040 and a copy of their receipt(s) for child care expenses for the previous calendar year to be eligible for reimbursement.",HARD,deontic:obligation,2,,,,,,
SEIU_119_0934,SEIU_1199_Ohio_2022,159,All non-probationary employees shall be given an employee performance evaluation annually on a schedule selected by the Agency.,HARD,deontic:obligation,2,,,,,,
SEIU_119_0952,SEIU_1199_Ohio_2022,161,"When an Agency judges a physician’s work to be outstanding, the Agency may offer movement to the next salary level after one",SOFT,deontic:permission,2,,,,,,
SEIU_119_0916,SEIU_1199_Ohio_2022,156,"The employee’s adjusted gross family income for the calendar year for which they seek child care expenses reimbursement shall not exceed $35,000. 4.",HARD,deontic:prohibition|deontic:obligation,2,,,,,,
SEIU_119_0933,SEIU_1199_Ohio_2022,159,"If an Agency chooses to use a performance evaluation instrument different than that utilized by the Department of Administrative Services, it shall consult with the Union prior to implementing the new instrument.",HARD,deontic:obligation,2,,,,,,
SEIU_119_0935,SEIU_1199_Ohio_2022,159,The performance evaluation shall include a summary conclusion section for the supervisor to rate the employee’s overall performance as either “satisfactory” or “unsatisfactory.” Merit based incentive programs may include programs to award employees for certifications and licenses that are not required by the employee’s position description or classification specification that results in a measurable economic/operational benefit to the Employer.,HARD,deontic:obligation|deontic:permission,2,,,,,,
SEIU_119_0950,SEIU_1199_Ohio_2022,160,"Should the appeal be successful, the step increase shall be retroactive to the date on which it was due. 43.19 Reserved for Future Use 43.20 Alternative Compensation Pilot The parties agree to pilot the use of alternative 147",HARD,deontic:obligation|deontic:preference,2,,,,,,
SEIU_119_0951,SEIU_1199_Ohio_2022,161,Part-time physicians shall have their salary levels prorated.,HARD,deontic:obligation,2,,,,,,
SEIU_119_0953,SEIU_1199_Ohio_2022,161,The Performance Evaluation must be “exemplary” service; 2.,HARD,deontic:obligation,2,,,,,,
SEIU_119_0949,SEIU_1199_Ohio_2022,160,No further appeal may be taken.,SOFT,deontic:permission,2,,,,,,
SEIU_119_0920,SEIU_1199_Ohio_2022,156,"Reimbursement Schedule Maximum reimbursement shall be as follows: 1. $500.00 for one eligible child; 2. $800.00 for two eligible children; 3. $100.00 for each eligible child thereafter to a maximum family allotment of $1,000.00. 143",HARD,deontic:obligation,2,,,,,,
SEIU_119_0926,SEIU_1199_Ohio_2022,158,"Under those circumstances, a special check in the amount of the error shall be issued by the Payroll Section of the Human Resources Division of the Department of Administrative Services, prior to the close of business on the following business day.",HARD,deontic:obligation,2,,,,,,
SEIU_119_0932,SEIU_1199_Ohio_2022,159,"use the performance evaluation form developed July 1, 2001, which may be revised periodically after consultation with the Union.",SOFT,deontic:permission,2,,,,,,
SEIU_119_0931,SEIU_1199_Ohio_2022,158,All Agencies shall 145,HARD,deontic:obligation,2,,,,,,
SEIU_119_0925,SEIU_1199_Ohio_2022,158,"Agreement the Employer and the Union will meet to discuss development of appropriate methods to communicate these programs to employees. 43.16 Pay Shortages In the event an employee, through no fault of his/her own, fails to receive his/her full pay that is due him/her on a regularly scheduled payday, the employee shall be entitled to receive a special check for the amount mistakenly withheld from the employee’s paycheck, under the following circumstances: A.",HARD,deontic:obligation,2,,,,,,
SEIU_119_0940,SEIU_1199_Ohio_2022,159,Appeal An employee may appeal his/her performance 146,SOFT,deontic:permission,2,,,,,,
SEIU_119_0927,SEIU_1199_Ohio_2022,158,"The special check, at the employee’s option, may be picked up by the employee at the Payroll Section office in Columbus, or it may be sent by U.S.",SOFT,deontic:permission,2,,,,,,
SEIU_119_0924,SEIU_1199_Ohio_2022,157,It assists in paying the expenses of caring for a dependent child or adult for whom care must be provided in order for the employee to work; 3.,HARD,deontic:obligation,2,,,,,,
SEIU_119_0939,SEIU_1199_Ohio_2022,159,A statement of the employee’s objection to an evaluation or comment may be attached wherever the evaluation is maintained.,SOFT,deontic:permission,2,,,,,,
SEIU_119_0928,SEIU_1199_Ohio_2022,158,Mail to the employee at his/her work place. 43.17 Electronic Funds Transfer All employees shall receive their pay via direct deposit.,HARD,deontic:obligation,2,,,,,,
SEIU_119_0942,SEIU_1199_Ohio_2022,160,"If the employee is still not satisfied with the response, the employee may appeal his/her performance evaluation to the Agency designee (e.g., Human Resources, Labor Relations).",SOFT,deontic:permission,2,,,,,,
SEIU_119_0943,SEIU_1199_Ohio_2022,160,"This level of appeal shall not be available to any employee who has received a rating of “Meets” or “Above,” in all categories.",HARD,deontic:prohibition|deontic:obligation,2,,,,,,
SEIU_119_0944,SEIU_1199_Ohio_2022,160,The appeal shall contain a reason and/or documents to identify why the performance evaluation is not accurate.,HARD,deontic:obligation,2,,,,,,
SEIU_119_0945,SEIU_1199_Ohio_2022,160,Any documents used by the Employer in evaluating an employee’s performance shall be furnished by the Employer to the employee upon request.,HARD,deontic:obligation,2,,,,,,
SEIU_119_0946,SEIU_1199_Ohio_2022,160,The Agency designee may hold a conference or do a paper review of the performance evaluation.,SOFT,deontic:permission,2,,,,,,
SEIU_119_0929,SEIU_1199_Ohio_2022,158,Employees shall authorize the direct deposit of the employee’s compensation into a financial institution of the employee’s choice or execute the required documentation to authorize the direct deposit into a financial institution designated by the Board of Deposits for the benefit of the employee. 43.18 Performance Evaluation A.,HARD,deontic:obligation,2,,,,,,
SEIU_119_0938,SEIU_1199_Ohio_2022,159,"Employees shall receive and sign a copy of their evaluation forms after all comments, remarks and changes have been noted.",HARD,deontic:obligation,2,,,,,,
SEIU_119_0937,SEIU_1199_Ohio_2022,159,"Numerical quotas or production standards, when used, shall be reasonable and not arbitrary or capricious.",HARD,deontic:obligation,2,,,,,,
SEIU_119_0936,SEIU_1199_Ohio_2022,159,Limits Measures of employee performance obtained through production and/or numerical quotas shall be a criterion applied in evaluating performance.,HARD,deontic:obligation,2,,,,,,
SEIU_119_0923,SEIU_1199_Ohio_2022,157,The program shall include the following characteristics: 1.,HARD,deontic:obligation,2,,,,,,
SEIU_119_0948,SEIU_1199_Ohio_2022,160,"If the grievance is not resolved, the employee may appeal to the Office of Collective Bargaining.",SOFT,deontic:permission,2,,,,,,
SEIU_119_0941,SEIU_1199_Ohio_2022,160,A conference shall be scheduled within seven,HARD,deontic:obligation,2,,,,,,
SEIU_119_0921,SEIU_1199_Ohio_2022,157,"Proration Proration of child care expenses reimbursement based on calendar year adjusted gross family income shall be as follows: For calendar year 1997 and thereafter: Adjusted One Two Three or Family Gross Child Children more/each Maximum Family Child Income Less than $500 $800 $100 $1000 $25,000 $25,001 to 375 600 75 750 $30,000 $30,001 to 250 400 50 500 $35,000 E.",HARD,deontic:obligation,2,,,,,,
SEIU_119_0922,SEIU_1199_Ohio_2022,157,Money in this account may be utilized to help pay the expenses of caring for dependent children or adults.,SOFT,deontic:permission,2,,,,,,
SEIU_119_0976,SEIU_1199_Ohio_2022,165,The maximum accrual of compensatory time hours shall not exceed sixty (60) hours.,HARD,deontic:prohibition|deontic:obligation,2,,,,,,
SEIU_119_0954,SEIU_1199_Ohio_2022,161,Must be approved by the Director of the Agency; and 3.,HARD,deontic:obligation,2,,,,,,
SEIU_119_0955,SEIU_1199_Ohio_2022,161,Initial hires with Board eligibility shall start at Level one (1).,HARD,deontic:obligation,2,,,,,,
SEIU_119_1012,SEIU_1199_Ohio_2022,185,"If the employee is medically unable to complete the application, he/she may have someone acting on his/her behalf complete the employee section of the application for him/her; 4.",SOFT,deontic:permission,2,,,,,,
SEIU_119_1011,SEIU_1199_Ohio_2022,185,This location shall be posted prominently for all shifts; 3.,HARD,deontic:obligation,2,,,,,,
SEIU_119_1010,SEIU_1199_Ohio_2022,185,The injured worker shall: 1.,HARD,deontic:obligation,2,,,,,,
SEIU_119_1009,SEIU_1199_Ohio_2022,185,"Eligibility for Occupational Injury Leave (OIL) A permanent employee of the Department of Mental Health and Addiction Services, the Department of Developmental Disabilities, the Department of Veterans Services, and Schools for the Deaf and Blind, Department of Rehabilitation and Correction, and the Department of Youth Services who sustains an allowed physical condition inflicted by a ward in the above agencies in the course of, and arising out of, the injured employee’s employment shall be eligible request occupational injury leave (OIL) benefits in addition to his/her claim for workers’ compensation.",HARD,deontic:obligation,2,,,,,,
SEIU_119_1008,SEIU_1199_Ohio_2022,184,"Thereafter, if additional treatment is required, the employee must consult an Approved Physician within a reasonable period of time. d.",HARD,deontic:obligation,2,,,,,,
SEIU_119_1007,SEIU_1199_Ohio_2022,184,"If the employee’s injury is of a nature which requires an emergency room visit, the employee may be initially diagnosed and evaluated by the Emergency Room doctor.",SOFT,deontic:permission,2,,,,,,
SEIU_119_1006,SEIU_1199_Ohio_2022,184,"If the employee is unable to schedule an appointment for an initial diagnosis with an Approved Physician within forty-eight (48) hours of the injury, the employee must notify the Agency Workers’ Compensation representative immediately.",HARD,deontic:obligation,2,,,,,,
SEIU_119_1005,SEIU_1199_Ohio_2022,184,(7) calendar days of the original “Date of Injury.” The employee shall continue to be treated by an “Approved Physician” until the employee is approved to return to work or the employee’s OIL benefits are exhausted.,HARD,deontic:obligation,2,,,,,,
SEIU_119_1004,SEIU_1199_Ohio_2022,179,"South: Appalachian Behavioral Healthcare, Central Office (O.S.S.), Summit Behavioral Healthcare, Twin Valley Behavioral Healthcare *Employees within child care programs may displace into positions within their jurisdictions; however, employees not in child care programs in the jurisdiction cannot displace or recall into a child care program.",SOFT,deontic:permission,2,,,,,,
SEIU_119_1003,SEIU_1199_Ohio_2022,179,All district offices shall be considered to be in the layoff jurisdiction referenced above in which the district office is located.,HARD,deontic:obligation,2,,,,,,
SEIU_119_1001,SEIU_1199_Ohio_2022,175,"classification number change to a classification covered by this Agreement with no substantial changes in duties, the new classification shall automatically become a part of this Agreement.",HARD,deontic:obligation,2,,,,,,
SEIU_119_1000,SEIU_1199_Ohio_2022,168,Such policy shall not be arbitrary or capricious and shall not conflict with the provisions of this contract.,HARD,deontic:prohibition|deontic:obligation,2,,,,,,
SEIU_119_0999,SEIU_1199_Ohio_2022,168,"Thereafter, the list shall be provided to the Union representative designated by the president, two",HARD,deontic:obligation,2,,,,,,
SEIU_119_0998,SEIU_1199_Ohio_2022,168,A listing of PCNs and the names of employees shall be provided to the Union one,HARD,deontic:obligation,2,,,,,,
SEIU_119_0996,SEIU_1199_Ohio_2022,168,The Employer may randomly test employees working in classifications outlined in Appendix D that are considered to be safety sensitive positions.,SOFT,deontic:permission,2,,,,,,
SEIU_119_1013,SEIU_1199_Ohio_2022,186,"(TTD), the employee must conclusively establish that an allowed physical condition was “inflicted by” a ward in the course of, and arising out of, the injured employee’s employment.",HARD,deontic:obligation,2,,,,,,
SEIU_119_1014,SEIU_1199_Ohio_2022,186,The burden of proving the truth of the facts as alleged as well as proof of timely medical treatment shall be on the employee and shall further include any other elements of proof necessary for the allowance of this claim.,HARD,deontic:obligation,2,,,,,,
SEIU_119_1015,SEIU_1199_Ohio_2022,186,"If the injury is found to be accidental in nature, or to have arisen from the misbehavior or negligence on the part of the employee, the OIL benefits shall not be awarded and any benefits received must be repaid in accordance with Appendix C, Section IV.",HARD,deontic:prohibition|deontic:obligation|deontic:obligation,2,,,,,,
SEIU_119_1027,SEIU_1199_Ohio_2022,187,"If the employee’s OIL claim is denied or if the employee is disqualified from receiving OIL benefits, the employee must, after all administrative appeals have been exhausted, either substitute sick, vacation, or personal leave, or reimburse the Employer any OIL benefits received during the period of time from the date of injury until the final administrative determination.",HARD,deontic:obligation,2,,,,,,
SEIU_119_1034,SEIU_1199_Ohio_2022,188,"In the event a non-OIL issue(s) is also alleged in the grievance, said issue shall be separated from the appeal and processed pursuant to Article 7.",HARD,deontic:obligation,2,,,,,,
SEIU_119_1033,SEIU_1199_Ohio_2022,188,"In the event an Article 7 grievance is filed concerning an OIL issue, the grievance shall be forwarded to DAS benefits to process as an appeal.",HARD,deontic:obligation,2,,,,,,
SEIU_119_1032,SEIU_1199_Ohio_2022,188,The employee shall not have rights under the Article 7 grievance procedure.,HARD,deontic:prohibition|deontic:obligation,2,,,,,,
SEIU_119_1031,SEIU_1199_Ohio_2022,188,"Appeal of the Denial of an OIL Claim If an employee’s request for OIL benefits is completely denied, the employee may appeal the denial through the process detailed below.",SOFT,deontic:permission,2,,,,,,
SEIU_119_1029,SEIU_1199_Ohio_2022,187,Pay under OIL shall not be charged to the employee’s accumulation of sick leave.,HARD,deontic:prohibition|deontic:obligation,2,,,,,,
SEIU_119_1028,SEIU_1199_Ohio_2022,187,An employee receiving OIL benefits shall accrue sick leave and personal leave but shall not accrue vacation leave.,HARD,deontic:prohibition|deontic:obligation,2,,,,,,
SEIU_119_1024,SEIU_1199_Ohio_2022,187,Clarification of the diagnosis from the Approved Physician or a request for extension of benefits from the Approved Physician shall not be considered an additional allowance.,HARD,deontic:prohibition|deontic:obligation,2,,,,,,
SEIU_119_1016,SEIU_1199_Ohio_2022,186,"(5) business days of receipt of the request for OIL benefits, the Employer shall notify the DAS designee if the Employer",HARD,deontic:obligation,2,,,,,,
SEIU_119_1023,SEIU_1199_Ohio_2022,187,Any requests for additional allowances to a claim shall be approved by the BWC/IC prior to processing an extension of OIL benefits.,HARD,deontic:obligation,2,,,,,,
SEIU_119_1022,SEIU_1199_Ohio_2022,187,OIL shall be paid in lieu of workers’ compensation TTD benefits.,HARD,deontic:obligation,2,,,,,,
SEIU_119_1020,SEIU_1199_Ohio_2022,186,The employee shall submit medical documentation from an approved physician supporting the extent of disability.,HARD,deontic:obligation,2,,,,,,
SEIU_119_1019,SEIU_1199_Ohio_2022,186,Administration of OIL Benefits An employee receiving OIL benefits shall be eligible for his/her total rate of pay during the period of time that there is medical evidence establishing that the employee is totally disabled as the result of the work injury.,HARD,deontic:obligation,2,,,,,,
SEIU_119_1018,SEIU_1199_Ohio_2022,186,Allowance or denial of OIL claims must be documented in writing and provided to the employee.,HARD,deontic:obligation,2,,,,,,
SEIU_119_1017,SEIU_1199_Ohio_2022,186,The Employer shall make a good faith effort to complete any investigation of an OIL benefits request within twenty (20) calendar days and notify the DAS designee of their findings.,HARD,deontic:obligation,2,,,,,,
SEIU_119_0995,SEIU_1199_Ohio_2022,167,"ARTICLE 49 - DRUG TESTING The Employer may randomly test, for drugs and alcohol, employees working in the Departments of Rehabilitation and Correction and Youth Services who have direct contact with inmates, youths, or offenders from 154",SOFT,deontic:permission,2,,,,,,
SEIU_119_0994,SEIU_1199_Ohio_2022,167,Printing costs shall be shared equally by the Employer and the Union.,HARD,deontic:obligation,2,,,,,,
SEIU_119_0993,SEIU_1199_Ohio_2022,167,Additional copies shall be reproduced for employees hired during the term of the Agreement.,HARD,deontic:obligation,2,,,,,,
SEIU_119_0963,SEIU_1199_Ohio_2022,163,Department of Rehabilitation and Correction Prison supplement - any psychiatrist working in a DR&C prison may receive a supplement of ten ($10.00) dollars per hour worked.,SOFT,deontic:permission,2,,,,,,
SEIU_119_0970,SEIU_1199_Ohio_2022,164,"If they wish to no longer work the on duty assignment, or reduce the number of hours they want to work, the physician must notify the Employer forty-five (45) days prior to the end of the four-month period to enable the Employer to find a suitable replacement.",HARD,deontic:obligation,2,,,,,,
SEIU_119_0969,SEIU_1199_Ohio_2022,164,"If a physician volunteers for such on-duty work assignments, they must work for the entire four",HARD,deontic:obligation,2,,,,,,
SEIU_119_0968,SEIU_1199_Ohio_2022,164,Physicians may volunteer for the on-duty assignments and will be canvassed for their interest in the on duty work every four,SOFT,deontic:permission,2,,,,,,
SEIU_119_0967,SEIU_1199_Ohio_2022,164,"8 $174,725 $179,967 $185,366 Physicians/psychiatric physicians shall be paid in accordance with the following P3 schedule: P3 - Physicians/Psychiatric Physicians Annual Salary As of As of As of Levels 7/1/2021 7/1/2022 7/1/2023 1 $111,901 $115,258 $118,716 2 $117,516 $121,041 $124,672 3 $123,419 $127,122 $130,936 4 $129,580 $133,467 $137,471 5 $136,057 $140,139 $144,343 6 $142,876 $147,162 $151,577 7 $150,018 $154,519 $159,155 8 $170,256 $175,364 $180,625 44.03 On Duty Where the Agency continues on duty coverage, the Agency will offer on duty coverage to bargaining unit physicians.",HARD,deontic:obligation,2,,,,,,
SEIU_119_0966,SEIU_1199_Ohio_2022,163,"Physician Specialists shall be paid in accordance with the following P2 schedule: P2 - Physician Specialists Annual Salary As of As of As of Levels 07/1/2021 7/1/2022 7/1/2023 1 $125,375 $129,136 $133,010 2 $131,624 $135,573 $139,640 3 $138,216 $142,362 $146,633 4 $145,124 $149,478 $153,962 5 $152,409 $156,981 $161,690 6 $160,035 $164,836 $169,781 7 $168,013 $173,053 $178,245 150",HARD,deontic:obligation,2,,,,,,
SEIU_119_0965,SEIU_1199_Ohio_2022,163,"Benefit Trade-off supplement - any psychiatrist that declines the health insurance benefit, may choose to take the equivalent of what the Employer’s contribution would be, in the form of wages.",SOFT,deontic:permission,2,,,,,,
SEIU_119_0962,SEIU_1199_Ohio_2022,163,"Addiction Services, any physician in the P2 or P3 salary table, that is willing to work in designated locations as defined by the Employer yearly, shall receive a supplement ranging up to fifteen (15%) percent. 3.",HARD,deontic:obligation,2,,,,,,
SEIU_119_0974,SEIU_1199_Ohio_2022,165,All physicians may elect to accrue compensatory time in lieu of payment for hours worked on duty.,SOFT,deontic:permission,2,,,,,,
SEIU_119_0961,SEIU_1199_Ohio_2022,162,Any board certified or board eligible psychiatrist affiliated with a medical school and designated by the school and the Ohio Department of Mental Health and Addiction Services to supervise residents shall receive a three percent (3%) supplement for the time period engaged in such supervision. 2.,HARD,deontic:obligation,2,,,,,,
SEIU_119_0960,SEIU_1199_Ohio_2022,162,"Psychiatrists shall be paid in accordance with the following P1 schedule: P1 - Psychiatrists Annual Salary As of As of As of Levels 7/1/2021 7/1/2022 7/1/2023 1 $165,422 170,385 175,497 2 $173,656 178,866 184,232 3 $182,378 187,849 193,484 4 $191,502 197,247 203,164 5 $199,169 205,144 211,298 1.",HARD,deontic:obligation,2,,,,,,
SEIU_119_0959,SEIU_1199_Ohio_2022,162,Such differential shall be paid only when the Employer assigns a physician to a patient or client and treatment needs as determined by the medical director require a physician who can converse in the patient’s or client’s native language or by hand sign-language. 44.02 Physicians’ Pay Tables The physicians’ pay schedules shall be as follows: P1 - Psychiatrists;,HARD,deontic:obligation,2,,,,,,
SEIU_119_0958,SEIU_1199_Ohio_2022,162,"However, physicians assigned to a patient or a client who speaks another language shall for the length of the assignment receive the bi-lingual pay differential provided in Section 43.09.",HARD,deontic:obligation,2,,,,,,
SEIU_119_0957,SEIU_1199_Ohio_2022,162,Physicians shall not be eligible for any supplements included in any other Article of this Agreement.,HARD,deontic:prohibition|deontic:obligation,2,,,,,,
SEIU_119_0956,SEIU_1199_Ohio_2022,161,Any limited License physician or psychiatrist who obtains a full license during the course of the agreement shall be granted a salary level change to the appropriate level on the pay period following presentation of proof that they now meet the qualifications for the level advancement. 148,HARD,deontic:obligation,2,,,,,,
SEIU_119_0972,SEIU_1199_Ohio_2022,165,"The on duty rate for non-psychiatric physicians, which are those physicians in the P2 and P3 pay scale, shall be fifty dollars ($50) per hour.",HARD,deontic:obligation,2,,,,,,
SEIU_119_0975,SEIU_1199_Ohio_2022,165,The conversion rate of on duty hours worked for compensatory time shall be two,HARD,deontic:obligation,2,,,,,,
SEIU_119_0992,SEIU_1199_Ohio_2022,167,ARTICLE 48 - COPIES OF THE AGREEMENT The Employer shall reproduce one,HARD,deontic:obligation,2,,,,,,
SEIU_119_0985,SEIU_1199_Ohio_2022,166,"Nothing herein is intended to restrict in any way the Union’s right and ability to represent any member or members alleged to have violated the prohibitions set forth in this Section. 45.02 Affirmative Duty In addition, the Union agrees that it will cooperate with the Employer in the continuation of its operations and services and shall discourage any violation of this Article.",HARD,deontic:obligation,2,,,,,,
SEIU_119_0991,SEIU_1199_Ohio_2022,167,"ARTICLE 47 - TERMINATION OF AGREEMENT 47.01 Duration This Agreement shall be effective on September 8, 2021 and shall terminate at 11:59 p.m. on April 30, 2024.",HARD,deontic:obligation,2,,,,,,
SEIU_119_0990,SEIU_1199_Ohio_2022,167,"Provided further that in the event any provision(s) is declared invalid, both parties shall meet within thirty (30) days for the purpose of renegotiating an agreement on provisions so invalidated.",HARD,deontic:obligation,2,,,,,,
SEIU_119_0989,SEIU_1199_Ohio_2022,167,"ARTICLE 46 - SAVINGS CLAUSE Should any provision contained herein be declared invalid by operation of law or by any tribunal of competent jurisdiction, such invalidation of such part or provision shall not invalidate the remaining portions hereof, and they shall remain in full force and effect.",HARD,deontic:prohibition|deontic:obligation|deontic:preference,2,,,,,,
SEIU_119_0988,SEIU_1199_Ohio_2022,167,Any such disciplinary action may be appealed pursuant to Article 8 herein contained. 45.04 Employer Prohibition The Employer agrees that it shall not lock-out any employees.,HARD,deontic:prohibition|deontic:obligation|deontic:permission,2,,,,,,
SEIU_119_0987,SEIU_1199_Ohio_2022,167,The Union will inform all employees of their obligation to return to work immediately. 45.03 Disciplinary Actions It is further agreed that any violation of the above shall be sufficient grounds for immediate disciplinary action.,HARD,deontic:obligation,2,,,,,,
SEIU_119_0986,SEIU_1199_Ohio_2022,166,"If any violation of this Article occurs, the Union shall immediately notify all employees that the strike, slowdown, work stoppage, or other concerted interference with or the withholding of services from the Employer is 153",HARD,deontic:obligation,2,,,,,,
SEIU_119_0984,SEIU_1199_Ohio_2022,166,"ARTICLE 45 - NO STRIKE/NO LOCKOUT 45.01 Union Prohibition The Union does hereby affirm and agree that during the term of this Agreement it will not either directly or indirectly, call, sanction, encourage, finance or assist in any way, nor shall any employee instigate, or participate, either directly or indirectly, in any strike, slowdown, walkout, work stoppage or the withholding of services from the Employer.",HARD,deontic:obligation,2,,,,,,
SEIU_119_0914,SEIU_1199_Ohio_2022,155,"Employees previously barred from receiving the longevity pay supplement shall not receive retroactive payments for the period from transfer or hire into bargaining units covered by this Agreement through June 30, 1998. 43.14 Child Care Expense Reimbursement Program The Employer will assure that eligible employees have the opportunity to participate in a child care expenses reimbursement program which provides the reimbursement on a pre-tax basis in accordance with Section 129 of the Internal Revenue Service Code as amended and other applicable law. 142",HARD,deontic:prohibition|deontic:obligation,2,,,,,,
SEIU_119_0982,SEIU_1199_Ohio_2022,166,Vacation Advancement Physicians and Psychiatrists in the P2 or P3 pay tables may be advanced up to four,SOFT,deontic:permission,2,,,,,,
SEIU_119_0981,SEIU_1199_Ohio_2022,166,Recruitment/Retention Supplement Employees in the Physician and Psychiatrist classifications may also be eligible for the Recruitment/Retention supplement in accordance with Section 43.11.,SOFT,deontic:permission,2,,,,,,
SEIU_119_0980,SEIU_1199_Ohio_2022,165,Employees must work four,HARD,deontic:obligation,2,,,,,,
SEIU_119_0979,SEIU_1199_Ohio_2022,165,All physicians may elect to take compensatory time in lieu of payment for hours worked on-call.,SOFT,deontic:permission,2,,,,,,
SEIU_119_0978,SEIU_1199_Ohio_2022,165,"In the Department of Rehabilitation and Correction and Department of Developmental Disabilities, physicians may be utilized in working on-call hours at the sole discretion of the Employer.",SOFT,deontic:permission,2,,,,,,
SEIU_119_0977,SEIU_1199_Ohio_2022,165,"Hours worked on duty above the sixty (60) hours must be paid in wages according to the rate in this Section. 44.04 On-Call Where on-call coverage is utilized, the Department of Mental Health and Addiction Services shall pay bargaining unit physicians at the rate of fourteen dollars ($14) per hour.",HARD,deontic:obligation|deontic:obligation,2,,,,,,
SEIU_119_0915,SEIU_1199_Ohio_2022,156,"Employees must have been employed full-time since January 1 of the previous year to receive full reimbursement; provided however, that 2.",HARD,deontic:obligation,2,,,,,,
SEIU_119_0001,SEIU_1199_Ohio_2022,14,"Upon ratification, the provisions of this Agreement shall automatically modify or supersede:",HARD,deontic:obligation,2,,,,,,
SEIU_119_0913,SEIU_1199_Ohio_2022,155,"Those employees hired or transferred into bargaining units covered by this Agreement on or after July 1, 1994, who were previously barred from receiving the longevity pay supplement, shall be eligible to receive the longevity pay supplement pursuant to the terms of Chapter 124 of the Ohio Revised Code, effective June 30, 1998.",HARD,deontic:obligation,2,,,,,,
SEIU_119_0795,SEIU_1199_Ohio_2022,130,"If the parties agree to an extension of the fifty (50) day timeframe, the extension date shall be entered in the electronic grievance system by Management.",HARD,deontic:obligation,2,,,,,,
SEIU_119_0793,SEIU_1199_Ohio_2022,130,"The grievance must state specifically the different duties performed, the higher classification that contains those duties and how those duties differ substantially from the ones normally assigned to the employee.",HARD,deontic:obligation,2,,,,,,
SEIU_119_0792,SEIU_1199_Ohio_2022,130,"(4) working days, then the employee may file a grievance in the electronic grievance filing system.",SOFT,deontic:permission,2,,,,,,
SEIU_119_0791,SEIU_1199_Ohio_2022,129,"When position descriptions are changed, employees shall be furnished a copy and shall be allowed to comment and propose changes.",HARD,deontic:obligation,2,,,,,,
SEIU_119_0790,SEIU_1199_Ohio_2022,129,New employees shall be provided a copy of their position description.,HARD,deontic:obligation,2,,,,,,
SEIU_119_0789,SEIU_1199_Ohio_2022,129,(1) pair of shoes per year shall be replaced when worn out or ruined.,HARD,deontic:obligation,2,,,,,,
SEIU_119_0788,SEIU_1199_Ohio_2022,129,Those employees required by the Agency to wear special shoes shall be provided initially with two,HARD,deontic:obligation,2,,,,,,
SEIU_119_0787,SEIU_1199_Ohio_2022,129,Employees shall return uniforms to the Agency upon separation.,HARD,deontic:obligation,2,,,,,,
SEIU_119_0786,SEIU_1199_Ohio_2022,129,(3) uniforms a year shall be replaced when worn out or ruined.,HARD,deontic:obligation,2,,,,,,
SEIU_119_0785,SEIU_1199_Ohio_2022,129,ARTICLE 37 - UNIFORMS Those employees required by the Agency to wear uniforms shall be provided initially with five,HARD,deontic:obligation,2,,,,,,
SEIU_119_0784,SEIU_1199_Ohio_2022,129,"In any case in which a written reprimand, suspension, or dismissal is disaffirmed or otherwise rendered invalid, all documents relating thereto will be removed from all Agency personnel files. 36.04 Department of Administrative Services The Department of Administrative Services shall retain only such records as is necessary for auditing purposes in order to support payroll and personnel actions.",HARD,deontic:obligation,2,,,,,,
SEIU_119_0781,SEIU_1199_Ohio_2022,128,"If the appointing authority or designee does not concur, he/she will attach the employee’s memorandum to the document with a signed statement indicating that he/she does not concur. 36.03 Removal of Documents Records of disciplinary actions issued after December 7, 2015, and all documents related thereto shall be removed from the personnel file thirty-six (36) months after the effective date of the discipline providing there are no 115",HARD,deontic:obligation,2,,,,,,
SEIU_119_0780,SEIU_1199_Ohio_2022,128,"If the appointing authority or designee concurs with the employee’s contentions, the appointing authority or designee may remove the document or attach the employee’s memorandum to the document in the file and note thereon his/her concurrence with the contents of the memorandum.",SOFT,deontic:permission,2,,,,,,
SEIU_119_0778,SEIU_1199_Ohio_2022,128,Any person inspecting an employee’s file shall sign indicating he/she has reviewed the file.,HARD,deontic:obligation,2,,,,,,
SEIU_119_0777,SEIU_1199_Ohio_2022,128,Access to the employee’s personnel file shall also be granted to the employee’s designated representative upon written authorization by the employee.,HARD,deontic:obligation,2,,,,,,
SEIU_119_0776,SEIU_1199_Ohio_2022,128,This excludes material which may not be disclosed in accordance with Chapter 1347 of the Ohio Revised Code.,SOFT,deontic:restriction|deontic:permission,2,,,,,,
SEIU_119_0774,SEIU_1199_Ohio_2022,127,"Payment for hours worked for other than weather emergencies for employees required to work at the location of the declared emergency (when others are not required to work), shall be their total rate of pay, as well as an additional stipend of eight dollars ($8.00) per hour worked.",HARD,deontic:obligation,2,,,,,,
SEIU_119_0773,SEIU_1199_Ohio_2022,127,"When an emergency, other than a weather emergency, is declared by the Director of the Department of Public Safety and Administrative leave with pay is granted for employees not required to work during the declared emergency, such declaration may be for circumstances where the health or safety of an employee or of any person or property entrusted to the employee’s care could be adversely affected.",SOFT,deontic:permission,2,,,,,,
SEIU_119_0794,SEIU_1199_Ohio_2022,130,"If the grievance is not resolved or no Management response is received within fifty (50) days from submission, the grievance shall be automatically eligible for appeal.",HARD,deontic:obligation,2,,,,,,
SEIU_119_0796,SEIU_1199_Ohio_2022,130,No meeting shall be held.,HARD,deontic:obligation,2,,,,,,
SEIU_119_0771,SEIU_1199_Ohio_2022,126,Non-essential employees with no or inadequate accrued leave may be granted leave without pay.,SOFT,deontic:permission,2,,,,,,
SEIU_119_0797,SEIU_1199_Ohio_2022,131,"If the duties are of a permanent nature as agreed to by the Union and the Employer, the employee shall be reclassified to the higher classification.",HARD,deontic:obligation,2,,,,,,
SEIU_119_0814,SEIU_1199_Ohio_2022,133,"(4) reviews, and in the third year of the contract the Union may request up to three",SOFT,deontic:permission,2,,,,,,
SEIU_119_0813,SEIU_1199_Ohio_2022,133,In the second year of the contract the Union may request up to four,SOFT,deontic:permission,2,,,,,,
SEIU_119_0812,SEIU_1199_Ohio_2022,133,"(5) years per classification, the Department of Administrative Services (DAS) shall review up to five",HARD,deontic:obligation,2,,,,,,
SEIU_119_0811,SEIU_1199_Ohio_2022,133,"The Union shall respond by the end of those thirty (30) days. 39.02 Union Review At the request of the Union, but not more frequently than once each five",HARD,deontic:obligation,2,,,,,,
SEIU_119_0810,SEIU_1199_Ohio_2022,133,The Office of Collective Bargaining shall notify the Union at least thirty (30) days in advance of such action.,HARD,deontic:obligation,2,,,,,,
SEIU_119_0809,SEIU_1199_Ohio_2022,132,"ARTICLE 39 - CLASSIFICATION CHANGES 39.01 Employer Changes The Employer may create classifications, change the pay range of classifications, authorize advance step hiring if needed for recruitment problems or other legitimate reasons, and issue or change specifications for each 119",SOFT,deontic:permission,2,,,,,,
SEIU_119_0808,SEIU_1199_Ohio_2022,132,The decision of the arbitrator shall be final and binding.,HARD,deontic:obligation,2,,,,,,
SEIU_119_0807,SEIU_1199_Ohio_2022,132,The expenses of the arbitrator shall be borne equally by the parties.,HARD,deontic:obligation,2,,,,,,
SEIU_119_0806,SEIU_1199_Ohio_2022,132,The parties may mutually agree to reclassify the employee to a lower classification.,SOFT,deontic:permission,2,,,,,,
SEIU_119_0805,SEIU_1199_Ohio_2022,132,"If the arbitrator determines the duties of the position to be of a lower classification, the arbitrator shall order the Employer to immediately discontinue such assigned duties.",HARD,deontic:obligation,2,,,,,,
SEIU_119_0804,SEIU_1199_Ohio_2022,132,Present at the hearing shall be a Union representative and a Management representative who will present their arguments to the arbitrator.,HARD,deontic:obligation,2,,,,,,
SEIU_119_0803,SEIU_1199_Ohio_2022,131,The parties shall schedule an arbitrator using the 118,HARD,deontic:obligation,2,,,,,,
SEIU_119_0802,SEIU_1199_Ohio_2022,131,This appeal must be filed within fifteen (15) calendar days of the employee’s receipt of the Agency director or designee’s decision or appeal activation.,HARD,deontic:obligation,2,,,,,,
SEIU_119_0801,SEIU_1199_Ohio_2022,131,"If the employee or the Union is not satisfied with the decision of the Agency director, or designee, they may appeal the decision to Alternative Dispute Resolution (ADR).",SOFT,deontic:permission,2,,,,,,
SEIU_119_0800,SEIU_1199_Ohio_2022,131,Management shall discuss options with the Union.,HARD,deontic:obligation,2,,,,,,
SEIU_119_0799,SEIU_1199_Ohio_2022,131,"If the duties are determined to be those contained in a classification with a lower pay range eighty percent (80%) or more of the time than that of the employee’s current classification: 1) the Director or designee shall issue an award to cease the assignment of the lower level duties, and take appropriate action to assign duties consistent with the employee’s current classification; or 2) the parties mutually agree to reclassify the employee to the lower level classification, the employee may be reassigned to the appropriate classification; or 3) if the duties cannot be assigned by the Employer, other actions, as appropriate, may be initiated under this Agreement.",HARD,deontic:obligation|deontic:permission,2,,,,,,
SEIU_119_0798,SEIU_1199_Ohio_2022,131,In no event shall the monetary award be retroactive prior to the date giving rise to the original grievance.,HARD,deontic:obligation,2,,,,,,
SEIU_119_0772,SEIU_1199_Ohio_2022,127,Other Than Weather Emergency Employees not designated essential may be required to work during an emergency.,SOFT,deontic:permission,2,,,,,,
SEIU_119_0770,SEIU_1199_Ohio_2022,126,"Should this situation occur, Agency directors and department heads are encouraged to exercise their judgment and discretion to permit nonessential employees to use any accrued vacation, personal or compensatory leave, if such employees choose not to come to work due to extenuating circumstances caused by extreme weather conditions.",SOFT,deontic:preference,2,,,,,,
SEIU_119_0912,SEIU_1199_Ohio_2022,155,"Employees who are eligible to receive PAIL shall not have any time between July 1, 2003 and June 30, 2005, inclusive, counted for the purposes of calculating PAIL. 43.13 Longevity Pay Supplement An employee not receiving PAIL as of June 30, 1998, shall receive a longevity pay supplement pursuant to the terms of Chapter 124 of the Ohio Revised Code.",HARD,deontic:prohibition|deontic:obligation,2,,,,,,
SEIU_119_0747,SEIU_1199_Ohio_2022,122,"Where employees are required to work for extended periods of time at video display terminals, such employees shall be allowed a non-VDT working break of fifteen (15) minutes every two",HARD,deontic:obligation|deontic:obligation,2,,,,,,
SEIU_119_0745,SEIU_1199_Ohio_2022,122,Such formulation shall be completed after consultation with the Union in Facility and Agency Professional Committee meetings.,HARD,deontic:obligation,2,,,,,,
SEIU_119_0744,SEIU_1199_Ohio_2022,122,Upon request those Agencies shall formulate a list of situations in which employees should not work alone.,HARD,deontic:obligation|deontic:preference,2,,,,,,
SEIU_119_0743,SEIU_1199_Ohio_2022,122,"To the extent reasonably practicable, the Employer will reduce situations where employees are required to work alone.",HARD,deontic:obligation,2,,,,,,
SEIU_119_0742,SEIU_1199_Ohio_2022,121,"Supplies of any type, other than such minor additional supplies used in the rest rooms themselves (e.g., soap, paper towels, tissue, etc.), shall not be stored in open, exposed areas of the rest rooms. 32.10 Strip Search Employees shall not be required to strip search clients of the opposite sex. 32.11 Working Alone In the institutions of the Department of Rehabilitation and Correction, working alone shall be governed by the Agency policy.",HARD,deontic:prohibition|deontic:obligation,2,,,,,,
SEIU_119_0741,SEIU_1199_Ohio_2022,121,"In those institutional facilities that presently provide separate rest rooms for employees, in areas in which clients, patients, or residents have ready access, employees’ rest rooms shall have door locks that require a key to open from the outside, but may be opened without a key from the inside.",HARD,deontic:obligation|deontic:permission,2,,,,,,
SEIU_119_0740,SEIU_1199_Ohio_2022,121,"Where practical and feasible, the Employer shall provide separate rest rooms and eating areas for employees.",HARD,deontic:obligation,2,,,,,,
SEIU_119_0739,SEIU_1199_Ohio_2022,121,"Where facilities are leased, the Employer shall make a reasonable effort to assure that such facilities comply with the standards of the Code.",HARD,deontic:obligation,2,,,,,,
SEIU_119_0737,SEIU_1199_Ohio_2022,121,The transportation of offender urine samples from drug testing shall be discussed on an ongoing basis to ensure that necessary precautions are provided and taken during the transport of such.,HARD,deontic:obligation,2,,,,,,
SEIU_119_0736,SEIU_1199_Ohio_2022,121,Community Services shall be required to conduct medical tests.,HARD,deontic:obligation,2,,,,,,
SEIU_119_0735,SEIU_1199_Ohio_2022,120,The Agency shall advise employees of the medical conditions of clients in the most appropriate way in order to avoid the risk of infectious and communicable disease to employees and other clients and to facilitate the proper care of the client. 32.08 Medical Testing by Non-Medical Personnel No employee of the Division of Parole and 107,HARD,deontic:obligation|deontic:prohibition,2,,,,,,
SEIU_119_0734,SEIU_1199_Ohio_2022,120,"In other Agencies, portable operational communication equipment will be available for State vehicles without permanently installed radios. 32.07 Notification of Medical Conditions of Clients The Agency shall maintain a program of infectious and communicable disease control in accordance with all applicable laws concerning release of client information.",HARD,deontic:obligation,2,,,,,,
SEIU_119_0733,SEIU_1199_Ohio_2022,120,"In the Adult Parole Authority, each Unit shall be equipped with one",HARD,deontic:obligation,2,,,,,,
SEIU_119_0732,SEIU_1199_Ohio_2022,120,Operational communication equipment shall be provided for each State car currently used or provided in the future by the Adult Parole Authority or Department of Youth Services Regional Offices to transport clients.,HARD,deontic:obligation,2,,,,,,
SEIU_119_0731,SEIU_1199_Ohio_2022,120,That back up help shall be provided or the client’s appointment shall be rescheduled in the office. 32.06 State Vehicles State vehicles will be kept properly repaired by the Agency.,HARD,deontic:obligation,2,,,,,,
SEIU_119_0730,SEIU_1199_Ohio_2022,120,"Employees of the Adult Parole Authority, the Department of Youth Services and Opportunities for Ohioans with Disabilities may request back up help in making home visits prior to 6:00 p.m. in areas which are dangerous.",SOFT,deontic:permission,2,,,,,,
SEIU_119_0729,SEIU_1199_Ohio_2022,120,32.04 Tools and Accessories Agencies will provide equipment and accessories required to perform the job. 32.05 Home Visits Employees of the Adult Parole Authority and the Department of Youth Services shall not be required to make home visits alone after 6:00 p.m.,HARD,deontic:prohibition|deontic:obligation,2,,,,,,
SEIU_119_0728,SEIU_1199_Ohio_2022,119,"The Health and Safety Committees established in Article 31 of this Agreement shall consider the issue of placing such detectors in other Agencies, institutions, or work areas. 106",HARD,deontic:obligation,2,,,,,,
SEIU_119_0746,SEIU_1199_Ohio_2022,122,"A periodic check on the safety of employees who work alone in potentially hazardous areas shall be made. 32.12 Ohio MHAS Medical Isolation In the Department of Mental Health and Addiction Services proper arrangements shall be made to isolate clients when medically necessary. 32.13 Video Display Terminals The Employer shall provide ergonomically appropriate VDT equipment at all computer and word processing stations purchased or installed after the effective date of the Agreement, whenever the employee has primary job responsibilities which involve the use of such equipment for a majority of his/her time.",HARD,deontic:obligation,2,,,,,,
SEIU_119_0748,SEIU_1199_Ohio_2022,122,(2) hours they are required to work at the video display terminal.,HARD,deontic:obligation,2,,,,,,
SEIU_119_0769,SEIU_1199_Ohio_2022,126,"During the year, extreme weather conditions may exist and roadway emergencies may be declared by local sheriffs in certain counties, yet no formal weather emergency is declared by the Director of the Department of Public Safety and State public offices remain open.",SOFT,deontic:permission,2,,,,,,
SEIU_119_0750,SEIU_1199_Ohio_2022,123,The employee may obtain an optical exam annually and submit a claim to the State’s insurance carrier for vision benefits.,SOFT,deontic:permission,2,,,,,,
SEIU_119_0768,SEIU_1199_Ohio_2022,126,Employees not designated essential may be required to work during a declared weather emergency.,SOFT,deontic:permission,2,,,,,,
SEIU_119_0767,SEIU_1199_Ohio_2022,126,Essential employees who do not report when required during an emergency must show cause that they were prevented from reporting because of the emergency.,HARD,deontic:obligation,2,,,,,,
SEIU_119_0765,SEIU_1199_Ohio_2022,126,Employees who are designated as essential employees shall be advised of the designation and provided appropriate documentation.,HARD,deontic:obligation,2,,,,,,
SEIU_119_0764,SEIU_1199_Ohio_2022,125,"Each year, by the first day of October, all Agencies must create and maintain a list of essential employees.",HARD,deontic:obligation,2,,,,,,
SEIU_119_0763,SEIU_1199_Ohio_2022,125,"For the purpose of this Section, an emergency shall not be considered to be an occurrence which is normal or reasonably foreseeable to the place of employment and/or position description of the employee.",HARD,deontic:prohibition|deontic:obligation,2,,,,,,
SEIU_119_0762,SEIU_1199_Ohio_2022,125,"An emergency shall be considered to exist when declared by the Director of the Department of Public Safety, for the county, area or facility where an employee lives or works.",HARD,deontic:obligation,2,,,,,,
SEIU_119_0761,SEIU_1199_Ohio_2022,125,"Employees (essential or non-essential) who are teleworking, directed to telework, or directed to work at an alternative work location shall not be entitled to payment under this Section.",HARD,deontic:prohibition|deontic:obligation,2,,,,,,
SEIU_119_0760,SEIU_1199_Ohio_2022,125,"In addition, employees who are required to work at the location of the declared emergency (when others are not required to work) during a weather emergency declared under this section shall receive a stipend of eight dollars ($8) per hour worked.",HARD,deontic:obligation|deontic:obligation,2,,,,,,
SEIU_119_0759,SEIU_1199_Ohio_2022,125,Employees required to work at the location of the declared emergency (when others are not required to work) during such weather emergency shall receive their total rate of pay for hours worked during the weather emergency.,HARD,deontic:obligation,2,,,,,,
SEIU_119_0758,SEIU_1199_Ohio_2022,125,"to report to work or sent home from work and not directed to telework) due to a weather emergency as declared by the Director of the Department of Public Safety, shall be granted leave with pay at regular rate for their scheduled work hours during the duration of the weather emergency.",HARD,deontic:obligation,2,,,,,,
SEIU_119_0757,SEIU_1199_Ohio_2022,124,"licensed physician or psychiatrist, chosen by the Employer, to recover from stress. 32.16 Right-to-Know About Toxic Chemicals All employees shall have access to any and all information, including material safety data sheets, concerning any and all toxic substances in the work place, in accordance with any current or future OSHA standards or regulations or other State or Federal statutory or regulatory requirements. 32.17 Institutional Office Visibility All institutional offices which, by policy of the institution, are normally used for consultations or treatment, which do not require absolute privacy, will be equipped with a means for visual contact into the office from outside.",HARD,deontic:obligation,2,,,,,,
SEIU_119_0756,SEIU_1199_Ohio_2022,123,"In any case where an employee is concerned for the safety of his/her person and/or property, another DYS employee and/or supervisor, as determined by the supervisor, will accompany the employee. 32.15 Hostage Leave An employee who has been taken hostage shall be eligible for up to sixty (60) days leave with pay at regular rate which shall not be charged to sick leave, vacation or any other accrued leave, as determined necessary by a 110",HARD,deontic:prohibition|deontic:obligation,2,,,,,,
SEIU_119_0755,SEIU_1199_Ohio_2022,123,"If a State vehicle is not available and the supervisor determines that a trip cannot be reasonably rescheduled, the employee shall be required to transport the youth.",HARD,deontic:obligation,2,,,,,,
SEIU_119_0754,SEIU_1199_Ohio_2022,123,"When purchasing new VDT equipment, the Employer shall provide ergonomically appropriate VDT equipment where necessary for appropriate employees. 32.14 DYS Client Transport DYS employees who are expected to transport clients may request the use of a State vehicle for the transportation of a client and will be granted the use of a State vehicle, if available.",HARD,deontic:obligation|deontic:permission,2,,,,,,
SEIU_119_0753,SEIU_1199_Ohio_2022,123,Employees shall be compensated at their regular rate of pay to attend such training.,HARD,deontic:obligation,2,,,,,,
SEIU_119_0752,SEIU_1199_Ohio_2022,123,"If training is required, such training shall normally be held during regularly scheduled work hours.",HARD,deontic:obligation,2,,,,,,
SEIU_119_0751,SEIU_1199_Ohio_2022,123,Employees shall be provided information regarding the safe use of the VDTs.,HARD,deontic:obligation,2,,,,,,
SEIU_119_0815,SEIU_1199_Ohio_2022,133,Such review shall be combined with salary survey data to determine appropriate salary range assignment.,HARD,deontic:obligation,2,,,,,,
SEIU_119_0816,SEIU_1199_Ohio_2022,133,"Absent mutual agreement, said data shall not be used to reduce a classification pay range assignment.",HARD,deontic:prohibition|deontic:obligation,2,,,,,,
SEIU_119_0817,SEIU_1199_Ohio_2022,133,"Such reviews shall be based upon a position description questionnaire survey of all incumbents in the classification, and shall be completed within one hundred eighty (180) days of the initial request.",HARD,deontic:obligation,2,,,,,,
SEIU_119_0890,SEIU_1199_Ohio_2022,152,"The bilingual pay supplement shall equal five percent (5%) of the class base. 43.10 Risk Supplement A special supplement equal to five percent (5%) of the class base shall be awarded to those parole and probation officers, including those assigned to the Parole Board (within the DRC prisons), who are authorized to carry a firearm and who encounter added risk by being required to do one or more of the following: A.",HARD,deontic:obligation,2,,,,,,
SEIU_119_0888,SEIU_1199_Ohio_2022,152,"The position shall require the ability to speak and/or write a language in addition to English, and this shall be reflected on the position description approved by the Department of Administrative Services.",HARD,deontic:obligation,2,,,,,,
SEIU_119_0887,SEIU_1199_Ohio_2022,152,This provision will not supersede present practice where shift differential is paid on other hours. 43.09 Bilingual Pay Differential Position(s) required by the Agency to be bilingual shall be eligible for bilingual pay differential.,HARD,deontic:obligation,2,,,,,,
SEIU_119_0886,SEIU_1199_Ohio_2022,152,"Also, employees already receiving shift differential because of the shift they are assigned to, shall receive shift differential for overtime hours worked before 7:00 a.m.",HARD,deontic:obligation,2,,,,,,
SEIU_119_1036,SEIU_1199_Ohio_2022,188,"Within twenty (20) calendar days from the date the initial denial letter is postmarked, the employee must submit a letter to DAS Benefits, attaching any additional information to support his/her appeal.",HARD,deontic:obligation,2,,,,,,
SEIU_119_0884,SEIU_1199_Ohio_2022,151,Shift differential shall be paid on holidays and for overtime hours as follows: 1.,HARD,deontic:obligation,2,,,,,,
SEIU_119_0883,SEIU_1199_Ohio_2022,151,Shift differential for employees in Nurse classifications working in Institutions shall be one dollar and twenty-five cents ($1.25) an hour for all hours worked on second or third shift.,HARD,deontic:obligation,2,,,,,,
SEIU_119_0882,SEIU_1199_Ohio_2022,151,(4) hour period by being assigned non-emergency work. 43.07 Report Pay Employees who report to work as scheduled and are then informed that they are not needed or who are called at home by the Employer and told not to report to their regularly scheduled work day shall receive their full day’s pay at regular rate. 43.08 Shift Differential A.,HARD,deontic:obligation,2,,,,,,
SEIU_119_0881,SEIU_1199_Ohio_2022,151,An employee called back to take care of an emergency other than that declared pursuant to Article 35 shall not be required to work for the entire four,HARD,deontic:prohibition|deontic:obligation,2,,,,,,
SEIU_119_0878,SEIU_1199_Ohio_2022,150,"If the employee’s performance evaluation is not completed on time, the employee shall not be denied a step increase. 43.04 Promotions Employees who are promoted within the unit shall be placed at a step to guarantee them approximately four percent (4%). 43.05 Stand-by Pay If the Agency requires an employee to be on stand-by, the employee shall be paid twenty-five percent (25%) of his/her regular rate of pay for all hours required to be on stand-by.",HARD,deontic:prohibition|deontic:obligation,2,,,,,,
SEIU_119_0877,SEIU_1199_Ohio_2022,150,"Employee performance evaluations shall be used for all purposes for which employee evaluations are normally used, including but not limited to, merit-based incentive programs designed to award employees for specific form of job performance.",HARD,deontic:obligation,2,,,,,,
SEIU_119_0876,SEIU_1199_Ohio_2022,150,"Thereafter, step movement shall occur annually if the employee receives an overall “satisfactory” rating on his/her six",HARD,deontic:obligation,2,,,,,,
SEIU_119_0874,SEIU_1199_Ohio_2022,148,"Effective with the pay period which includes July 1, 2023, the pay schedules shall be increased by three (3%) percent.",HARD,deontic:obligation,2,,,,,,
SEIU_119_0873,SEIU_1199_Ohio_2022,146,"Effective with the pay period which includes July 1, 2022, the pay schedules shall be increased by three (3%) percent.",HARD,deontic:obligation,2,,,,,,
SEIU_119_0872,SEIU_1199_Ohio_2022,143,"2021, the pay schedules shall be increased by three (3%) percent. 130",HARD,deontic:obligation,2,,,,,,
SEIU_119_0870,SEIU_1199_Ohio_2022,142,The Employer shall respect employees’ constitutional and legal rights when it uses technology as described in this Section.,HARD,deontic:obligation,2,,,,,,
SEIU_119_0869,SEIU_1199_Ohio_2022,142,The Employer may make reasonable use of technology to assure that employees are appropriately engaged in work activities while on work time.,SOFT,deontic:permission,2,,,,,,
SEIU_119_0868,SEIU_1199_Ohio_2022,142,"Housekeeping duties, clerical duties, and other duties which can be and normally are performed by paraprofessional employees shall not be required of the registered nurse, other than in irregular or unusual circumstances. 42.05 Technology No employee should have an expectation of privacy while on work time.",HARD,deontic:prohibition|deontic:obligation|deontic:prohibition|deontic:preference,2,,,,,,
SEIU_119_0889,SEIU_1199_Ohio_2022,152,Those positions which require certification in the use of Braille or proficient use of hand sign language shall qualify for payment of the bilingual supplement.,HARD,deontic:obligation,2,,,,,,
SEIU_119_0891,SEIU_1199_Ohio_2022,152,A special institutional supplement of three percent (3%) shall be paid to those employees in non-correction specific classifications of the Department of Rehabilitation and Correction who work in institutions and whose classification title does not include the term “correctional” or “corrections.” 139,HARD,deontic:obligation,2,,,,,,
SEIU_119_0818,SEIU_1199_Ohio_2022,133,Each employee shall complete his/her own Position Description Questionnaire (PDQ).,HARD,deontic:obligation,2,,,,,,
SEIU_119_0892,SEIU_1199_Ohio_2022,153,Recruitment/Retention Supplement The Employer may establish a supplement at any amount up to twenty-five percent (25%) of the employee’s class base as defined in Section 43.01.,SOFT,deontic:permission,2,,,,,,
SEIU_119_0911,SEIU_1199_Ohio_2022,155,An employee shall no longer be eligible to receive PAIL if the employee resigns or is terminated and is subsequently rehired.,HARD,deontic:obligation,2,,,,,,
SEIU_119_0910,SEIU_1199_Ohio_2022,155,"If an employee takes any position not covered by this agreement for any reason, and subsequently returns to a position covered by this agreement, he/she shall no longer be eligible to receive PAIL.",HARD,deontic:obligation,2,,,,,,
SEIU_119_0909,SEIU_1199_Ohio_2022,155,"Eligibility An employee not receiving PAIL as of June 30, 1998, is not eligible to receive PAIL, but may receive longevity pay supplement pursuant to Section 43.13.",SOFT,deontic:permission,2,,,,,,
SEIU_119_0908,SEIU_1199_Ohio_2022,154,Any employee who receives a PAIL payment shall not be eligible to receive longevity pay as provided in Section 43.13. 141,HARD,deontic:prohibition|deontic:obligation,2,,,,,,
SEIU_119_0907,SEIU_1199_Ohio_2022,154,"Amount Any employee who is receiving a financial payment pursuant to the Professional Achievement Incentive Level (PAIL) as of June 30, 1998, shall continue to receive the PAIL payment pursuant to existing practice.",HARD,deontic:obligation,2,,,,,,
SEIU_119_0906,SEIU_1199_Ohio_2022,154,OCB shall provide the Union a copy of the report. 43.12 Professional Achievement Incentive Levels (PAIL) A.,HARD,deontic:obligation,2,,,,,,
SEIU_119_0905,SEIU_1199_Ohio_2022,154,Recruitment/Retention Data Agencies shall file a report with the Office of Collective Bargaining in September of each year containing data that shows a recruitment/retention problem exists and data as to the purpose and location of supplement usage.,HARD,deontic:obligation,2,,,,,,
SEIU_119_0904,SEIU_1199_Ohio_2022,154,(1) year shall have that time deducted from his/her final paycheck.,HARD,deontic:obligation,2,,,,,,
SEIU_119_0902,SEIU_1199_Ohio_2022,154,"Vacation Advancement Employees hired into the Pharmacy Board Compliance Specialist (21562), Pharmacist (65411), Pharmaceutical Consultant (65413), Pharmacologist (65421), Psychologist (83313), or any classification that requires licensure as a Registered Nurse may be eligible for a vacation advancement of eighty (80) hours of vacation upon hire.",SOFT,deontic:permission,2,,,,,,
SEIU_119_0900,SEIU_1199_Ohio_2022,154,"If the matter remains unresolved, the Union may appeal to mediation.",SOFT,deontic:permission,2,,,,,,
SEIU_119_0899,SEIU_1199_Ohio_2022,154,"Should the issue not be resolved, the Union may file a grievance pursuant to Article 7.",SOFT,deontic:preference|deontic:permission,2,,,,,,
SEIU_119_0898,SEIU_1199_Ohio_2022,154,may be raised at the Agency Professional Committee (APC).,SOFT,deontic:permission,2,,,,,,
SEIU_119_0897,SEIU_1199_Ohio_2022,153,The Agency shall provide the Union notice and an opportunity for discussion prior to implementation of a supplement. 4.,HARD,deontic:obligation,2,,,,,,
SEIU_119_0896,SEIU_1199_Ohio_2022,153,The Agency shall have the sole authority to designate the percentage amount of any supplement for any particular position or group of positions. 3.,HARD,deontic:obligation,2,,,,,,
SEIU_119_0895,SEIU_1199_Ohio_2022,153,The Agency shall have the sole authority to designate any positions to which a supplement will apply and to discontinue its use. 2.,HARD,deontic:obligation,2,,,,,,
SEIU_119_0894,SEIU_1199_Ohio_2022,153,"The incentive may be established to compensate for institution/facility or office location, certification, specialty, education, shift and/or weekend, or any other reason determined by the Employer to warrant consideration under this provision.",SOFT,deontic:permission,2,,,,,,
SEIU_119_0893,SEIU_1199_Ohio_2022,153,"Such supplement shall be used solely as an incentive for recruiting or retaining employees in the following classifications: Pharmacologist, Physician, Physician Specialist, Psychiatrist, Psychologist, Physician Assistant, Social Worker, and Behavioral Healthcare Provider, and any classification that requires licensure as a Registered Nurse.",HARD,deontic:obligation,2,,,,,,
SEIU_119_0865,SEIU_1199_Ohio_2022,141,The committee shall meet at least quarterly or more frequently if mutually agreed upon.,HARD,deontic:obligation,2,,,,,,
SEIU_119_0864,SEIU_1199_Ohio_2022,141,"Pay disparity and market value, both public and private, may be utilized, if appropriate, to create new pay ranges should it be more cost effective to do so when comparing to the cost of sub-contracting such services.",SOFT,deontic:preference|deontic:permission,2,,,,,,
SEIU_119_0863,SEIU_1199_Ohio_2022,140,"The committee shall submit recommendations to the Directors of DAS and OBM and/or designees semiannually or more frequently, if necessary.",HARD,deontic:obligation,2,,,,,,
SEIU_119_0862,SEIU_1199_Ohio_2022,140,"The committee shall develop comprehensive recommendations that include, but are not limited to: a rationale for change or modification of the existing classification specifications.",HARD,deontic:obligation,2,,,,,,
SEIU_119_0837,SEIU_1199_Ohio_2022,135,The Union shall have the right to appeal the pay range determination directly to ADR/Mediation pursuant to Article 7 within thirty (30) days of receipt of written notice of the Department of Administrative Services determination.,HARD,deontic:obligation,2,,,,,,
SEIU_119_0835,SEIU_1199_Ohio_2022,135,This appeal process shall also apply to state-initiated classification reviews.,HARD,deontic:obligation,2,,,,,,
SEIU_119_0834,SEIU_1199_Ohio_2022,134,Employees who do not complete a PDQ shall have no right 121,HARD,deontic:obligation,2,,,,,,
SEIU_119_0832,SEIU_1199_Ohio_2022,134,"The arbitrator shall determine whether the employee is appropriately allocated to the new classification, and if not, determine the classification assignment that is appropriate.",HARD,deontic:obligation,2,,,,,,
SEIU_119_0831,SEIU_1199_Ohio_2022,134,Classification allocation appeals shall be conducted by an arbitrator.,HARD,deontic:obligation,2,,,,,,
SEIU_119_0830,SEIU_1199_Ohio_2022,134,An employee on disability may appeal a classification assignment under this process within two,SOFT,deontic:permission,2,,,,,,
SEIU_119_0829,SEIU_1199_Ohio_2022,134,"The back-pay award, if any, shall be effective on the effective date of the pay range determination in accordance with this Article.",HARD,deontic:obligation,2,,,,,,
SEIU_119_0828,SEIU_1199_Ohio_2022,134,"If the employee is performing duties of a higher classification, the employee shall be placed in the higher classification at the step in the higher pay range which is approximately four percent (4%) higher than the current step rate of the employee.",HARD,deontic:obligation,2,,,,,,
SEIU_119_0827,SEIU_1199_Ohio_2022,134,"If the employee’s base rate of pay exceeds the maximum rate of pay in the new pay range, the employee shall be placed in step X.",HARD,deontic:obligation,2,,,,,,
SEIU_119_0826,SEIU_1199_Ohio_2022,134,Longevity supplements shall not decrease as a result of being placed in step X.,HARD,deontic:prohibition|deontic:obligation,2,,,,,,
SEIU_119_0825,SEIU_1199_Ohio_2022,134,"If the employee is performing duties of a lower classification, the employee shall be assigned into a lower classification and shall be placed in the step within the pay range that provides the employee with compensation that is equal to his/her current rate or that provides the least amount of increase, but no decrease in pay.",HARD,deontic:obligation,2,,,,,,
SEIU_119_0824,SEIU_1199_Ohio_2022,134,"If an employee is found to have been improperly classified as determined from his/her PDQ, the employee shall be allocated to the appropriate classification in accordance with the finding of DAS.",HARD,deontic:obligation,2,,,,,,
SEIU_119_0823,SEIU_1199_Ohio_2022,134,The training shall be no more than two,HARD,deontic:obligation,2,,,,,,
SEIU_119_0822,SEIU_1199_Ohio_2022,133,The scheduling and the training shall 120,HARD,deontic:obligation,2,,,,,,
SEIU_119_0821,SEIU_1199_Ohio_2022,133,The content of the training shall be mutually agreed to by DAS and the Union.,HARD,deontic:obligation,2,,,,,,
SEIU_119_0820,SEIU_1199_Ohio_2022,133,Prior to the distribution of PDQs the Union and State shall conduct a joint training on how to complete PDQs.,HARD,deontic:obligation,2,,,,,,
SEIU_119_0819,SEIU_1199_Ohio_2022,133,Those employees who do not complete an individual PDQ shall be assigned to the appropriate classification and pay range based on the supervisor’s review.,HARD,deontic:obligation,2,,,,,,
SEIU_119_0839,SEIU_1199_Ohio_2022,135,ARTICLE 40 - VOLUNTARY COST SAVINGS PROGRAM Voluntary Cost Savings Program Plans shall offer employees any of the following four,HARD,deontic:obligation,2,,,,,,
SEIU_119_0840,SEIU_1199_Ohio_2022,135,Option #1 shall allow full-time employees the opportunity to reduce their bi-weekly schedule by no less than eight,HARD,deontic:obligation,2,,,,,,
SEIU_119_0841,SEIU_1199_Ohio_2022,135,Employees’ leave accruals and health insurance shall not be affected by cost savings days.,HARD,deontic:prohibition|deontic:obligation,2,,,,,,
SEIU_119_0852,SEIU_1199_Ohio_2022,137,Such termination shall not be grievable.,HARD,deontic:prohibition|deontic:obligation,2,,,,,,
SEIU_119_0861,SEIU_1199_Ohio_2022,140,Both parties shall have representation from as many agencies as possible.,HARD,deontic:obligation,2,,,,,,
SEIU_119_0860,SEIU_1199_Ohio_2022,140,"The committee shall be comprised of no more than ten (10) members from the Union and no more than ten (10) individuals from the State, to include at least one representative from both OCB and DAS.",HARD,deontic:obligation,2,,,,,,
SEIU_119_0858,SEIU_1199_Ohio_2022,138,"Every reasonable effort will be made to avoid the layoff of an employee as a consequence of the exercise by the State of its right to contract out. 41.02 Facility Closings/Service Elimination Should it become necessary to close a facility or eliminate a service, the following guidelines will be utilized: A.",SOFT,deontic:preference,2,,,,,,
SEIU_119_0857,SEIU_1199_Ohio_2022,138,Changes in State policy or methodology for delivering services may result in the discontinuation of services or programs directly operated by the State.,SOFT,deontic:permission,2,,,,,,
SEIU_119_0856,SEIU_1199_Ohio_2022,138,The Employer or the Union may discontinue this program upon providing the other party with thirty (30) days’ notice.,SOFT,deontic:permission,2,,,,,,
SEIU_119_0855,SEIU_1199_Ohio_2022,138,shall meet to discuss questions and issues relating to the program.,HARD,deontic:obligation,2,,,,,,
SEIU_119_0854,SEIU_1199_Ohio_2022,137,Denial of Voluntary Cost Savings leave request shall be non-grievable.,HARD,deontic:obligation,2,,,,,,
SEIU_119_0851,SEIU_1199_Ohio_2022,137,"Once a Voluntary Cost Savings Program schedule is approved by the Employer, the employee must complete and sign a Voluntary Cost Savings agreement.",HARD,deontic:obligation,2,,,,,,
SEIU_119_0842,SEIU_1199_Ohio_2022,135,Employees participating in this plan shall maintain their full-time status for the purposes of health care premiums in accordance with Article 17.,HARD,deontic:obligation,2,,,,,,
SEIU_119_0850,SEIU_1199_Ohio_2022,137,Employees participating in this program shall not be eligible for unemployment benefits while on leave pursuant to the Voluntary Cost Savings Program.,HARD,deontic:prohibition|deontic:obligation,2,,,,,,
SEIU_119_0848,SEIU_1199_Ohio_2022,137,Option #4 – Other cost saving measures may be explored by Agency Professional Committees.,SOFT,deontic:permission,2,,,,,,
SEIU_119_0847,SEIU_1199_Ohio_2022,137,"Employees participating in this plan shall maintain their appointment type, as full-time or part-time, for the purposes of leave accruals and health care premiums in accordance with Article 17.",HARD,deontic:obligation,2,,,,,,
SEIU_119_0846,SEIU_1199_Ohio_2022,136,"If an employee separates from state service during the fiscal year, the employee shall receive payment for the 123",HARD,deontic:obligation,2,,,,,,
SEIU_119_0845,SEIU_1199_Ohio_2022,136,Option #3 shall allow a full-time or part-time employee the opportunity to be credited with either forty (40) or eighty (80) voluntary cost savings hours during the course of the fiscal year.,HARD,deontic:obligation,2,,,,,,
SEIU_119_0844,SEIU_1199_Ohio_2022,136,"Option #2 shall allow full-time, part-time and established term employees the opportunity to take unpaid leaves of absence in blocks of time no less than two",HARD,deontic:obligation,2,,,,,,
SEIU_119_0843,SEIU_1199_Ohio_2022,135,"Further, employees shall not incur a break in State service and seniority.",HARD,deontic:prohibition|deontic:obligation,2,,,,,,
SEIU_119_0885,SEIU_1199_Ohio_2022,151,Employees working on a holiday shall be entitled to a shift differential of seventy-five cents ($.75) per hour for all hours worked after 5:00 p.m. when they work a shift where the majority of the hours are after 3:00 p.m. or before 7:00 a.m. 2.,HARD,deontic:obligation,2,,,,,,
SEIU_119_1074,SEIU_1199_Ohio_2022,195,"While the employee is removed from duty, the employee may use any accrued leave or compensatory time at the employee’s option, or be placed in a leave 182",SOFT,deontic:permission,2,,,,,,
SEIU_119_1037,SEIU_1199_Ohio_2022,188,"If the employee’s OIL claim was denied on procedural issues or the employee has failed to provide any new information to support the appeal, DAS Benefits shall issue a letter to the employee within ten (10) working days of receipt of the letter denying the appeal and send a copy of the letter, the employee’s OIL application, and any other documents 175",HARD,deontic:obligation,2,,,,,,
SEIU_119_1285,SEIU_1199_Ohio_2022,233,Any request to work hours that would result in compensatory time must have advanced prior approval from the Chief Clinical Officer.,HARD,deontic:obligation,2,,,,,,
SEIU_119_1307,SEIU_1199_Ohio_2022,238,This decision shall not be arbitrary or capricious and shall be consistent with the terms of the CBA.,HARD,deontic:prohibition|deontic:obligation,2,,,,,,
SEIU_119_1306,SEIU_1199_Ohio_2022,238,committee to try and resolve any issues prior to determining the twelve (12) hour shift program should be cancelled.,SOFT,deontic:preference,2,,,,,,
SEIU_119_1305,SEIU_1199_Ohio_2022,237,Management may discontinue the twelve (12) hour shift rotation if a determination is made that it is not fiscally or operationally feasible to continue.,SOFT,deontic:permission,2,,,,,,
SEIU_119_1304,SEIU_1199_Ohio_2022,237,All other requests for alternative schedules shall be considered pursuant to Article 24.10.,HARD,deontic:obligation,2,,,,,,
SEIU_119_1303,SEIU_1199_Ohio_2022,237,A nurse who has his/her twelve (12) hour shift revoked due to exceeding the prescribed number of occurrences shall be again eligible to bid on twelve (12) hour shift openings after six,HARD,deontic:obligation,2,,,,,,
SEIU_119_1302,SEIU_1199_Ohio_2022,237,Management further agrees to give due consideration to any mitigating circumstances and shall consult with the Union prior to making a decision to revoke a twelve (12) hour shift.,HARD,deontic:obligation,2,,,,,,
SEIU_119_1301,SEIU_1199_Ohio_2022,237,"(6) month period, may result in revocation of the twelve (12) hour shift schedule from the employee (Exceptions: FMLA, bereavement, OIL, emergency vacation or any other approved leave usage).",SOFT,deontic:permission,2,,,,,,
SEIU_119_1300,SEIU_1199_Ohio_2022,237,"In the event the schedule is revoked, the nurse shall be returned to their prior shift. [An occurrence is defined as a call off of no more than two",HARD,deontic:obligation,2,,,,,,
SEIU_119_1299,SEIU_1199_Ohio_2022,237,"If any of the guidelines listed below are not met, the alternative schedule may be revoked immediately with a two",SOFT,deontic:permission,2,,,,,,
SEIU_119_1296,SEIU_1199_Ohio_2022,236,"The employee must have the appropriate doctoral degree from an accredited university, be placed under the supervision of a licensed psychologist, and be working toward licensure in psychology.",HARD,deontic:obligation,2,,,,,,
SEIU_119_1295,SEIU_1199_Ohio_2022,235,"Miscellaneous: OhioMHAS shall maintain a continuous posting for physician specialists and psychiatrist positions, and after January 1, 2016, OhioMHAS will not consider a request for transfer to another hospital from a physician specialist, physician or psychiatrist if the position has been recruited for and a selection made prior to the request for transfer.",HARD,deontic:obligation,2,,,,,,
SEIU_119_1294,SEIU_1199_Ohio_2022,235,"Psychiatrists, physician specialists, physicians, and advance practice nurses working at the following hospitals will receive the following geographic supplement: Appalachian Behavioral Healthcare 15% Heartland Behavioral Healthcare 20% Northwest Ohio Psychiatric Hospital 20% Northcoast Behavioral Healthcare 5% Summit Behavioral Healthcare 5% Twin Valley Behavioral Healthcare 5% The Agency shall have sole authority to designate any positions to which a supplement will apply and discontinue use.",HARD,deontic:obligation,2,,,,,,
SEIU_119_1293,SEIU_1199_Ohio_2022,234,Authorization must be given by the psychiatrist/physician specialist/physician’s/advance practice nurses’ CCO. 221,HARD,deontic:obligation,2,,,,,,
SEIU_119_1292,SEIU_1199_Ohio_2022,234,"Geographic Supplement: Psychiatrists, physician specialists, physicians, and advanced practice nurses that provide coverage at another RPH other than their reporting hospital shall receive a twenty (20) percent pay supplement.",HARD,deontic:obligation,2,,,,,,
SEIU_119_1291,SEIU_1199_Ohio_2022,234,"Any such mandation shall only occur after full and part-time physician specialists, physicians, psychiatrists, and/or advanced practice nurse at the respective hospital have been offered and declined said MOD hours and then any resultant mandation shall occur as described in the 2021-2024 LOA regarding MOD mandation.",HARD,deontic:obligation,2,,,,,,
SEIU_119_1290,SEIU_1199_Ohio_2022,234,"If a MOD shift is not voluntarily filled, the hospital shall have the ability to mandate a qualified physician specialist, physician, psychiatrist, or advanced practice nurse to cover the shift.",HARD,deontic:obligation,2,,,,,,
SEIU_119_1289,SEIU_1199_Ohio_2022,233,"If a request to utilize compensatory time is denied, the compensatory time shall be paid to the employee at his/her option to a maximum of eighty (80) 220",HARD,deontic:obligation,2,,,,,,
SEIU_119_1308,SEIU_1199_Ohio_2022,238,(2) fifteen (15) minute breaks may be taken together at any one time.,SOFT,deontic:permission,2,,,,,,
SEIU_119_1310,SEIU_1199_Ohio_2022,238,Nurse shift premium for this agreement shall be paid for all hours worked between 3:00 p.m. and 7:30 a.m. for any shift that ends between the hours of 7:00 p.m. to 7:30 a.m.,HARD,deontic:obligation,2,,,,,,
SEIU_119_1311,SEIU_1199_Ohio_2022,238,Nurses working twelve (12) hour shifts under the terms of this Agreement shall receive overtime pay after eighty (80) hours in an active pay status within a pay period.,HARD,deontic:obligation,2,,,,,,
SEIU_119_1323,SEIU_1199_Ohio_2022,241,"Within DRC institutions Correctional Program Coordinator positions shall maintain current hours of work, good days and work location associated with their positions prior to the transition to OhioMHAS.",HARD,deontic:obligation,2,,,,,,
SEIU_119_1330,SEIU_1199_Ohio_2022,242,The travel time must be flexed within the work week in which the training is attended.,HARD,deontic:obligation,2,,,,,,
SEIU_119_1329,SEIU_1199_Ohio_2022,242,Recovery Services Correctional Program Coordinator Training Correctional Program Coordinator positions located within ODRC institutions shall receive 6 six hours of travel time each year of the agreement for non-required trainings to maintain licensure requirements.,HARD,deontic:obligation,2,,,,,,
SEIU_119_1328,SEIU_1199_Ohio_2022,242,Working Alone In all locations of OhioMHAS and within ODRC institutions for Recovery Service Coordinators the current OhioMHAS Policy shall apply.,HARD,deontic:obligation,2,,,,,,
SEIU_119_1327,SEIU_1199_Ohio_2022,242,Staff safety concerns shall be a standing agency item at both of these meetings.,HARD,deontic:obligation,2,,,,,,
SEIU_119_1326,SEIU_1199_Ohio_2022,242,"Intermittent Appointments/Temporary Appointments The Agency may offer medical benefits for employees hired into temporary appointments within the pharmacists, psychiatrists, physician specialists, physician assistant classifications as well as any classification requiring an RN degree, regardless of the number of hours the employee is scheduled to work.",SOFT,deontic:permission,2,,,,,,
SEIU_119_1325,SEIU_1199_Ohio_2022,241,Any newly created positions in recovery services shall be filled 228,HARD,deontic:obligation,2,,,,,,
SEIU_119_1324,SEIU_1199_Ohio_2022,241,"If a determination is made to adjust schedules, the changes shall be done in accordance with the language of the CBA.",HARD,deontic:obligation,2,,,,,,
SEIU_119_1322,SEIU_1199_Ohio_2022,241,Lateral shift/assignment moves shall happen within 3 pay periods of the date of acceptance by the employee.,HARD,deontic:obligation,2,,,,,,
SEIU_119_1312,SEIU_1199_Ohio_2022,239,"To be eligible for a ten (10) percent supplement, the applicant or employee must be a registered pharmacist who has completed a Pharm.",HARD,deontic:obligation,2,,,,,,
SEIU_119_1321,SEIU_1199_Ohio_2022,241,The process above shall be continued for each subsequent shift/assignment opening until no one wishes to move to the open shift/assignment openings. 7.,HARD,deontic:obligation,2,,,,,,
SEIU_119_1319,SEIU_1199_Ohio_2022,241,The transfer shall be granted to the employee with the greatest state seniority.,HARD,deontic:obligation,2,,,,,,
SEIU_119_1318,SEIU_1199_Ohio_2022,241,These applications shall be considered active during the current six,HARD,deontic:obligation,2,,,,,,
SEIU_119_1317,SEIU_1199_Ohio_2022,240,Current practice for Correctional Program Coordinators located within ODRC institutions shall be maintained. 3.,HARD,deontic:obligation,2,,,,,,
SEIU_119_1315,SEIU_1199_Ohio_2022,240," Certified Specialist in Poison Information  Commission for Certification in Geriatric Pharmacy To be eligible for a two and one-half (2.5) percent supplement, the applicant or employee must be a registered pharmacist who has obtained certification in a disease management program including but not limited to:  Asthma Management  Diabetes Management  Cholesterol Management  High Blood Pressure Management  Warfarin Monitoring The OhioMHAS reserves the right to annually review the status of the pharmacist supplement and fiscal capacity of the Agency to continue payment.",HARD,deontic:obligation,2,,,,,,
SEIU_119_1314,SEIU_1199_Ohio_2022,239,"(5) percent, the applicant or employee must be a registered pharmacist who has certification in a specialty including but not limited to:  Board of Pharmaceutical Specialties in Nuclear Pharmacy  Board of Pharmaceutical Specialties in Nutrition Support Pharmacy  Board of Pharmaceutical Specialties in Oncology Pharmacy  Board of Pharmaceutical Specialties in Pharmacotherapy Pharmacy  Board of Pharmaceutical Specialties in Psychiatric Pharmacy 226",HARD,deontic:obligation,2,,,,,,
SEIU_119_1313,SEIU_1199_Ohio_2022,239,Advance degrees in related disciplines may be considered for seven and one-half (7.5) percent supplement provided the applicant or employee has obtained a Master’s degree in a related discipline including but not limited to: 1.,SOFT,deontic:permission,2,,,,,,
SEIU_119_1287,SEIU_1199_Ohio_2022,233,(1) year shall be paid to the employee in the pay period immediately following the pay period which contained the 365th day at the employee’s current total rate of pay.,HARD,deontic:obligation,2,,,,,,
SEIU_119_1284,SEIU_1199_Ohio_2022,233,Preapproval must be granted by the Chief Clinical Officer of the employee’s respective hospital.,HARD,deontic:obligation,2,,,,,,
SEIU_119_1240,SEIU_1199_Ohio_2022,225,"Should the employee fail to exercise his/her bumping rights within a five day period, he/she shall have no further bumping rights.",HARD,deontic:obligation|deontic:preference,2,,,,,,
SEIU_119_1283,SEIU_1199_Ohio_2022,233,"Compensatory Time: Psychiatrists, Physician Specialists and Physicians that are in active pay status for more than eighty (80) hours in a pay period, excluding time worked as MOD, may receive compensation or compensatory time hour for hour for preapproved hours worked covering physician shortages, vacancies, disabilities, etc.",SOFT,deontic:permission,2,,,,,,
SEIU_119_1259,SEIU_1199_Ohio_2022,228,The posting period shall be decided locally. 4.,HARD,deontic:obligation,2,,,,,,
SEIU_119_1258,SEIU_1199_Ohio_2022,228,Employees interested in the opportunity must sign up during the posting period. 3.,HARD,deontic:obligation,2,,,,,,
SEIU_119_1257,SEIU_1199_Ohio_2022,228,"If prescheduling overtime is used at a particular location, the following guidelines shall apply: C.",HARD,deontic:obligation,2,,,,,,
SEIU_119_1256,SEIU_1199_Ohio_2022,228,"In order for a part time employee to work more than forty hours, the voluntary overtime roster must be called and exhausted. 4.",HARD,deontic:obligation,2,,,,,,
SEIU_119_1255,SEIU_1199_Ohio_2022,228,They may volunteer to work more hours than scheduled up to forty hours (40).,SOFT,deontic:permission,2,,,,,,
SEIU_119_1254,SEIU_1199_Ohio_2022,228,Part-time Employees - may be required to work more hours than they are normally scheduled.,SOFT,deontic:permission,2,,,,,,
SEIU_119_1253,SEIU_1199_Ohio_2022,227,No employee shall be mandated from home.*(There may be an exception in the case of Summit Child and Family Services or in the case of emergencies.) Management will make a good faith effort to avoid or reduce the necessity for mandated overtime.,HARD,deontic:obligation|deontic:prohibition|deontic:permission,2,,,,,,
SEIU_119_1252,SEIU_1199_Ohio_2022,227,"When the next situation of mandated overtime occurs, the person next most senior to the last person mandated shall be mandated irrespective of the number of hours the previous person was mandated.",HARD,deontic:obligation,2,,,,,,
SEIU_119_1251,SEIU_1199_Ohio_2022,227,The least senior employee shall be mandated on a rotating basis.,HARD,deontic:obligation,2,,,,,,
SEIU_119_1250,SEIU_1199_Ohio_2022,226,"STEP 3: If no employee accepts the offer from Step 2, Management can mandate overtime and shall mandate the least senior qualified employee currently 213",HARD,deontic:obligation|deontic:prohibition,2,,,,,,
SEIU_119_1249,SEIU_1199_Ohio_2022,226,"STEP 2: If no employee accepts the offer, then Management will canvass the voluntary overtime roster starting with the most senior employee and calling each less senior employee until they have either gotten a qualified employee to accept the offer or until the entire voluntary or alternative rosters have been exhausted. ***(Note that those employees in Step 2 need not be re-canvassed after they have already been asked or called in the above steps).",HARD,deontic:prohibition,2,,,,,,
SEIU_119_1248,SEIU_1199_Ohio_2022,226,"If an employee accepts the opportunity, a “red line” is drawn below that name so when the next opportunity arises, the next less senior person shall be offered the opportunity.",HARD,deontic:obligation,2,,,,,,
SEIU_119_1247,SEIU_1199_Ohio_2022,226,"STEP 1: Once a need for overtime has been determined, Management shall offer the opportunity to the qualified employees on duty on the current shift by seniority on a rotating basis.",HARD,deontic:obligation,2,,,,,,
SEIU_119_1246,SEIU_1199_Ohio_2022,226,"Management may also determine that there is no need to add additional staff, based on a number of factors, when an employee is off work.",SOFT,deontic:permission,2,,,,,,
SEIU_119_1245,SEIU_1199_Ohio_2022,226,"Prior to making that determination, Management may use “intermittent” or part time employees to fill in for staff while off work instead of declaring an overtime situation.",SOFT,deontic:permission,2,,,,,,
SEIU_119_1244,SEIU_1199_Ohio_2022,226,"For Purposes of bumping, CSN’s shall participate in the process outlined above and shall be considered part of the hospital in which they are located.",HARD,deontic:obligation,2,,,,,,
SEIU_119_1243,SEIU_1199_Ohio_2022,225,"In the case of the closure of a CSN program, the notice to employees shall be (30) thirty-days due to the lack 212",HARD,deontic:obligation,2,,,,,,
SEIU_119_1260,SEIU_1199_Ohio_2022,228,Failure to work the scheduled day may subject the employee to disciplinary action or deduction of personal or vacation leave in the amount of the overtime opportunity.,SOFT,deontic:permission,2,,,,,,
SEIU_119_1262,SEIU_1199_Ohio_2022,228,Overtime Cap An employee may not work more than sixteen (16) hours in a day nor more than two,SOFT,deontic:restriction|deontic:permission,2,,,,,,
SEIU_119_1263,SEIU_1199_Ohio_2022,229,Local Options: All local agreements including the following options shall be reduced to writing and signed by both the Union and Management with a copy sent to the respective central offices.,HARD,deontic:obligation,2,,,,,,
SEIU_119_1274,SEIU_1199_Ohio_2022,230,"Weekend Incentive: When mutually beneficial and agreed upon locally by Management and the Union, a supplement may be available for nurses working exclusively three 217",SOFT,deontic:permission,2,,,,,,
SEIU_119_1281,SEIU_1199_Ohio_2022,233,"Psychiatrists/Physician Specialist/Physician Vacation: Permanent employees hired into the Psychiatrists, Physician Specialists, and Physician classifications may be given up to one hundred sixty (160) hours of vacation for full-time and eighty (80) hours for part-time upon hire.",SOFT,deontic:permission,2,,,,,,
SEIU_119_1280,SEIU_1199_Ohio_2022,232,Employees must have the appropriate number of hours either already accrued or be able to accrue the number of hours requested prior to the date of the vacation.,HARD,deontic:obligation,2,,,,,,
SEIU_119_1279,SEIU_1199_Ohio_2022,231,Employees may request a minimum of one,SOFT,deontic:permission,2,,,,,,
SEIU_119_1278,SEIU_1199_Ohio_2022,231,"Ties in state seniority shall be broken in ascending numeric order of the last four digits of the employee’s social security number, with the lowest number being the most senior. 1.",HARD,deontic:obligation,2,,,,,,
SEIU_119_1277,SEIU_1199_Ohio_2022,231,Employees must return the requests on or before February 1 and August 1 respectively.,HARD,deontic:obligation,2,,,,,,
SEIU_119_1276,SEIU_1199_Ohio_2022,231,"Correctional Program Coordinators located within ODRC institutions will not participate in this vacation canvass process; however, they may conduct vacation canvassing upon mutual agreement of the parties.",SOFT,deontic:permission,2,,,,,,
SEIU_119_1275,SEIU_1199_Ohio_2022,231,The definition of weekend shall be determined locally for purposes of this section.,HARD,deontic:obligation,2,,,,,,
SEIU_119_1273,SEIU_1199_Ohio_2022,230,Management and Local Union Leadership at each Campus may explore and mutually agree to other options to reduce the necessity of mandatory overtime.,SOFT,deontic:permission,2,,,,,,
SEIU_119_1264,SEIU_1199_Ohio_2022,229,Alternative list - is a list of additional employees who meet the qualified employee definition and may be used to work voluntary or mandated overtime.,SOFT,deontic:permission,2,,,,,,
SEIU_119_1272,SEIU_1199_Ohio_2022,230,Employees who are working an overtime shift on their day off may not be mandated.,SOFT,deontic:restriction|deontic:permission,2,,,,,,
SEIU_119_1270,SEIU_1199_Ohio_2022,229,"If this is selected as an option at a particular RPH, the following conditions must be part of any program to trade: The trade must be initiated by employees.  Both employees must sign a shift/day trade 216",HARD,deontic:obligation,2,,,,,,
SEIU_119_1269,SEIU_1199_Ohio_2022,229,"If there is agreement to work an alternative schedule or hours, the local site must discuss and develop a method of coverage for overtime when utilizing these types of schedules.",HARD,deontic:obligation,2,,,,,,
SEIU_119_1268,SEIU_1199_Ohio_2022,229,"Alternative schedules - if mutually agreed by the local Union and management, employees may be eligible to work alternative hours and schedules if it is beneficial to the employee and the RPH.",SOFT,deontic:permission,2,,,,,,
SEIU_119_1267,SEIU_1199_Ohio_2022,229,"Additionally, the reverse may be true where an employee inside the hospital at a BHO may be eligible to work overtime at one of the CSN sites or work overtime from one CSN site to another.",SOFT,deontic:permission,2,,,,,,
SEIU_119_1266,SEIU_1199_Ohio_2022,229,"For example, an employee in a CSN program may work overtime at one of the RPH sites upon mutual agreement.",SOFT,deontic:permission,2,,,,,,
SEIU_119_1265,SEIU_1199_Ohio_2022,229,CSN Overtime - employees from different work sites may be eligible to work overtime in another site in the same Regional Psychiatric Hospital (RPH).,SOFT,deontic:permission,2,,,,,,
SEIU_119_1331,SEIU_1199_Ohio_2022,242,"In order to implement partnership, the Union and Management agree to establish regular meetings to include representation from 1199, Agency leadership, and the Director or designee to address any changes that may occur in between scheduled APC meetings.",SOFT,deontic:permission,2,,,,,,
SEIU_119_1332,SEIU_1199_Ohio_2022,243,"outsourcing/contracting of Union work, and staffing issues shall be discussed at APC to ensure consistency of application prior to implementation.",HARD,deontic:obligation,2,,,,,,
SEIU_119_1336,SEIU_1199_Ohio_2022,244,"with OOD, then the individual will be rehired in the classification commensurate with his/her qualifications and shall serve a 365-day probationary period.",HARD,deontic:obligation,2,,,,,,
SEIU_119_1338,SEIU_1199_Ohio_2022,244,"During weapons qualification courses offered and authorized by the Adult Parole Authority, the APA shall provide a certified First Aid expert on the firing range. 2.",HARD,deontic:obligation,2,,,,,,
SEIU_119_1407,SEIU_1199_Ohio_2022,257,The payment shall consist of an annual payment of one hundred twenty-five ($125) dollars for Lab coats and Nursing Shoes.,HARD,deontic:obligation,2,,,,,,
SEIU_119_1406,SEIU_1199_Ohio_2022,257,"Pursuant to the terms of this Agreement, any discipline shall only be for just cause.",HARD,deontic:obligation,2,,,,,,
SEIU_119_1405,SEIU_1199_Ohio_2022,256,Any such hires shall not participate in the re-canvass.,HARD,deontic:prohibition|deontic:obligation,2,,,,,,
SEIU_119_1404,SEIU_1199_Ohio_2022,256,"Subsequent vacancies filled by the Employer shall be filled pursuant to Articles 30, 24.16 and 24.17.",HARD,deontic:obligation,2,,,,,,
SEIU_119_1403,SEIU_1199_Ohio_2022,256,Per Article 24.16 shift and assignments and good days (late nights if applicable) shall be canvassed based on 1199 seniority.,HARD,deontic:obligation,2,,,,,,
SEIU_119_1402,SEIU_1199_Ohio_2022,256,This recanvass shall include all employees’ current to the institutions and those who are being displaced/bumped into that institution.,HARD,deontic:obligation,2,,,,,,
SEIU_119_1397,SEIU_1199_Ohio_2022,254,"When pre-scheduled overtime is used at a particular location, the following guidelines shall apply:  Post opportunities in advance in a conspicuous location.  Award the opportunity according to the procedure above.  Employees interested in the opportunity must sign up during the posting period.  The posting period shall be decided locally.  Once an employee is awarded and has accepted an overtime opportunity, it is considered a regularly scheduled day.",HARD,deontic:obligation|deontic:obligation,2,,,,,,
SEIU_119_1396,SEIU_1199_Ohio_2022,254,An employee may not work more than sixteen (16) hours in a day nor be mandated to work overtime when he/she has work three,SOFT,deontic:restriction|deontic:permission,2,,,,,,
SEIU_119_1395,SEIU_1199_Ohio_2022,254,Qualified management personnel and qualified personnel from other bargaining units may work to avoid mandating a bargaining unit nurse. f.,SOFT,deontic:permission,2,,,,,,
SEIU_119_1394,SEIU_1199_Ohio_2022,253,Overtime procedures for nurses must comply with the following requirements: 1.,HARD,deontic:obligation,2,,,,,,
SEIU_119_1393,SEIU_1199_Ohio_2022,253,"Emergency Pay In cases where unforeseen circumstances exist, and the Director or DRC declares that an emergency exists which affects health and safety at a prison, employees required to work or required to stay at work during the emergency shall be paid according to the provisions of Article 35.",HARD,deontic:obligation,2,,,,,,
SEIU_119_1392,SEIU_1199_Ohio_2022,253,"These Procedures may be modified by mutual agreement of the parties. *If language regarding bargaining unit seniority changes, then this language shall be changed to reflect bargaining unit seniority.",HARD,deontic:obligation|deontic:permission,2,,,,,,
SEIU_119_1391,SEIU_1199_Ohio_2022,252,Shift openings shall be filled by the qualified employee within the classification at the worksite having the greatest State seniority* who desires the opening. 7.,HARD,deontic:obligation,2,,,,,,
SEIU_119_1390,SEIU_1199_Ohio_2022,252,"Shift openings shall be posted and filled by employees in the job classification of the opening prior to the opening being offered to promotions, demotions, transfers or new hires. 6.",HARD,deontic:obligation,2,,,,,,
SEIU_119_1389,SEIU_1199_Ohio_2022,252,This provision may be waived by mutual agreement of the successful candidate for opening and the respective supervisor. 5.,SOFT,deontic:permission,2,,,,,,
SEIU_119_1388,SEIU_1199_Ohio_2022,252,The close of the posting period shall be a least fourteen (14) days prior to the beginning of the shift opening.,HARD,deontic:obligation,2,,,,,,
SEIU_119_1387,SEIU_1199_Ohio_2022,252,Shift openings shall be posted for a period of seven,HARD,deontic:obligation,2,,,,,,
SEIU_119_1408,SEIU_1199_Ohio_2022,257,"Technology and Union Representation Upon mutual agreement, the parties may conduct meetings arising in the course of the disciplinary/grievance process via videoconference /polycom or teleconference.",SOFT,deontic:permission,2,,,,,,
SEIU_119_1409,SEIU_1199_Ohio_2022,258,"(2) years experience as a vocational rehabilitation field case manager.” Effective July 1, 2015, all IRCMS employees shall possess one of the required certifications.",HARD,deontic:obligation,2,,,,,,
SEIU_119_1410,SEIU_1199_Ohio_2022,258,BWC shall make a good faith effort to increase the number of in-house CEU training opportunities.,HARD,deontic:obligation,2,,,,,,
SEIU_119_1421,SEIU_1199_Ohio_2022,259,An employee shall have only one,HARD,deontic:obligation,2,,,,,,
SEIU_119_1430,SEIU_1199_Ohio_2022,263,"or did not report to duty, dependent on the direction upon calling in) after being to do so. 8) The clinician assigned to provide holiday coverage shall call in on the holiday between 10:00 a.m. and 10:15 a.m. to determine if he or she is required to report to work.",HARD,deontic:obligation|deontic:obligation,2,,,,,,
SEIU_119_1429,SEIU_1199_Ohio_2022,262,"Any issues will be addressed at the FPC first and if not resolved there, addressed at APC. 7) For purposes of determining whether a clinician “worked” a holiday, the clinician must have called in on a holiday (and then either reported to duty 249",HARD,deontic:obligation,2,,,,,,
SEIU_119_1426,SEIU_1199_Ohio_2022,261,"(1) hour of stand-by pay (in addition to any hours of work completed at the facility). 3) If the clinician is required to report to work, the clinician will be paid four",HARD,deontic:obligation,2,,,,,,
SEIU_119_1425,SEIU_1199_Ohio_2022,260,"If pre-scheduled overtime is used at a particular location, the following guidelines shall apply:  Post opportunities in advance.  Award the opportunity according to the procedure above.  Employees interested in the opportunity must sign up during the posting period.  The posting period shall be decided locally.  Once an employee is awarded and has accepted an overtime opportunity, it is considered a regularly scheduled day.",HARD,deontic:obligation|deontic:obligation,2,,,,,,
SEIU_119_1424,SEIU_1199_Ohio_2022,259,Overtime procedures for nurses must comply with the following requirements: A.,HARD,deontic:obligation,2,,,,,,
SEIU_119_1423,SEIU_1199_Ohio_2022,259,"In lieu of the provisions of Article 37, Uniforms, the Department of Youth Services shall monthly provide a payment of $25.00 uniform allowance to employees in nursing classifications.",HARD,deontic:obligation,2,,,,,,
SEIU_119_1422,SEIU_1199_Ohio_2022,259,"C: If an employee is shifted to meet operational needs, the employee’s Headquarters may be temporarily changed by mutual agreement.",SOFT,deontic:permission,2,,,,,,
SEIU_119_1420,SEIU_1199_Ohio_2022,259,A headquarter may be a Regional Office or other approved check-in location.,SOFT,deontic:permission,2,,,,,,
SEIU_119_1411,SEIU_1199_Ohio_2022,258,IRCMS employees shall maintain the certification for the duration of employment with BWC.,HARD,deontic:obligation,2,,,,,,
SEIU_119_1419,SEIU_1199_Ohio_2022,259,Management may approve or disapprove the selection.,SOFT,deontic:permission,2,,,,,,
SEIU_119_1418,SEIU_1199_Ohio_2022,259,"B: For the purpose of determining Headquarters, an employee shall select a Headquarter within the employee’s work county or counties.",HARD,deontic:obligation,2,,,,,,
SEIU_119_1416,SEIU_1199_Ohio_2022,259,"For the purpose of applying Article 21: A: Normal report-in location, assigned work site and employee’s headquarters shall be used interchangeably and will be referred to as Travel Headquarters.",HARD,deontic:obligation,2,,,,,,
SEIU_119_1415,SEIU_1199_Ohio_2022,259,No bargaining unit member shall be required to collect and handle urine in an offender’s residence. 2.,HARD,deontic:obligation,2,,,,,,
SEIU_119_1414,SEIU_1199_Ohio_2022,258,"If this occurs, BWC shall possess the ability to abolish the IRCMS position, with this Agreement serving as the lone justification/rationale.",HARD,deontic:obligation,2,,,,,,
SEIU_119_1413,SEIU_1199_Ohio_2022,258,"If an IRCMS employee fails to maintain a certification, BWC shall consider the employee as failing to meet the minimum requirements to remain in an IRCMS classification.",HARD,deontic:obligation,2,,,,,,
SEIU_119_1412,SEIU_1199_Ohio_2022,258,IRCMS employees shall provide BWC with annual verification of certification.,HARD,deontic:obligation,2,,,,,,
SEIU_119_1386,SEIU_1199_Ohio_2022,252,All bids for the shift opening shall be submitted to the designated supervisor within the posting period. 4.,HARD,deontic:obligation,2,,,,,,
SEIU_119_1385,SEIU_1199_Ohio_2022,252,Copies of the shift opening shall be forwarded to the Union at the time of posting. 3.,HARD,deontic:obligation,2,,,,,,
SEIU_119_1384,SEIU_1199_Ohio_2022,252,All shift openings shall be posted in a conspicuous place accessible to all employees.,HARD,deontic:obligation,2,,,,,,
SEIU_119_1347,SEIU_1199_Ohio_2022,245,"Management and the Union agree that without mutual consent of the Employer and the employee, no DP&CS employee shall be mandated to serve on a 232",HARD,deontic:obligation,2,,,,,,
SEIU_119_1358,SEIU_1199_Ohio_2022,248,"The withdrawal must be done as soon as possible, but no later than the effective date of the Personnel Action moving the employee. 5.",HARD,deontic:obligation,2,,,,,,
SEIU_119_1357,SEIU_1199_Ohio_2022,248,"If awarded the position, the officer may withdraw from the position by mutual agreement of the Union and the Employer should there be extreme circumstances that the officer presents in writing.",SOFT,deontic:preference|deontic:permission,2,,,,,,
SEIU_119_1356,SEIU_1199_Ohio_2022,248,The officer identified shall have five,HARD,deontic:obligation,2,,,,,,
SEIU_119_1355,SEIU_1199_Ohio_2022,247,Parole Officers and Senior Parole Officers wishing to laterally canvass may file timely applications through the Ohio Hiring Management System (OHMS or careers.ohio.gov) indicating the Adult Parole Authority unit(s) and/or location assignment(s) for which they wish to be considered for lateral canvass.,SOFT,deontic:permission,2,,,,,,
SEIU_119_1353,SEIU_1199_Ohio_2022,247,"Furthermore, should any changes in the criteria occur during the life of the contract, the Union shall be notified and given thirty (30) days to comment on such changes.",HARD,deontic:obligation|deontic:preference,2,,,,,,
SEIU_119_1352,SEIU_1199_Ohio_2022,246,"Should the parties fail to reach resolution on a workload distribution during the professional committee meetings, then the affected parole officer or senior parole officer may pursue the issue as a grievance under article 33, “Service Delivery” of the collective bargaining agreement.",SOFT,deontic:preference|deontic:permission,2,,,,,,
SEIU_119_1351,SEIU_1199_Ohio_2022,246,"To that end, the parties agree ongoing discussions shall occur during professional committee meetings to address problems or issues deriving from workload distribution.",HARD,deontic:obligation,2,,,,,,
SEIU_119_1346,SEIU_1199_Ohio_2022,245,The DPCS will continue to seek additional vehicles and shall discuss with the Union where the vehicles should be located and how to continue to reduce incidents of transporting offenders and urine in a personal vehicle. 8.,HARD,deontic:obligation|deontic:preference,2,,,,,,
SEIU_119_1360,SEIU_1199_Ohio_2022,248,The establishment of any new unit shall be open for canvass to any Parole Officer regardless of their last transfer date. 7.,HARD,deontic:obligation,2,,,,,,
SEIU_119_1345,SEIU_1199_Ohio_2022,245,The issue of specialized training shall be a topic of discussion at the Agency and Regional Professional Committee meetings. 7.,HARD,deontic:obligation,2,,,,,,
SEIU_119_1344,SEIU_1199_Ohio_2022,245,The parties agree that no bargaining unit member shall be required to collect and handle urine in an offender’s residence. 6.,HARD,deontic:obligation,2,,,,,,
SEIU_119_1343,SEIU_1199_Ohio_2022,245,The APA shall provide a list of equipment that is available at no cost to Parole Officers and Senior Parole Officers upon request. 5.,HARD,deontic:obligation,2,,,,,,
SEIU_119_1342,SEIU_1199_Ohio_2022,245,Such sub-committee may consist of at least three,SOFT,deontic:permission,2,,,,,,
SEIU_119_1341,SEIU_1199_Ohio_2022,245,Any issues arising out of this agreement shall be referred to the sub-committee of the APC.,HARD,deontic:obligation,2,,,,,,
SEIU_119_1340,SEIU_1199_Ohio_2022,245,Parole Equipment Allowance – All Senior Parole Officers and Parole Officers shall receive a lump sum payment of $350.00 per year for each year of the agreement.,HARD,deontic:obligation,2,,,,,,
SEIU_119_1339,SEIU_1199_Ohio_2022,244,"Any Parole Officer or Senior Parole Officer, shall be offered two",HARD,deontic:obligation,2,,,,,,
SEIU_119_1359,SEIU_1199_Ohio_2022,248,The transfer shall be granted to the Officer with the greatest state Seniority.,HARD,deontic:obligation,2,,,,,,
SEIU_119_1361,SEIU_1199_Ohio_2022,248,"Parole Officers on probation may bid on a posted vacancy, however, no Officer who will be on probation at the time the position is awarded shall be awarded a posted vacancy.",HARD,deontic:obligation|deontic:permission,2,,,,,,
SEIU_119_1383,SEIU_1199_Ohio_2022,252,"Shift Bidding Procedures Pursuant to Section 24.16, the following process shall be used within DRC to canvass for shift openings. 1.",HARD,deontic:obligation,2,,,,,,
SEIU_119_1375,SEIU_1199_Ohio_2022,251,"All documents, papers, audio or video recordings and any and all other significant related information shall be shared with these employees at their request prior to the peer review process.",HARD,deontic:obligation,2,,,,,,
SEIU_119_1382,SEIU_1199_Ohio_2022,252,Employees who receive call back pay shall not receive stand by pay for the same day.,HARD,deontic:prohibition|deontic:obligation,2,,,,,,
SEIU_119_1381,SEIU_1199_Ohio_2022,252,"If the employee is required to report to an institution other than their home institution, they may be eligible for travel pay under Article 21.",HARD,deontic:obligation|deontic:permission,2,,,,,,
SEIU_119_1380,SEIU_1199_Ohio_2022,252,"If the employee is required to report to a facility they shall be paid pursuant to the Call Back pay provision of this Agreement, Section 43.06.",HARD,deontic:obligation|deontic:obligation,2,,,,,,
SEIU_119_1379,SEIU_1199_Ohio_2022,252,"The employee shall be compensated for these hours pursuant to the stand-by pay provision of this Agreement, Section 43.05.",HARD,deontic:obligation,2,,,,,,
SEIU_119_1378,SEIU_1199_Ohio_2022,251,"Where a bargaining unit employee is required to provide weekend suicide coverage, the employee shall be in a stand-by status for two",HARD,deontic:obligation|deontic:obligation,2,,,,,,
SEIU_119_1377,SEIU_1199_Ohio_2022,251,The types of uniforms and provisions for the wearing of uniforms shall be covered in policies developed by the Agency.,HARD,deontic:obligation,2,,,,,,
SEIU_119_1376,SEIU_1199_Ohio_2022,251,"Nurse Uniforms In lieu of the provisions of Article 37, Uniforms, DRC shall annually, at the beginning of each fiscal year or as soon thereafter as possible, provide a lump sum payment of $350.00 uniform allowance to employees in medical classifications.",HARD,deontic:obligation,2,,,,,,
SEIU_119_1372,SEIU_1199_Ohio_2022,250,The Peer Review Board shall include two management physicians and an impartial classification specific Bargaining Unit Employee as designated by the Union. 5.,HARD,deontic:obligation,2,,,,,,
SEIU_119_1362,SEIU_1199_Ohio_2022,248,Probationary parole officers may be reassigned by management to another vacancy within the same headquarter county.,SOFT,deontic:permission,2,,,,,,
SEIU_119_1371,SEIU_1199_Ohio_2022,250,"If a physician, psychiatrist, physician assistant or correctional nurse practitioner disputes the termination issued by the State Medical or Psychiatric Director after a peer review, the employee may appeal that decision to the Peer Review Board within 7 (seven) days of notification of the termination.",SOFT,deontic:permission,2,,,,,,
SEIU_119_1370,SEIU_1199_Ohio_2022,250,"Clinical performance violations include but may not be limited to; failure to accurately diagnose (or formulate a differential diagnosis) failure to order appropriate tests or investigations, failure to order medications or treatments, failure to act in accordance with the Bureau of Medical Services (BOMS) or Bureau of Mental Health (BMH) established medical or mental health protocols, policies or directives, or failure to intervene or lack of intervention when medically indicated. 4.",SOFT,deontic:restriction|deontic:permission,2,,,,,,
SEIU_119_1369,SEIU_1199_Ohio_2022,250,"When clinical performance violations are alleged as a result of the peer review process, these errors may be grounds for termination. 3.",SOFT,deontic:permission,2,,,,,,
SEIU_119_1368,SEIU_1199_Ohio_2022,249,"The State Medical Director, the State Psychiatric Director or their designees shall conduct peer reviews of physicians, psychiatrists, physician 236",HARD,deontic:obligation,2,,,,,,
SEIU_119_1367,SEIU_1199_Ohio_2022,249,"Should the parties be unable to reach an agreement on the Parole Officer and Senior Parole Officer Canvassing Process, the canvass process as described above (items 1-9) will be followed.",SOFT,deontic:preference,2,,,,,,
SEIU_119_1366,SEIU_1199_Ohio_2022,249,At the conclusion of each application period the Union shall be provided a copy of the master list containing all applicants and their identified selections.,HARD,deontic:obligation,2,,,,,,
SEIU_119_1363,SEIU_1199_Ohio_2022,248,"Such reassignment shall require the approval of the Appointing Authority and, shall not preempt the rights of non-probationary parole officers to canvass into the vacancy. 8.",HARD,deontic:prohibition|deontic:obligation,2,,,,,,
SEIU_119_1242,SEIU_1199_Ohio_2022,225,The parties may mutually agree to modify these timeframes. 8.,SOFT,deontic:permission,2,,,,,,
SEIU_119_1239,SEIU_1199_Ohio_2022,225,"An employee who has bumped in accordance with this Agreement, shall have the right, within five days, to bump the least senior employee according to the provisions of this Agreement.",HARD,deontic:obligation,2,,,,,,
SEIU_119_1038,SEIU_1199_Ohio_2022,189,"Representatives from OCB and SEIU/District 1199 may attend, but will not be voting members of the panel.",SOFT,deontic:permission,2,,,,,,
SEIU_119_1087,SEIU_1199_Ohio_2022,198,An Agency head or his/her designee may refer such employees to the Employee Assistance Program for referral and treatment.,SOFT,deontic:permission,2,,,,,,
SEIU_119_1109,SEIU_1199_Ohio_2022,203,The field worker may opt to terminate the agreement for any reason with fourteen (14) days advance written notice to their supervisor.,SOFT,deontic:permission,2,,,,,,
SEIU_119_1108,SEIU_1199_Ohio_2022,203,Any work-related injuries must be reported to the field worker’s supervisor immediately in accordance with the Agency’s reporting policies.,HARD,deontic:obligation,2,,,,,,
SEIU_119_1107,SEIU_1199_Ohio_2022,203,"All pay, leave, overtime requests, and travel entitlement shall be based on provisions of the collective bargaining agreement and Agency policy. 10.",HARD,deontic:obligation,2,,,,,,
SEIU_119_1106,SEIU_1199_Ohio_2022,202,"In the event a field worker has received authorization from management to transport or store sensitive data at the alternative work location, data encryption and/or physical security measures must be implemented. 189",HARD,deontic:obligation,2,,,,,,
SEIU_119_1105,SEIU_1199_Ohio_2022,202,"State data, applications, documents and other state resources must be protected by the field worker from unauthorized viewing, use or access by all third parties.",HARD,deontic:obligation,2,,,,,,
SEIU_119_1104,SEIU_1199_Ohio_2022,202,"Adequate precautions must be taken at the alternative work location to ensure the security of state data, hardware and communication links.",HARD,deontic:obligation,2,,,,,,
SEIU_119_1103,SEIU_1199_Ohio_2022,202,Failure to permit an onsite visit may result in termination of the employee’s participation in the alternative work location agreement. 8.,SOFT,deontic:permission,2,,,,,,
SEIU_119_1102,SEIU_1199_Ohio_2022,202,"Supervisors may, with reasonable notice, make onsite visits to the employee’s alternative work location.",SOFT,deontic:permission,2,,,,,,
SEIU_119_1101,SEIU_1199_Ohio_2022,202,Supervisors may require field workers to report to a central workplace as needed. 7.,SOFT,deontic:permission,2,,,,,,
SEIU_119_1100,SEIU_1199_Ohio_2022,202,Itinerary changes shall be forwarded to the field worker’s supervisor as soon as the field worker is aware of the need for the change. 6.,HARD,deontic:obligation,2,,,,,,
SEIU_119_1099,SEIU_1199_Ohio_2022,202,Supervisors shall require the field worker to provide a daily itinerary that details the hours and assignments the field worker expects to complete at the alternative work location.,HARD,deontic:obligation,2,,,,,,
SEIU_119_1098,SEIU_1199_Ohio_2022,201,The alternative work location should not increase costs to the State of Ohio; e.,SOFT,deontic:preference,2,,,,,,
SEIU_119_1097,SEIU_1199_Ohio_2022,201,"Prior to participation, a field worker and the Agency must enter into an agreement that, at a minimum, must specify: a.",HARD,deontic:obligation,2,,,,,,
SEIU_119_1094,SEIU_1199_Ohio_2022,198,The probationary employee shall be terminated on the first occasion in which they test positive for alcohol or other drugs.,HARD,deontic:obligation,2,,,,,,
SEIU_119_1093,SEIU_1199_Ohio_2022,198,Employees on their initial probationary period who test positive for drugs or alcohol from either a random or reasonable suspicion test shall not be eligible for a last chance or EAP Agreement.,HARD,deontic:prohibition|deontic:obligation,2,,,,,,
SEIU_119_1090,SEIU_1199_Ohio_2022,198,Last chance agreements shall not be effective for longer than five,HARD,deontic:prohibition|deontic:obligation,2,,,,,,
SEIU_119_1089,SEIU_1199_Ohio_2022,198,"No disciplinary action shall be taken against the employee, provided he/she successfully completes the program.",HARD,deontic:obligation,2,,,,,,
SEIU_119_1110,SEIU_1199_Ohio_2022,203,Management may opt to terminate the agreement for a good business reason by providing written notice to the field worker.,SOFT,deontic:permission,2,,,,,,
SEIU_119_1111,SEIU_1199_Ohio_2022,203,"Should the Employer decide to terminate the agreements of an entire classification, notice will be provided to the Union and it will be an appropriate subject for the Agency Professional Committee.",SOFT,deontic:preference,2,,,,,,
SEIU_119_1112,SEIU_1199_Ohio_2022,203,Termination of the agreement shall not be grievable.,HARD,deontic:prohibition|deontic:obligation,2,,,,,,
SEIU_119_1126,SEIU_1199_Ohio_2022,204,"If the unpaid leave of absence is open-ended, the employee shall remain on the unpaid leave of absence at least until the end of a furlough. 4.",HARD,deontic:obligation,2,,,,,,
SEIU_119_1136,SEIU_1199_Ohio_2022,206,"Employees shall continue to earn seniority and service credit during a furlough, for purposes of vacation accruals and longevity, as long as the employee returns to work. 5.",HARD,deontic:obligation,2,,,,,,
SEIU_119_1135,SEIU_1199_Ohio_2022,206,Employees shall not be eligible to use any accrued leave during a furlough. 4.,HARD,deontic:prohibition|deontic:obligation,2,,,,,,
SEIU_119_1134,SEIU_1199_Ohio_2022,205,Employees shall continue to accrue leave based upon the employee’s established work hours 192,HARD,deontic:obligation,2,,,,,,
SEIU_119_1133,SEIU_1199_Ohio_2022,205,"If an employee does not return to work from a furlough, the employee must repay the employee’s share of the health insurance premiums upon separation and such amount may be deducted from the employee’s final paycheck. 3.",HARD,deontic:obligation|deontic:permission,2,,,,,,
SEIU_119_1131,SEIU_1199_Ohio_2022,205,"Upon return to work, the employee must repay the employee’s share of the health insurance premiums.",HARD,deontic:obligation,2,,,,,,
SEIU_119_1128,SEIU_1199_Ohio_2022,205,"During the notice period for a layoff required by the collective bargaining agreement or the Ohio Revised Code, the employee(s) shall remain on furlough. 5.",HARD,deontic:obligation,2,,,,,,
SEIU_119_1127,SEIU_1199_Ohio_2022,204,"If during or at the end of a furlough period, a layoff or abolishment of positions is necessary, the Employer shall follow the provisions of 191",HARD,deontic:obligation,2,,,,,,
SEIU_119_1124,SEIU_1199_Ohio_2022,204,An employee on an unpaid leave of absence at the time of a furlough shall remain on an unpaid leave of absence until the expiration of the unpaid leave of absence.,HARD,deontic:obligation,2,,,,,,
SEIU_119_1113,SEIU_1199_Ohio_2022,203,"APPENDIX F – FURLOUGH Employees may be furloughed on a non-permanent basis, based on a lack of funding from the federal government, at the Employer’s discretion.",SOFT,deontic:permission,2,,,,,,
SEIU_119_1121,SEIU_1199_Ohio_2022,204,"However, a furlough shall not exceed four",HARD,deontic:prohibition|deontic:obligation,2,,,,,,
SEIU_119_1120,SEIU_1199_Ohio_2022,204,The Employer may extend a furlough based on the duration of the lack of funding from the federal government and shall promptly notify employees of any changes to the return to work date.,HARD,deontic:obligation|deontic:permission,2,,,,,,
SEIU_119_1119,SEIU_1199_Ohio_2022,204,"During a furlough, employees shall not report to work.",HARD,deontic:prohibition|deontic:obligation,2,,,,,,
SEIU_119_1118,SEIU_1199_Ohio_2022,204,The notice shall indicate the date a furlough is to begin. 2.,HARD,deontic:obligation,2,,,,,,
SEIU_119_1117,SEIU_1199_Ohio_2022,204,"(2) days’ notice shall be provided to any identified employee prior to a furlough, and when practicable, a longer notice will be provided.",HARD,deontic:obligation,2,,,,,,
SEIU_119_1116,SEIU_1199_Ohio_2022,204,The Employer will make a general announcement using its usual and customary means of agencywide communications approximately fourteen (14) days before such federal funds may be interrupted.,SOFT,deontic:permission,2,,,,,,
SEIU_119_1115,SEIU_1199_Ohio_2022,203,The Employer may update such statement and list of employees as needed. 190,SOFT,deontic:permission,2,,,,,,
SEIU_119_1088,SEIU_1199_Ohio_2022,198,"Disciplinary Action On the first occasion in which any employee who is determined to be under the influence of, or using, alcohol or other drugs, while on duty, as confirmed by testing pursuant to this policy, the employee shall be given the opportunity to enter into and successfully complete a substance abuse program certified by the Ohio Department of Mental Health and Addiction Services.",HARD,deontic:obligation,2,,,,,,
SEIU_119_1086,SEIU_1199_Ohio_2022,197,"Each Agency is required to notify any federal Agency with which it has a contract or grant, within ten (10) days after receiving notice from the employee, of the fact of such conviction.",HARD,deontic:obligation,2,,,,,,
SEIU_119_1238,SEIU_1199_Ohio_2022,225,"If the employee fails to notify his/her supervisor within that five day period he/she wishes to exercise his/her bumping rights, he/she shall have no further bumping rights. 7.",HARD,deontic:obligation,2,,,,,,
SEIU_119_1085,SEIU_1199_Ohio_2022,197,"Notice of Drug-Related Convictions As required by the Federal Drug-Free Workplace Act of 1988, each employee covered by this Agreement is required to notify his/her Agency head or his/her designee, within five",HARD,deontic:obligation,2,,,,,,
SEIU_119_1057,SEIU_1199_Ohio_2022,193,"Such reasonable suspicion must be based upon objective facts or specific circumstances found to exist that present a reasonable basis to believe that an employee is under the influence of, or is using or abusing, alcohol or drugs.",HARD,deontic:obligation,2,,,,,,
SEIU_119_1056,SEIU_1199_Ohio_2022,193,"Reasonable Suspicion Employees covered by this Agreement may be required to submit a urine specimen for testing for the presence of drugs or a breath sample for the testing of the presence of alcohol: Where there is reasonable suspicion to believe that the employee, when appearing for duty or on the job, is under the influence of, or his/her job performance, is impaired by alcohol or other drugs.",SOFT,deontic:permission,2,,,,,,
SEIU_119_1055,SEIU_1199_Ohio_2022,192,"Similarly, all records relating to drug tests and their results shall be maintained in accordance with Ohio and Federal laws.",HARD,deontic:obligation,2,,,,,,
SEIU_119_1054,SEIU_1199_Ohio_2022,192,The confidential nature of the medical records of employees with substance abuse problems shall be maintained pursuant to both Ohio and Federal laws.,HARD,deontic:obligation,2,,,,,,
SEIU_119_1053,SEIU_1199_Ohio_2022,192,No person with a substance abuse problem shall have his/her job security or promotional opportunities jeopardized by a request for diagnosis and/or treatment.,HARD,deontic:obligation,2,,,,,,
SEIU_119_1051,SEIU_1199_Ohio_2022,192,"The same benefits and insurance coverages that are provided for all other illnesses, diseases, and/or physical or psychological conditions, under the State’s established health insurance benefit plan, shall be available for individuals who accept medically approved treatment of alcoholism or drug dependency.",HARD,deontic:obligation,2,,,,,,
SEIU_119_1050,SEIU_1199_Ohio_2022,192,"Any employees suffering from a substance abuse problem shall receive the same careful consideration and offer of treatment that is presently extended under the State’s existing benefit plans to those employees having other mental health and substance abuse conditions, as well as under the Employee Assistance Plan established under Article 20 of this Agreement.",HARD,deontic:obligation,2,,,,,,
SEIU_119_1049,SEIU_1199_Ohio_2022,191,"Testing for new classifications listed in Article 49 and Section 7 of this article shall not be implemented until January 1, 2001. 178",HARD,deontic:prohibition|deontic:obligation,2,,,,,,
SEIU_119_1048,SEIU_1199_Ohio_2022,191,"In addition, managers and supervisors shall be provided training about the Drug-Free Workplace Policy and alcohol and the drug-testing program in order to ensure that the policy and program are administered consistently, fairly, and within appropriate Constitutional parameters.",HARD,deontic:obligation,2,,,,,,
SEIU_119_1047,SEIU_1199_Ohio_2022,191,"Additionally, each employee will similarly be provided with a written description of the Employer’s drug testing policy, including the procedures under which a test may be ordered, procedures for obtaining samples for testing, how testing will be conducted and reported to the Employer and employees, and how medical marijuana will be addressed; and the potential consequences of refusing to submit to testing or of positive test results.",SOFT,deontic:permission,2,,,,,,
SEIU_119_1046,SEIU_1199_Ohio_2022,191,All bargaining unit employees shall be furnished with a copy of the Employer’s drug-free workplace policies within thirty (30) days of initial employment with a state Agency.,HARD,deontic:obligation,2,,,,,,
SEIU_119_1045,SEIU_1199_Ohio_2022,191,"The State will periodically provide information and training programs concerning the impact of alcohol and other drug use on job performance, as well as information concerning the State’s Employee Assistance Program and any other resources that an employee or his/her family may contact for assistance in overcoming an alcohol and/or other drug problem.",SOFT,deontic:permission,2,,,,,,
SEIU_119_1044,SEIU_1199_Ohio_2022,190,Both parties agree that the emphasis of any drug-free workplace programs shall be to prevent 177,HARD,deontic:obligation,2,,,,,,
SEIU_119_1043,SEIU_1199_Ohio_2022,190,"The parties further acknowledge that substance abuse may lead to safety and health risks in the workplace, for the abusers, their co-workers, and the public-atlarge.",SOFT,deontic:permission,2,,,,,,
SEIU_119_1041,SEIU_1199_Ohio_2022,190,"If any of the above circumstances occur, OIL benefits shall be immediately terminated and the employee shall reimburse the State in the amount of any benefits improperly received.",HARD,deontic:obligation,2,,,,,,
SEIU_119_1040,SEIU_1199_Ohio_2022,189,"Disqualification An employee shall be disqualified from receiving OIL benefits under any of the following circumstances: a. the employee knowingly makes any false misleading statement(s) and/or alters, falsifies, destroys or conceals any document in order to be eligible to receive OIL; b. the employee engages in sustained remunerative employment or other activity(ies) that are inconsistent with his/her medical/psychological restrictions while receiving OIL benefits; c. the employee is no longer in the state service or 176",HARD,deontic:obligation,2,,,,,,
SEIU_119_1039,SEIU_1199_Ohio_2022,189,"If the employee accepts Workers’ Compensation TTD Compensation during the appeal process, he/she may continue to submit extension paperwork.",SOFT,deontic:permission,2,,,,,,
SEIU_119_1058,SEIU_1199_Ohio_2022,193,"Examples of reasonable suspicion shall include, but are not limited to, slurred speech, disorientation, abnormal conduct or behavior, or involvement in an on-the- job accident resulting in disabling personal injury requiring immediate hospitalization of any person or property damage in excess of $2,000, where the circumstances raise a reasonable suspicion concerning the existence of alcohol or other drug use or abuse by the employee.",HARD,deontic:obligation,2,,,,,,
SEIU_119_1059,SEIU_1199_Ohio_2022,193,"In addition, such reasonable suspicion must be documented in writing and supported by two witnesses, including the person having such suspicion.",HARD,deontic:obligation,2,,,,,,
SEIU_119_1060,SEIU_1199_Ohio_2022,193,The immediate supervisor shall be contacted to confirm a test is warranted based upon the circumstances.,HARD,deontic:obligation,2,,,,,,
SEIU_119_1075,SEIU_1199_Ohio_2022,196,The employee shall be responsible for the cost of all follow-up alcohol and drug tests that are ordered by the Employer.,HARD,deontic:obligation,2,,,,,,
SEIU_119_1083,SEIU_1199_Ohio_2022,197,"If the employee does not waive the seventytwo (72) hour pre-disciplinary meeting requirement, the employee shall be placed on approved administrative leave without pay and may use any accruals to cover the time off.",HARD,deontic:obligation|deontic:permission,2,,,,,,
SEIU_119_1082,SEIU_1199_Ohio_2022,197,If the employee is sent home after notice is received by the Employer that he/she tested positive the Employer shall place the employee on administrative leave with pay pending notice of the pre-disciplinary meeting.,HARD,deontic:obligation,2,,,,,,
SEIU_119_1081,SEIU_1199_Ohio_2022,197,"However, no employee may be displaced from a pick-a-post position based on such an assignment.",HARD,deontic:prohibition|deontic:permission,2,,,,,,
SEIU_119_1080,SEIU_1199_Ohio_2022,197,An employee may be assigned to non-safety sensitive duties after testing positive.,SOFT,deontic:permission,2,,,,,,
SEIU_119_1079,SEIU_1199_Ohio_2022,197,"Periodically, at the Union’s discretion, the Union shall have the opportunity to audit the State’s sampling and testing procedures.",HARD,deontic:obligation,2,,,,,,
SEIU_119_1078,SEIU_1199_Ohio_2022,196,"The Union may inspect individual test results, if the release of such information is authorized, in writing, by the affected employee.",SOFT,deontic:permission,2,,,,,,
SEIU_119_1076,SEIU_1199_Ohio_2022,196,The random testing pool shall be maintained and administered by the Drug Free Workplace Services Program of the Department of Administrative Services.,HARD,deontic:obligation,2,,,,,,
SEIU_119_0726,SEIU_1199_Ohio_2022,119,"Based on the risk assessment, some employees or work areas may need to be tested more often than annually.",SOFT,deontic:permission,2,,,,,,
SEIU_119_1062,SEIU_1199_Ohio_2022,194,"submit to, any test for the presence of drugs or alcohol may affect the employee’s eligibility for Workers’ Compensation and benefits pursuant to Chapter 4123 and 4121 of the Ohio Revised Code.",SOFT,deontic:permission,2,,,,,,
SEIU_119_1072,SEIU_1199_Ohio_2022,195,(7) days after the Facility/Institution receives the list shall not be tested as a result of that list. 5.,HARD,deontic:prohibition|deontic:obligation,2,,,,,,
SEIU_119_1070,SEIU_1199_Ohio_2022,195,The Agency Central Office shall issue a list of employees to the appropriate Facilities/Institutions.,HARD,deontic:obligation,2,,,,,,
SEIU_119_1069,SEIU_1199_Ohio_2022,195,The Drug-Free Workplace Office of DAS may issue the random testing list to DYS Central Office and DR&C Operation Support Center.,SOFT,deontic:permission,2,,,,,,
SEIU_119_1068,SEIU_1199_Ohio_2022,195,The random testing pool shall be maintained and administered by the Drug-Free Workplace Services Program of the Department of Administrative Services.,HARD,deontic:obligation,2,,,,,,
SEIU_119_1066,SEIU_1199_Ohio_2022,194,"Employees shall have the right to consult with a Union representative, if one is available one hour prior to testing, and a Union representative may accompany the employee to the specimen collection site as long as reasonable suspicion is called for by the Employer. 3.",HARD,deontic:obligation|deontic:permission,2,,,,,,
SEIU_119_1065,SEIU_1199_Ohio_2022,194,"Procedures and protocols for the collection, transmission and testing of the employees’ samples shall conform to the methods and procedures provided by Federal regulations pursuant to the Federal Omnibus Transportation Employee Testing Act of 1991. 2.",HARD,deontic:obligation,2,,,,,,
SEIU_119_1064,SEIU_1199_Ohio_2022,194,Federal Testing Employees who are required to be tested pursuant to Federal laws and/or Federal regulations shall be tested in accordance with those laws and regulations.,HARD,deontic:obligation|deontic:obligation,2,,,,,,
SEIU_119_1137,SEIU_1199_Ohio_2022,206,"Other than the compensation described in this Appendix, employees on furlough shall not be eligible for any other compensation under the collective bargaining agreement. 6.",HARD,deontic:prohibition|deontic:obligation,2,,,,,,
SEIU_119_1138,SEIU_1199_Ohio_2022,206,"In order for such reimbursement to occur, the wages must be provided by the Federal government and specifically designated by Congress for wage reimbursement.",HARD,deontic:obligation,2,,,,,,
SEIU_119_1139,SEIU_1199_Ohio_2022,206,Any reimbursement to employees shall be offset by any unemployment benefits received or any interim wages the employee received while on furlough. 193,HARD,deontic:obligation,2,,,,,,
SEIU_119_1140,SEIU_1199_Ohio_2022,207,The implementation of alternative procedures under this section shall only be made between the parties by mutual agreement in an LOA format.,HARD,deontic:obligation,2,,,,,,
SEIU_119_1215,SEIU_1199_Ohio_2022,219,The agreement must be signed by both the employee and their immediate supervisor.,HARD,deontic:obligation,2,,,,,,
SEIU_119_1214,SEIU_1199_Ohio_2022,219,The teleworking arrangement under which an employee will perform work shall be clearly set forth in a written agreement developed by the joint teleworking labor and management team.,HARD,deontic:obligation,2,,,,,,
SEIU_119_1213,SEIU_1199_Ohio_2022,219,"If there are changes to reimbursement levels, the Employer must advise of any changes with no less than sixty (60) days notice. 5.",HARD,deontic:obligation,2,,,,,,
SEIU_119_1212,SEIU_1199_Ohio_2022,219,"Issues of technology, reimbursement, or other changes impacting the telecommuting initiative shall be brought to the joint labor and management team for discussion and review.",HARD,deontic:obligation,2,,,,,,
SEIU_119_1211,SEIU_1199_Ohio_2022,219,The team shall meet as needed by mutual agreement.,HARD,deontic:obligation,2,,,,,,
SEIU_119_1210,SEIU_1199_Ohio_2022,218,ODJFS shall notify the Union no less than forty-five (45) days prior to the anticipated launch of such an initiative. 2.,HARD,deontic:obligation,2,,,,,,
SEIU_119_1209,SEIU_1199_Ohio_2022,218,"Sub-Contracting Group Pursuant to Article 41.05, the members (Management/1199) of the Ohio Department of Job and Family Services (ODJFS) Joint Budget Committee (JBC), Contracting Out Sub Committee, shall be the recognized members of the sub-contracting group.",HARD,deontic:obligation,2,,,,,,
SEIU_119_1208,SEIU_1199_Ohio_2022,218,"the provisions of Article 30, an appropriate remedy may be the awarding of a promotion with the grievant(s) to be made whole.",SOFT,deontic:permission,2,,,,,,
SEIU_119_1207,SEIU_1199_Ohio_2022,217,The permanently relocated employee shall be relocated to perform duties appropriate to the same classification which he/she holds.,HARD,deontic:obligation,2,,,,,,
SEIU_119_1204,SEIU_1199_Ohio_2022,217,"If there are no volunteers in the area(s) of excess, the Employer may relocate the employee with the least seniority who is qualified for the position to the area of need. 5.",SOFT,deontic:permission,2,,,,,,
SEIU_119_1203,SEIU_1199_Ohio_2022,217,The Employer shall relocate the volunteer who is qualified for the position and has the most seniority. 4.,HARD,deontic:obligation,2,,,,,,
SEIU_119_1202,SEIU_1199_Ohio_2022,217,This canvass shall be accomplished by notification to the affected employees of four,HARD,deontic:obligation,2,,,,,,
SEIU_119_1201,SEIU_1199_Ohio_2022,217,"Where not all employees of the same classification in work units, sections, bureaus or offices are being relocated, the Employer shall canvass the area(s) of excess for volunteers to move to the area of need.",HARD,deontic:obligation,2,,,,,,
SEIU_119_1200,SEIU_1199_Ohio_2022,217,Permanent relocations shall function as follows: 1.,HARD,deontic:obligation,2,,,,,,
SEIU_119_1199,SEIU_1199_Ohio_2022,217,permanent relocation may be grieved where no layoffs are proposed.,SOFT,deontic:permission,2,,,,,,
SEIU_119_1198,SEIU_1199_Ohio_2022,216,The determination of an excess/need is a management right per Article 5 and is non-grievable and shall not be used to dispute the rationale for job abolishments and/or layoffs in Article 29.,HARD,deontic:prohibition|deontic:obligation,2,,,,,,
SEIU_119_1197,SEIU_1199_Ohio_2022,216,Failure of the Union to meet and/or provide comments and ideas within the specified time frames shall not affect the effective date of the relocation.,HARD,deontic:prohibition|deontic:obligation,2,,,,,,
SEIU_119_1216,SEIU_1199_Ohio_2022,219,"The agreement must specify: a. the alternative work site (i.e., work-at-home, Telework Center, or other) b. specific hours and days per week to be worked at the alternative work place c. pertinent office equipment to be provided and by whom d. method of communication to be used between the official duty station and alternative work place, and e. duties to be performed and methods of evaluation to be employed 206",HARD,deontic:obligation,2,,,,,,
SEIU_119_1217,SEIU_1199_Ohio_2022,220,The employee may opt to terminate teleworking for any reason with fourteen (14) days advance written notice to their immediate supervisor. 8.,SOFT,deontic:permission,2,,,,,,
SEIU_119_1218,SEIU_1199_Ohio_2022,220,Management may opt to terminate an employee’s participation in a teleworking initiative for a good business reason by providing written notice to the employee. 9.,SOFT,deontic:permission,2,,,,,,
SEIU_119_1230,SEIU_1199_Ohio_2022,224,"Second, the employee may choose to bump or accept a vacant position either at the hospital or the geographic bumping jurisdiction provided they are qualified to perform the duties of the position.",SOFT,deontic:permission,2,,,,,,
SEIU_119_1237,SEIU_1199_Ohio_2022,225,Within five days of receipt of the notice the laid off employee may give notice to bump in accordance with this Agreement.,SOFT,deontic:permission,2,,,,,,
SEIU_119_1236,SEIU_1199_Ohio_2022,225,"As stated above, only the employee who was initially laid off and the least senior at the site for which the original laid off person chooses, shall be notified of the layoff. 6.",HARD,deontic:obligation,2,,,,,,
SEIU_119_1235,SEIU_1199_Ohio_2022,225,"Once the site is selected, the employee shall bump the least senior employee in that classification series using the same and similar roster. 5.",HARD,deontic:obligation,2,,,,,,
SEIU_119_1234,SEIU_1199_Ohio_2022,225,"If the employee chooses to bump in the geographic bumping jurisdiction, the employee shall choose one site for which they wish to bump.",HARD,deontic:obligation,2,,,,,,
SEIU_119_1233,SEIU_1199_Ohio_2022,225,"the hospital, then the employee must bump the least senior employee in their classification series using the same and similar roster. 4.",HARD,deontic:obligation,2,,,,,,
SEIU_119_1232,SEIU_1199_Ohio_2022,224,"Fourth, they may choose to bump within the geographic bumping jurisdiction. 2.",SOFT,deontic:permission,2,,,,,,
SEIU_119_1231,SEIU_1199_Ohio_2022,224,"Third, they may choose to bump within the hospital site.",SOFT,deontic:permission,2,,,,,,
SEIU_119_1229,SEIU_1199_Ohio_2022,224,"First, they may choose to accept the layoff.",SOFT,deontic:permission,2,,,,,,
SEIU_119_1219,SEIU_1199_Ohio_2022,220,"After receiving such notice, the respective joint labor and management teleworking team shall meet as soon as practicable in order to allow the Union the opportunity for input. 10.",HARD,deontic:obligation,2,,,,,,
SEIU_119_1228,SEIU_1199_Ohio_2022,224,The bumping jurisdictions of Correctional Program Coordinators working in ODRC institutions shall be the same bumping jurisdictions as identified for ODRC institutions.,HARD,deontic:obligation,2,,,,,,
SEIU_119_1227,SEIU_1199_Ohio_2022,224,Employees in the Correctional Program Coordinators positions shall continue to follow the bumping and layoff process outlined in Article 29 of the main body of the CBA.,HARD,deontic:obligation,2,,,,,,
SEIU_119_1226,SEIU_1199_Ohio_2022,224,"For the purpose of this agreement for section 29.01, the Department shall only notify the employee(s) who will be initially laid off prior to the exercising of their bumping right(s) and the least senior employee who will be bumped at the site selected by the original laid off employee.",HARD,deontic:obligation,2,,,,,,
SEIU_119_1224,SEIU_1199_Ohio_2022,223,"If a DAS classification study documents an upgrade in pay status, the 3% supplemental pay shall cease upon implementation.",HARD,deontic:obligation,2,,,,,,
SEIU_119_1222,SEIU_1199_Ohio_2022,221,The license area of expertise shall be as follows: Certification 1.,HARD,deontic:obligation,2,,,,,,
SEIU_119_1221,SEIU_1199_Ohio_2022,220,The appropriate forum for this discussion shall be the ODJFS Agency Professional Committee.,HARD,deontic:obligation,2,,,,,,
SEIU_119_1220,SEIU_1199_Ohio_2022,220,"All pay, leave, and travel entitlement shall be based on provisions of the collective bargaining agreement and Agency policy.",HARD,deontic:obligation,2,,,,,,
SEIU_119_1196,SEIU_1199_Ohio_2022,216,The employer shall notify the affected employee(s) at least ninety (90) days prior to the effective date of the relocation.,HARD,deontic:obligation,2,,,,,,
SEIU_119_1195,SEIU_1199_Ohio_2022,216,"Where the permanent relocation would require that any or all employees be headquartered more than fifty (50) miles farther from their residence than their present headquarters, the employer shall provide the information concerning the relocation at least one hundred-ten (110) days prior to the anticipated date of the relocation.",HARD,deontic:obligation,2,,,,,,
SEIU_119_1194,SEIU_1199_Ohio_2022,215,The employer shall notify the affected employee(s) at least thirty (30) days prior to the effective date of the temporary relocation.,HARD,deontic:obligation,2,,,,,,
SEIU_119_1152,SEIU_1199_Ohio_2022,209,With the exception of the following specifications 1199 employees shall be governed by the existing language in Article 21.,HARD,deontic:obligation,2,,,,,,
SEIU_119_1163,SEIU_1199_Ohio_2022,210,"When a frequent traveler is required to travel in state more than 75 miles one way from his/her residence, and is required to report at a worksite or vicinity work sites for two",HARD,deontic:obligation,2,,,,,,
SEIU_119_1162,SEIU_1199_Ohio_2022,210,"However, if the actual travel time to a work site or the office is less than twenty (20) minutes, only the time spent in travel to the site or the office shall not count as work time.",HARD,deontic:prohibition|deontic:obligation,2,,,,,,
SEIU_119_1160,SEIU_1199_Ohio_2022,210,"Frequent travelers shall have their residences designated as their headquarters for travel reimbursement purposes (for all other purposes, e.g. layoff, headquarters shall remain the office).",HARD,deontic:obligation,2,,,,,,
SEIU_119_1159,SEIU_1199_Ohio_2022,210,All mileage traveled in connection with official business shall be reimbursed.,HARD,deontic:obligation,2,,,,,,
SEIU_119_1158,SEIU_1199_Ohio_2022,210,"For those 1199 employees who have been designated a “frequent traveler,” the following shall apply: A.",HARD,deontic:obligation,2,,,,,,
SEIU_119_1155,SEIU_1199_Ohio_2022,209,"However, if the actual travel time to a work site or the normal travel time to the assigned office is less than twenty (20) minutes, only the time spent in travel to the site or the normal travel time to the office, whichever is less, shall not count as work time, however, actual mileage shall be paid. 196",HARD,deontic:prohibition|deontic:obligation,2,,,,,,
SEIU_119_1153,SEIU_1199_Ohio_2022,209,Travel time to the office shall not be work time and no mileage shall be paid.,HARD,deontic:prohibition|deontic:obligation,2,,,,,,
SEIU_119_1151,SEIU_1199_Ohio_2022,209,Vacant Independent Level Surveyor positions may be posted at the entry or independent level. 8.,SOFT,deontic:permission,2,,,,,,
SEIU_119_1165,SEIU_1199_Ohio_2022,210,"(3) or more consecutive nights, they may choose to commute from the worksite to their residence one",SOFT,deontic:permission,2,,,,,,
SEIU_119_1150,SEIU_1199_Ohio_2022,209,"Appeal of a denial of training should follow Article 7 of the Collective Bargaining Agreement with the following modifications: Appeals to Alternate Dispute Resolution (ADR) are to advance to nontraditional arbitration (NTA), if still available, otherwise to regular arbitration. 7.",SOFT,deontic:preference,2,,,,,,
SEIU_119_1148,SEIU_1199_Ohio_2022,208,Training opportunities beyond that required to train entry-level employees in basic survey and review activities shall be awarded as follows: A.,HARD,deontic:obligation,2,,,,,,
SEIU_119_1147,SEIU_1199_Ohio_2022,208,"Any employee leaving a surveyor position will forfeit career ladder credits and career ladder credits may not be reinstated, with the following exceptions: A.",SOFT,deontic:restriction|deontic:permission,2,,,,,,
SEIU_119_1146,SEIU_1199_Ohio_2022,208,"No new career ladder credits/supplements shall be earned or paid after March 28, 2000.",HARD,deontic:obligation,2,,,,,,
SEIU_119_1145,SEIU_1199_Ohio_2022,208,An independent-level surveyor may be trained and may be assigned field-based survey or office-based reviewer duties. 4.,SOFT,deontic:permission,2,,,,,,
SEIU_119_1144,SEIU_1199_Ohio_2022,208,The surveyor shall be reassigned to the independent level (pay range 13) the pay period following completion of all the above criteria. 3.,HARD,deontic:obligation,2,,,,,,
SEIU_119_1141,SEIU_1199_Ohio_2022,207,"(2) levels of Health Care Facility Surveyor, an entry level at pay range 12 and an independent level at pay range 13 (each of which must be one of four disciplines: Registered Nurse, Dietician, Registered Sanitarian or Licensed Social Worker).",HARD,deontic:obligation,2,,,,,,
SEIU_119_1164,SEIU_1199_Ohio_2022,210,"(2) or more consecutive days, they may be required to stay overnight and may receive the current contract rates for reimbursement of actual expenses.",SOFT,deontic:permission,2,,,,,,
SEIU_119_1167,SEIU_1199_Ohio_2022,211,There may be exception to this one,SOFT,deontic:permission,2,,,,,,
SEIU_119_1192,SEIU_1199_Ohio_2022,214,Regular updates including town hall meetings and bulletin board postings shall continue for the purpose of sharing information through the 201,HARD,deontic:obligation,2,,,,,,
SEIU_119_1181,SEIU_1199_Ohio_2022,212,The parties may mutually agree at APC to discontinue the vacation canvass process provided 199,SOFT,deontic:permission,2,,,,,,
SEIU_119_1191,SEIU_1199_Ohio_2022,214,Continued improvements shall be made addressing health and safety issues brought forward by the committee.,HARD,deontic:obligation,2,,,,,,
SEIU_119_1190,SEIU_1199_Ohio_2022,214,Discretionary leave requests made at other times outside of the canvas period shall be responded to within ten (10) working days and cannot be unreasonably denied.,HARD,deontic:obligation,2,,,,,,
SEIU_119_1189,SEIU_1199_Ohio_2022,214,"Employees may use discretionary leave (i.e. vacation or compensatory) for the remaining shifts with state seniority being the determining factor in granting requests made simultaneously; discretionary leave requests not made simultaneously, if granted, shall be granted on a first-come, firstserve basis.",HARD,deontic:obligation|deontic:permission,2,,,,,,
SEIU_119_1188,SEIU_1199_Ohio_2022,214,"Additional available shifts up to the maximum number of employees who can be absent from any given worksite at one time, determined quarterly, may be requested.",SOFT,deontic:permission,2,,,,,,
SEIU_119_1185,SEIU_1199_Ohio_2022,213,(4) individual vacation shifts; the remainder of available time shall be selected in entire work week increments.,HARD,deontic:obligation,2,,,,,,
SEIU_119_1183,SEIU_1199_Ohio_2022,213,"During the canvass, employees may request vacation time dependent on their annual vacation accrual rate as specified in the chart below.",SOFT,deontic:permission,2,,,,,,
SEIU_119_1182,SEIU_1199_Ohio_2022,213,The vacation canvass process shall be as follows: A.,HARD,deontic:obligation,2,,,,,,
SEIU_119_1180,SEIU_1199_Ohio_2022,212,The Employer may establish maximum numbers of employees who can be absent from any given work site at one time.,SOFT,deontic:permission,2,,,,,,
SEIU_119_1168,SEIU_1199_Ohio_2022,211,This shall be at the employee’s option and request and would result in mileage reimbursement only.,HARD,deontic:obligation,2,,,,,,
SEIU_119_1179,SEIU_1199_Ohio_2022,212,Vacation leave shall be taken only at times mutually agreed to by the appointing authority and employee.,HARD,deontic:obligation,2,,,,,,
SEIU_119_1177,SEIU_1199_Ohio_2022,212,The parties shall review this procedure as needed.,HARD,deontic:obligation,2,,,,,,
SEIU_119_1176,SEIU_1199_Ohio_2022,212,"Field Surveyors may volunteer for an unscheduled assignment and, upon completion of the unscheduled assignment, will be rotated to the end of the overtime roster.",SOFT,deontic:permission,2,,,,,,
SEIU_119_1175,SEIU_1199_Ohio_2022,212,"If no senior employees within a 5174 mile radius accept(s) the assignment, the least senior surveyor(s) qualified within a 74 mile radius of the worksite may be required, on a rotating basis, to perform the unscheduled assignment.",SOFT,deontic:permission,2,,,,,,
SEIU_119_1174,SEIU_1199_Ohio_2022,212,"If no senior employee(s) within the 50 mile radius accept(s) the assignment, the assignment shall be offered to the qualified, most senior employee(s) within a 51-74 mile radius of the worksite.",HARD,deontic:obligation,2,,,,,,
SEIU_119_1173,SEIU_1199_Ohio_2022,212,"The assignment shall be offered to the qualified, most senior employee(s) within a 50 mile radius of the worksite.",HARD,deontic:obligation,2,,,,,,
SEIU_119_1172,SEIU_1199_Ohio_2022,212,The facility itself shall constitute the worksite.,HARD,deontic:obligation,2,,,,,,
SEIU_119_0727,SEIU_1199_Ohio_2022,119,The Employer will hold the employee harmless from any costs incurred as a result of additional tests or x-rays incurred as a result of a positive reaction. 32.02 Blood Donations Employees shall be given a reasonable period of paid time off at their regular rate to donate blood. 32.03 Metal Detectors The Employer shall maintain at least one,HARD,deontic:obligation,2,,,,,,
SEIU_119_0717,SEIU_1199_Ohio_2022,118,"All bargaining unit positions shall be classified in accordance with OSHA and Center for Disease Control (CDC) Guidelines, based upon the potential exposure of persons in those positions to blood borne pathogens.",HARD,deontic:obligation,2,,,,,,
SEIU_119_0725,SEIU_1199_Ohio_2022,119,Mandatory Tuberculosis screening may be conducted annually for all employees in Agencies with higher incidence of risk.,SOFT,deontic:permission,2,,,,,,
SEIU_119_0256,SEIU_1199_Ohio_2022,49,Maximum accrual of personal leave shall be sixty (60) hours. 12.07 Conversion of Personal Leave Credit Upon Separation from Service An employee who is separated from state service shall be entitled to convert to cash the unused amount of accrued personal leave.,HARD,deontic:obligation,2,,,,,,
SEIU_119_0254,SEIU_1199_Ohio_2022,49,Personal leave may not be used to extend an employee’s active pay status for the purpose of accruing overtime or compensatory time. 12.06 Conversion or Carry Forward of Personal Leave Credit at Year’s End Personal leave not used may be carried forward or paid at the employee’s option.,SOFT,deontic:restriction|deontic:permission,2,,,,,,
SEIU_119_0253,SEIU_1199_Ohio_2022,49,The provisions of this Section shall not be construed to require the release of an unreasonable number of employees in the same Agency at the same work area at the same time. 12.05 Prohibitions Personal leave may not be used to extend an employee’s date of resignation or date of retirement.,HARD,deontic:prohibition|deontic:obligation|deontic:restriction|deontic:permission,2,,,,,,
SEIU_119_0252,SEIU_1199_Ohio_2022,49,Requests for the use of personal leave shall not be unreasonably denied.,HARD,deontic:prohibition|deontic:obligation,2,,,,,,
SEIU_119_0251,SEIU_1199_Ohio_2022,49,"In emergency situations, requests may be granted with a shorter notice.",SOFT,deontic:permission,2,,,,,,
SEIU_119_0250,SEIU_1199_Ohio_2022,49,Employees shall be charged personal leave only for the days and hours for which they would have otherwise been scheduled to work but shall not include scheduled overtime. 12.04 Notification and Approval of Use of Personal Leave Employees shall be granted personal leave upon giving twenty-four (24) hours’ notice to the supervisor.,HARD,deontic:prohibition|deontic:obligation,2,,,,,,
SEIU_119_0249,SEIU_1199_Ohio_2022,48,Personal leave may be used in increments other than two hours if the employee is using personal leave to 35,SOFT,deontic:permission,2,,,,,,
SEIU_119_0248,SEIU_1199_Ohio_2022,48,(2) hour minimum unit shall be charged in units of one tenth (1/10) hour.,HARD,deontic:obligation,2,,,,,,
SEIU_119_0247,SEIU_1199_Ohio_2022,48,"Part-time employees also shall accrue personal leave on the basis of that formula. 12.03 Charge of Personal Leave For each instance of personal leave use, personal leave shall be charged in an initial minimum unit of two",HARD,deontic:obligation,2,,,,,,
SEIU_119_0245,SEIU_1199_Ohio_2022,48,Employees hired after the start of a calendar quarter shall be credited with personal leave on a prorated basis.,HARD,deontic:obligation,2,,,,,,
SEIU_119_0244,SEIU_1199_Ohio_2022,48,"Ten (10) hours of personal leave shall be credited to each employee in the first earnings statement which the employee receives after the first day of January, April, July and October of each year.",HARD,deontic:obligation,2,,,,,,
SEIU_119_0243,SEIU_1199_Ohio_2022,48,ARTICLE 12 - PERSONAL LEAVE 12.01 Eligibility for Personal Leave Each employee shall be eligible for personal leave at his/her regular rate of pay. 12.02 Personal Leave Accrual Employees shall be entitled to five,HARD,deontic:obligation,2,,,,,,
SEIU_119_0242,SEIU_1199_Ohio_2022,48,"When such an exchange is made, work performed on the original holiday shall be at the employee’s regular rate and for the hours actually worked.",HARD,deontic:obligation,2,,,,,,
SEIU_119_0241,SEIU_1199_Ohio_2022,48,"(4) hours of pay for each holiday. 11.05 Religious Holiday Exchange Religious holidays of one faith may be exchanged upon the request of an employee, where practical, for the Christmas holiday.",SOFT,deontic:permission,2,,,,,,
SEIU_119_0240,SEIU_1199_Ohio_2022,48,"Upon separation from state service for any reason including retirement, employees will receive compensation for all holiday compensatory time earned but not used pursuant to this section. 11.04 Part-time Employees Part-time employees shall receive four",HARD,deontic:obligation,2,,,,,,
SEIU_119_0239,SEIU_1199_Ohio_2022,47,"Full-time employees with work schedules other than Monday through Friday are entitled to pay or time off for any holiday observed on their day off. 11.03 Computation of Holiday Pay or Compensatory Time An employee who is required to work a holiday or is called in may choose to receive overtime pay equivalent to one and one half (1 1/2) times the hours worked times the regular rate or receive compensatory time equivalent to one and one half (1 1/2) times the hours worked, in addition to 34",HARD,deontic:obligation|deontic:permission,2,,,,,,
SEIU_119_0238,SEIU_1199_Ohio_2022,47,An employee in no-pay status shall not receive holiday compensation;,HARD,deontic:prohibition|deontic:obligation,2,,,,,,
SEIU_119_0237,SEIU_1199_Ohio_2022,47,A leave of absence shall neither start nor end on a holiday;,HARD,deontic:obligation,2,,,,,,
SEIU_119_0255,SEIU_1199_Ohio_2022,49,Payment shall be made in the first pay received in December.,HARD,deontic:obligation,2,,,,,,
SEIU_119_0257,SEIU_1199_Ohio_2022,49,"If an employee dies, the converted personal leave shall be credited to his/her estate. 12.08 Transfer of Personal Leave Credit An employee who transfers from one state Agency to another shall be credited with the unused balance of his/her 36",HARD,deontic:obligation,2,,,,,,
SEIU_119_0234,SEIU_1199_Ohio_2022,47,"The following provision shall only apply to the following holidays: New Year’s Day, Memorial Day, Independence Day, Thanksgiving Day, and Christmas Day.",HARD,deontic:obligation,2,,,,,,
SEIU_119_0258,SEIU_1199_Ohio_2022,50,personal leave. 12.09 Death of an Employee Payment of accumulated personal leave to the estate of a deceased employee shall be done in accordance with the procedure provided by Section 2113.04 of the Ohio Revised Code consistent with Section 12.07 above. 12.10 Leave Availability Newly accrued personal leave is not available for use until it appears on the employee’s earnings statement and on the date the funds are made available.,HARD,deontic:obligation,2,,,,,,
SEIU_119_0280,SEIU_1199_Ohio_2022,54,"Falsification of either the signed statement or a physician’s certificate shall be grounds for disciplinary action. 13.07 Inadequate Sick Leave If any disabling illness or injury continues past the time for which an employee has accumulated sick leave, the appointing authority may authorize a leave of absence without pay in accordance with Article 26, Leave of Absence Without Pay, or if the employee is eligible, recommend disability leave benefits in accordance with Article 15, Disability Leave. 13.08 Conversion or Carry Forward of Sick Leave Credit at Year’s End or upon Separation from State Service Employees will be offered the opportunity to convert to cash any part of their sick leave accrued and not used for the proceeding twelve (12) month period.",HARD,deontic:obligation|deontic:permission,2,,,,,,
SEIU_119_0279,SEIU_1199_Ohio_2022,54,Agencies may place employees on physician verification pursuant to the Agency policy.,SOFT,deontic:permission,2,,,,,,
SEIU_119_0278,SEIU_1199_Ohio_2022,54,This certificate shall not be required in an arbitrary or capricious manner.,HARD,deontic:prohibition|deontic:obligation,2,,,,,,
SEIU_119_0277,SEIU_1199_Ohio_2022,54,"Evidence of Use Each supervisor may require an employee to furnish a satisfactory written, signed statement which may include a certification from a licensed physician, to justify the use of sick leave or other authorized leave for medical reasons.",SOFT,deontic:permission,2,,,,,,
SEIU_119_0276,SEIU_1199_Ohio_2022,53,An employee on the midnight shift may use sick leave on the night preceding an examination 40,SOFT,deontic:permission,2,,,,,,
SEIU_119_0275,SEIU_1199_Ohio_2022,53,"Such usage shall be limited to a reasonably necessary time, not to exceed five",HARD,deontic:obligation,2,,,,,,
SEIU_119_0274,SEIU_1199_Ohio_2022,53,The appointing authority shall approve sick leave usage by employees for the following reasons: 1.,HARD,deontic:obligation,2,,,,,,
SEIU_119_0272,SEIU_1199_Ohio_2022,52,"For those employees in non-relief positions, the notification must be made within one-half (1/2) hour after the time the employee is scheduled to work.",HARD,deontic:obligation,2,,,,,,
SEIU_119_0271,SEIU_1199_Ohio_2022,52,"Notification An employee who is unable to report for work, and who is not on a previously approved day of vacation, sick leave, personal leave or leave of absence, shall give reasonable notice to the supervisor.",HARD,deontic:obligation,2,,,,,,
SEIU_119_0269,SEIU_1199_Ohio_2022,52,"Employees may elect to utilize sick leave to supplement an approved disability leave, workers’ compensation claim or childbirth adoption leave pursuant to Articles 15 and 26.",SOFT,deontic:permission,2,,,,,,
SEIU_119_0268,SEIU_1199_Ohio_2022,52,Any sick leave utilized in excess of seventy-two (72) hours in any usage period shall be paid at one hundred percent (100%).,HARD,deontic:obligation,2,,,,,,
SEIU_119_0267,SEIU_1199_Ohio_2022,52,The employee must indicate the desire to supplement sick leave balances on the leave request.,HARD,deontic:obligation,2,,,,,,
SEIU_119_0266,SEIU_1199_Ohio_2022,52,Sick leave may be supplemented at the employee’s request to 100% of pay with available sick leave balances.,SOFT,deontic:permission,2,,,,,,
SEIU_119_0264,SEIU_1199_Ohio_2022,51,Newly accrued sick leave is not available until it appears on the employee’s earnings statement and on the date the funds are made available. 13.04 Compensation for Charged Sick Leave Compensation for charged sick leave accumulated and credited shall be at the rates specified below with the effective date of this Agreement.,HARD,deontic:obligation,2,,,,,,
SEIU_119_0263,SEIU_1199_Ohio_2022,51,Sick leave shall not exceed the amount of time an employee would have been scheduled to work in any pay period.,HARD,deontic:prohibition|deontic:obligation,2,,,,,,
SEIU_119_0262,SEIU_1199_Ohio_2022,51,Employees shall be charged sick leave only for the days and hours for which they would have otherwise been regularly scheduled to work.,HARD,deontic:obligation,2,,,,,,
SEIU_119_0261,SEIU_1199_Ohio_2022,51,Employees that are on approved leave of absence or receiving Workers’ Compensation benefits shall be credited with those sick leave hours which they normally would have accrued upon their approved return to work. 13.03 Charge of Sick Leave Sick leave used shall be charged in minimum units of one-tenth (1/10) hour.,HARD,deontic:obligation,2,,,,,,
SEIU_119_0236,SEIU_1199_Ohio_2022,47,An employee on leave of absence is in no-pay status and shall not receive payment for a holiday.,HARD,deontic:prohibition|deontic:obligation,2,,,,,,
SEIU_119_0233,SEIU_1199_Ohio_2022,47,"If a holiday occurs during a period of scheduled sick or vacation leave, the employee shall not be charged for sick leave or vacation for the holiday.",HARD,deontic:prohibition|deontic:obligation,2,,,,,,
SEIU_119_0378,SEIU_1199_Ohio_2022,70,ARTICLE 20 - OHIO EMPLOYEE ASSISTANCE PROGRAM (OHIO EAP) 20.01 Implementation Both the Employer and the Union agree to the continuation of the Ohio Employee Assistance Program (Ohio EAP) through such structures as may be provided by 57,SOFT,deontic:permission,2,,,,,,
SEIU_119_0208,SEIU_1199_Ohio_2022,41,"Upon probationary removal from the receiving agency, the employee shall be offered an open position for which they are qualified within the releasing agency, if the Employer and the Union mutually agree upon a classification and location.",HARD,deontic:obligation,2,,,,,,
SEIU_119_0206,SEIU_1199_Ohio_2022,41,"Inter-Agency Transfer Employees who accept an inter-Agency transfer pursuant to Article 30, shall serve an initial probationary period of three hundred sixty-five (365) days.",HARD,deontic:obligation,2,,,,,,
SEIU_119_0205,SEIU_1199_Ohio_2022,41,"During a lateral transfer or demotion trial period, the employee may elect to return to his/her previous position or, if the employee fails to perform the job requirements of the new position to the Employer’s satisfaction, the Employer may place the employee back in the position the employee previously held.",SOFT,deontic:permission,2,,,,,,
SEIU_119_0204,SEIU_1199_Ohio_2022,41,"varies substantially among different positions within the classification or where an employee is demoted as defined in Article 30, the Employer may require employees who are laterally transferred in the same classification or demoted to serve a trial period equal to one-half of the regular probationary period for the classification.",SOFT,deontic:permission,2,,,,,,
SEIU_119_0202,SEIU_1199_Ohio_2022,40,Such request must be made during the probationary period.,HARD,deontic:obligation,2,,,,,,
SEIU_119_0201,SEIU_1199_Ohio_2022,40,"The appointing authority shall, upon the employee’s request, return the employee to a position in the classification held immediately prior to the promotion if there is a position available within the facility or when such a position becomes available.",HARD,deontic:obligation,2,,,,,,
SEIU_119_0200,SEIU_1199_Ohio_2022,40,"Dismissal during an initial probationary period shall not be grievable. 9.02 Promotion, Demotion, and Lateral Transfer Probationary Period A.",HARD,deontic:prohibition|deontic:obligation,2,,,,,,
SEIU_119_0199,SEIU_1199_Ohio_2022,40,A probationary period for any classification may be extended if mutually agreed to by the Employer and the Union.,SOFT,deontic:permission,2,,,,,,
SEIU_119_0198,SEIU_1199_Ohio_2022,40,ARTICLE 9 - PROBATIONARY PERIODS 9.01 Initial Probationary Period All newly hired employees shall serve a probationary period of three hundred sixty-five (365) days from the effective date of hire.,HARD,deontic:obligation,2,,,,,,
SEIU_119_0197,SEIU_1199_Ohio_2022,39,"When no disciplinary action is to be taken after an investigatory interview, based on available information, the subject of the investigation shall be so advised no later than sixty (60) days after the conclusion of the investigation. 26",HARD,deontic:obligation,2,,,,,,
SEIU_119_0196,SEIU_1199_Ohio_2022,39,"Any action resulting from said meeting shall not be challengeable on the basis of the employee’s absence or lack of participation. 8.04 Investigations Upon an employee’s inquiry to the Agency’s Labor Relations or Human Resources Department and provided there are no extenuating circumstances, the Employer will inform the employee of the status of an investigation of which the employee is a subject.",HARD,deontic:prohibition|deontic:obligation,2,,,,,,
SEIU_119_0195,SEIU_1199_Ohio_2022,39,Failure of the employee to respond to the offer or phone call shall result in the meeting proceeding without his/her presence.,HARD,deontic:obligation,2,,,,,,
SEIU_119_0194,SEIU_1199_Ohio_2022,39,The call shall be initiated via speakerphone in the presence of the delegate and Employer representative or designee.,HARD,deontic:obligation,2,,,,,,
SEIU_119_0193,SEIU_1199_Ohio_2022,39,"Where the affected employee is on disability, or applying for disability, and is unable or unwilling to attend the meeting, he/she shall be offered the right to participate by telephone.",HARD,deontic:obligation,2,,,,,,
SEIU_119_0192,SEIU_1199_Ohio_2022,39,"In the event an employee refuses or fails to attend a pre-disciplinary meeting, a delegate and/or organizer shall represent in the matter at hand.",HARD,deontic:obligation,2,,,,,,
SEIU_119_0191,SEIU_1199_Ohio_2022,39,(3) calendar days includes a Saturday and Sunday and such continuance shall be granted.,HARD,deontic:obligation,2,,,,,,
SEIU_119_0190,SEIU_1199_Ohio_2022,39,"An employee who is charged, or his/her representative, may make a written request for one",SOFT,deontic:permission,2,,,,,,
SEIU_119_0189,SEIU_1199_Ohio_2022,39,This opportunity shall be scheduled no earlier than three,HARD,deontic:obligation,2,,,,,,
SEIU_119_0207,SEIU_1199_Ohio_2022,41,"If the employee fails to perform the job requirements of the new position to the Employer’s satisfaction, the Employer may remove the employee.",SOFT,deontic:permission,2,,,,,,
SEIU_119_0209,SEIU_1199_Ohio_2022,41,An employee who is returned to the releasing Agency may be required to serve 28,SOFT,deontic:permission,2,,,,,,
SEIU_119_0232,SEIU_1199_Ohio_2022,47,Compensation for working on a holiday is in addition to the automatic holiday pay and shall be computed at the rates prescribed in this article.,HARD,deontic:obligation,2,,,,,,
SEIU_119_0210,SEIU_1199_Ohio_2022,42,"Employees who accept an inter-Agency transfer to a position with a higher pay range than that currently held by the employee, shall be placed in the step to guarantee an increase of approximately four percent (4%).",HARD,deontic:obligation,2,,,,,,
SEIU_119_0231,SEIU_1199_Ohio_2022,46,Memorial Day - (last Monday in May) 5.,SOFT,deontic:permission,2,,,,,,
SEIU_119_0229,SEIU_1199_Ohio_2022,45,"The employee shall also be reimbursed for any cost incurred as a result of canceling or returning from his/her vacation upon submission of appropriate evidence. 10.04 Charge of Vacation Leave Vacation leave which is used by an employee shall be charged in minimum units of one-tenth (1/10) hour. 10.05 Conversion of Vacation Leave Credit upon Separation from Service An employee shall be entitled, upon separation for any reason, to a cash conversion of all vacation leave up to four",HARD,deontic:obligation,2,,,,,,
SEIU_119_0228,SEIU_1199_Ohio_2022,45,"When an emergency exists, in the sole and exclusive opinion of the Employer, all leaves including vacations may be canceled.",SOFT,deontic:permission,2,,,,,,
SEIU_119_0227,SEIU_1199_Ohio_2022,45,Vacation requests shall be responded to within ten (10) working days.,HARD,deontic:obligation,2,,,,,,
SEIU_119_0226,SEIU_1199_Ohio_2022,44,"State seniority shall be the determining factor in granting vacation requests made simultaneously; vacation requests not made simultaneously, if granted, shall be granted on a first-come, first-served basis.",HARD,deontic:obligation,2,,,,,,
SEIU_119_0225,SEIU_1199_Ohio_2022,44,The appointing authority may establish maximum numbers of employees who can be absent from any given work site at one time.,SOFT,deontic:permission,2,,,,,,
SEIU_119_0223,SEIU_1199_Ohio_2022,44,All previously accrued vacation will remain to the employee’s credit. 10.02 Maximum Accrual Vacation credit may be accumulated to a maximum that can be earned in four,SOFT,deontic:permission,2,,,,,,
SEIU_119_0222,SEIU_1199_Ohio_2022,44,"All employees currently receiving credit for service time prior to July 1, 1994, shall continue to receive service credit for such time.",HARD,deontic:obligation,2,,,,,,
SEIU_119_0221,SEIU_1199_Ohio_2022,43,"An employee who has retired in accordance with the provisions of any retirement plan offered by the State and who is employed by the State on or after July 1, 1994, shall not have his/her prior service with the State or any political subdivision of the State counted for the purpose of 30",HARD,deontic:prohibition|deontic:obligation,2,,,,,,
SEIU_119_0220,SEIU_1199_Ohio_2022,43,Time spent concurrently with the Ohio National Guard and a state Agency or political subdivision shall not count double.,HARD,deontic:prohibition|deontic:obligation,2,,,,,,
SEIU_119_0219,SEIU_1199_Ohio_2022,43,This new rate shall take effect starting the pay period immediately following the pay period that includes the date that the Department of Administrative Services processes and approves their request.,HARD,deontic:obligation,2,,,,,,
SEIU_119_0217,SEIU_1199_Ohio_2022,42,"For example, disability leave, adoption/childbirth, or any other leaves of fourteen (14) consecutive days or longer shall not be counted toward the employee’s initial or promotional trial or probationary 29",HARD,deontic:prohibition|deontic:obligation,2,,,,,,
SEIU_119_0216,SEIU_1199_Ohio_2022,42,"(2) weeks or longer, an employee’s trial or probationary period may be extended for the duration of the absence.",SOFT,deontic:permission,2,,,,,,
SEIU_119_0215,SEIU_1199_Ohio_2022,42,The employee may not challenge such removal. 9.03 Extension of Trial or Probationary Period A longer trial or probationary period may be served by the employee if mutually agreed to by the Agency and the Union.,SOFT,deontic:restriction|deontic:permission,2,,,,,,
SEIU_119_0214,SEIU_1199_Ohio_2022,42,Cross-Collective Bargaining Agreement Rights Employees who are in a classification outside of those covered by this Collective Bargaining Agreement and who accept a position in a classification covered by this Collective Bargaining Agreement shall serve an initial probationary period of three hundred sixty-five (365) days.,HARD,deontic:obligation,2,,,,,,
SEIU_119_0212,SEIU_1199_Ohio_2022,42,"Employees who accept an inter-Agency transfer to a position in a lower pay range than that currently held by the employee, shall be placed in the step closest to but not to exceed the step currently held by the employee.",HARD,deontic:obligation,2,,,,,,
SEIU_119_0211,SEIU_1199_Ohio_2022,42,"Employees who accept an inter-Agency transfer to a position in the same pay range currently held by the employee, shall be placed in the same step of the pay range.",HARD,deontic:obligation,2,,,,,,
SEIU_119_0281,SEIU_1199_Ohio_2022,55,Number of Hours Subject Percent of Regular Rate to Cash Conversion 48 to 55.9 60% 47.9 and less 55% The payment shall be paid in the first pay received in December of each year of the Agreement.,HARD,deontic:obligation,2,,,,,,
SEIU_119_0282,SEIU_1199_Ohio_2022,55,"Employees hired after June 12, 1986, who have previous service with political subdivisions of the State may use sick leave accrued with such prior employers but shall not be permitted to convert such sick leave to cash either at year’s end or upon separation from state service.",HARD,deontic:prohibition|deontic:obligation|deontic:permission,2,,,,,,
SEIU_119_0283,SEIU_1199_Ohio_2022,55,Employees that separate from state service may have any accrued sick leave hours converted to cash at the rate of fifty-five percent (55%) for retirement separation and fifty percent (50%) for all other separations provided he/she has completed at least one,SOFT,deontic:permission,2,,,,,,
SEIU_119_0353,SEIU_1199_Ohio_2022,67,Eligibility provisions for employees enrolling in State provided health care plans shall remain the same as those in effect in the Employer’s Agreement with OCSEA.,HARD,deontic:obligation,2,,,,,,
SEIU_119_0351,SEIU_1199_Ohio_2022,67,The Employer’s premium share shall be paid on behalf of eligible employees as provided in the Employer’s Agreement with OCSEA.,HARD,deontic:obligation,2,,,,,,
SEIU_119_0350,SEIU_1199_Ohio_2022,66,Health Plan characteristics and benefits shall be as provided in the Employer’s Agreement with the Ohio Civil Service Employees Association (hereinafter OCSEA).,HARD,deontic:obligation,2,,,,,,
SEIU_119_0349,SEIU_1199_Ohio_2022,66,ARTICLE 17 - GROUP HEALTH INSURANCE The Employer shall provide a comprehensive health care insurance program for all permanent full-time and part-time employees.,HARD,deontic:obligation,2,,,,,,
SEIU_119_0348,SEIU_1199_Ohio_2022,66,"In the event no approved physician list is available for the employee’s area, that requirement shall be waived.",HARD,deontic:obligation,2,,,,,,
SEIU_119_0347,SEIU_1199_Ohio_2022,65,"Third, after the first two options have been exhausted, the employee may use any 52",SOFT,deontic:permission,2,,,,,,
SEIU_119_0346,SEIU_1199_Ohio_2022,65,"Second, if the employee is unable to schedule the appointment during non-working hours, the employee must work with the Employer to flex his/her schedule to accommodate the appointment.",HARD,deontic:obligation,2,,,,,,
SEIU_119_0345,SEIU_1199_Ohio_2022,65,"A full-time permanent employee on a transitional work assignment equivalent to his/her regularly scheduled hours who has continuing treatment related to his/her OIL or Workers’ Compensation claim must first, attempt to schedule the appointment during non-working hours.",HARD,deontic:obligation,2,,,,,,
SEIU_119_0344,SEIU_1199_Ohio_2022,65,"If a permanent employee is given a transitional work assignment with less than his/her regularly scheduled hours, the employee may use any remaining OIL or salary continuation hours to supplement up to the amount of his/her regularly scheduled hours.",SOFT,deontic:permission,2,,,,,,
SEIU_119_0343,SEIU_1199_Ohio_2022,65,An employee may request to participate in the transitional work program.,SOFT,deontic:permission,2,,,,,,
SEIU_119_0341,SEIU_1199_Ohio_2022,65,"Employees receiving OIL are in active pay status. 16.04 Transitional Work Programs Agencies and the Union may mutually develop transitional work programs designed to encourage a return to work by an employee receiving Salary Continuation, Workers’ Compensation benefits or Occupational Injury Leave (OIL).",SOFT,deontic:permission,2,,,,,,
SEIU_119_0340,SEIU_1199_Ohio_2022,65,"and Correction, and the Department of Youth Services shall be eligible up to a maximum of nine hundred sixty (960) hours of Occupational Injury Leave per claim with pay at total rate.",HARD,deontic:obligation,2,,,,,,
SEIU_119_0339,SEIU_1199_Ohio_2022,64,"If an employee’s request for Salary Continuation is denied in its entirety, the employee may appeal the denial through the process detailed in Appendix C, Section V. 16.02 Other Leave Usage to Supplement Workers’ Compensation Employees may utilize sick leave, personal leave or vacation to supplement Workers’ Compensation benefits in order to receive up to one hundred percent (100%) of the employee’s regular rate of pay. 16.03 Occupational Injury Leave (OIL) Employees of the Department of Mental Health and Addiction Services, the Department of Developmental Disabilities, the Department of Veterans Services, Schools for the Deaf and Blind, the Department of Rehabilitation 51",SOFT,deontic:permission,2,,,,,,
SEIU_119_0338,SEIU_1199_Ohio_2022,64,"(2) pay periods after the Workers’ Compensation benefits are received by the employee, or shall allow the employee to choose the automatic restoration of those leave balances through assignment of benefits.",HARD,deontic:obligation,2,,,,,,
SEIU_119_0337,SEIU_1199_Ohio_2022,64,"If an employee elects to utilize his/her sick leave, personal leave, vacation leave or compensatory time balances in lieu of salary continuation pending determination of a Workers’ Compensation claim arising from employment with the State of Ohio, the Employer shall allow the employee to buy back those leave balances within two",HARD,deontic:obligation,2,,,,,,
SEIU_119_0336,SEIU_1199_Ohio_2022,64,"An employee may elect to take leave without pay, in lieu of salary continuation, without exhausting accrued leave balances, pending determination of a Workers’ Compensation claim.",SOFT,deontic:permission,2,,,,,,
SEIU_119_0335,SEIU_1199_Ohio_2022,63,"If the employee’s Workers’ Compensation claim is denied by BWC or if the employee is disqualified from receiving Workers’ Compensation benefits, the employee must, after all administrative appeals have been exhausted, 50",HARD,deontic:obligation,2,,,,,,
SEIU_119_0334,SEIU_1199_Ohio_2022,63,"Additionally, the employee shall not be eligible for any other paid leaves, including holiday pay and those leaves under Articles 14, 15 or 26, while receiving salary continuation.",HARD,deontic:prohibition|deontic:obligation,2,,,,,,
SEIU_119_0352,SEIU_1199_Ohio_2022,67,Employees who include a spouse as a dependent for healthcare coverage shall pay a surcharge as provided in the Employer’s Agreement with OCSEA.,HARD,deontic:obligation,2,,,,,,
SEIU_119_0355,SEIU_1199_Ohio_2022,67,"Deductibles, co-payments, and other plan design provisions for all benefit programs shall be the same as those prescribed in the Employer’s Agreement with OCSEA.",HARD,deontic:obligation,2,,,,,,
SEIU_119_0284,SEIU_1199_Ohio_2022,55,"If an employee dies, the converted sick leave shall be credited to his/her estate.",HARD,deontic:obligation,2,,,,,,
SEIU_119_0724,SEIU_1199_Ohio_2022,119,"The Employer shall also provide, at the employee’s request, a test to determine whether an employee has acquired a hepatitis infection.",HARD,deontic:obligation,2,,,,,,
SEIU_119_0375,SEIU_1199_Ohio_2022,70,Only those employees enrolled in a voluntary supplemental benefit plan on the effective date of this Agreement that was not selected pursuant to this paragraph may continue to participate in such program.,SOFT,deontic:permission,2,,,,,,
SEIU_119_0374,SEIU_1199_Ohio_2022,70,"on the effective date of this Agreement, along with any deductions, no additional payroll deductions for dues, fees or contributions shall be provided to any individual or organization without the prior written consent of the Union and the Employer. 18.07 Voluntary Supplemental Benefit Plans The only voluntary supplemental benefit plans offered to State employees whether provided through insurance or otherwise will be those selected via a state-administered request for proposal process or pursuant to the Union Benefits Trust.",HARD,deontic:obligation,2,,,,,,
SEIU_119_0372,SEIU_1199_Ohio_2022,69,The State will explore smoker/non-smoker rates and spousal coverage. 18.06 Benefits Trust The benefits of this Article shall be administered by the Union Benefits Trust.,HARD,deontic:obligation,2,,,,,,
SEIU_119_0371,SEIU_1199_Ohio_2022,69,"(2) years. 18.04 Double Indemnity When an employee(s) is killed in the line of duty, his/her estate or beneficiary shall receive twice the amount of coverage as specified in Section 18.01. 18.05 Optional Life Insurance The State shall make available optional term-life insurance to employees.",HARD,deontic:obligation,2,,,,,,
SEIU_119_0370,SEIU_1199_Ohio_2022,69,"In the Schools for the Deaf and the Blind, employees shall have their life insurance paid during the calendar year under the terms of this Article. 18.02 Conversion In the event the employee terminates from State service, or is on an unpaid leave of absence, the employee may convert his/her life insurance to a private policy by paying the premium rate within the thirty-one (31) day conversion privilege period. 18.03 Disability Coverage In the event a State employee goes on an extended medical disability, or is receiving Workers’ Compensation benefits, the Employer-policyholder shall continue at no cost to the employee the coverage of the group life insurance for such employee for the period of such extended leave, but not beyond two",HARD,deontic:obligation|deontic:permission,2,,,,,,
SEIU_119_0369,SEIU_1199_Ohio_2022,68,"The Trustees shall be responsible for establishing rules, regulations, and definitions of eligibility concerning Trust provided benefits for its participants and shall have fiduciary responsibility for the administration of the Trust pursuant to the Trust Agreement and the laws of the State 55",HARD,deontic:obligation,2,,,,,,
SEIU_119_0368,SEIU_1199_Ohio_2022,68,ARTICLE 18 - LIFE INSURANCE 18.01 Amount The Trust shall offer life insurance benefits to eligible full-time and part-time employees upon an employee’s completion of one,HARD,deontic:obligation,2,,,,,,
SEIU_119_0367,SEIU_1199_Ohio_2022,68,"In the event OIL, Hostage Leave, or Salary Continuation terminates within a pay period and the employee is eligible for temporary total benefits for the remaining period, the employee’s share of the health insurance premium shall be borne by the Employer.",HARD,deontic:obligation,2,,,,,,
SEIU_119_0366,SEIU_1199_Ohio_2022,68,Employees receiving Occupational Injury Leave (OIL) or Salary Continuation shall continue to be responsible for the employee’s regular share of the health insurance premium while receiving said benefits.,HARD,deontic:obligation,2,,,,,,
SEIU_119_0365,SEIU_1199_Ohio_2022,68,The employee and the Employer may arrange for a payment plan for the second twelve (12) month period.,SOFT,deontic:permission,2,,,,,,
SEIU_119_0364,SEIU_1199_Ohio_2022,68,"If the employee’s leave extends beyond twelve (12) months, the employee shall continue to be eligible for health insurance at the usual cost share paid by the employee for an additional period not to exceed twelve (12) consecutive months.",HARD,deontic:obligation,2,,,,,,
SEIU_119_0363,SEIU_1199_Ohio_2022,68,"In the event an employee is receiving disability leave or Workers’ Compensation benefits, the Employerpolicyholder shall continue, at no cost to the employee, the coverage of group health insurance for such employee for the period of such leave, but not beyond twelve (12) months.",HARD,deontic:obligation,2,,,,,,
SEIU_119_0362,SEIU_1199_Ohio_2022,68,"The Employer shall provide funding for dental, vision and the life benefits as described in Article 21 of the Employer’s Agreement with OCSEA and the Union’s Benefits Trust.",HARD,deontic:obligation,2,,,,,,
SEIU_119_0361,SEIU_1199_Ohio_2022,67,"The Committee shall meet regularly to monitor the operation of the State’s health care plans, and to make recommendations for the improvement of the plans and 54",HARD,deontic:obligation,2,,,,,,
SEIU_119_0360,SEIU_1199_Ohio_2022,67,"There shall be established a Joint Health Care Committee composed of representatives of management, and of the various labor Unions representing State employees.",HARD,deontic:obligation,2,,,,,,
SEIU_119_0359,SEIU_1199_Ohio_2022,67,Open Enrollment Fairs shall be held in accordance with Employer’s Agreement with OCSEA.,HARD,deontic:obligation,2,,,,,,
SEIU_119_0358,SEIU_1199_Ohio_2022,67,Changes outside of open enrollment may only occur as prescribed in the Employer’s Agreement with OCSEA.,SOFT,deontic:permission,2,,,,,,
SEIU_119_0333,SEIU_1199_Ohio_2022,63,An employee on salary continuation shall accrue sick leave and personal leave but shall not accrue vacation leave.,HARD,deontic:prohibition|deontic:obligation,2,,,,,,
SEIU_119_0331,SEIU_1199_Ohio_2022,62,"To be eligible, the employee must 1) follow his/her Agency’s accident reporting guidelines, 2) be evaluated by an Approved Physician, as defined in Appendix C, to determine if the injuries have so disabled the employee that the essential functions of his/her position cannot be performed, 3) show that the Employer is currently unable to provide an appropriate transitional work assignment, and 4) apply for Workers’ Compensation benefits within twenty (20) days of the incident.",HARD,deontic:obligation,2,,,,,,
SEIU_119_0330,SEIU_1199_Ohio_2022,62,"An employee who incurs physical injuries or other disabilities in the performance of and arising out of State employment, and is not eligible for Occupational Injury Leave (OIL), may be eligible for salary continuation.",SOFT,deontic:permission,2,,,,,,
SEIU_119_0329,SEIU_1199_Ohio_2022,62,approval. 15.04 Insurance Providers and Third-Party Administrators In the event that the administration of the disability program is conducted by a private insurance carrier or a third-party administrator the administration shall be conducted in accordance with insurance industry underwriting procedures and standards without reducing benefits or eligibility requirements as provided in this Agreement.,HARD,deontic:obligation,2,,,,,,
SEIU_119_0302,SEIU_1199_Ohio_2022,58,(3) consecutive workdays of bereavement leave shall be granted to each employee upon the death of a member of his/her family.,HARD,deontic:obligation,2,,,,,,
SEIU_119_0301,SEIU_1199_Ohio_2022,57,The donation of leave shall occur on 44,HARD,deontic:obligation,2,,,,,,
SEIU_119_0300,SEIU_1199_Ohio_2022,57,Appointing authorities shall not directly solicit leave donations from employees.,HARD,deontic:prohibition|deontic:obligation,2,,,,,,
SEIU_119_0299,SEIU_1199_Ohio_2022,57,"Appointing authorities shall respect an employee’s right to privacy, however appointing authorities may, with the permission of the employee who is in need of leave or a member of the employee’s immediate family, inform employees of their co-worker’s critical need for leave.",HARD,deontic:obligation|deontic:permission,2,,,,,,
SEIU_119_0298,SEIU_1199_Ohio_2022,57,Appointing authorities shall ensure that no employees are forced to donate leave.,HARD,deontic:obligation,2,,,,,,
SEIU_119_0297,SEIU_1199_Ohio_2022,57,Employees who wish to donate leave shall certify: 1.,HARD,deontic:obligation,2,,,,,,
SEIU_119_0296,SEIU_1199_Ohio_2022,57,"Donated leave shall be considered sick leave, but shall never be converted into a cash benefit.",HARD,deontic:obligation,2,,,,,,
SEIU_119_0295,SEIU_1199_Ohio_2022,57,Donated leave shall not count toward the probationary period of an employee who receives donated leave during his or her probationary period.,HARD,deontic:prohibition|deontic:obligation,2,,,,,,
SEIU_119_0294,SEIU_1199_Ohio_2022,57,"Leave accrued by an employee while using donated leave shall be used, if necessary, in the following pay period before additional donated leave may be received.",HARD,deontic:obligation|deontic:permission,2,,,,,,
SEIU_119_0293,SEIU_1199_Ohio_2022,57,Employees using donated leave shall be considered in active pay status and shall accrue leave and be entitled to any benefits to which they would otherwise be entitled.,HARD,deontic:obligation,2,,,,,,
SEIU_119_0292,SEIU_1199_Ohio_2022,57,The leave donation program shall be administered on a pay period by pay period basis.,HARD,deontic:obligation,2,,,,,,
SEIU_119_0290,SEIU_1199_Ohio_2022,56,Leave shall be donated in the 43,HARD,deontic:obligation,2,,,,,,
SEIU_119_0289,SEIU_1199_Ohio_2022,56,Employees may donate leave if the donating employee: 1.,SOFT,deontic:permission,2,,,,,,
SEIU_119_0288,SEIU_1199_Ohio_2022,56,"Employees who have applied for these programs may use donated leave to satisfy the waiting period for such benefits where applicable, and donated leave may be used following a waiting period, if one exists, in an amount equal to the benefit provided by the program, i.e. fifty-three and six tenths hours (53.6) per pay period may be utilized by an employee who has satisfied the disability waiting period and is pending approval, this is equal to the sixty-seven percent (67%) benefit provided by disability.",SOFT,deontic:permission,2,,,,,,
SEIU_119_0287,SEIU_1199_Ohio_2022,56,"An employee may receive donated leave, up to the number of hours the employee is scheduled to work each pay period, if the employee who is to receive donated leave: 1.",SOFT,deontic:permission,2,,,,,,
SEIU_119_0286,SEIU_1199_Ohio_2022,56,The definition of immediate family as provided in rule 123:1-47-01 of the Administrative Code shall apply for the leave donation program.,HARD,deontic:obligation,2,,,,,,
SEIU_119_0285,SEIU_1199_Ohio_2022,55,"An employee returning to state service, within ten (10) years of separation, after receipt of a lump sum payment for unused sick leave may buy back all or a portion of such leave from the Employer by returning the amount paid for the number of days to be restored. 13.09 Transfer of Sick Leave Credit An employee who transfers from one state Agency to another shall be credited with the unused balance of the accumulated sick leave credit. 13.10 Leave Donation Program Employees may donate paid leave to a fellow employee who is otherwise eligible to accrue and use sick leave and is employed by the same Agency.",HARD,deontic:obligation|deontic:permission,2,,,,,,
SEIU_119_0303,SEIU_1199_Ohio_2022,58,Leave for full or part-time employees must begin within five,HARD,deontic:obligation,2,,,,,,
SEIU_119_0304,SEIU_1199_Ohio_2022,58,"The Employer may grant vacation, sick leave or personal leave to extend the bereavement leave.",SOFT,deontic:permission,2,,,,,,
SEIU_119_0305,SEIU_1199_Ohio_2022,58,"For the purpose of this Article, family shall include spouse, domestic partner (domestic partner is defined as one who stands in place of a spouse and who resides with the employee), child, grandchild, parents, grandparents, siblings, step-child, step-parent, step-siblings, greatgrandparents, aunt, uncle, mother-in-law, father-in-law, sister-in-law, brother-in-law, son-in-law, daughter-in-law, or legal guardian or other person who stands in the place of a parent.",HARD,deontic:obligation,2,,,,,,
SEIU_119_0319,SEIU_1199_Ohio_2022,60,A copy of the disability leave application and all accompanying documentation shall be forwarded with the notification.,HARD,deontic:obligation,2,,,,,,
SEIU_119_0328,SEIU_1199_Ohio_2022,61,"The Employer and the Union shall review such concerns as time frames, paper flow, and possible refinement of procedural mechanisms for disability claim 48",HARD,deontic:obligation,2,,,,,,
SEIU_119_0327,SEIU_1199_Ohio_2022,61,"If an application for disability benefits is pending and/or has been approved prior to the initiation of the investigation, this Section shall not be applicable. 15.02 Other Leave Usage to Supplement Disability Employees may utilize sick leave, personal leave or vacation to supplement disability leave up to one hundred percent (100%) of the employee’s rate of pay. 15.03 Disability Review The Employer shares the concern of the Union and employees over the need to expeditiously and confidentially process disability leave claims.",HARD,deontic:prohibition|deontic:obligation|deontic:permission,2,,,,,,
SEIU_119_0326,SEIU_1199_Ohio_2022,61,"This Section shall not be applicable where the absence, and subsequent disability, is the result of hospitalization for more than five",HARD,deontic:prohibition|deontic:obligation,2,,,,,,
SEIU_119_0324,SEIU_1199_Ohio_2022,61,"However, if the investigation cannot be completed as a result of the employee’s absence, the investigatory interview shall be cancelled and the application shall be denied.",HARD,deontic:obligation,2,,,,,,
SEIU_119_0323,SEIU_1199_Ohio_2022,61,"Upon completion of the investigatory interview, or the thirty (30) day period, payments may be made, provided the application qualifies for eligibility.",SOFT,deontic:permission,2,,,,,,
SEIU_119_0321,SEIU_1199_Ohio_2022,61,An investigatory interview pursuant to Section 8.03 of the Collective Bargaining Agreement shall be scheduled no more than thirty (30) days after the Agency files the investigation for possible discipline with DAS.,HARD,deontic:obligation,2,,,,,,
SEIU_119_0320,SEIU_1199_Ohio_2022,61,"disability payments should be held in abeyance, DAS shall notify the employee, by regular and certified mail, that the disability payments shall not be processed until the completion of the investigation.",HARD,deontic:prohibition|deontic:obligation|deontic:preference,2,,,,,,
SEIU_119_0316,SEIU_1199_Ohio_2022,60,Disability separations shall be made pursuant to OAC 123:1-30.,HARD,deontic:obligation,2,,,,,,
SEIU_119_0307,SEIU_1199_Ohio_2022,59,(1) year of continuous state service immediately prior to the date of the disability may be eligible for disability leave benefits.,SOFT,deontic:permission,2,,,,,,
SEIU_119_0315,SEIU_1199_Ohio_2022,60,"Pursuant to OAC rule 123:1-33-03, employees who have been denied Workers’ Compensation lost time benefits for an initial claim, may file an application for disability leave benefits within twenty (20) days from the notification by the Bureau of Workers’ Compensation of the denial of an initial claim.",SOFT,deontic:permission,2,,,,,,
SEIU_119_0314,SEIU_1199_Ohio_2022,59,Part-time employees who have worked fifteen hundred (1500) or more hours within the twelve (12) calendar months preceding disability shall be entitled to disability benefits based upon the average regular weekly earnings for weeks worked over that twelve (12) month period.,HARD,deontic:obligation,2,,,,,,
SEIU_119_0313,SEIU_1199_Ohio_2022,59,"In the event the examination is outside the parameters of the employee’s mental healthcare plan, the cost of the examination shall be borne by the Employer.",HARD,deontic:obligation,2,,,,,,
SEIU_119_0312,SEIU_1199_Ohio_2022,59,"However, where the diagnosis is submitted by any other medical professional, the Employer shall make expeditious arrangements for the required examination by the licensed mental health provider.",HARD,deontic:obligation,2,,,,,,
SEIU_119_0311,SEIU_1199_Ohio_2022,59,"Where the initial application is accompanied by the opinion of such provider, it shall be processed accordingly.",HARD,deontic:obligation,2,,,,,,
SEIU_119_0310,SEIU_1199_Ohio_2022,59,"An application for disability benefits based on a diagnosis of a mental disorder, including but not limited to, psychosis, mood disorders, and anxiety, must be confirmed by a licensed mental health provider authorized by the Employer’s mental health administrator.",HARD,deontic:obligation,2,,,,,,
SEIU_119_0308,SEIU_1199_Ohio_2022,59,"To be eligible for disability leave benefits, an employee must be:",HARD,deontic:obligation,2,,,,,,
SEIU_119_0188,SEIU_1199_Ohio_2022,39,“Loudermill Decision” or any subsequent court decisions that shall impact pre-discipline due process requirements.,HARD,deontic:obligation,2,,,,,,
SEIU_119_0187,SEIU_1199_Ohio_2022,38,This opportunity shall be offered in accordance with the 25,HARD,deontic:obligation,2,,,,,,
SEIU_119_0186,SEIU_1199_Ohio_2022,38,"(3) days, or a termination, the employee shall be afforded an opportunity to be confronted with the charges against him/her and to offer his/her side of the story.",HARD,deontic:obligation,2,,,,,,
SEIU_119_0067,SEIU_1199_Ohio_2022,25,"Day as used in this Article means a calendar day, and times shall be computed by excluding the first and including the last day.",HARD,deontic:obligation,2,,,,,,
SEIU_119_0065,SEIU_1199_Ohio_2022,25,The State Personnel Board of Review shall have no jurisdiction to receive and determine any appeals relating to matters that are the subject of this grievance procedure.,HARD,deontic:obligation,2,,,,,,
SEIU_119_0064,SEIU_1199_Ohio_2022,25,bargaining unit employees and no reprisals of any kind shall be taken against any employee initiating or participating in the grievance procedure.,HARD,deontic:obligation,2,,,,,,
SEIU_119_0063,SEIU_1199_Ohio_2022,24,Such procedure shall be available to all 11,HARD,deontic:obligation,2,,,,,,
SEIU_119_0062,SEIU_1199_Ohio_2022,24,"The Employer and Union hereby state a mutual commitment to equal employment opportunity, in regards to job opportunities within the Agencies covered by this Agreement. 6.02 Agreement Rights No employee shall be discriminated against, intimidated, restrained, harassed, or coerced in the exercise of rights granted by this Agreement.",HARD,deontic:obligation|deontic:prohibition,2,,,,,,
SEIU_119_0061,SEIU_1199_Ohio_2022,24,"In addition, the Employer shall comply with all the requirements of the Federal Americans with Disabilities Act and the regulations promulgated under that Act.",HARD,deontic:obligation,2,,,,,,
SEIU_119_0059,SEIU_1199_Ohio_2022,23,"The Union shall indemnify the Employer from and against any and all claims, suits, orders, or judgments brought against the Employer that arise from the dues deductions form. 4.02 Reserved for Future Use ARTICLE 5 - MANAGEMENT RIGHTS The Union agrees that all of the function, rights, powers, responsibilities and authority of the Employer, in regard to the operation of its work and business and the direction of its workforce which the Employer has not specifically abridged, deleted, granted or modified by the express and specific written provision of the Agreement are, and shall remain, exclusively those of the Employer.",HARD,deontic:obligation,2,,,,,,
SEIU_119_0058,SEIU_1199_Ohio_2022,23,"The Union shall indemnify and hold harmless the Employer from and against any liability incurred to any third parties with proper standing, that arise from the dues deductions form.",HARD,deontic:obligation,2,,,,,,
SEIU_119_0057,SEIU_1199_Ohio_2022,22,"Upon receiving a cancellation notification, the Union shall provide timely notice of the cancellation to the Employer;",HARD,deontic:obligation,2,,,,,,
SEIU_119_0056,SEIU_1199_Ohio_2022,22,"In the event there are changes in the law that permit the collection of fair share fees from non-members of the Union through payroll deductions, the Union and the Employer shall enter into good faith negotiations to address fair share fees.",HARD,deontic:obligation,2,,,,,,
SEIU_119_0055,SEIU_1199_Ohio_2022,22,All funds so deducted shall be remitted to the Union regularly.,HARD,deontic:obligation,2,,,,,,
SEIU_119_0054,SEIU_1199_Ohio_2022,22,In such instances the Employer shall provide timely notification to the Union of the concern that is preventing the processing of the card.,HARD,deontic:obligation,2,,,,,,
SEIU_119_0053,SEIU_1199_Ohio_2022,22,Union shall ensure that the form contains sufficient identifying information in order to allow the Employer to identify the employee named on the form in order to permit proper processing.,HARD,deontic:obligation,2,,,,,,
SEIU_119_0052,SEIU_1199_Ohio_2022,21,The form shall comply with all applicable federal and state laws and regulations.,HARD,deontic:obligation,2,,,,,,
SEIU_119_0051,SEIU_1199_Ohio_2022,21,"ARTICLE 4 - UNION SECURITY 4.01 Dues Deduction The Employer shall deduct monthly membership dues and, if appropriate, initiation fees payable to the Union, upon receipt of a voluntary written individual authorization from any bargaining unit employee on a form developed and maintained by the Union.",HARD,deontic:obligation,2,,,,,,
SEIU_119_0050,SEIU_1199_Ohio_2022,21,There shall be no expectation of privacy when using State equipment or electronic systems.,HARD,deontic:obligation,2,,,,,,
SEIU_119_0049,SEIU_1199_Ohio_2022,21,Long distance charges which may be incurred must be approved prior to transmission.,HARD,deontic:obligation|deontic:permission,2,,,,,,
SEIU_119_0048,SEIU_1199_Ohio_2022,21,"When feasible, and where equipment is currently available, Union delegates may utilize electronic mail and/or facsimile equipment solely for contract enforcement and interpretation and grievance processing matters.",SOFT,deontic:permission,2,,,,,,
SEIU_119_0066,SEIU_1199_Ohio_2022,25,Probationary employees shall not have access to the disciplinary grievance procedure.,HARD,deontic:prohibition|deontic:obligation,2,,,,,,
SEIU_119_0068,SEIU_1199_Ohio_2022,25,"For the initial filing of a grievance, when the last day falls on a Saturday, a Sunday, or a legal holiday, the initial filing may be done on the next succeeding day which is not a Saturday, Sunday, or holiday.",SOFT,deontic:permission,2,,,,,,
SEIU_119_0088,SEIU_1199_Ohio_2022,27,Management must enter the meeting date in the electronic grievance system.,HARD,deontic:obligation,2,,,,,,
SEIU_119_0069,SEIU_1199_Ohio_2022,25,"Step 2 refers to the Agency step. 7.03 Specific Provision The grievant shall cite on the grievance form the specific Article, Section, or combination thereof that he/she alleges to have been violated and the specific resolution requested.",HARD,deontic:obligation,2,,,,,,
SEIU_119_0086,SEIU_1199_Ohio_2022,27,"Prior to the grievance meeting with the Agency designee and at the request of either party, attempts may be made to resolve the grievance.",SOFT,deontic:permission,2,,,,,,
SEIU_119_0085,SEIU_1199_Ohio_2022,27,The parties shall reference the date the grievance was submitted in the electronic grievance system to confirm timeliness.,HARD,deontic:obligation,2,,,,,,
SEIU_119_0084,SEIU_1199_Ohio_2022,27,"If the member is not satisfied with the result of the informal meeting, if any, the member may pursue the formal steps which follow: Step 2 (Agency step) All complaints not resolved at the supervisory level shall be filed in the electronic grievance system as a formal grievance within twenty (20) days of the date on which the grievant knew or reasonably should have had knowledge of the event.",HARD,deontic:obligation|deontic:preference|deontic:permission,2,,,,,,
SEIU_119_0083,SEIU_1199_Ohio_2022,27,Any time away from job duties under this section shall be indicated on the Agency’s form or log if required under Section 3.02 of this Agreement.,HARD,deontic:obligation,2,,,,,,
SEIU_119_0082,SEIU_1199_Ohio_2022,27,At this meeting there may be a delegate present.,SOFT,deontic:permission,2,,,,,,
SEIU_119_0081,SEIU_1199_Ohio_2022,27,"By mutual agreement, the Union and the Agency may waive Step 2 of this procedure.",SOFT,deontic:permission,2,,,,,,
SEIU_119_0080,SEIU_1199_Ohio_2022,26,"(3) pay periods, interest at the rate of one percent (1%) shall accrue commencing the first day after the payment was due, and on the same date of subsequent months. 7.06 Grievance Steps The parties intend that every effort shall be made to 13",HARD,deontic:obligation,2,,,,,,
SEIU_119_0079,SEIU_1199_Ohio_2022,26,Settlement agreements that require payment or other compensation shall be initiated for payment within two,HARD,deontic:obligation,2,,,,,,
SEIU_119_0078,SEIU_1199_Ohio_2022,26,"The decision shall not be advanced past Step 2. 7.05 Termination of the Issue When a decision has been accepted by the Employer and the Union at any step of this grievance procedure, or the Employer has granted the grievance, it shall be final and no further use of this grievance procedure in regard to that issue shall take place.",HARD,deontic:prohibition|deontic:obligation,2,,,,,,
SEIU_119_0077,SEIU_1199_Ohio_2022,26,Reprimands may be grieved.,SOFT,deontic:permission,2,,,,,,
SEIU_119_0076,SEIU_1199_Ohio_2022,26,"Union representatives, officers or bargaining unit members shall not attempt to process as grievances matters which do not constitute an alleged violation of this Agreement.",HARD,deontic:prohibition|deontic:obligation,2,,,,,,
SEIU_119_0075,SEIU_1199_Ohio_2022,26,"The Union shall identify the class involved, including the names if necessary, if requested by the Agency head or designee.",HARD,deontic:obligation,2,,,,,,
SEIU_119_0074,SEIU_1199_Ohio_2022,26,Class Grievances shall be filed by the Union within twenty (20) days of the date on which the grievant(s) knew or reasonably could have known of the event giving rise to the Class Grievance.,HARD,deontic:obligation,2,,,,,,
SEIU_119_0073,SEIU_1199_Ohio_2022,26,A grievance so initiated shall be called a Class Grievance.,HARD,deontic:obligation,2,,,,,,
SEIU_119_0072,SEIU_1199_Ohio_2022,26,"(1) employee in the same way, the grievance may be filed by the Union.",SOFT,deontic:permission,2,,,,,,
SEIU_119_0071,SEIU_1199_Ohio_2022,26,grievance does not constitute a waiver of a claim of a procedural defect. 7.04 Grievance A grievance under this procedure may be brought by any bargaining unit member who believes himself/herself to be aggrieved by a specific violation of this Agreement.,SOFT,deontic:permission,2,,,,,,
SEIU_119_0070,SEIU_1199_Ohio_2022,25,The grievance may be amended at the Step 2 meeting.,SOFT,deontic:permission,2,,,,,,
SEIU_119_0047,SEIU_1199_Ohio_2022,21,"Where security is of concern, the mail shall be opened in the presence of the addressee.",HARD,deontic:obligation,2,,,,,,
SEIU_119_0046,SEIU_1199_Ohio_2022,21,This usage shall be limited to matters that involve the Union and the Employer.,HARD,deontic:obligation,2,,,,,,
SEIU_119_0045,SEIU_1199_Ohio_2022,21,"The Employer shall notify the Union of newly hired employees at reasonable intervals, but no later than before a scheduled orientation. 3.08 Mail Service and Use of State Electronic Systems The Union shall be permitted to use the State inter and intra-office paper mail system.",HARD,deontic:obligation,2,,,,,,
SEIU_119_0044,SEIU_1199_Ohio_2022,21,"3.07 Union Orientation Where the Employer has a structured employee orientation program, the Union shall be permitted to make a presentation not to exceed thirty (30) minutes in duration regarding the Union.",HARD,deontic:obligation,2,,,,,,
SEIU_119_0021,SEIU_1199_Ohio_2022,17,Employees having a legitimate need for the services of their delegates/organizers shall notify their supervisor.,HARD,deontic:obligation,2,,,,,,
SEIU_119_0020,SEIU_1199_Ohio_2022,17,"If the question cannot be resolved at this level, it shall be submitted to the Deputy Director of the Office of Collective Bargaining for resolution.",HARD,deontic:obligation,2,,,,,,
SEIU_119_0019,SEIU_1199_Ohio_2022,17,Any disputes between the Agency and the Union as to whether any organizer or delegate is spending an unreasonable amount of time in any work site conducting authorized Union business shall be resolved by the Union and the Agency appointing authority or designee.,HARD,deontic:obligation,2,,,,,,
SEIU_119_0018,SEIU_1199_Ohio_2022,17,"The notification shall be given as far in advance as is practical, according to the circumstances.",HARD,deontic:obligation,2,,,,,,
SEIU_119_0017,SEIU_1199_Ohio_2022,17,"Before a delegate takes time away from his/her job duties to administer the Agreement, the delegate must inform his/her supervisor or designee of the approximate duration of time the delegate expects to be away from his/her job duties and, if the delegate is leaving the work area, the duration of time expected to be away from the work area.",HARD,deontic:obligation,2,,,,,,
SEIU_119_0016,SEIU_1199_Ohio_2022,17,Delegates shall notify their supervisors when working on authorized Union business.,HARD,deontic:obligation,2,,,,,,
SEIU_119_0015,SEIU_1199_Ohio_2022,17,Delegates may use a reasonable amount of time to perform delegate duties.,SOFT,deontic:permission,2,,,,,,
SEIU_119_0014,SEIU_1199_Ohio_2022,17,Delegates/organizers may receive and discuss complaints and grievances of employees on the premises and time of the Agency provided it does not interfere with the necessary operation of the facility.,SOFT,deontic:permission,2,,,,,,
SEIU_119_0013,SEIU_1199_Ohio_2022,17,"In addition to their regular work duties, the duties of the delegates during work time shall be limited to the investigation and presentation of bargaining unit employees’ grievances and representing said employees in meetings with the Agency.",HARD,deontic:obligation,2,,,,,,
SEIU_119_0012,SEIU_1199_Ohio_2022,16,The delegates appointed shall 3,HARD,deontic:obligation,2,,,,,,
SEIU_119_0010,SEIU_1199_Ohio_2022,16,"The Employer shall notify the Union of any changes in the classification plan sixty (60) days prior to the effective date of the change or as soon as the changes become known to the Employer, whichever occurs first.",HARD,deontic:obligation,2,,,,,,
SEIU_119_0009,SEIU_1199_Ohio_2022,16,This Section alone shall not operate to void any existing or future ORC statutes or rules of the OAC and applicable Federal law.,HARD,deontic:prohibition|deontic:obligation,2,,,,,,
SEIU_119_0007,SEIU_1199_Ohio_2022,15,"All other provisions of this Agreement not affected by the amendment shall continue in full force and effect for the term of this Agreement. 1.02 Memorandum of Understanding Duration All Memoranda of Understanding, amendments, Letters of Intent, or any other mutually agreed to provisions, shall be reviewed by the Union 1199, the Office of Collective Bargaining, and Agency representatives for determination of their force and effect.",HARD,deontic:obligation,2,,,,,,
SEIU_119_0006,SEIU_1199_Ohio_2022,15,"Upon its execution, such amendment shall supersede any existing provision of this Agreement in accordance with its terms and shall continue in full force and effect for the duration of this Agreement.",HARD,deontic:obligation,2,,,,,,
SEIU_119_0005,SEIU_1199_Ohio_2022,15,"Any amendment providing for an addition, deletion, substitution or modification of this Agreement must be in writing and executed by the President of the Union or designee and the Director of the Department of Administrative Services or designee.",HARD,deontic:obligation,2,,,,,,
SEIU_119_0004,SEIU_1199_Ohio_2022,14,No verbal statement shall supersede any provisions of this Agreement.,HARD,deontic:obligation,2,,,,,,
SEIU_119_0003,SEIU_1199_Ohio_2022,14,This Agreement may be amended only by written agreement between the Employer and the Union.,SOFT,deontic:permission,2,,,,,,
SEIU_119_0022,SEIU_1199_Ohio_2022,18,"When it is necessary for delegates to conduct authorized Union business in a work site or shift other than their own, they shall notify the designated Agency representative of that work site or shift of their presence and the nature of their business.",HARD,deontic:obligation,2,,,,,,
SEIU_119_0023,SEIU_1199_Ohio_2022,18,Delegates/organizers of the Union shall be allowed reasonable contact with employees of the bargaining unit during normal working hours.,HARD,deontic:obligation,2,,,,,,
SEIU_119_0024,SEIU_1199_Ohio_2022,18,The organizer shall notify the designated Agency representative before conducting Union business on the Agency’s premises and shall adhere to the Agency’s reasonable policy regarding access.,HARD,deontic:obligation,2,,,,,,
SEIU_119_0035,SEIU_1199_Ohio_2022,19,Employees who do not return to their worksite prior to the end of the employees’ workday shall complete the form at the beginning of the employees’ next workday.,HARD,deontic:obligation,2,,,,,,
SEIU_119_0043,SEIU_1199_Ohio_2022,20,"The unresolved posting of any material at a facility may be referred to the Union and the Office of Collective Bargaining for resolution. 3.06 Meeting Room Space Space for meetings or conferences with employees may be provided upon request, when available.",SOFT,deontic:permission,2,,,,,,
SEIU_119_0042,SEIU_1199_Ohio_2022,20,The Union representative shall remove any materials in violation of this Section.,HARD,deontic:obligation,2,,,,,,
SEIU_119_0041,SEIU_1199_Ohio_2022,20,The posting of any Union materials shall be restricted to such bulletin board space.,HARD,deontic:obligation,2,,,,,,
SEIU_119_0040,SEIU_1199_Ohio_2022,20,The appropriate Union representative shall have the key.,HARD,deontic:obligation,2,,,,,,
SEIU_119_0039,SEIU_1199_Ohio_2022,20,"In institutional agencies, bulletin boards shall be glass enclosed and lockable.",HARD,deontic:obligation,2,,,,,,
SEIU_119_0037,SEIU_1199_Ohio_2022,20,All funds so deducted shall be remitted to the Union regularly. 3.04 Credit Union Deductions The Employer agrees to honor Credit Union deduction requests for members who have properly signed and executed the payroll deduction form.,HARD,deontic:obligation,2,,,,,,
SEIU_119_0036,SEIU_1199_Ohio_2022,19,"Employees who normally work out of the office, will work out an acceptable alternative procedure with their supervisor. 3.03 Other Union Deductions The Employer, for the term of this Agreement, shall withhold other Union deductions from the pay received monthly, quarterly, or annually from those employees who have voluntarily and individually authorized such deduction by executing and submitting a written authorization form (payroll deduction form) in a timely 6",HARD,deontic:obligation,2,,,,,,
SEIU_119_0034,SEIU_1199_Ohio_2022,19,The employee shall enter on the form the time the employee begins performing union work and the time the employee returns to the employee’s job duties.,HARD,deontic:obligation,2,,,,,,
SEIU_119_0025,SEIU_1199_Ohio_2022,18,The Union’s vicepresident shall be given ten (10) days administrative leave with pay to attend to his/her duties as an officer.,HARD,deontic:obligation,2,,,,,,
SEIU_119_0033,SEIU_1199_Ohio_2022,19,"No employee will be permitted time away from job duties pursuant to this Article, without completing the form or log prior to the utilization of such time, and securing of permission to utilize such time from the employee’s supervisor or designee.",HARD,deontic:prohibition,2,,,,,,
SEIU_119_0032,SEIU_1199_Ohio_2022,19,"The Union may, on a limited basis, replace or substitute individual committee members as it perceives the need. 3.02 Union Requests for Time Away from Job Duties for Union Work All requests for any form of time away from job duties pursuant to this Article must be made by completing a form or log provided by the Employer.",HARD,deontic:obligation|deontic:permission,2,,,,,,
SEIU_119_0031,SEIU_1199_Ohio_2022,19,"It is understood that the Union is in exclusive control of the composition of its committee and may select those State employees, up to twenty (20) who will participate in negotiations.",SOFT,deontic:permission,2,,,,,,
SEIU_119_0029,SEIU_1199_Ohio_2022,18,Members of the Union negotiating team shall be paid by the Employer for the time spent in negotiations with the 5,HARD,deontic:obligation,2,,,,,,
SEIU_119_0028,SEIU_1199_Ohio_2022,18,The Union shall designate no more than twenty (20) bargaining unit members to serve on the negotiating team.,HARD,deontic:obligation,2,,,,,,
SEIU_119_0027,SEIU_1199_Ohio_2022,18,Such requests shall not be unreasonably denied.,HARD,deontic:prohibition|deontic:obligation,2,,,,,,
SEIU_119_0026,SEIU_1199_Ohio_2022,18,Employees elected to the Executive Board of the Union may be allowed time off without pay or may use their personal leave or vacation to attend necessary meetings.,SOFT,deontic:permission,2,,,,,,
SEIU_119_0087,SEIU_1199_Ohio_2022,27,The Agency head or designee shall hold a meeting and issue a response within fifty (50) days after the receipt of the grievance.,HARD,deontic:obligation,2,,,,,,
SEIU_119_0089,SEIU_1199_Ohio_2022,28,"timeframe, the extension date shall be entered in the electronic grievance system by Management.",HARD,deontic:obligation,2,,,,,,
SEIU_119_0185,SEIU_1199_Ohio_2022,38,The employee may choose a reduction in leave balances in lieu of a fine levied against him/her. 8.03 Pre-Discipline Prior to the imposition of a suspension or fine of more than three,SOFT,deontic:permission,2,,,,,,
SEIU_119_0163,SEIU_1199_Ohio_2022,35,Nonselection grievances where the sole issue is whether an employee met the minimum qualifications for the position shall be mediated prior to being heard at non-traditional arbitration.,HARD,deontic:obligation,2,,,,,,
SEIU_119_0158,SEIU_1199_Ohio_2022,35,"Where the parties mutually agree, grievances may be identified as being ripe for resolution through such arbitration mechanisms and may be scheduled accordingly.",SOFT,deontic:permission,2,,,,,,
SEIU_119_0156,SEIU_1199_Ohio_2022,34,The arbitrator shall issue a written decision along with an oral and/or written supporting rationale to the 21,HARD,deontic:obligation,2,,,,,,
SEIU_119_0155,SEIU_1199_Ohio_2022,34,"Such mechanisms may include but not be limited to, presentation of argument based on factual stipulations, presentation of argument without factual stipulations, and presentation of more than one case on a given day with bench decisions being orally rendered by the arbitrator.",SOFT,deontic:permission,2,,,,,,
SEIU_119_0154,SEIU_1199_Ohio_2022,34,The arbitrator’s decision shall address itself solely to the issue or issues presented and shall not impose upon either party any restriction or obligation pertaining to any matter raised in the dispute which is not specifically related to the submitted issue or issues. 7.08 Non-Traditional Arbitration The parties agree to utilize a variety of non-traditional arbitration mechanisms.,HARD,deontic:prohibition|deontic:obligation,2,,,,,,
SEIU_119_0153,SEIU_1199_Ohio_2022,34,"Issues Prior to the start of an arbitration hearing under this Agreement, the Employer and the Union shall attempt to reduce to writing the issue or issues to be placed before the arbitrator.",HARD,deontic:obligation,2,,,,,,
SEIU_119_0152,SEIU_1199_Ohio_2022,34,Binding Decisions Arbitrators’ decisions under this Agreement shall be final and binding.,HARD,deontic:obligation,2,,,,,,
SEIU_119_0151,SEIU_1199_Ohio_2022,34,"When the arbitrator determines that too many employees from the same facility have been subpoenaed thereby impeding the ability of the Agency to carry out its mission or inhibit the Agency’s ability to conduct an efficient operation, he/she shall make alternate arrangements to hear the testimony.",HARD,deontic:obligation,2,,,,,,
SEIU_119_0150,SEIU_1199_Ohio_2022,34,The arbitrator shall not subpoena persons to offer repetitive testimony. 3.,HARD,deontic:prohibition|deontic:obligation,2,,,,,,
SEIU_119_0149,SEIU_1199_Ohio_2022,34,"If the arbitrator sustains the objection to the issuance of the subpoena, the arbitrator shall inform the parties at least five",HARD,deontic:obligation,2,,,,,,
SEIU_119_0148,SEIU_1199_Ohio_2022,34,issue a subpoena(s) the arbitrator shall contact the other party and hear and consider objections to the issuance of said subpoena(s).,HARD,deontic:obligation,2,,,,,,
SEIU_119_0147,SEIU_1199_Ohio_2022,33,"The arbitrator shall have authority to subpoena witnesses pursuant to Section 2711.06, of the Ohio Revised Code.",HARD,deontic:obligation,2,,,,,,
SEIU_119_0146,SEIU_1199_Ohio_2022,33,"Once a determination is made that a matter is arbitrable, or if such preliminary determination cannot be reasonably made, the arbitrator shall then proceed to determine the merits of the dispute. 2.",HARD,deontic:obligation,2,,,,,,
SEIU_119_0145,SEIU_1199_Ohio_2022,33,Questions of arbitrability shall be decided by the arbitrator.,HARD,deontic:obligation,2,,,,,,
SEIU_119_0144,SEIU_1199_Ohio_2022,33,"The arbitrator shall have no power to add to, subtract from, or modify any of the terms of this Agreement, nor shall he/she impose on either party a limitation or obligation not specifically required by the express language of this Agreement.",HARD,deontic:obligation,2,,,,,,
SEIU_119_0142,SEIU_1199_Ohio_2022,33,The arbitrator’s decision shall be submitted in writing and shall set forth the findings and conclusions with respect to the issues submitted to arbitration.,HARD,deontic:obligation,2,,,,,,
SEIU_119_0141,SEIU_1199_Ohio_2022,33,(Disciplinary arbitration decisions shall be submitted on the expedited schedule listed in that section.) The arbitrator shall submit an accounting for the fees and expenses of arbitration to both parties.,HARD,deontic:obligation,2,,,,,,
SEIU_119_0139,SEIU_1199_Ohio_2022,33,"Arbitration Decisions The arbitrator shall render the decision as quickly as possible, but in any event, no later than forty-five (45) days after the",HARD,deontic:obligation,2,,,,,,
SEIU_119_0159,SEIU_1199_Ohio_2022,35,"Since the vehicle for resolution is non-traditional in nature and the traditional notions of proof may not apply, the Union shall present to the Employer a signed waiver by each grievant in disciplinary grievances of more than five",HARD,deontic:obligation|deontic:restriction|deontic:permission,2,,,,,,
SEIU_119_0164,SEIU_1199_Ohio_2022,35,The arbitrator may ask questions of the witness or the grievant.,SOFT,deontic:permission,2,,,,,,
SEIU_119_0090,SEIU_1199_Ohio_2022,28,The extension date entered shall be the same number of calendar days as the length of the extension (e.g.,HARD,deontic:obligation,2,,,,,,
SEIU_119_0165,SEIU_1199_Ohio_2022,35,"The Union and OCB may jointly decide to take issue grievances to non-traditional arbitration. 7.09 Representation In each step of the grievance procedure outlined in this Article, certain specific Union representatives are given approval to attend the meetings therein prescribed.",SOFT,deontic:permission,2,,,,,,
SEIU_119_0184,SEIU_1199_Ohio_2022,38,"If a bargaining unit employee receives discipline, which includes lost wages or fine, the Employer may offer the following forms of corrective action: 1) Actually having the employee serve the designated number of days suspended without pay; or receive only a working suspension, i.e., a suspension on paper without time off; or pay the designated fine or; 2) Having the employee deplete his/her accrued personal leave, vacation, or compensatory leave banks of hours, or a combination of any of these banks under such terms as may be mutually agreed to between the Employer, employee, and the Union.",SOFT,deontic:permission,2,,,,,,
SEIU_119_0183,SEIU_1199_Ohio_2022,38,The employee’s authorization shall not be required for the deduction of a disciplinary fine from the employee’s paycheck.,HARD,deontic:prohibition|deontic:obligation,2,,,,,,
SEIU_119_0182,SEIU_1199_Ohio_2022,37,ARTICLE 8 - DISCIPLINE 8.01 Standard Disciplinary action may be imposed upon an employee only for just cause. 8.02 Progressive Discipline The principles of progressive discipline shall be 24,HARD,deontic:obligation|deontic:permission,2,,,,,,
SEIU_119_0181,SEIU_1199_Ohio_2022,37,The computer/tablet and WIFI access device used by the union must be password protected.,HARD,deontic:obligation,2,,,,,,
SEIU_119_0180,SEIU_1199_Ohio_2022,37,"In institutional agencies where personal devices are not allowed due to security reasons and where there is no computer and internet available for the local union to use during any grievance hearings, the local union may use their own computer/tablet and WI-FI access device for the purpose of accessing virtual grievance meetings and the electronic grievance system.",SOFT,deontic:permission,2,,,,,,
SEIU_119_0179,SEIU_1199_Ohio_2022,37,"If a system/programming error occurs which makes the electronic grievance system unavailable prohibiting the timely initial filing of a grievance, the initial filing timeline in this Article shall be automatically extended until the end of the employee’s next scheduled shift.",HARD,deontic:obligation,2,,,,,,
SEIU_119_0178,SEIU_1199_Ohio_2022,37,State of Ohio agencies shall ensure access to the internet in the workplace is sufficient for use of the electronic grievance system to facilitate the processing of grievances.,HARD,deontic:obligation,2,,,,,,
SEIU_119_0177,SEIU_1199_Ohio_2022,37,The electronic grievance system may be accessed from a home or a work computer or a computer in a designated union office.,SOFT,deontic:permission,2,,,,,,
SEIU_119_0176,SEIU_1199_Ohio_2022,37,"Bargaining unit employees and delegates shall have access to the electronic grievance system from their agency website (intra-net), the SEIU/1199 website, and/or OCB website.",HARD,deontic:obligation,2,,,,,,
SEIU_119_0175,SEIU_1199_Ohio_2022,37,elect to participate in a NTA from a mutually agreed upon location if the Employer is unable to provide the necessary equipment and an appropriate location at the worksite. 7.11 Electronic Grievance System Grievances shall be filed using the electronic grievance system.,HARD,deontic:obligation,2,,,,,,
SEIU_119_0174,SEIU_1199_Ohio_2022,36,"Alternative Means of Holding Grievance Meetings Where available, speakerphone and/or teleconferencing may be utilized for the purpose of conducting grievance meetings.",SOFT,deontic:permission,2,,,,,,
SEIU_119_0173,SEIU_1199_Ohio_2022,36,Hearing Waiver By mutual consent the Employer and the Union may waive a hearing and submit the issue solely on written materials.,SOFT,deontic:permission,2,,,,,,
SEIU_119_0170,SEIU_1199_Ohio_2022,36,"Failure of the grievant to appeal a grievance to the next step of the grievance procedure within the time constraints specified in this Agreement, shall be considered an acceptance of the last answer given.",HARD,deontic:obligation,2,,,,,,
SEIU_119_0169,SEIU_1199_Ohio_2022,36,Approved leave with pay shall constitute an automatic time extension to the grievant with respect to such days.,HARD,deontic:obligation,2,,,,,,
SEIU_119_0168,SEIU_1199_Ohio_2022,36,The grievant or the Union representative and representatives of the Employer may mutually agree at any point in the procedure to a time extension.,SOFT,deontic:permission,2,,,,,,
SEIU_119_0167,SEIU_1199_Ohio_2022,36,"Extensions and Mutual Agreement By mutual consent, the Employer and the Union may alter any of the procedures set forth in the Article.",SOFT,deontic:permission,2,,,,,,
SEIU_119_0166,SEIU_1199_Ohio_2022,36,"appropriate employer representatives will be the only representatives in attendance at such meeting; however, necessary witnesses may attend on paid time. 7.10 Miscellaneous A.",SOFT,deontic:permission,2,,,,,,
SEIU_119_0138,SEIU_1199_Ohio_2022,33,"If the other party desires a copy, then the cost for the copy shall be borne by the requesting party.",HARD,deontic:obligation,2,,,,,,
SEIU_119_0137,SEIU_1199_Ohio_2022,33,"(1) party desires a transcript of the proceedings, the total cost for such transcription shall be paid by the party desiring the transcript.",HARD,deontic:obligation,2,,,,,,
SEIU_119_0135,SEIU_1199_Ohio_2022,32,"When arbitration is virtual, exchange of documents and submission to the arbitrator may occur in advance based upon mutual agreement.",SOFT,deontic:permission,2,,,,,,
SEIU_119_0134,SEIU_1199_Ohio_2022,32,"If a selected arbitrator refuses to accept an appointment after the parties have followed this procedure, the parties will first attempt to mutually select an arbitrator from any of the lists received from FMCS for the applicable case, and if a mutual selection cannot be made then another list shall be requested from FMCS, the cost will be shared equally by the parties, and the selection process shall continue as described herein.",HARD,deontic:obligation,2,,,,,,
SEIU_119_0111,SEIU_1199_Ohio_2022,30,(2) of the Union representatives present may be on paid leave by the Employer.,SOFT,deontic:permission,2,,,,,,
SEIU_119_0110,SEIU_1199_Ohio_2022,30,"A Union organizer, grievant and a delegate designated by the Union may be present at the mediation of a grievance.",SOFT,deontic:permission,2,,,,,,
SEIU_119_0109,SEIU_1199_Ohio_2022,29,"The comments and opinions of the mediator, and any settlement offers put forth by either party shall not be admissible in 16",HARD,deontic:prohibition|deontic:obligation,2,,,,,,
SEIU_119_0108,SEIU_1199_Ohio_2022,29,The purpose of the mediation is to reach a mutually agreeable resolution of the dispute where possible and therefore representatives of the Agency and the Union will come to the mediation with signature authority for settlement and/or withdrawal.,SOFT,deontic:preference,2,,,,,,
SEIU_119_0107,SEIU_1199_Ohio_2022,29,The taking of oaths and the examination of witnesses shall not be permitted and no verbatim record of the proceeding shall be taken.,HARD,deontic:prohibition|deontic:obligation,2,,,,,,
SEIU_119_0106,SEIU_1199_Ohio_2022,29,"The mediators may employ all of the techniques commonly associated with mediation, including private caucuses with the parties.",SOFT,deontic:permission,2,,,,,,
SEIU_119_0105,SEIU_1199_Ohio_2022,29,The fees and expenses of the mediator shall be shared equally by the parties.,HARD,deontic:obligation,2,,,,,,
SEIU_119_0103,SEIU_1199_Ohio_2022,29,The parties shall mutually agree to a panel of arbitrators as set forth in Section 7.07(A).,HARD,deontic:obligation,2,,,,,,
SEIU_119_0101,SEIU_1199_Ohio_2022,29,The parties must submit a waiver in the electronic grievance system.,HARD,deontic:obligation,2,,,,,,
SEIU_119_0100,SEIU_1199_Ohio_2022,29,Either the OCB or the Union may waive mediation and advance a grievance directly to arbitration if that party believes that mediation would not be useful in resolving the dispute.,SOFT,deontic:permission,2,,,,,,
SEIU_119_0099,SEIU_1199_Ohio_2022,29,"The Office of Collective Bargaining (OCB) shall have sole management authority to grant, modify or deny the grievance at ADR and Arbitration.",HARD,deontic:obligation,2,,,,,,
SEIU_119_0098,SEIU_1199_Ohio_2022,28,The Union may appeal the grievance to Alternative Dispute Resolution (ADR) within fifteen (15) days of receipt of the decision at Step 15,SOFT,deontic:permission,2,,,,,,
SEIU_119_0097,SEIU_1199_Ohio_2022,28,"Alternative Dispute Resolution (ADR) If the grievance is not resolved at Step 2, not answered within fifty (50) days of filing or any mutually agreed upon extension date, or the Step 2 meeting was not held in accordance with this Article, the grievance shall be automatically eligible for appeal.",HARD,deontic:obligation,2,,,,,,
SEIU_119_0096,SEIU_1199_Ohio_2022,28,The grievant may be accompanied at this meeting by a delegate and/or an organizer.,SOFT,deontic:permission,2,,,,,,
SEIU_119_0094,SEIU_1199_Ohio_2022,28,"Meetings will ordinarily be held at the work site in as far as practical; if available, teleconferencing and videoconferencing may be utilized.",SOFT,deontic:permission,2,,,,,,
SEIU_119_0092,SEIU_1199_Ohio_2022,28,The answer shall be consistent with the terms of this Agreement.,HARD,deontic:obligation,2,,,,,,
SEIU_119_0091,SEIU_1199_Ohio_2022,28,"At the Step 2 meeting, the grievance may be granted, settled or withdrawn, or a response shall be prepared and submitted by the Agency head or designee, within fifty (50) days of the submission or agreed upon extension date.",HARD,deontic:obligation|deontic:permission,2,,,,,,
SEIU_119_0112,SEIU_1199_Ohio_2022,30,Each party may have no more than three,SOFT,deontic:permission,2,,,,,,
SEIU_119_0113,SEIU_1199_Ohio_2022,30,Arbitration Grievances which have not been resolved under the ADR procedure shall be considered eligible for Arbitration.,HARD,deontic:obligation,2,,,,,,
SEIU_119_0114,SEIU_1199_Ohio_2022,30,"The Union may request arbitration of the grievance within sixty (60) days of the date of mediation, but no more than one hundred eighty (180) days of the filing of the grievance.",SOFT,deontic:permission,2,,,,,,
SEIU_119_0125,SEIU_1199_Ohio_2022,31,The method of selection and all other questions regarding this section shall be jointly agreed to by the parties.,HARD,deontic:obligation,2,,,,,,
SEIU_119_0133,SEIU_1199_Ohio_2022,32,"Upon receiving a subsequent list, the parties will again first attempt to mutually select an arbitrator and, if failing to mutually agree upon an arbitrator from this list, then the parties shall strike names alternately.",HARD,deontic:obligation,2,,,,,,
SEIU_119_0132,SEIU_1199_Ohio_2022,32,"Prior to beginning the striking procedure, either party shall have the option to completely reject the list of names and request another list once per case, provided the request is made within ten (10) days of receiving the list.",HARD,deontic:obligation,2,,,,,,
SEIU_119_0131,SEIU_1199_Ohio_2022,31,"Failing to mutually agree upon an arbitrator from this list, the parties shall strike names alternately, with the parties’ right to strike (i.e. the choice to strike first or second) to be determined by the flip 18",HARD,deontic:obligation,2,,,,,,
SEIU_119_0130,SEIU_1199_Ohio_2022,31,The parties shall first attempt to mutually select an arbitrator from the FMCS list.,HARD,deontic:obligation,2,,,,,,
SEIU_119_0129,SEIU_1199_Ohio_2022,31,The costs of obtaining the initial FMCS list shall be borne by the party requesting the use of a labor arbitrator through FMCS.,HARD,deontic:obligation,2,,,,,,
SEIU_119_0128,SEIU_1199_Ohio_2022,31,(7) labor arbitrators who are members of the National Academy of Arbitrators (NAA) and who are residents of or have a business office within Ohio from which one shall be selected.,HARD,deontic:obligation,2,,,,,,
SEIU_119_0127,SEIU_1199_Ohio_2022,31,"When a labor arbitrator through FMCS is to be used, OCB shall contact FMCS for a list of seven",HARD,deontic:obligation,2,,,,,,
SEIU_119_0124,SEIU_1199_Ohio_2022,31,A successor arbitrator/mediator shall be selected by the parties.,HARD,deontic:obligation,2,,,,,,
SEIU_119_0115,SEIU_1199_Ohio_2022,30,The parties shall conduct an arbitration within sixty (60) days of the date of the arbitration request.,HARD,deontic:obligation,2,,,,,,
SEIU_119_0123,SEIU_1199_Ohio_2022,31,The arbitrator/mediator shall conclude his/her services by deciding any grievance(s) previously heard.,HARD,deontic:obligation,2,,,,,,
SEIU_119_0122,SEIU_1199_Ohio_2022,31,The arbitrator/mediator shall be notified of such termination by a joint letter from the parties.,HARD,deontic:obligation,2,,,,,,
SEIU_119_0120,SEIU_1199_Ohio_2022,31,"Arbitration Panel Within thirty (30) days after this Agreement becomes effective, the Employer and the Union shall select a panel of arbitrators.",HARD,deontic:obligation,2,,,,,,
SEIU_119_0119,SEIU_1199_Ohio_2022,30,"Employees who are terminated and subsequently returned to work without any discipline through arbitration, shall have the termination entry on their Employee History on Computer (EHOC) stricken. 17",HARD,deontic:obligation,2,,,,,,
SEIU_119_0118,SEIU_1199_Ohio_2022,30,"However, grievances involving criminal charges of on-duty actions of the employee, grievants unable to attend due to a disability, or grievances involving an unfair labor practice charge may exceed the time limits prescribed herein.",SOFT,deontic:permission,2,,,,,,
SEIU_119_0117,SEIU_1199_Ohio_2022,30,"If a cancellation is initiated by an arbitrator, the arbitration shall be conducted within thirty (30) days of the cancellation.",HARD,deontic:obligation,2,,,,,,
SEIU_119_0116,SEIU_1199_Ohio_2022,30,The parties agree that there shall be no more than one,HARD,deontic:obligation,2,,,,,,
SEIU_119_0376,SEIU_1199_Ohio_2022,70,"Further the Employer may indemnify employees, under the circumstances and in accordance with the procedures set forth in the Ohio Revised Code under Section 9.87, from liability for compensatory or punitive damages incurred in the performance of their duties by paying any judgment in, or amount negotiated in settlement of, any civil action arising under the law of the State of Ohio, the law of any other state, or under Federal law.",SOFT,deontic:permission,2,,,,,,
SEIU_119_0357,SEIU_1199_Ohio_2022,67,"The timing of the open enrollment period shall be established by the Director of the Department of Administrative Services (DAS), in consultation with the Joint Health Care Committee.",HARD,deontic:obligation,2,,,,,,
SEIU_119_0549,SEIU_1199_Ohio_2022,95,"taking time off for Adoption/Childbirth Leave. 26.12 Leave to Attend Industrial Commission Hearing An employee shall be granted time off with pay from regularly scheduled work hours, including travel time, sufficient to attend one hearing conducted by the Ohio Industrial Commission.",HARD,deontic:obligation,2,,,,,,
SEIU_119_0689,SEIU_1199_Ohio_2022,115,Work rules may be discussed at the initiative of either party in the Professional Committee meetings.,SOFT,deontic:permission,2,,,,,,
SEIU_119_0572,SEIU_1199_Ohio_2022,98,"If health benefits are provided, they shall be prorated as they are for part-time employees.",HARD,deontic:obligation,2,,,,,,
SEIU_119_0687,SEIU_1199_Ohio_2022,115,"The Committees shall address any Agency-wide issue they deem appropriate, including but not limited to: client care, staffing levels, health and safety issues, professional development, evaluations and in-service education.",HARD,deontic:obligation,2,,,,,,
SEIU_119_0688,SEIU_1199_Ohio_2022,115,"The Agency shall inform the Union thirty (30) days prior, where possible, of any additions to or changes in work rules which are applicable to employees in these bargaining units.",HARD,deontic:obligation|deontic:preference,2,,,,,,
SEIU_119_0569,SEIU_1199_Ohio_2022,98,Limitations on the number of ETAs in the pool of supplemental staff may be established by Agency Agreement.,SOFT,deontic:permission,2,,,,,,
SEIU_119_0568,SEIU_1199_Ohio_2022,97,The purpose of this appointment type is to supplement the work force and shall be used only in the following ways:  To fill in for employees on any form of leave;  To staff holidays after regular full and part time staff have requested leave;  To staff training either mandated or otherwise;  To assist staff with the preparation for accreditation surveys and/or inspections;  To avoid the use of mandated overtime;  To staff for other unforeseen operational 84,HARD,deontic:obligation,2,,,,,,
SEIU_119_0567,SEIU_1199_Ohio_2022,97,Schedule/Use of - An employee with this appointment type may or may not have a fixed schedule.,SOFT,deontic:restriction|deontic:permission,2,,,,,,
SEIU_119_0566,SEIU_1199_Ohio_2022,97,A meeting to extend the appointment period may be held with the local Agency Professional Committee or by contacting the Union’s State Coordinator. 3.,SOFT,deontic:permission,2,,,,,,
SEIU_119_0690,SEIU_1199_Ohio_2022,115,"The Union may make such comments as it feels necessary to the issuing authority about the proposed rules. 31.03 Facility Professional Committees For each institution within the Departments of Mental Health and Addiction Services, Developmental Disabilities, Rehabilitation and Correction and Youth Services, there shall be a Facility Professional Committee.",HARD,deontic:obligation|deontic:permission,2,,,,,,
SEIU_119_0518,SEIU_1199_Ohio_2022,90,The employee shall receive the pay adjustment for the duration of the temporary assignment. 77,HARD,deontic:obligation,2,,,,,,
SEIU_119_0564,SEIU_1199_Ohio_2022,97,The Agency and the Union may meet at any time to make changes to this agreement with prior approval by the Office of Collective Bargaining.,SOFT,deontic:permission,2,,,,,,
SEIU_119_0563,SEIU_1199_Ohio_2022,97,The Employer agrees not to use temporary employees for the sole purpose of avoiding the filling of permanent full-time positions. 27.06 Established Term Appointment The parties agree that the Established Term Appointment (ETA) type may be used as outlined below.,SOFT,deontic:permission,2,,,,,,
SEIU_119_0562,SEIU_1199_Ohio_2022,96,"Where possible, reassignment will be made from current employees by moving the most senior qualified employee at the work site to the higher position on a temporary working level and then hiring the interim in the lower position. 83",SOFT,deontic:preference,2,,,,,,
SEIU_119_0561,SEIU_1199_Ohio_2022,96,"Following the return of the employee from the leave of absence or disability leave, the interim employee shall be terminated with no right to grieve the termination.",HARD,deontic:obligation,2,,,,,,
SEIU_119_0560,SEIU_1199_Ohio_2022,96,The duration of interim positions shall not exceed sixty (60) days plus the length of the leave of absence.,HARD,deontic:prohibition|deontic:obligation,2,,,,,,
SEIU_119_0559,SEIU_1199_Ohio_2022,96,The interim employee may be hired in advance of the leave of absence or disability leave and be terminated after the return of the employee from the leave.,SOFT,deontic:permission,2,,,,,,
SEIU_119_0558,SEIU_1199_Ohio_2022,96,"Intermittent employees working more than one thousand (1,000) hours in a fiscal year shall be converted to part-time permanent status and shall be covered by the terms and conditions of the Collective Bargaining Agreement.",HARD,deontic:obligation,2,,,,,,
SEIU_119_0686,SEIU_1199_Ohio_2022,114,There shall be regional professional committees within the Adult Parole Authority. 101,HARD,deontic:obligation,2,,,,,,
SEIU_119_0685,SEIU_1199_Ohio_2022,114,"The Committee may address any statewide issue it deems appropriate, including but not limited to: classification studies, client care, staffing, professional development and health and safety policies. 31.02 Agency Professional Committees There shall be an Agency Professional Committee at each Agency which has fifteen (15) or more bargaining unit members.",HARD,deontic:obligation|deontic:permission,2,,,,,,
SEIU_119_0684,SEIU_1199_Ohio_2022,114,The parties shall have appropriate decision makers in attendance at meetings. 31.01 State Professional Committee There shall be a statewide Professional Committee which shall consist of representatives from agencies with more than thirty (30) bargaining unit members.,HARD,deontic:obligation,2,,,,,,
SEIU_119_0574,SEIU_1199_Ohio_2022,98,Bidding rights of employees in this appointment type may be established through Agency agreements. 3.,SOFT,deontic:permission,2,,,,,,
SEIU_119_0587,SEIU_1199_Ohio_2022,101,Part-time employees experiencing similar periods of absence shall be credited with seniority at a rate determined by the average hours in active pay status during their last six,HARD,deontic:obligation,2,,,,,,
SEIU_119_0677,SEIU_1199_Ohio_2022,113,Employees applying under this step shall have no rights to grieve non-selection.,HARD,deontic:obligation,2,,,,,,
SEIU_119_0585,SEIU_1199_Ohio_2022,100,Appointments of this type may be made for up to three,SOFT,deontic:permission,2,,,,,,
SEIU_119_0584,SEIU_1199_Ohio_2022,100,"The Employer does not need just cause for ending the appointment and the employee will be considered first for reappointment before hiring externally and will be reappointed based on operational need. 27.07 Classified and Unclassified All employees in the bargaining units, regardless of their status of classified, unclassified, or other, shall have all the rights and protection provided under this Agreement. 27.08 Special Project Special project employees are those hired in connection with a special project having a limited term funding source, such as a federal grant.",HARD,deontic:obligation,2,,,,,,
SEIU_119_0678,SEIU_1199_Ohio_2022,113,"If no selection is made from B above, the job may be awarded by hiring a new employee.",SOFT,deontic:permission,2,,,,,,
SEIU_119_0583,SEIU_1199_Ohio_2022,100,The person shall not be reappointed to this appointment type without at least a thirty (30) day break period.,HARD,deontic:prohibition|deontic:obligation,2,,,,,,
SEIU_119_0582,SEIU_1199_Ohio_2022,100,"At any time during the appointment period, the appointment may be canceled by a Personnel Action with notification to the local delegate.",SOFT,deontic:permission,2,,,,,,
SEIU_119_0679,SEIU_1199_Ohio_2022,113,"Within non-institutional agencies and within the Adult Parole Authority, step A above shall not apply.",HARD,deontic:prohibition|deontic:obligation,2,,,,,,
SEIU_119_0581,SEIU_1199_Ohio_2022,100,An individual appointment may be extended beyond ten (10) months with mutual agreement between the Employer and the Union.,SOFT,deontic:permission,2,,,,,,
SEIU_119_0580,SEIU_1199_Ohio_2022,100,"The leave benefit shall only be provided for the death of a spouse, parent or child. 13.",HARD,deontic:obligation,2,,,,,,
SEIU_119_0680,SEIU_1199_Ohio_2022,114,Employees serving in a trial or probationary period shall not be permitted to bid on job vacancies.,HARD,deontic:prohibition|deontic:obligation,2,,,,,,
SEIU_119_0578,SEIU_1199_Ohio_2022,100,"and/or work at least thirty-two (32) hours (excluding the actual holiday) during the week that includes a holiday, and must work the scheduled day before and the scheduled day following the holiday. 12.",HARD,deontic:obligation,2,,,,,,
SEIU_119_0681,SEIU_1199_Ohio_2022,114,An employee who fails to complete the probationary period for a position shall be restricted from bidding on the same classification for one,HARD,deontic:obligation,2,,,,,,
SEIU_119_0683,SEIU_1199_Ohio_2022,114,"ARTICLE 31 - PROFESSIONAL COMMITTEES Professional Committees shall be established in accordance with this Article, for the purpose of maintaining communications to cooperatively discuss issues of mutual concern and to promote a climate of professionalism and constructive employee/Employer relations.",HARD,deontic:obligation,2,,,,,,
SEIU_119_0575,SEIU_1199_Ohio_2022,98,"Employees in this appointment type will not accrue seniority credits; however, time worked in this appointment type shall be counted as bargaining unit seniority in accordance with Article 28 if the employee becomes a permanent employee. 4.",HARD,deontic:obligation,2,,,,,,
SEIU_119_0557,SEIU_1199_Ohio_2022,96,Employees in intermittent positions shall not have recall rights.,HARD,deontic:prohibition|deontic:obligation,2,,,,,,
SEIU_119_0556,SEIU_1199_Ohio_2022,96,"Employees in intermittent positions shall be terminated before any full or part-time permanent employee in the same classification and work unit, as mutually agreed, is laid off.",HARD,deontic:obligation,2,,,,,,
SEIU_119_0691,SEIU_1199_Ohio_2022,115,"The Committees shall address any facility-wide issues it deems appropriate, including but not limited to: client care, health and safety issues, professional development, evaluations and in-service education.",HARD,deontic:obligation,2,,,,,,
SEIU_119_0536,SEIU_1199_Ohio_2022,92,(2) year period the employment relationship will automatically sever. 26.04 Requesting Leave of Absence Without Pay An employee must request in writing all leaves of absence without pay.,HARD,deontic:obligation,2,,,,,,
SEIU_119_0534,SEIU_1199_Ohio_2022,92,Employees may not stack leaves for elected Union offices with leaves for appointed positions.,SOFT,deontic:restriction|deontic:permission,2,,,,,,
SEIU_119_0533,SEIU_1199_Ohio_2022,92,Any employee presently on Union leave may remain on such leave for a period not to exceed three,SOFT,deontic:permission,2,,,,,,
SEIU_119_0532,SEIU_1199_Ohio_2022,92,The ten (10) work day notice may be waived by the Office of Collective Bargaining.,SOFT,deontic:permission,2,,,,,,
SEIU_119_0531,SEIU_1199_Ohio_2022,92,"The Office of Collective Bargaining shall be notified of such leave of absence as soon as possible, but no less than ten (10) work days prior to the start of the leave of absence.",HARD,deontic:obligation,2,,,,,,
SEIU_119_0530,SEIU_1199_Ohio_2022,92,denied by the Agency. 26.02 Union Leave Employees appointed or elected to Union positions or office shall be granted a leave of absence for a period not to exceed three,HARD,deontic:obligation,2,,,,,,
SEIU_119_0529,SEIU_1199_Ohio_2022,91,"Such leaves of absence shall not be unreasonably requested by employees, nor shall they be unreasonably 78",HARD,deontic:prohibition|deontic:obligation,2,,,,,,
SEIU_119_0693,SEIU_1199_Ohio_2022,115,Such committees shall have an equal number of Management and Union representatives.,HARD,deontic:obligation,2,,,,,,
SEIU_119_0528,SEIU_1199_Ohio_2022,91,(2) years and may be extended upon request for an additional period of up to two,SOFT,deontic:permission,2,,,,,,
SEIU_119_0527,SEIU_1199_Ohio_2022,91,The leave may be granted for a period of up to two,SOFT,deontic:permission,2,,,,,,
SEIU_119_0526,SEIU_1199_Ohio_2022,91,A leave of absence may be granted upon written request by an employee for the purpose of entering an educational program leading to a degree or certification.,SOFT,deontic:permission,2,,,,,,
SEIU_119_0525,SEIU_1199_Ohio_2022,91,Such leaves may be extended upon written request for a period of up to six,SOFT,deontic:permission,2,,,,,,
SEIU_119_0524,SEIU_1199_Ohio_2022,91,"Such reasons include, but are not limited to, nondisability maternity, paternity and child-rearing leave, adoption leave, and such other purposes as may be approved at the sole discretion of the Employer.",SOFT,deontic:permission,2,,,,,,
SEIU_119_0523,SEIU_1199_Ohio_2022,91,ARTICLE 26 - LEAVES OF ABSENCE Unpaid Leaves 26.01 Personal and Educational Leave A leave of absence may be granted upon written request for a period of up to six,SOFT,deontic:permission,2,,,,,,
SEIU_119_0522,SEIU_1199_Ohio_2022,91,"Employees who are receiving temporary working level pay adjustments for positions excluded from these bargaining units shall be considered employees of the bargaining unit; however, they shall not answer grievances nor serve as delegates while temporarily working as supervisors.",HARD,deontic:prohibition|deontic:obligation,2,,,,,,
SEIU_119_0521,SEIU_1199_Ohio_2022,91,The temporary assignment in such instance may be extended for the entire period of the vacancy which was the result of an approved leave.,SOFT,deontic:permission,2,,,,,,
SEIU_119_0535,SEIU_1199_Ohio_2022,92,"Upon the expiration of the above stated leave periods, the employee shall be terminated, and has no further rights to the State position. 26.03 Workers’ Compensation Leave When an employee is off work due to a compensable on the job injury, he/she shall be on leave of absence for the length of time he/she receives Workers’ Compensation not to exceed two",HARD,deontic:obligation,2,,,,,,
SEIU_119_0537,SEIU_1199_Ohio_2022,92,The request shall state reasons for taking leave of absence and the dates for which the leave is being requested.,HARD,deontic:obligation,2,,,,,,
SEIU_119_0554,SEIU_1199_Ohio_2022,95,The employees in the intermittent positions shall not serve a probationary period.,HARD,deontic:prohibition|deontic:obligation,2,,,,,,
SEIU_119_0538,SEIU_1199_Ohio_2022,92,"If it is found that a leave is not actually being used for the purpose for which it was granted, the appointing authority shall cancel the leave and direct the employee to report for work. 26.05 Return to Service When an employee returns from a leave of absence within two",HARD,deontic:obligation,2,,,,,,
SEIU_119_0553,SEIU_1199_Ohio_2022,95,Employees in intermittent positions shall be hired at Step 1 of the appropriate pay range for their classification.,HARD,deontic:obligation,2,,,,,,
SEIU_119_0552,SEIU_1199_Ohio_2022,95,"An employee in an intermittent position may be terminated at will without recourse, and such termination is considered for just cause.",SOFT,deontic:permission,2,,,,,,
SEIU_119_0692,SEIU_1199_Ohio_2022,115,"The facility shall inform the Union thirty (30) days prior, where possible, of any additions to or changes in work rules which are applicable to employees in these bargaining units.",HARD,deontic:obligation|deontic:preference,2,,,,,,
SEIU_119_0550,SEIU_1199_Ohio_2022,95,"The Agency shall not use part-time employees to avoid full-time benefits. 27.03 Intermittent An intermittent employee is an employee in classifications covered by this Agreement which do not exceed one thousand (1,000) hours in a fiscal year.",HARD,deontic:prohibition|deontic:obligation,2,,,,,,
SEIU_119_0379,SEIU_1199_Ohio_2022,71,Executive Order or Rules. 20.02 Training of Delegates Insofar as possible all Union delegates will be trained in procedures to be followed in direct referral to the various community services agencies. 20.03 Awareness of Service The Employer agrees to cooperate fully with the Union in developing awareness of the available services under Ohio EAP. 20.04 Confidentiality of Records Confidentiality of records shall be maintained at all times with the Ohio EAP.,HARD,deontic:obligation,2,,,,,,
SEIU_119_0548,SEIU_1199_Ohio_2022,94,"Employees may elect to take five thousand ($5,000) dollars for adoption expenses in lieu of 81",SOFT,deontic:permission,2,,,,,,
SEIU_119_0547,SEIU_1199_Ohio_2022,94,"Paid Leaves 26.11 Adoption/Childbirth Leave Eligibility requirements, leave benefits, and waiting period for Adoption/Childbirth Leave shall be determined pursuant to State policy.",HARD,deontic:obligation,2,,,,,,
SEIU_119_0546,SEIU_1199_Ohio_2022,94,"For any leave which qualifies under the FMLA, the employee may be required to exhaust all applicable paid leave prior to the approval of unpaid leave.",SOFT,deontic:permission,2,,,,,,
SEIU_119_0545,SEIU_1199_Ohio_2022,94,"Such a placement supersedes all other sections of this Collective Bargaining Agreement. 26.09 Military Leave of Absence The provisions of State and Federal Law shall prevail for all aspects of military leave, including request for and return from such leave. 26.10 Application of the Family Medical Leave Act The Employer will comply with all provisions of the Family and Medical Leave Act.",HARD,deontic:obligation,2,,,,,,
SEIU_119_0544,SEIU_1199_Ohio_2022,94,"The employee requesting to return from an extended medical leave shall be eligible for reinstatement upon the submission of appropriate medical documentation which must show that the employee has recovered sufficiently to be able to perform the essential function of the position to which reinstatement is sought or may accept a reasonable accommodation under the American with Disabilities Act to another position for which he/she is able to perform the essential functions of the position, if such a position is available.",HARD,deontic:obligation|deontic:obligation|deontic:permission,2,,,,,,
SEIU_119_0543,SEIU_1199_Ohio_2022,94,"(1) year period of disability leave and was unable to return at that time, becomes physically able to return to work, he/she shall be returned to work in his/her classification into any opening which occurs within one",HARD,deontic:obligation,2,,,,,,
SEIU_119_0542,SEIU_1199_Ohio_2022,94,under the “FMLA” shall receive health insurance in accordance with the Act. 26.08 Return from Extended Medical Leave When an employee who has exhausted the one,HARD,deontic:obligation,2,,,,,,
SEIU_119_0541,SEIU_1199_Ohio_2022,93,Employees granted a non-FMLA leave of absence without pay for a period longer than thirty (30) days and who desire to continue their health and life insurance coverage must pay the total premium (employee and Employer share).,HARD,deontic:obligation,2,,,,,,
SEIU_119_0540,SEIU_1199_Ohio_2022,93,An employee who fails to return to service from a leave of absence without pay and is subsequently removed from the service is deemed to have a termination date corresponding to the starting date of the leave of absence without pay. 26.06 Seniority While On Leave Seniority shall accrue while on leave of absence. 26.07 Benefits While On Leave The State will continue to pay the Employer’s contribution to the Union Benefits Trust as well as the Employer’s share of health insurance premiums for an employee on unpaid FMLA leave granted pursuant to Article 26.10 provided the employee continues to contribute his/her share of the premium.,HARD,deontic:obligation,2,,,,,,
SEIU_119_0539,SEIU_1199_Ohio_2022,93,(3) working days of the completion of a valid cancellation of a leave of absence may be removed from service.,SOFT,deontic:permission,2,,,,,,
SEIU_119_0676,SEIU_1199_Ohio_2022,113,"If no selection is made from A above, the job may be awarded to an applicant working in the bargaining unit in accordance with the above criteria.",SOFT,deontic:permission,2,,,,,,
SEIU_119_0675,SEIU_1199_Ohio_2022,113,The job shall first be awarded to a bargaining unit applicant working in the Agency where the vacancy exists in accordance with the above criteria.,HARD,deontic:obligation,2,,,,,,
SEIU_119_0589,SEIU_1199_Ohio_2022,101,Each full-time employee shall be credited with one seniority credit for each pay period of continuous service.,HARD,deontic:obligation,2,,,,,,
SEIU_119_0663,SEIU_1199_Ohio_2022,112,The Union may challenge the validity of the test or instrument as part of a non-selection grievance.,SOFT,deontic:permission,2,,,,,,
SEIU_119_0642,SEIU_1199_Ohio_2022,109,"When a vacancy is created by an incumbent employee leaving the position, and that incumbent is above the entry level position in the classification series, the job shall be posted at the level in the classification series of the leaving employee, provided the duties and responsibilities remain the same.",HARD,deontic:obligation,2,,,,,,
SEIU_119_0665,SEIU_1199_Ohio_2022,112,"Selection devices, proficiency tests or other assessments shall be released only to the State Coordinator or a specifically named designee identified in writing to the Office of Collective Bargaining (OCB), who is not an employee of the State of Ohio, and who will use a review process that assures maintenance of confidentiality, security and integrity of the test.",HARD,deontic:obligation,2,,,,,,
SEIU_119_0640,SEIU_1199_Ohio_2022,109,"29.07 Alternate Procedures Each Agency, with the Office of Collective Bargaining’s approval, may negotiate with the Union to establish procedures for moving positions and personnel in lieu of the procedures in the Article.",SOFT,deontic:permission,2,,,,,,
SEIU_119_0639,SEIU_1199_Ohio_2022,108,All employees placed into existing vacancies under this Section shall retain recall rights pursuant to the provisions of this Article. 95,HARD,deontic:obligation,2,,,,,,
SEIU_119_0638,SEIU_1199_Ohio_2022,108,"However, such placement shall not result in the promotion of the affected employee.",HARD,deontic:prohibition|deontic:obligation,2,,,,,,
SEIU_119_0637,SEIU_1199_Ohio_2022,108,Such agreement shall take precedence over any other Section/Article of this Agreement.,HARD,deontic:obligation,2,,,,,,
SEIU_119_0635,SEIU_1199_Ohio_2022,108,"(7) days of receipt and return to work within thirty (30) days, he/she shall forfeit recall rights. 29.04 Appeals Grievances resulting from Layoff and Recall procedures shall follow the procedures outlined in Article 7. 29.05 No Reduction of Hours If the work force is to be reduced, it shall be accomplished by layoff and not by any hours reduction.",HARD,deontic:obligation,2,,,,,,
SEIU_119_0634,SEIU_1199_Ohio_2022,108,Recall rights shall be within the Agency and within recall jurisdictions as outlined in Appendix B.,HARD,deontic:obligation,2,,,,,,
SEIU_119_0633,SEIU_1199_Ohio_2022,108,Employees shall maintain a current address on file with the appointing authority.,HARD,deontic:obligation,2,,,,,,
SEIU_119_0632,SEIU_1199_Ohio_2022,108,Notification of recall shall be by certified mail to the employee’s last known address.,HARD,deontic:obligation,2,,,,,,
SEIU_119_0666,SEIU_1199_Ohio_2022,112,"The State Coordinator or the specifically named designee shall sign the non-disclosure/confidentiality agreement before receiving a copy of the selection device, proficiency test, or other assessment.",HARD,deontic:obligation,2,,,,,,
SEIU_119_0631,SEIU_1199_Ohio_2022,108,Employees shall have recall rights for a period of two,HARD,deontic:obligation,2,,,,,,
SEIU_119_0630,SEIU_1199_Ohio_2022,108,No promotions shall result from recall.,HARD,deontic:obligation,2,,,,,,
SEIU_119_0667,SEIU_1199_Ohio_2022,112,"If any additional parties, other than the State Coordinator or designee, need to view or receive a copy of the selection device, proficiency test, or assessment for purposes of administering the grievance, the party(s) shall sign the nondisclosure/confidentiality agreement(s) prior to access and a copy of the signed non-disclosure/confidentiality 99",HARD,deontic:obligation,2,,,,,,
SEIU_119_0629,SEIU_1199_Ohio_2022,108,Employees shall be recalled provided they are presently qualified to perform the work in the job classification to which they are recalled without further training or certification.,HARD,deontic:obligation,2,,,,,,
SEIU_119_0664,SEIU_1199_Ohio_2022,112,"The Employer may use selection devices, proficiency testing and/or assessments to determine if an applicant meets minimum qualifications and, if applicable to rate applicants pursuant to this Section.",SOFT,deontic:permission,2,,,,,,
SEIU_119_0643,SEIU_1199_Ohio_2022,109,"When a vacancy will be created by an incumbent employee leaving a position, the Agency may post the vacancy and evaluate applicants and provisionally select a candidate any time after receiving notice that the position will be vacated.",SOFT,deontic:permission,2,,,,,,
SEIU_119_0627,SEIU_1199_Ohio_2022,107,"The Union will be consulted before the establishment of the list and kept apprised of its progress and the results before implementation. 29.03 Recall When it is determined by the Agency to fill a vacancy or to recall employees in a classification series where the layoff occurred, the following procedure shall be adhered to. 94",HARD,deontic:obligation,2,,,,,,
SEIU_119_0644,SEIU_1199_Ohio_2022,109,A job vacancy shall be posted for a minimum of seven,HARD,deontic:obligation,2,,,,,,
SEIU_119_0658,SEIU_1199_Ohio_2022,112,"All eligible applications shall be reviewed considering the following criteria: qualifications, experience, education, active disciplinary record, and work record.",HARD,deontic:obligation,2,,,,,,
SEIU_119_0661,SEIU_1199_Ohio_2022,112,Any employee with an active discipline greater than a written reprimand shall have no rights to grieve non-selection.,HARD,deontic:obligation,2,,,,,,
SEIU_119_0657,SEIU_1199_Ohio_2022,111,Applicants must clearly demonstrate on the application how they possess the minimum qualifications for the position.,HARD,deontic:obligation,2,,,,,,
SEIU_119_0656,SEIU_1199_Ohio_2022,111,This does not include employees in the unclassified service in classifications not covered by the terms this Agreement who may be placed into a position covered by the terms of this Agreement where such unclassified status is revoked consistent with civil service law.,SOFT,deontic:permission,2,,,,,,
SEIU_119_0655,SEIU_1199_Ohio_2022,111,Employees in classifications not covered by the terms of this Agreement may not be demoted into a classification covered by the terms of this Agreement without the agreement of the Union.,SOFT,deontic:restriction|deontic:permission,2,,,,,,
SEIU_119_0654,SEIU_1199_Ohio_2022,111,"If the Agency has a Memorandum of Understanding (MOU) regarding pay, it shall take precedence over this section.",HARD,deontic:obligation,2,,,,,,
SEIU_119_0653,SEIU_1199_Ohio_2022,111,"Should the employee be selected for an inter-Agency transfer to a position in the same pay range currently held by the employee, the employee shall be placed in the same step of the pay range.",HARD,deontic:obligation|deontic:preference,2,,,,,,
SEIU_119_0652,SEIU_1199_Ohio_2022,111,"Should the employee be selected for an interAgency transfer to a position with a higher pay range than that currently held by the employee, the employee shall be placed in the step to guarantee an increase of approximately four percent (4%).",HARD,deontic:obligation|deontic:preference,2,,,,,,
SEIU_119_0651,SEIU_1199_Ohio_2022,111,"Should the employee be selected for an inter-Agency transfer to a position in a lower pay range than that currently held, the employee shall be placed in the step closest to but not to exceed the step currently held by the employee. “Inter-Agency Transfer” is defined as an employee requested movement to a posted vacancy in a different Agency.",HARD,deontic:obligation|deontic:preference,2,,,,,,
SEIU_119_0650,SEIU_1199_Ohio_2022,110,"Notice of newly-created classifications shall be provided to the Union’s central office thirty (30) days prior to initial posting. 30.02 Awarding the Job (Transfers and Promotions and Demotions) “Lateral transfer” is defined as employee requested movement, including movement by canvass, to a posted vacancy which is in the same pay range as the classification the employee currently holds. “Promotion” is the movement of an employee to a posted vacancy in a classification with a higher pay range.",HARD,deontic:obligation,2,,,,,,
SEIU_119_0649,SEIU_1199_Ohio_2022,110,"Should the initial applicant fail to successfully complete the probationary period, the Employer may repost or select from the remaining pool of applicants for the position from the original posting.",SOFT,deontic:preference|deontic:permission,2,,,,,,
SEIU_119_0648,SEIU_1199_Ohio_2022,110,"If a posted vacancy is not filled pursuant to steps A and B as outlined in Section 30.02 of this Article, any applicant meeting qualifications for this position shall be considered pursuant to Section 30.02, step C of this Article.",HARD,deontic:obligation,2,,,,,,
SEIU_119_0647,SEIU_1199_Ohio_2022,110,Such application shall specify the desired classification(s) and work site(s).,HARD,deontic:obligation,2,,,,,,
SEIU_119_0646,SEIU_1199_Ohio_2022,110,Any employee who desires to be considered for a position in another Agency shall submit an Ohio Civil Service Application through the Ohio Hiring Management System (OHMS or http://careers.ohio.gov/).,HARD,deontic:obligation,2,,,,,,
SEIU_119_0645,SEIU_1199_Ohio_2022,109,Applications for posted positions may be filed electronically by using the DAS Ohio Hiring Management System (OHMS). 96,SOFT,deontic:permission,2,,,,,,
SEIU_119_0628,SEIU_1199_Ohio_2022,108,The most senior laid off employee with the most State seniority from the classification series shall be recalled first.,HARD,deontic:obligation,2,,,,,,
SEIU_119_0668,SEIU_1199_Ohio_2022,113,agreement shall be provided to OCB upon signing.,HARD,deontic:obligation,2,,,,,,
SEIU_119_0591,SEIU_1199_Ohio_2022,101,"The seniority of employees employed on or before June 12, 1986, shall be based on the previous guidelines 88",HARD,deontic:obligation,2,,,,,,
SEIU_119_0608,SEIU_1199_Ohio_2022,104,Adjustments or corrections in seniority dates or seniority credits pursuant to this Article shall not affect previous personnel actions based upon seniority.,HARD,deontic:prohibition|deontic:obligation,2,,,,,,
SEIU_119_0607,SEIU_1199_Ohio_2022,104,Seniority credits shall replace seniority dates as the basis for determining relative seniority standing or seniority rights under this Agreement.,HARD,deontic:obligation,2,,,,,,
SEIU_119_0672,SEIU_1199_Ohio_2022,113,"If the selection device, proficiency test or other assessment is used as evidence in a mediation or an arbitration hearing, it will only be submitted to the mediator or arbitrator in camera or under seal, provided the submission shall not impair the union’s right to use evidence submitted in camera or under seal in the grievance, mediation, and arbitration process.",HARD,deontic:prohibition|deontic:obligation,2,,,,,,
SEIU_119_0605,SEIU_1199_Ohio_2022,104,Each employee’s individual employee seniority credits will be displayed on the employee’s earnings statement. 28.04 Conversion The following principles and procedures shall apply to the conversion from a date-based seniority system to a system based upon seniority credits: A.,HARD,deontic:obligation,2,,,,,,
SEIU_119_0604,SEIU_1199_Ohio_2022,104,"Where available, the Employer may provide an electronic posting of the roster in lieu of a paper roster.",SOFT,deontic:permission,2,,,,,,
SEIU_119_0603,SEIU_1199_Ohio_2022,104,The lowest number shall be considered the most senior. 28.03 Seniority Lists The Employer shall prepare and maintain seniority lists of all employees and shall furnish said lists quarterly to the Union and to the appropriate State of Ohio agencies.,HARD,deontic:obligation,2,,,,,,
SEIU_119_0602,SEIU_1199_Ohio_2022,104,"credits, seniority shall be based on the last four",HARD,deontic:obligation,2,,,,,,
SEIU_119_0601,SEIU_1199_Ohio_2022,103,(2) or more employees have been hired or transferred into bargaining unit eleven (11) or bargaining unit twelve (12) during the same pay period the employee(s) with the earlier date of hire shall be the most senior;,HARD,deontic:obligation,2,,,,,,
SEIU_119_0599,SEIU_1199_Ohio_2022,103,Assignments to non-bargaining unit classifications for the period of a temporary working level or assignments to non-bargaining unit classifications for a period as an interim employee shall continue to earn both seniority credits and service credits.,HARD,deontic:obligation,2,,,,,,
SEIU_119_0598,SEIU_1199_Ohio_2022,103,"For employees covered by the Agreement on July 1, 1992, time spent in a position exempt from collective bargaining, subsequent to July 1, 1992, other than classifications subsequently accreted to a bargaining unit covered by this Agreement, shall not be included in the determination of seniority credits but shall be counted for service credits.",HARD,deontic:prohibition|deontic:obligation,2,,,,,,
SEIU_119_0596,SEIU_1199_Ohio_2022,103,is properly reinstated shall receive service credits for the period of disability separation/or disability retirement.,HARD,deontic:obligation,2,,,,,,
SEIU_119_0673,SEIU_1199_Ohio_2022,113,Such plans shall include an employee diversity analysis.,HARD,deontic:obligation,2,,,,,,
SEIU_119_0674,SEIU_1199_Ohio_2022,113,Job vacancies shall be awarded in the following sequential manner: A.,HARD,deontic:obligation,2,,,,,,
SEIU_119_0594,SEIU_1199_Ohio_2022,102,"Effective June 1, 2000, persons employed with the State of Ohio in a classification not covered by the 1199 Agreement, who enter a classification in bargaining unit eleven (11) or bargaining unit twelve (12) shall not carry-over any seniority. 3.",HARD,deontic:prohibition|deontic:obligation,2,,,,,,
SEIU_119_0593,SEIU_1199_Ohio_2022,102,"Employees hired after June 12, 1986 shall have seniority computed as follows: 1.",HARD,deontic:obligation,2,,,,,,
SEIU_119_0592,SEIU_1199_Ohio_2022,102,"These guidelines shall also include the crediting of previous time after a break in service, if the employee was reinstated within one",HARD,deontic:obligation,2,,,,,,
SEIU_119_0671,SEIU_1199_Ohio_2022,113,Any authorized physical copies must be returned to the Employer and any electronic copies must be permanently deleted.,HARD,deontic:obligation,2,,,,,,
SEIU_119_0609,SEIU_1199_Ohio_2022,104,"Such changes shall not alter personnel actions, layoffs or bumping rights which have taken place prior to the effective date of the conversion. 91",HARD,deontic:prohibition|deontic:obligation,2,,,,,,
SEIU_119_0625,SEIU_1199_Ohio_2022,106,"When an employee is given notice of layoff in accordance with Section 29.01 above, that employee and all other employees within the similar classification series within the Agency bumping jurisdiction shall be given a list showing 93",HARD,deontic:obligation,2,,,,,,
SEIU_119_0610,SEIU_1199_Ohio_2022,105,"ARTICLE 29 - LAYOFF AND RECALL 29.01 Notice When the Agency determines that a layoff is necessary, the Agency shall notify the Union and inform them of the classification(s), the number of employee(s) and the work site(s) affected.",HARD,deontic:obligation,2,,,,,,
SEIU_119_0624,SEIU_1199_Ohio_2022,106,The employee who exercises his/her bumping privilege shall enter the pay range of the classification at the rate closest to his/her current rate of pay.,HARD,deontic:obligation,2,,,,,,
SEIU_119_0623,SEIU_1199_Ohio_2022,106,A laid off employee shall have the right to displace an employee of another work site within the classification series within the Agency bumping jurisdiction who has less seniority.,HARD,deontic:obligation,2,,,,,,
SEIU_119_0622,SEIU_1199_Ohio_2022,106,"Those individuals in the classification series affected who have special qualifications or duties may be exempt from the layoff, and will not be displaced by individuals without those qualifications or the ability to perform those duties.",SOFT,deontic:permission,2,,,,,,
SEIU_119_0621,SEIU_1199_Ohio_2022,106,Employees with the least State seniority within the classification series at the worksite(s) affected shall be laid off first.,HARD,deontic:obligation,2,,,,,,
SEIU_119_0620,SEIU_1199_Ohio_2022,106,No promotions shall result from this action.,HARD,deontic:obligation,2,,,,,,
SEIU_119_0619,SEIU_1199_Ohio_2022,106,"A laid off employee shall have the right to displace a less senior employee in the same classification at another work site within the Agency bumping jurisdiction, or the employee shall have the right to displace a less senior employee at their own worksite within their own classification series.",HARD,deontic:obligation,2,,,,,,
SEIU_119_0618,SEIU_1199_Ohio_2022,106,"who have special qualifications or duties may be exempt from the layoff, and will not be displaced by individuals without those qualifications or the ability to perform those duties.",SOFT,deontic:permission,2,,,,,,
SEIU_119_0669,SEIU_1199_Ohio_2022,113,"Under no circumstance, shall a copy be released to an employee of the State of Ohio.",HARD,deontic:obligation,2,,,,,,
SEIU_119_0617,SEIU_1199_Ohio_2022,105,Employees with the least State seniority within the classification(s) at the work site(s) affected shall be laid off first.,HARD,deontic:obligation,2,,,,,,
SEIU_119_0616,SEIU_1199_Ohio_2022,105,There shall be the opportunity for any employee in the affected classification series at the work site(s) to volunteer for layoff. 2.,HARD,deontic:obligation,2,,,,,,
SEIU_119_0670,SEIU_1199_Ohio_2022,113,"Any signatory to the nondisclosure/confidentiality agreement shall be responsible for the confidentiality of the selection device, proficiency test, or assessment.",HARD,deontic:obligation,2,,,,,,
SEIU_119_0614,SEIU_1199_Ohio_2022,105,"The Agency shall notify all affected employees of the impending layoff at least forty-five (45) days prior to the effective date of any layoff, if the reason is for lack of funds, and ninety (90) days prior notice shall be given to affected employees for any other reason. 29.02 Layoff Procedures A.",HARD,deontic:obligation,2,,,,,,
SEIU_119_0613,SEIU_1199_Ohio_2022,105,"If after this meeting the Agency deems that the action is still necessary, the following procedure shall be adhered to.",HARD,deontic:obligation,2,,,,,,
SEIU_119_0612,SEIU_1199_Ohio_2022,105,"In the event the duties of a higher classification in the class series are no longer needed, employees in the higher classification may be laid off.",SOFT,deontic:permission,2,,,,,,
SEIU_119_0611,SEIU_1199_Ohio_2022,105,"(1) employee in a classification series, the layoff shall be within the entire classification series.",HARD,deontic:obligation,2,,,,,,
SEIU_119_0660,SEIU_1199_Ohio_2022,112,Employee diversity may be a factor in the selection.,SOFT,deontic:permission,2,,,,,,
SEIU_119_0519,SEIU_1199_Ohio_2022,91,The Agency may place an employee in a temporary assignment more than once in any one,SOFT,deontic:permission,2,,,,,,
SEIU_119_0517,SEIU_1199_Ohio_2022,90,"(4) days, the affected employee shall receive a pay adjustment which increases the employee’s step rate of pay to the greater of:",HARD,deontic:obligation,2,,,,,,
SEIU_119_0426,SEIU_1199_Ohio_2022,78,These discussions shall 65,HARD,deontic:obligation,2,,,,,,
SEIU_119_0433,SEIU_1199_Ohio_2022,79,"However, the Agency cannot be responsible for removal of notices from bulletin boards or failure of others to forward the information. 23.03 Educational Stipends Full-time stipendiary arrangements, when an Agency has funds available for this purpose, may be made for employees, at an approved educational institution.",SOFT,deontic:permission,2,,,,,,
SEIU_119_0432,SEIU_1199_Ohio_2022,79,"The Agency shall attempt to share information on seminars, workshops and conferences with interested employees, consistent with the local procedure for distribution of that type of material.",HARD,deontic:obligation,2,,,,,,
SEIU_119_0431,SEIU_1199_Ohio_2022,79,"Requests to attend seminars, workshops and conferences, or for tuition reimbursement shall not be unreasonably delayed by the agencies.",HARD,deontic:prohibition|deontic:obligation,2,,,,,,
SEIU_119_0430,SEIU_1199_Ohio_2022,79,"When those funds are no longer available or do not exist, the employees may apply for reimbursement from the tuition reimbursement, seminar, workshop, and conference fund established by the Employer.",SOFT,deontic:permission,2,,,,,,
SEIU_119_0429,SEIU_1199_Ohio_2022,79,"In agencies where such a fund exists, Agency employees must apply first for seminars, workshops and conferences and tuition reimbursement from that Agency.",HARD,deontic:obligation,2,,,,,,
SEIU_119_0428,SEIU_1199_Ohio_2022,79,"Agencies may allocate additional funds within their Agency for the purpose of providing reimbursement to their employees for approved attendance at seminars, workshops and conferences, or for tuition reimbursement.",SOFT,deontic:permission,2,,,,,,
SEIU_119_0427,SEIU_1199_Ohio_2022,79,"Reimbursement for travel, food and lodging shall be consistent with Article 21 Travel of this Agreement.",HARD,deontic:obligation,2,,,,,,
SEIU_119_0425,SEIU_1199_Ohio_2022,78,The parties shall discuss any changes in the fund at the State Professional Committee.,HARD,deontic:obligation,2,,,,,,
SEIU_119_0516,SEIU_1199_Ohio_2022,90,ARTICLE 25 - TEMPORARY WORKING LEVEL The Agency may temporarily assign an employee to duties of a position with a higher pay range.,SOFT,deontic:permission,2,,,,,,
SEIU_119_0424,SEIU_1199_Ohio_2022,78,"Any unused and available portion of the $750,000 that remains at the end of the third year of the collective bargaining agreement shall be a topic for discussion for future negotiations.",HARD,deontic:obligation,2,,,,,,
SEIU_119_0423,SEIU_1199_Ohio_2022,78,"During the term of this collective bargaining agreement, any unused and available portion of the $750,000 that remains at the end of the fiscal year shall be carried over and added to the $750,000 available in the next fiscal year for fees and expenses for attendance at seminars, workshops, conferences and for tuition reimbursement.",HARD,deontic:obligation,2,,,,,,
SEIU_119_0421,SEIU_1199_Ohio_2022,78,Agencies and employees shall follow the program guidelines as outlined by DAS and the Union.,HARD,deontic:obligation,2,,,,,,
SEIU_119_0420,SEIU_1199_Ohio_2022,77,"Where possible, the agencies will continue the practice of tuition reimbursement in effect on the date of the ratification of this Agreement. 64",SOFT,deontic:preference,2,,,,,,
SEIU_119_0419,SEIU_1199_Ohio_2022,77,"When an employee attends a professional conference or seminar which is approved or sponsored by the Agency, the employee shall receive his/her regular daily rate of pay for each day of attendance at such conference or seminar which falls on a regularly scheduled work day. 23.02 Tuition Reimbursement, Seminars and Conferences Fund The Employer/Agencies are committed to the upgrading and maintenance of the educational and skill levels of bargaining unit members.",HARD,deontic:obligation,2,,,,,,
SEIU_119_0418,SEIU_1199_Ohio_2022,77,"If participation in such activities is voluntary, time spent in them shall not be considered time worked for overtime purposes.",HARD,deontic:prohibition|deontic:obligation,2,,,,,,
SEIU_119_0416,SEIU_1199_Ohio_2022,76,Re-evaluation of assignments should be reviewed quarterly. 63,SOFT,deontic:preference,2,,,,,,
SEIU_119_0434,SEIU_1199_Ohio_2022,79,Such arrangements shall normally be made for periods of at least one,HARD,deontic:obligation,2,,,,,,
SEIU_119_0435,SEIU_1199_Ohio_2022,79,"The stipend shall not exceed regular salary plus tuition, books and related school expenses.",HARD,deontic:prohibition|deontic:obligation,2,,,,,,
SEIU_119_0436,SEIU_1199_Ohio_2022,79,"Under a stipendiary program, the employee shall sign an agreement to work for a state Agency for a period of time at least equal to the length of the stipend program.",HARD,deontic:obligation,2,,,,,,
SEIU_119_0719,SEIU_1199_Ohio_2022,118,"As new types of self-sheathing sharps are developed and made available in the general marketplace, they shall be provided in all Agencies, institutions, facilities, and/or 105",HARD,deontic:obligation,2,,,,,,
SEIU_119_0451,SEIU_1199_Ohio_2022,82,"Such overtime shall be assigned, on a rotating basis, first to the qualified employee with the least state seniority at the work site.",HARD,deontic:obligation,2,,,,,,
SEIU_119_0450,SEIU_1199_Ohio_2022,82,"When there are no volunteers to work the overtime as outlined above, and/or where an emergency exists, reasonable overtime hours may be required by the Agency.",SOFT,deontic:permission,2,,,,,,
SEIU_119_0449,SEIU_1199_Ohio_2022,82,"In institutional settings when the Agency determines that overtime is necessary, overtime shall be offered on a rotating basis, to the qualified employees who usually work the shift where the opportunity occurs.",HARD,deontic:obligation,2,,,,,,
SEIU_119_0447,SEIU_1199_Ohio_2022,81,"Agencies through their Agency Professional Committees may discuss and implement, by mutual agreement, alternative work schedules, and other flexible scheduling arrangements to help with the recruitment/retention of nurses.",SOFT,deontic:permission,2,,,,,,
SEIU_119_0446,SEIU_1199_Ohio_2022,81,ARTICLE 24 - HOURS OF WORK AND OVERTIME 24.01 Work Week The standard work week for full-time employees shall be forty (40) hours exclusive of time allotted for unpaid meal periods.,HARD,deontic:obligation,2,,,,,,
SEIU_119_0445,SEIU_1199_Ohio_2022,81,Exceptions may be mutually agreed to by the parties.,SOFT,deontic:permission,2,,,,,,
SEIU_119_0715,SEIU_1199_Ohio_2022,118,The Employer shall strictly adhere to the OSHA Standards on Blood Borne Disease Precautions and Universal Precautions Standards.,HARD,deontic:obligation,2,,,,,,
SEIU_119_0444,SEIU_1199_Ohio_2022,80,Employees shall attempt to schedule such time so as not to interfere with the operational needs of the Employer. 67,HARD,deontic:obligation,2,,,,,,
SEIU_119_0443,SEIU_1199_Ohio_2022,80,"If an Agency does not provide in-house CEU credits, the Employer shall give employees adequate time off to obtain CEU credits to maintain a licensure that is required by the employee’s position description or classification specification.",HARD,deontic:obligation,2,,,,,,
SEIU_119_0716,SEIU_1199_Ohio_2022,118,"All employees shall be provided annual training and any necessary protective clothing, as required to meet those Standards.",HARD,deontic:obligation,2,,,,,,
SEIU_119_0442,SEIU_1199_Ohio_2022,80,Grievances on this issue shall only be advanced through the Non-Traditional Arbitration procedure. 23.05 Continuing Education Units (CEU) The Employer will attempt to provide CEU credits within the Agency and at the work site where practical and feasible.,HARD,deontic:obligation,2,,,,,,
SEIU_119_0441,SEIU_1199_Ohio_2022,80,"If time off for classes is denied, the Employer shall provide a response with the Employer’s reason for denial.",HARD,deontic:obligation,2,,,,,,
SEIU_119_0438,SEIU_1199_Ohio_2022,80,"Use of this program shall be limited to fields of study in which the employee is working. 23.04 Time Off for Classes An employee may be allowed time off from his/her position at regular rate for the purpose of taking in person or online job related educational courses or training, at an approved educational institution.",HARD,deontic:obligation|deontic:permission,2,,,,,,
SEIU_119_0718,SEIU_1199_Ohio_2022,118,"All Agencies, institutions, facilities, and/or work areas shall provide self-sheathing sharps.",HARD,deontic:obligation,2,,,,,,
SEIU_119_0437,SEIU_1199_Ohio_2022,80,Repayment may be waived by the appointing authority when warranted by exceptional circumstances.,SOFT,deontic:permission,2,,,,,,
SEIU_119_0415,SEIU_1199_Ohio_2022,76,"If the Agency Director or Designee modifies the recommendation of the APC, an explanation must be provided.",HARD,deontic:obligation,2,,,,,,
SEIU_119_0414,SEIU_1199_Ohio_2022,76,The committee shall make a recommendation looking for the most cost effective methodology.,HARD,deontic:obligation,2,,,,,,
SEIU_119_0413,SEIU_1199_Ohio_2022,76,"In the case of employees who either retire, resign, or have their employment terminated will have that portion of the reimbursement repaid to the State, in the last paycheck. 21.09 State Vehicles Assignment of available State vehicles shall be an appropriate topic for the Agency Professional Committee (APC).",HARD,deontic:obligation,2,,,,,,
SEIU_119_0394,SEIU_1199_Ohio_2022,72,Mileage reimbursement for teleworking employees may be established by agency policy and documented in signed teleworking agreements.,SOFT,deontic:permission,2,,,,,,
SEIU_119_0392,SEIU_1199_Ohio_2022,72,The mileage allowance for bargaining unit employees shall not be set at a rate lower than the mileage allowance for exempt employees.,HARD,deontic:prohibition|deontic:obligation,2,,,,,,
SEIU_119_0391,SEIU_1199_Ohio_2022,72,"When the mileage allowance is changed, the Director of OBM shall provide the Union with notice and a rationale for the change.",HARD,deontic:obligation,2,,,,,,
SEIU_119_0390,SEIU_1199_Ohio_2022,72,"The mileage allowance shall not be set less than forty-five ($.45) cents per mile nor greater than the Internal Revenue Service’s rate but if the Internal Revenue Service’s rate is reduced to an amount lower than forty-five ($.45) cents, the rate will be set at the Internal Revenue Service’s rate.",HARD,deontic:prohibition|deontic:obligation,2,,,,,,
SEIU_119_0389,SEIU_1199_Ohio_2022,72,If the Agency requires the employee to use his/her personal vehicle the Agency shall reimburse the employee with a mileage allowance set by the Director of the Office of Budget and Management (OBM).,HARD,deontic:obligation,2,,,,,,
SEIU_119_0388,SEIU_1199_Ohio_2022,72,Travel time for teleworking employees may be established by agency policy and documented in signed teleworking agreements. 21.02 Personal Vehicle All non-field employees shall follow the commuter offset requirement for mileage reimbursement as outlined in the Office of Budget and Management’s (OBM) Travel Policy.,HARD,deontic:obligation|deontic:permission,2,,,,,,
SEIU_119_0387,SEIU_1199_Ohio_2022,72,There shall be no standard travel time from place to place.,HARD,deontic:obligation,2,,,,,,
SEIU_119_0386,SEIU_1199_Ohio_2022,72,Overnight stay shall not be considered as travel time or hours worked.,HARD,deontic:prohibition|deontic:obligation,2,,,,,,
SEIU_119_0385,SEIU_1199_Ohio_2022,72,Time spent in traveling from an employee’s place of residence to and from his/her headquarters shall not be considered work time.,HARD,deontic:prohibition|deontic:obligation,2,,,,,,
SEIU_119_0722,SEIU_1199_Ohio_2022,119,Such containers shall also be of the type that are secure from accidental opening and exiting of sharps.,HARD,deontic:obligation,2,,,,,,
SEIU_119_0384,SEIU_1199_Ohio_2022,72,All non-field employees shall follow the commuter offset requirement.,HARD,deontic:obligation,2,,,,,,
SEIU_119_0383,SEIU_1199_Ohio_2022,71,Travel time after this exception shall be considered as work time with pay.,HARD,deontic:obligation,2,,,,,,
SEIU_119_0382,SEIU_1199_Ohio_2022,71,"However, travel time from an employee of the Adult Parole Authority or a field employee’s house to a work location, which is other than the normal report in location, shall not be paid for the first twenty (20) miles to and from such location or the distance from the employee’s house to the normal report in location, whichever is less.",HARD,deontic:prohibition|deontic:obligation,2,,,,,,
SEIU_119_0723,SEIU_1199_Ohio_2022,119,"The Employer shall provide Hepatitis B vaccinations, upon request, to those employees whose duties render them potentially exposed to blood borne pathogens, at no cost to those employees.",HARD,deontic:obligation,2,,,,,,
SEIU_119_0381,SEIU_1199_Ohio_2022,71,"In cases where the employee and the Agency jointly enter into a voluntary agreement, in which the Agency defers discipline while the employee pursues a treatment program, the employee shall sign appropriate releases of information only to the extent required to enable the Ohio EAP staff to provide the Employer with regular reports as to the employee’s continued participation and success in the treatment program.",HARD,deontic:obligation,2,,,,,,
SEIU_119_0380,SEIU_1199_Ohio_2022,71,Information concerning an individual’s participation in the program shall not enter his/her personnel file.,HARD,deontic:prohibition|deontic:obligation,2,,,,,,
SEIU_119_0393,SEIU_1199_Ohio_2022,72,"Actual mileage shall be paid to field employees and employees of the APA for travel to a location other than the normal report in location, and there shall be no standard mileage from place to place.",HARD,deontic:obligation,2,,,,,,
SEIU_119_0395,SEIU_1199_Ohio_2022,72,All employees shall receive travel reimbursements via 59,HARD,deontic:obligation,2,,,,,,
SEIU_119_0412,SEIU_1199_Ohio_2022,76,"By receiving such reimbursement, employees acknowledge that they may be required to use their own personal vehicle to transport clients/consumers/felons in the normal course of their duties.",SOFT,deontic:permission,2,,,,,,
SEIU_119_0396,SEIU_1199_Ohio_2022,73,"Employees shall authorize the direct deposit of the travel reimbursement into the same financial institution in which the employee’s paycheck is deposited or execute the required documentation to authorize the direct deposit into a financial institution designated by the Board of Deposits for the benefit of the employee. 21.03 Duty to Report It shall be the responsibility of the employee to report to his/her immediate supervisor any traffic violation/citation (not required if driving personal car), or accident which he/she may have been involved with or received while on state business. 21.04 Expense Allowances If the Agency head or designee requires an employee to stay overnight, the employee shall be reimbursed actual cost up to the rate set by the U.S.",HARD,deontic:obligation|deontic:permission,2,,,,,,
SEIU_119_0720,SEIU_1199_Ohio_2022,119,Sharp containers shall be provided at all work sites and areas when sharps are used.,HARD,deontic:obligation,2,,,,,,
SEIU_119_0411,SEIU_1199_Ohio_2022,75,"To be eligible for the reimbursement, the employee must 62",HARD,deontic:obligation,2,,,,,,
SEIU_119_0410,SEIU_1199_Ohio_2022,75,"The Agency shall reimburse or make available a cost-free parking space for parking at the employee’s headquarters on any return from business travel. 21.08 Transportation Reimbursement Employees who, during the course of their normal duties, are required to actually transport clients/consumers/felons in their own personal vehicle on a regular basis, are eligible for reimbursement for the cost of an automobile rider to their existing insurance policy.",HARD,deontic:obligation|deontic:obligation,2,,,,,,
SEIU_119_0409,SEIU_1199_Ohio_2022,75,"For this purpose the Division will provide an appropriately equipped vehicle for each district office, and additional vehicles based upon the number of offender transports and other demonstrated needs, during the life of the Agreement, for transporting felons to local jails for detention and arrest, and for other related field activities. 21.07 Parking An employee who is required to pay for parking while traveling on Agency business shall be reimbursed.",HARD,deontic:obligation|deontic:obligation,2,,,,,,
SEIU_119_0408,SEIU_1199_Ohio_2022,75,The Division shall maintain the centralized transportation system developed for the purpose of returning parole violators from local jails to the state prisons.,HARD,deontic:obligation,2,,,,,,
SEIU_119_0407,SEIU_1199_Ohio_2022,75,"Any corrective counseling or discipline issued for late travel submission prior to the ratification of this agreement, that meets the above criteria, shall be voided upon ratification. 21.06 Transport of Felons The management of the Division of Parole and Community Services recognizes that the transportation of felons for the purpose of arrest and detention, or return to prison for revocation is a significant safety issue for field officers.",HARD,deontic:obligation,2,,,,,,
SEIU_119_0406,SEIU_1199_Ohio_2022,74,"In the event an employee receives a corrective counseling or any discipline in regards to travel requests being submitted beyond the established timeframe, and the Agency fails to reimburse the employee in connection to this request within thirty (30) days, any corrective counseling or discipline issued shall be immediately voided and removed 61",HARD,deontic:obligation,2,,,,,,
SEIU_119_0405,SEIU_1199_Ohio_2022,74,"If an Agency fails to reimburse an employee within thirty (30) days, the Agency shall pay the employee interest on the amount due in accordance with the Office of Budget and Management guidelines on prompt payment, or one dollar ($1.00), whichever is greater.",HARD,deontic:obligation,2,,,,,,
SEIU_119_0404,SEIU_1199_Ohio_2022,74,"The timeframe may be extended if mitigating circumstances exist, but in no case may exceed ninety (90) days.",SOFT,deontic:permission,2,,,,,,
SEIU_119_0402,SEIU_1199_Ohio_2022,74,Employees choosing to commute shall not be eligible for meal reimbursement and shall not have travel time counted as time worked.,HARD,deontic:prohibition|deontic:obligation,2,,,,,,
SEIU_119_0401,SEIU_1199_Ohio_2022,73,An employee shall be required to stay overnight if the 60,HARD,deontic:obligation,2,,,,,,
SEIU_119_0400,SEIU_1199_Ohio_2022,73,"The employee will receive reimbursement pursuant to the provisions of this section for expenses incurred in accordance with guidelines established by the Office of Budget and Management, or may commute and receive reimbursement for actual mileage but not to exceed the lodging rate set by the U.S.",SOFT,deontic:permission,2,,,,,,
SEIU_119_0399,SEIU_1199_Ohio_2022,73,"(2) or more days to complete, may choose to stay overnight.",SOFT,deontic:permission,2,,,,,,
SEIU_119_0721,SEIU_1199_Ohio_2022,119,Such containers shall be of the type that can be used single handedly and they shall be puncture proof and impervious to liquids.,HARD,deontic:obligation,2,,,,,,
SEIU_119_0397,SEIU_1199_Ohio_2022,73,The employee shall receive a per diem rate for meal expenses and other incidentals incurred at the rate set by the U.S.,HARD,deontic:obligation,2,,,,,,
SEIU_119_0452,SEIU_1199_Ohio_2022,82,This policy shall not apply to overtime work which is specific to a particular employee’s claim load or specialized work assignment or when the incumbent is required to finish a work assignment.,HARD,deontic:prohibition|deontic:obligation|deontic:obligation,2,,,,,,
SEIU_119_0453,SEIU_1199_Ohio_2022,82,In emergency situations overtime may be approved after the fact.,SOFT,deontic:permission,2,,,,,,
SEIU_119_0454,SEIU_1199_Ohio_2022,83,"No employee shall be mandated for more than sixteen (16) consecutive hours, or be required to return to work with less than eight",HARD,deontic:obligation|deontic:prohibition,2,,,,,,
SEIU_119_0499,SEIU_1199_Ohio_2022,88,"Flextime may, by mutual agreement, be used for various reasons, including but not limited to pre-scheduled medical appointments.",SOFT,deontic:permission,2,,,,,,
SEIU_119_0497,SEIU_1199_Ohio_2022,88,Requests shall not be denied in an arbitrary or capricious manner.,HARD,deontic:prohibition|deontic:obligation,2,,,,,,
SEIU_119_0496,SEIU_1199_Ohio_2022,88,The Employer may grant or deny such requests.,SOFT,deontic:permission,2,,,,,,
SEIU_119_0495,SEIU_1199_Ohio_2022,88,Employees may request to use flextime.,SOFT,deontic:permission,2,,,,,,
SEIU_119_0494,SEIU_1199_Ohio_2022,88,schedules terminated in an arbitrary or capricious manner and such changes shall be made for a rational management purpose.,HARD,deontic:obligation,2,,,,,,
SEIU_119_0696,SEIU_1199_Ohio_2022,116,"Pursuant to the mutual agreement of the State and all Unions certified to represent employees in any Agency or institution, the above committees may be established as multi-Union committees composed of such representatives as the State and participating Unions may mutually agree.",SOFT,deontic:permission,2,,,,,,
SEIU_119_0492,SEIU_1199_Ohio_2022,87,"Should recruitment difficulties become more severe in certain classifications, the Employer may explore and implement various arrangements to assist in recruiting such as shift differential, pay supplements, and variable weekend work plans.",SOFT,deontic:preference|deontic:permission,2,,,,,,
SEIU_119_0491,SEIU_1199_Ohio_2022,87,Such decision to grant or deny the request shall not be made in an arbitrary or capricious manner.,HARD,deontic:prohibition|deontic:obligation,2,,,,,,
SEIU_119_0490,SEIU_1199_Ohio_2022,87,The use of alternative and flexible work schedules shall be a subject for discussion in the Agency/Facility Professional Committees.,HARD,deontic:obligation,2,,,,,,
SEIU_119_0489,SEIU_1199_Ohio_2022,87,Flexible work schedules may include an established schedule that allows for variable starting and ending times of work days (i.e. beginning the work day before or after the established start time and ending before or after the established end time).,SOFT,deontic:permission,2,,,,,,
SEIU_119_0488,SEIU_1199_Ohio_2022,87,(8) and/or the number of days worked per week may be other than five (5).,SOFT,deontic:permission,2,,,,,,
SEIU_119_0487,SEIU_1199_Ohio_2022,87,Alternative work schedules may include a set schedule where the number of hours worked per day is other than eight,SOFT,deontic:permission,2,,,,,,
SEIU_119_0486,SEIU_1199_Ohio_2022,87,"(4) ten (10) hour days, twelve (12) hour shifts, and/or other creative scheduling patterns that may assist in the recruitment and/or retention of nurses and other employees.",SOFT,deontic:permission,2,,,,,,
SEIU_119_0485,SEIU_1199_Ohio_2022,87,Employees may request to work alternative or flexible work schedules.,SOFT,deontic:permission,2,,,,,,
SEIU_119_0484,SEIU_1199_Ohio_2022,86,An employee(s) permitted to shift his/her work hours shall be eligible for overtime pay or 73,HARD,deontic:obligation,2,,,,,,
SEIU_119_0483,SEIU_1199_Ohio_2022,86,"(2) continuous hours of overtime worked shall be granted to employees. 24.09 Required Meeting Attendance Employees required or authorized by their supervisors to attend meetings on off-duty hours will be compensated within the terms of this Agreement. 24.10 Non-Traditional Work Schedules In order to be able to implement some non-traditional work schedules (i.e. alternative work schedules, flexible work schedules, or flextime), and where consistent with Federal Law, the Employer may allow a full-time employee(s) to work less than forty (40) hours in a week and more than forty (40) hours in the other week within the same pay period.",HARD,deontic:obligation|deontic:permission,2,,,,,,
SEIU_119_0498,SEIU_1199_Ohio_2022,88,"Flextime may include adjusting starting and ending times of the established, set work day, so long as the employee works an established, set number of hours in a week.",SOFT,deontic:permission,2,,,,,,
SEIU_119_0500,SEIU_1199_Ohio_2022,88,"In addition, the trading of shifts may also be granted, by mutual agreement, for pre-scheduled medical appointments.",SOFT,deontic:permission,2,,,,,,
SEIU_119_0480,SEIU_1199_Ohio_2022,86,The combination of the rest period(s) and lunch shall not exceed one,HARD,deontic:prohibition|deontic:obligation,2,,,,,,
SEIU_119_0501,SEIU_1199_Ohio_2022,88,"If approved by the Employer, an employee may work an alternative schedule as well as a flexible schedule and be able to use flextime in accordance with the terms of this Article. 24.11 Place of Work Those employees who have their homes designated as their work headquarters may continue to do so, and shall report to their field headquarters as directed by their supervisor.",HARD,deontic:obligation|deontic:permission,2,,,,,,
SEIU_119_0515,SEIU_1199_Ohio_2022,90,"If no employee volunteers to be pulled or moved, the qualified employee in the designated class with the least State seniority shall be pulled or moved first from the work area most able to provide the coverage as determined by management. 24.18 Canvass Nothing in this Article prevents a canvass by seniority when mutually agreed upon.",HARD,deontic:obligation|deontic:prohibition,2,,,,,,
SEIU_119_0514,SEIU_1199_Ohio_2022,90,The qualified employee in the designated class having the greatest State seniority who desires to be pulled or moved shall be.,HARD,deontic:obligation,2,,,,,,
SEIU_119_0513,SEIU_1199_Ohio_2022,90,The Agency shall designate the work area most able to provide the coverage.,HARD,deontic:obligation,2,,,,,,
SEIU_119_0512,SEIU_1199_Ohio_2022,90,"The Employer retains the right to change an assignment for a rational management purpose, including but not limited to the best interest of the clients, patients, residents, inmates, offenders, or youths. 24.17 Pulling or Movement of Personnel An employee may be pulled or moved to meet operational needs.",SOFT,deontic:permission,2,,,,,,
SEIU_119_0694,SEIU_1199_Ohio_2022,115,"In each institutional Agency whose employees are covered by this Agreement, a Health and Safety Committee shall be 102",HARD,deontic:obligation,2,,,,,,
SEIU_119_0695,SEIU_1199_Ohio_2022,116,"established at each institution or facility, which Committees shall be comprised of an equal number of Union and management representatives.",HARD,deontic:obligation,2,,,,,,
SEIU_119_0511,SEIU_1199_Ohio_2022,90,"When applicable, shift and assignment openings within institutions shall be filled by the qualified employee within the classification at the worksite having the greatest State seniority who desires the opening.",HARD,deontic:obligation,2,,,,,,
SEIU_119_0510,SEIU_1199_Ohio_2022,89,"Within ninety (90) days of the effective date of this Agreement, the parties shall develop guidelines for a Job Sharing Policy for consideration by the various agencies. 76",HARD,deontic:obligation,2,,,,,,
SEIU_119_0508,SEIU_1199_Ohio_2022,89,The Agency shall not schedule any employee to rotate more than two,HARD,deontic:prohibition|deontic:obligation,2,,,,,,
SEIU_119_0507,SEIU_1199_Ohio_2022,89,"At the Agency or Facility Professional Committee meeting, the discussion shall include operational need and the rationale for change. 24.14 Shifts In the Department of Rehabilitation and Correction, the Agency may schedule nursing personnel on a rotational shift basis for a temporary period during the opening of new facilities.",HARD,deontic:obligation|deontic:permission,2,,,,,,
SEIU_119_0506,SEIU_1199_Ohio_2022,89,"In non-institutional settings where the work schedule is fixed, the Agency shall not change an employee’s schedule solely to avoid the payment of overtime. 24.13 Weekends The present practice of weekend-off scheduling shall be continued until any proposed changes are discussed in the Agency or Facility Professional Committee meeting.",HARD,deontic:prohibition|deontic:obligation,2,,,,,,
SEIU_119_0505,SEIU_1199_Ohio_2022,89,Employees may voluntarily switch work days with other employees with the prior approval of the supervisor.,SOFT,deontic:permission,2,,,,,,
SEIU_119_0504,SEIU_1199_Ohio_2022,89,An employee shall not be required to change his/her posted schedule solely to avoid the payment of overtime to such employee.,HARD,deontic:prohibition|deontic:obligation,2,,,,,,
SEIU_119_0503,SEIU_1199_Ohio_2022,89,Agency shall ask for volunteers prior to assigning employees to the modified schedule.,HARD,deontic:obligation,2,,,,,,
SEIU_119_0502,SEIU_1199_Ohio_2022,88,"Requests from employees to work from their homes will be considered by the appointing authority. 24.12 Posting of Work Schedules Where appropriate in institutional settings, a fourweek schedule shall be posted two",HARD,deontic:obligation,2,,,,,,
SEIU_119_0456,SEIU_1199_Ohio_2022,83,"Hours in an active pay status in excess of forty (40) hours in any calendar week shall be compensated at the rate of one and one-half (1 1/2) times the total rate of pay, as defined by Section 43.01, for each hour of such time.",HARD,deontic:obligation,2,,,,,,
SEIU_119_0481,SEIU_1199_Ohio_2022,86,"(1) hour in length, and shall not be used to shorten the work day.",HARD,deontic:prohibition|deontic:obligation,2,,,,,,
SEIU_119_0697,SEIU_1199_Ohio_2022,116,"In addition, pursuant to the mutual agreement of the State and all Unions certified to represent employees in any State Agency whose employees are covered by this Agreement, a single state-wide Health and Safety Committee, composed of such representatives as the State and participating Union may mutually agree, may be established.",SOFT,deontic:permission,2,,,,,,
SEIU_119_0707,SEIU_1199_Ohio_2022,117,"As outlined in this Article, no committee may reach agreement on any matter that would alter in any way the terms of this Agreement.",SOFT,deontic:permission,2,,,,,,
SEIU_119_0698,SEIU_1199_Ohio_2022,116,"The committees established pursuant to the terms of this provision shall meet at mutually agreeable times, but not less frequently than once per quarter or as may be required to satisfy certification or accreditation standards.",HARD,deontic:obligation|deontic:permission,2,,,,,,
SEIU_119_0468,SEIU_1199_Ohio_2022,84,"If the court appearance is on the employee’s regular day off, the employee shall receive pay or compensatory time at the rate of one and one half (1 1/2) times the regular rate of pay.",HARD,deontic:obligation,2,,,,,,
SEIU_119_0467,SEIU_1199_Ohio_2022,84,Any fees in excess of fifteen dollars ($15) per day received by the employee for such activity shall be remitted to the Employer. 24.06 Court Appearance Any employee who has to appear in court or other official proceedings for the Employer for any reason shall be paid for such time at regular rate.,HARD,deontic:obligation,2,,,,,,
SEIU_119_0465,SEIU_1199_Ohio_2022,84,"Employees scheduled to work on afternoon shift shall not be required to report to work on days when they serve as jurors, but shall receive full jury duty pay.",HARD,deontic:prohibition|deontic:obligation,2,,,,,,
SEIU_119_0463,SEIU_1199_Ohio_2022,84,Sick leave and any leave used in lieu of sick leave shall not be considered as active pay status for purposes of this Article.,HARD,deontic:prohibition|deontic:obligation,2,,,,,,
SEIU_119_0462,SEIU_1199_Ohio_2022,83,"Upon termination of employment, an employee shall be paid for unused compensatory time at a rate which is the higher of: 1.",HARD,deontic:obligation,2,,,,,,
SEIU_119_0461,SEIU_1199_Ohio_2022,83,(1) year shall be paid in cash to a maximum of eighty (80) hours in any pay period.,HARD,deontic:obligation,2,,,,,,
SEIU_119_0460,SEIU_1199_Ohio_2022,83,"When the maximum hours of compensatory time accrual are rendered, payment for overtime work shall be made in cash.",HARD,deontic:obligation,2,,,,,,
SEIU_119_0459,SEIU_1199_Ohio_2022,83,The maximum accrual of compensatory time shall be two hundred forty (240) hours and compensatory time must be taken within one,HARD,deontic:obligation|deontic:obligation,2,,,,,,
SEIU_119_0458,SEIU_1199_Ohio_2022,83,Such compensatory time shall be granted on a time and one-half (1 1/2) basis.,HARD,deontic:obligation,2,,,,,,
SEIU_119_0711,SEIU_1199_Ohio_2022,117,(2) Agency Professional Committee meetings per year shall be held virtually.,HARD,deontic:obligation,2,,,,,,
SEIU_119_0712,SEIU_1199_Ohio_2022,118,"ARTICLE 32 - HEALTH AND SAFETY PROCEDURES The Employer shall provide a safe and healthful place of employment for each employee, and comply with all local, state, and federal health and safety laws and regulations.",HARD,deontic:obligation,2,,,,,,
SEIU_119_0713,SEIU_1199_Ohio_2022,118,"In accordance with such laws and regulations, no retaliatory or discriminatory actions shall be taken against any employees who, in good faith, refuse to work because of dangerous or unhealthful conditions at their place of employment that are abnormal to their duties or place of employment.",HARD,deontic:obligation,2,,,,,,
SEIU_119_0457,SEIU_1199_Ohio_2022,83,An employee may elect to take compensatory time off in lieu of cash overtime payment for hours in an active pay status more than forty (40) hours in any calendar week.,SOFT,deontic:permission,2,,,,,,
SEIU_119_0714,SEIU_1199_Ohio_2022,118,"Further, no retaliatory or discriminatory action shall be taken against any employee(s) who report abnormally dangerous or unhealthful conditions at their place of employment to their supervisors, Agency officials, or other proper authority, including their Union. 32.01 Blood Borne Disease Precautions A.",HARD,deontic:obligation,2,,,,,,
SEIU_119_0708,SEIU_1199_Ohio_2022,117,"Should the parties fail to reach resolution on an issue, individuals will be assigned to complete tasks within a specified time frame established at the professional committee meeting.",SOFT,deontic:preference,2,,,,,,
SEIU_119_0709,SEIU_1199_Ohio_2022,117,Committee members shall receive time off with pay at regular rate to attend committee meetings which are held during their regularly scheduled hours of work.,HARD,deontic:obligation,2,,,,,,
SEIU_119_0469,SEIU_1199_Ohio_2022,84,"Employees subpoenaed to appear before any court, commission, board or other legally constituted body authorized by law to compel the attendance of witnesses shall be granted leave with pay at regular rate, where the employee is not a party to the action, which includes, but 71",HARD,deontic:obligation,2,,,,,,
SEIU_119_0706,SEIU_1199_Ohio_2022,117,"The committees shall determine the frequency of meetings, set the agenda, discuss issues affecting the bargaining units and determine the number of representatives to serve on the committees.",HARD,deontic:obligation,2,,,,,,
SEIU_119_0476,SEIU_1199_Ohio_2022,85,"Such instances would include, but not be limited to, criminal or civil cases, traffic court, divorce proceedings, custody proceedings, or appearing as directed as parent or guardian of juveniles. 24.07 Meal Periods Employees shall be granted an unpaid meal period of not less than thirty (30) minutes and no more than sixty (60) minutes near the midpoint of each shift, if feasible.",HARD,deontic:obligation,2,,,,,,
SEIU_119_0700,SEIU_1199_Ohio_2022,116,"Any such committee shall consider such matters relating to health and safety of employees covered by this Agreement and may make non-binding recommendations to the State, an Agency covered by this Agreement, or an institution or facility covered by this Agreement regarding such matters.",HARD,deontic:obligation|deontic:permission,2,,,,,,
SEIU_119_0701,SEIU_1199_Ohio_2022,116,Matters involving effective service delivery may be an appropriate topic for this committee.,SOFT,deontic:permission,2,,,,,,
SEIU_119_0702,SEIU_1199_Ohio_2022,116,"Whenever an inspection of a facility is performed by another governmental Agency that relates to health and safety, a delegate shall be informed and have the right to the final written reports generated by the inspection.",HARD,deontic:obligation,2,,,,,,
SEIU_119_0475,SEIU_1199_Ohio_2022,85,An employee appearing before a court or other legally constituted body in a matter in which the employee is a party may be granted the use of vacation or personal leave or leave of absence without pay.,SOFT,deontic:permission,2,,,,,,
SEIU_119_0474,SEIU_1199_Ohio_2022,85,The employee shall notify the Agency designee immediately upon receiving a subpoena.,HARD,deontic:obligation,2,,,,,,
SEIU_119_0473,SEIU_1199_Ohio_2022,85,"Employees subpoenaed to witness duty shall submit any witness fees received in excess of fifteen dollars ($15), excluding travel and meal allowances, to the Agency.",HARD,deontic:obligation,2,,,,,,
SEIU_119_0703,SEIU_1199_Ohio_2022,116,Every injury/occupational illness shall be investigated by the institution or Agency in a timely matter.,HARD,deontic:obligation,2,,,,,,
SEIU_119_0659,SEIU_1199_Ohio_2022,112,"For purposes of this Article, disciplinary record shall not include written reprimands.",HARD,deontic:prohibition|deontic:obligation,2,,,,,,
SEIU_119_0472,SEIU_1199_Ohio_2022,85,"Second or third shift employees, during the course of scheduled work hours, shall be permitted an equivalent amount of time off from scheduled work on their preceding or succeeding shift for such appearance.",HARD,deontic:obligation,2,,,,,,
SEIU_119_0471,SEIU_1199_Ohio_2022,85,Employees using such accrued leave shall not be required to remit any fees received.,HARD,deontic:prohibition|deontic:obligation,2,,,,,,
SEIU_119_0470,SEIU_1199_Ohio_2022,85,"Employees subpoenaed to proceedings on behalf of an employer other than the State, who receive compensation for his/her testimony from the other employer shall not be eligible for paid leave as provided in this Article, but may elect to use available accrued leave.",HARD,deontic:prohibition|deontic:obligation|deontic:permission,2,,,,,,
SEIU_119_0705,SEIU_1199_Ohio_2022,117,the appropriate Health and Safety Committee. 31.05 Procedures The Professional Committees shall consist of an equal number of representatives from management and the Union.,HARD,deontic:obligation,2,,,,,,
SEIU_119_1401,SEIU_1199_Ohio_2022,255,"The sub-committee will meet annually, unless otherwise agreed, at least sixty (60) days prior to the end of a fiscal year.",UNCLEAR,exception,1,,,,,,
SEIU_119_1374,SEIU_1199_Ohio_2022,251,bargaining agreement with regard to grievance filing on contract violations and all other discipline except as noted in paragraph 5 (five) above. 7.,UNCLEAR,exception,1,,,,,,
SEIU_119_0002,SEIU_1199_Ohio_2022,14,(3) conflicting sections of the Ohio Revised Code except those incorporated in Chapter 4117 or referred to therein.,UNCLEAR,exception,1,,,,,,
SEIU_119_1417,SEIU_1199_Ohio_2022,259,Twenty miles will be considered 20 minutes (i.e. one mile per each minute).,UNCLEAR,threshold,1,,,,,,
SEIU_119_1400,SEIU_1199_Ohio_2022,255,"Recruitment and Retention of Nurses In order to more effectively recruit Nurse I’s (65512) and Psychiatric/MR Nurses (65521), the DRC and 1199 agree to waive the minimum qualifications for this classification, which calls for the employee to have 6 months experience working as a registered nurse.",UNCLEAR,threshold,1,,,,,,
SEIU_119_0710,SEIU_1199_Ohio_2022,117,"Unless otherwise mutually agreed upon, two",UNCLEAR,exception,1,,,,,,
SEIU_119_0377,SEIU_1199_Ohio_2022,70,The actions of the Ohio Attorney General pursuant to the Ohio Revised Code Section 9.87 are not subject to the grievance or arbitration procedures.,UNCLEAR,exception,1,,,,,,
SEIU_119_1365,SEIU_1199_Ohio_2022,249,"notification, when feasible, unless the Deputy Director approves a request for an extension. 9.",UNCLEAR,exception,1,,,,,,
SEIU_119_1349,SEIU_1199_Ohio_2022,246,"The employee will be responsible for the routine cleaning of the weapon in accordance with prescribed standards, and the weapon will be subject to periodic inspection.",UNCLEAR,exception,1,,,,,,
SEIU_119_1206,SEIU_1199_Ohio_2022,217,"(3) years, provided that there is a need for a posted vacancy in the same classification as the relocated employee.",UNCLEAR,exception,1,,,,,,
SEIU_119_1205,SEIU_1199_Ohio_2022,217,"In case of involuntary relocation, the employee has a preferential right to return to the previous job site from which he/she was relocated up to three",UNCLEAR,exception,1,,,,,,
SEIU_119_1187,SEIU_1199_Ohio_2022,213,(4) individual vacation shifts with the remaining time requested in entire work week blocks up to the remainder of 120 hours of vacation time during the initial canvas period.,UNCLEAR,threshold,1,,,,,,
SEIU_119_0265,SEIU_1199_Ohio_2022,51,"Hours Used Percent of Regular Rate 1-36 sick leave 100% 36.1 plus sick leave 70% Any sick leave used during the 36.1 to 72 hours will be paid at 100% when the sick leave usage is for the employee, the employee’s spouse, or child residing with the employee for: 1) time spent hospitalized overnight or hospitalized at the direction of their physician or for those hours of sick leave used before or after the hospital stay that are contiguous to the hospital stay; 2) time spent in 38",UNCLEAR,threshold,1,,,,,,
SEIU_119_0478,SEIU_1199_Ohio_2022,86,"(4) hours of regularly scheduled work performed, except during an unusual situation or emergency created beyond the control of the Agency.",UNCLEAR,exception,1,,,,,,
SEIU_119_1171,SEIU_1199_Ohio_2022,211,"In the Bureau of Survey and Certification, unscheduled Field Surveyor assignments of any kind that cannot be completed within a surveyor’s regular forty (40) hour work week (including but not limited to, “two day complaints”, “ten day complaints”, or any other unscheduled needs) will be assigned as overtime opportunities as follows (except ten day complaints will be assigned overtime opportunities only after the Agency first making a good faith attempt to schedule within a surveyor’s regular forty (40) hour work week 198",UNCLEAR,exception,1,,,,,,
SEIU_119_0964,SEIU_1199_Ohio_2022,163,This supplement will be subject to re-evaluation each year.,UNCLEAR,exception,1,,,,,,
SEIU_119_1169,SEIU_1199_Ohio_2022,211,From “frequent traveler” status to “non-frequent traveler” status with written notice issued at least one pay period (14 days) in advance of the effective date of change in status.,UNCLEAR,threshold,1,,,,,,
SEIU_119_0273,SEIU_1199_Ohio_2022,52,"For those employees who are in relief positions, the current local practice will remain in effect, unless the cause for the leave prevents such notification.",UNCLEAR,exception,1,,,,,,
SEIU_119_1161,SEIU_1199_Ohio_2022,210,"Travel to any work location, including the assigned office, will be considered work time except for the first and last twenty (20) minutes.",UNCLEAR,exception,1,,,,,,
SEIU_119_0971,SEIU_1199_Ohio_2022,164,It is agreed that there will be no further rate changes over the term of this Agreement unless mutually 151,UNCLEAR,exception,1,,,,,,
SEIU_119_0973,SEIU_1199_Ohio_2022,165,It is agreed that there will be no further rate change during the term of this Agreement unless mutually agreed to by the parties.,UNCLEAR,exception,1,,,,,,
SEIU_119_1157,SEIU_1199_Ohio_2022,210,"A “frequent traveler,” also referred to as field employee, is an 1199 employee who on a regular, routine and predictable basis spends 80 percent or more of work hours per pay period in a travel status where an overnight stay would be reimbursable, if authorized. 12.",UNCLEAR,threshold,1,,,,,,
SEIU_119_1156,SEIU_1199_Ohio_2022,210,All 1199 employees are designated as non-frequent travelers unless otherwise designated in writing by the appropriate management designee. 11.,UNCLEAR,exception,1,,,,,,
SEIU_119_1154,SEIU_1199_Ohio_2022,209,"Travel to a work location other than the assigned office, will be considered work time except for the first and last twenty (20) minutes.",UNCLEAR,exception,1,,,,,,
SEIU_119_1149,SEIU_1199_Ohio_2022,208,"Training opportunities not for entry-level employees in basic survey and review activities for surveys of Hospices, OTPT, Rural Health Clinics, Swing-Beds, and I CF/MR, will be determined by surveyor seniority within each respective district except when a training opportunity for a less senior employee fulfills an operational need.",UNCLEAR,exception,1,,,,,,
SEIU_119_0983,SEIU_1199_Ohio_2022,166,Advanced vacation will not be available to be cashed out unless the Physician or Psychiatrist has worked a minimum of two,UNCLEAR,exception,1,,,,,,
SEIU_119_1143,SEIU_1199_Ohio_2022,207,"The second level, that of an independent surveyor, is attained when the individual has successfully completed the 365 day probationary period as an entry level surveyor, passed the test for all the relevant state and CMS trainings, and met the applicable minimum qualifications for independent surveyor.",UNCLEAR,threshold,1,,,,,,
SEIU_119_1142,SEIU_1199_Ohio_2022,207,"The entry-level classification requires a 365 day probationary period, though a step increase will occur pursuant to 43.03. 2.",UNCLEAR,threshold,1,,,,,,
SEIU_119_0291,SEIU_1199_Ohio_2022,57,same manner in which it would otherwise be used except that compensatory time is not eligible for donation.,UNCLEAR,exception,1,,,,,,
SEIU_119_1129,SEIU_1199_Ohio_2022,205,The Employer will make a good faith effort to first separate those non-permanent employees who are in the same funding stream and who perform similar work as permanent employees potentially subject to furlough prior to furloughing any permanent employee.,UNCLEAR,exception,1,,,,,,
SEIU_119_0997,SEIU_1199_Ohio_2022,168,"Unless mandated by federal law or regulation, there will be no random drug testing of employees covered by this Agreement, except as otherwise specified in this Agreement.",UNCLEAR,exception,1,,,,,,
SEIU_119_1122,SEIU_1199_Ohio_2022,204,"(4) weeks for any individual employee, except as described in subsection (A)(4) below.",UNCLEAR,exception,1,,,,,,
SEIU_119_0309,SEIU_1199_Ohio_2022,59,"Employees alleging conditions precluded by OAC 123:1-33-03 are not eligible for disability benefits, unless the exceptions of the section are met.",UNCLEAR,exception,1,,,,,,
SEIU_119_1002,SEIU_1199_Ohio_2022,178,69673 Workshop Program Evaluation Specialist 69732 Rehabilitation Pgm Spec 2 (Except OOD) 69771 Industrial Rehabilitation Case Mgt.,UNCLEAR,exception,1,,,,,,
SEIU_119_1026,SEIU_1199_Ohio_2022,187,Any hours previously paid to the employee under OIL will be counted toward the 480 hours.,UNCLEAR,threshold,1,,,,,,
SEIU_119_0354,SEIU_1199_Ohio_2022,67,Health care costs paid on behalf of ineligible dependents will be subject to recovery.,UNCLEAR,exception,1,,,,,,
SEIU_119_1052,SEIU_1199_Ohio_2022,192,"An employee’s refusal to accept referral for diagnosis or to follow the prescribed treatment will be handled in accordance with other policies relating to job performance, subject to the contractual grievance/arbitration procedures and other provisions of this Agreement.",UNCLEAR,exception,1,,,,,,
SEIU_119_0373,SEIU_1199_Ohio_2022,69,Except for established payroll deductions for programs and organizations in effect 56,UNCLEAR,exception,1,,,,,,
SEIU_119_1223,SEIU_1199_Ohio_2022,223,OhioMHAS employees currently working as an Alcohol and Drug Program Specialist will receive the 3% supplement provided that they have the appropriate licensure or have a masters level degree or higher in the social services field.,UNCLEAR,exception,1,,,,,,
SEIU_119_1225,SEIU_1199_Ohio_2022,224,All other sections of Article 29 continue to apply unless specifically listed in this agreement.,UNCLEAR,exception,1,,,,,,
SEIU_119_0903,SEIU_1199_Ohio_2022,154,"At the end of the first year of employment, the employee’s accrual rate will be 3.1 hours per pay period, in accordance with Article 10.",UNCLEAR,threshold,1,,,,,,
SEIU_119_0588,SEIU_1199_Ohio_2022,101,"Except as provided below, continuous service will be interrupted only by resignation, discharge for just cause, disability separation, failure to return from a leave of absence, failure to respond to a recall from layoff, or expiration of rights to recall.",UNCLEAR,exception,1,,,,,,
SEIU_119_1348,SEIU_1199_Ohio_2022,246,Temporary work stations will not be subject to this provision. 11.,UNCLEAR,exception,1,,,,,,
SEIU_119_0641,SEIU_1199_Ohio_2022,109,"A vacancy does not include those positions identified through mutual agreement between the Union and the Agency as being subject to reorganization, changes in appointment category (type), or a movement that constitutes a demotion.",UNCLEAR,exception,1,,,,,,
SEIU_119_1337,SEIU_1199_Ohio_2022,244,New Employee Orientation OOD delegates and new hires are allotted 1 hour release time to conduct and participate in new member orientation during regularly scheduled new employee orientation.,UNCLEAR,threshold,1,,,,,,
SEIU_119_1334,SEIU_1199_Ohio_2022,243,Vocational Rehabilitation Counselor (VRC) All individuals who become permanent full-time or permanent part-time VRCs or Senior VRCs will serve a 365 day probationary period and will receive step increases per contractual provisions.,UNCLEAR,threshold,1,,,,,,
SEIU_119_1333,SEIU_1199_Ohio_2022,243,Rehabilitation Program Specialist Rehabilitation Program Specialists will serve a 365 day probationary period.,UNCLEAR,threshold,1,,,,,,
SEIU_119_0102,SEIU_1199_Ohio_2022,29,"Unless mutually agreed otherwise, if a grievance is scheduled for mediation and no Step Two",UNCLEAR,exception,1,,,,,,
SEIU_119_1320,SEIU_1199_Ohio_2022,241,The employee has one business day from the time they receive the offer to accept the lateral shift/assignment opening by signing to accept on a form provided by Human Resources and is not eligible for further shift/assignment movement for 3 months from the date that they are moved to the new opening. 6.,UNCLEAR,threshold,1,,,,,,
SEIU_119_0615,SEIU_1199_Ohio_2022,105,"In the event of a layoff within a higher classification(s) within a classification series, as a result of the elimination of duties: 1.",UNCLEAR,exception,1,,,,,,
SEIU_119_1309,SEIU_1199_Ohio_2022,238,Nurses participating in the twelve (12) hour shift rotation who work twelve (12) hour shifts will receive twenty-four (24) hours of bereavement leave in the event of a qualifying occurrence as defined by Article 14 of the current CBA.,UNCLEAR,exception,1,,,,,,
SEIU_119_0606,SEIU_1199_Ohio_2022,104,"Principles, methods or understandings used to determine seniority standing or to resolve disputes over relative seniority ranking under prior agreements will not be altered except as specified by the provisions of this Agreement.",UNCLEAR,exception,1,,,,,,
SEIU_119_1298,SEIU_1199_Ohio_2022,236,"Inpatient Nursing Services 12 Hour Schedule A Nurse will only be assigned to a twelve (12) hour shift upon request of the employee, agreement by Management and the Union, and if the employee has 223",UNCLEAR,threshold,1,,,,,,
SEIU_119_1297,SEIU_1199_Ohio_2022,236,"In case of layoff, Post doctorate Trainees retain the right to bump the least senior employee within the classification series and bumping jurisdiction as identified in Appendix B.",UNCLEAR,exception,1,,,,,,
SEIU_119_0140,SEIU_1199_Ohio_2022,33,"(2) the date written closings are due to the arbitrator, unless the parties agree otherwise.",UNCLEAR,exception,1,,,,,,
SEIU_119_0586,SEIU_1199_Ohio_2022,101,displace permanent employees in the event of a layoff.,UNCLEAR,exception,1,,,,,,
SEIU_119_0551,SEIU_1199_Ohio_2022,95,"All intermittent positions are scheduled at the discretion of the Employer, with no rights under Article 24, except Sections 24.07 and 24.08.",UNCLEAR,exception,1,,,,,,
SEIU_119_0859,SEIU_1199_Ohio_2022,140,"Pilots will explore the factors that motivate subcontracting, discuss future plans and develop joint strategies that will permit State employees to perform the work by meeting the Agency service delivery needs. 41.06 Notwithstanding Article 39.02, within sixty (60) days of the effective date of the Agreement, the parties will establish a committee for the purpose of analyzing recruitment and retention issues for the classifications including, but not limited to: any classification requiring licensure as a Registered Nurse, Physician, Psychologist, Psychiatrist, Pharmacist, Dentist, Physician’s Assistant, and Certified Nurse Practitioners (if placed in the bargaining unit).",UNCLEAR,exception,1,,,,,,
SEIU_119_1282,SEIU_1199_Ohio_2022,233,Advanced vacation will not be available for cash out unless the Psychiatrist/Physician Specialist/Physician has worked a minimum of two,UNCLEAR,exception,1,,,,,,
SEIU_119_0579,SEIU_1199_Ohio_2022,100,Employees in this appointment type are not eligible to receive bereavement leave unless the employee is working a forty (40) hour schedule.,UNCLEAR,exception,1,,,,,,
SEIU_119_0866,SEIU_1199_Ohio_2022,141,"Except for emergencies, employees will complete their initial orientation/training program.",UNCLEAR,exception,1,,,,,,
SEIU_119_0577,SEIU_1199_Ohio_2022,99,Employees in this appointment type will not receive holiday pay or premium pay for work on a holiday unless they have been assigned a full-time schedule 86,UNCLEAR,exception,1,,,,,,
SEIU_119_0573,SEIU_1199_Ohio_2022,98,"Rights of an ETA: During the appointment period, employees holding this appointment type have the rights as other bargaining unit employees except as enumerated below: 1.",UNCLEAR,exception,1,,,,,,
SEIU_119_0160,SEIU_1199_Ohio_2022,35,"Except for patient/client related cases, in disciplinary grievances of five",UNCLEAR,exception,1,,,,,,
SEIU_119_0161,SEIU_1199_Ohio_2022,35,"(5) day fines or suspensions or less, and non-selection grievances where the sole issue is whether an employee met the minimum qualifications for the position, non-traditional arbitration is mandatory, unless mutually agreed otherwise.",UNCLEAR,exception,1,,,,,,
SEIU_119_0571,SEIU_1199_Ohio_2022,98,"Health benefits will not be provided, unless otherwise mutually agreed by the Agency and the Union.",UNCLEAR,exception,1,,,,,,
SEIU_119_0570,SEIU_1199_Ohio_2022,98,Grievance rights - This appointment type does not have the right to grieve or arbitrate issues in accordance with Article 7 except as otherwise noted herein. 7.,UNCLEAR,exception,1,,,,,,
SEIU_119_0565,SEIU_1199_Ohio_2022,97,Length of Appointment - The length of the appointment will not exceed ten (10) consecutive months unless extended by mutual agreement of the parties.,UNCLEAR,exception,1,,,,,,
SEIU_119_0879,SEIU_1199_Ohio_2022,150,"(4) hours at the straight time regular rate of pay or actual hours worked (i.e. if actual hours worked exceeds 2.67 hours) at the overtime rate, whichever is greater providing such time does not abut the employee’s 137",UNCLEAR,threshold,1,,,,,,
SEIU_119_0555,SEIU_1199_Ohio_2022,96,Intermittent positions are not subject to the layoff provisions of Article 29.,UNCLEAR,exception,1,,,,,,
SEIU_119_1432,SEIU_1199_Ohio_2022,266,"D Demotion ................................................................. 27, 97 Department of Health .................................................. 194 Bureau of Survey and Certification ......................... 194 Health and Safety Subcommittee ............................ 201 Hours of Work and Overtime .................................. 198 Travel ...................................................................... 196 Vacation Scheduling ............................................... 199 Department of Job and Family Services....................... 202 Competency Based Talent Management Systems ... 207 Sub-Contracting Group ........................................... 205 Teleworking ............................................................ 205 Temporary and Permanent Relocations ................... 202 Department of Mental Health and Addiction Services . 207 Bumping Process .................................................... 210 Certification ............................................................ 208 Hazard Duty Pay ..................................................... 223 Inpatient Nursing Services 12 Hour Schedule ......... 223 Intermittent Appointments/Temporary Appointments ........................................................................... 229 Overtime Process & Procedure ............................... 213 Pharmacist Educational Supplement ....................... 226 Postdoctoral Trainee in Psychology ........................ 223 Prevention ............................................................... 208 Psychiatrists/Physician Specialist/Physician ........... 220 Service Delivery and Health and Safety .................. 229 Shift and Assignments Openings ............................ 227 Team-Scheduling .................................................... 222 Treatment and Recovery Services ........................... 209 Vacation Advancement ........................................... 219 Vacation Approval Process ..................................... 218 Working Alone ....................................................... 229 Department of Rehabilitation and Correction . 52, 76, 108, 139, 150, 152, 166, 172, 181, 236, See Agency Specific Agreements 253",UNCLEAR,threshold,1,,,,,,
