sentence_id,source_doc,page_num,raw_text,predicted_type,signals,confidence_score,is_constraint,constraint_type,entities,threshold,exception,notes
SEIU1199_0048,SEIU1199NW_MultiCare_GoodSamaritan_2022_2025,10,"For purposes of this Agreement and the method of computing EIT, PTO, and other conditions of employment, except as otherwise provided for herein, a ""month"" shall be defined as 173.3 hours of work, and a ""year"" shall be defined as 2,080 hours of work.",HARD,deontic:obligation|threshold|exception,4,,,,,,
SEIU1199_0259,SEIU1199NW_MultiCare_GoodSamaritan_2022_2025,29,"If the time off is requested less than 30 days prior to the beginning of the leave, the employee may be required to provide their own coverage. 10.9.2 Loss of PTO Leave.",SOFT,deontic:permission|threshold,3,,,,,,
SEIU1199_0258,SEIU1199NW_MultiCare_GoodSamaritan_2022_2025,29,If the scheduled PTO has been requested and approved at least 30 days in advance of the leave Employees shall not be required to provide their own coverage during a scheduled PTO that was previously approved.,HARD,deontic:prohibition|deontic:obligation|threshold,3,,,,,,
SEIU1199_0239,SEIU1199NW_MultiCare_GoodSamaritan_2022_2025,27,"When a employee attempts to return to work and, within 48 hours of that return to work, is unable to continue to work due to the same illness or injury (of themselves or of the family member pursuant to State and Federal law) which had precipitated their absence, if EIT had been accessed previously, EIT may be accessed again despite the break in consecutive scheduled hours off.",SOFT,deontic:permission|threshold,3,,,,,,
SEIU1199_0232,SEIU1199NW_MultiCare_GoodSamaritan_2022_2025,26,All accruals must be exhausted prior to taking unpaid time off (unless eligible for EIT access). 10.3.5 PTOWS-Sick Year-End Cap.,HARD,deontic:obligation|exception,3,,,,,,
SEIU1199_0207,SEIU1199NW_MultiCare_GoodSamaritan_2022_2025,24,Any employee who works on a weekend shall receive one dollar and seventy five cents ($1.75) per hour for each hour worked on the weekend in addition to the employee's regular rate of pay The weekend premium will not be considered a part of the regular rate of pay for overtime premium pay calculations unless required by the Fair Labor Standards Act.,HARD,deontic:obligation|exception,3,,,,,,
SEIU1199_0194,SEIU1199NW_MultiCare_GoodSamaritan_2022_2025,23,"To the extent possible, weekend and holiday standby assignments shall be equitably shared unless other arrangements are made by mutual consent.",HARD,deontic:obligation|exception,3,,,,,,
SEIU1199_0175,SEIU1199NW_MultiCare_GoodSamaritan_2022_2025,22,"Should an employee who is receiving the fifteen percent (15%) wage premium want to revert back to receiving pro rata benefits status that election shall occur only between October 1 and October 10 of each year, unless the employee demonstrates a loss of alternate health care insurance coverage and no availability of COBRA rights.",HARD,deontic:obligation|deontic:preference|exception,3,,,,,,
SEIU1199_0159,SEIU1199NW_MultiCare_GoodSamaritan_2022_2025,19,"Except for emergency situations where it may be necessary to provide safe patient care, shift rotation will not be utilized without mutual consent.",SOFT,deontic:permission|exception,3,,,,,,
SEIU1199_0150,SEIU1199NW_MultiCare_GoodSamaritan_2022_2025,19,"Subject to advance approval, employees may request the trading of weekends, providing the schedule change does not place the Employer into an overtime pay condition or premium pay condition pursuant to this section.",SOFT,deontic:permission|exception,3,,,,,,
SEIU1199_0001,SEIU1199NW_MultiCare_GoodSamaritan_2022_2025,5,"New bargaining unit job classifications established during the term of this Agreement shall be covered by this Agreement unless they are bona fide confidential, supervisory, or management positions.",HARD,deontic:obligation|exception,3,,,,,,
SEIU1199_0132,SEIU1199NW_MultiCare_GoodSamaritan_2022_2025,18,"Except for emergency conditions involving patient care and low census conditions, individual scheduled hours of work set forth on the posted work schedules may be changed only by mutual consent. 7.5 Overtime.",SOFT,deontic:permission|exception,3,,,,,,
SEIU1199_0122,SEIU1199NW_MultiCare_GoodSamaritan_2022_2025,16,"If the employee takes none of these options, the employee shall be subject to immediate layoff and placement on the reinstatement roster (6.3).",HARD,deontic:obligation|exception,3,,,,,,
SEIU1199_0104,SEIU1199NW_MultiCare_GoodSamaritan_2022_2025,15,"Upon completion of the probationary period, any full time or part time employee subject to lay off may elect to voluntarily terminate employment with the Employer and receive severance pay as set forth below.",SOFT,deontic:permission|exception,3,,,,,,
SEIU1199_0100,SEIU1199NW_MultiCare_GoodSamaritan_2022_2025,14,An employee who is subject to layoff may apply for a vacant position in accordance with Section 5.8.,SOFT,deontic:permission|exception,3,,,,,,
SEIU1199_0094,SEIU1199NW_MultiCare_GoodSamaritan_2022_2025,14,"In the event of a layoff, the employee(s) with the least amount of seniority shall be laid off first providing skill, competence and ability are considered substantially equal in the opinion of the Employer.",HARD,deontic:obligation|exception,3,,,,,,
SEIU1199_0083,SEIU1199NW_MultiCare_GoodSamaritan_2022_2025,13,"If at the end of the trial period the employee is unable to perform satisfactorily in the opinion of the Employer, the employee shall be returned to his/her former job provided that the former job still exists and is vacant.",HARD,deontic:obligation|exception,3,,,,,,
SEIU1199_0079,SEIU1199NW_MultiCare_GoodSamaritan_2022_2025,13,"If the FTE meets the requirements set out above the FTE must be posted within 14 days of the determination and the provisions of Article 5.8, Job Openings, will apply. 5.8.2 Trial Period.",HARD,deontic:obligation|threshold,3,,,,,,
SEIU1199_0058,SEIU1199NW_MultiCare_GoodSamaritan_2022_2025,11,"No full-time, part-time or on call employee shall be disciplined or discharged except for just cause. ""Just cause"" shall be defined to include the concept of progressive discipline (such as verbal and written reprimands and the possibility of suspension without pay).",HARD,deontic:obligation|exception,3,,,,,,
SEIU1199_0144,SEIU1199NW_MultiCare_GoodSamaritan_2022_2025,18,Full-time and part-time employees who report for work as scheduled (unless otherwise notified in advance) and are released from duty by the Employer because of low need shall receive a minimum of four,HARD,deontic:obligation|exception,3,,,,,,
SEIU1199_0261,SEIU1199NW_MultiCare_GoodSamaritan_2022_2025,29,The employee must notify the Employer each day of absence if the employee is unable to work unless prior arrangements have been made with supervision.,HARD,deontic:obligation|exception,3,,,,,,
SEIU1199_0263,SEIU1199NW_MultiCare_GoodSamaritan_2022_2025,29,"Employees who receive Washington State Paid Family and Medical Leave benefits for the employee’s own disability (including any period of disability associated with pregnancy, childbirth and the recovery therefrom) or the illness or injury of a family member may supplement their Washington State benefits by accessing accrued PTO and/or EIT, up to the amount of regular pay at the employee’s assigned FTE, provided that the employee has been approved for a leave of absence by the Hospital.",SOFT,deontic:permission|exception,3,,,,,,
SEIU1199_0272,SEIU1199NW_MultiCare_GoodSamaritan_2022_2025,30,"Participation in medical, dental and any other benefits set forth in this Article 11 shall be subject to the plan's specific eligibility requirements.",HARD,deontic:obligation|exception,3,,,,,,
SEIU1199_0402,SEIU1199NW_MultiCare_GoodSamaritan_2022_2025,42,"In the event negotiations do not result in a new Agreement on or before the expiration date, this Agreement shall terminate unless both parties mutually agree to extend the Contract.",HARD,deontic:obligation|exception,3,,,,,,
SEIU1199_0399,SEIU1199NW_MultiCare_GoodSamaritan_2022_2025,42,"ARTICLE 19 – DURATION This Agreement shall become effective date of ratification and shall remain in full force and effect to and including September 30, 2025 unless changed by mutual consent.",HARD,deontic:obligation|exception,3,,,,,,
SEIU1199_0396,SEIU1199NW_MultiCare_GoodSamaritan_2022_2025,41,"Unless specifically provided herein to the contrary, past practices shall not be binding on the Employer.",HARD,deontic:prohibition|deontic:obligation|exception,3,,,,,,
SEIU1199_0391,SEIU1199NW_MultiCare_GoodSamaritan_2022_2025,41,"This Agreement shall be subject to all present and future applicable federal and state laws, executive orders of the President of the United States or the Governor of the State of Washington, and rules and regulations of governmental authority.",HARD,deontic:obligation|exception,3,,,,,,
SEIU1199_0383,SEIU1199NW_MultiCare_GoodSamaritan_2022_2025,40,"The Union further recognizes the right of the Employer to operate and manage the hospital including but not limited to the right to require standards of performance and to maintain order and efficiency; to direct employees and to determine job assignments and working schedules; to determine the materials and equipment to be used; to implement improved operational methods and procedures; to determine staffing requirements; to determine the kind and location of facilities; to determine whether the whole or any part of the operation shall continue to operate; to select and hire employees; to promote and transfer employees; to discipline, demote or discharge employees for just cause, provided however, the Employer reserves the right to discharge any employee deemed to be incompetent based upon reasonably related established job criteria and exercised in good faith; to lay off employees for lack of work; to recall employees; to require reasonable overtime work of employees; and to promulgate rules, regulations and personnel policies, provided that such rights shall not be exercised so as to violate any of the specific provisions of this Agreement.",HARD,deontic:prohibition|deontic:obligation|exception,3,,,,,,
SEIU1199_0382,SEIU1199NW_MultiCare_GoodSamaritan_2022_2025,40,Grievances arising after the expiration date of this Contract may be pursued through Step 3 only and shall not be subject to arbitration.,HARD,deontic:prohibition|deontic:obligation|deontic:permission|exception,3,,,,,,
SEIU1199_0380,SEIU1199NW_MultiCare_GoodSamaritan_2022_2025,40,Step 4 of this grievance procedure shall terminate on the expiration date of this Contract unless the Contract is extended by the mutual written consent of the parties.,HARD,deontic:obligation|exception,3,,,,,,
SEIU1199_0343,SEIU1199NW_MultiCare_GoodSamaritan_2022_2025,36,"The Employer agrees that appropriate items for the Labor Management committee include an ongoing assessment of the Healthy at Work Wellness Plans and healthy outcomes, and Technical department issues. 14.1.1 During the 12 months following ratification, the Labor Management Committee shall discuss, as a standing agenda item, the Good Samaritan Emergency Department.",HARD,deontic:obligation|threshold,3,,,,,,
SEIU1199_0332,SEIU1199NW_MultiCare_GoodSamaritan_2022_2025,35,The Employer agrees that the collection of the delinquent Employer contributions shall be subject to the collection policy established by the trustees of the Fund.,HARD,deontic:obligation|exception,3,,,,,,
SEIU1199_0321,SEIU1199NW_MultiCare_GoodSamaritan_2022_2025,34,"After completion of the probationary period, regular employees may request paid leave for educational and continuing education purposes, including Union-sponsored training as provided for in Section 3.2, providing such leave time shall be subject to budgetary considerations, scheduling requirements of the Employer, and approval by the Employer of the subject matter to be studied.",HARD,deontic:obligation|deontic:permission|exception,3,,,,,,
SEIU1199_0314,SEIU1199NW_MultiCare_GoodSamaritan_2022_2025,33,Such leave may be approved subject to patient care needs.,SOFT,deontic:permission|exception,3,,,,,,
SEIU1199_0313,SEIU1199NW_MultiCare_GoodSamaritan_2022_2025,33,"Unless otherwise provided for herein, employees who return to work on a timely basis in accordance with an approved leave of absence agreement shall be entitled to the first available opening in his or her job classification consistent with Section 5.8, Job Openings. 12.11 Union Leave.",HARD,deontic:obligation|exception,3,,,,,,
SEIU1199_0284,SEIU1199NW_MultiCare_GoodSamaritan_2022_2025,31,"(1) year of employment, an employee who has worked at least 1,250 hours during the previous twelve (12) months shall be granted up to twelve (12) weeks of unpaid leave to:",HARD,deontic:obligation|threshold,3,,,,,,
SEIU1199_0283,SEIU1199NW_MultiCare_GoodSamaritan_2022_2025,31,"Family leave shall be consistent with and subject to the conditions and limitations set forth by state law (Washington Family Leave Law, 1989) b.",HARD,deontic:obligation|exception,3,,,,,,
SEIU1199_0281,SEIU1199NW_MultiCare_GoodSamaritan_2022_2025,31,"Except in special circumstances, employees must give at least thirty (30) days' advance written notice of family leave.",HARD,deontic:obligation|exception,3,,,,,,
SEIU1199_0051,SEIU1199NW_MultiCare_GoodSamaritan_2022_2025,10,"Time worked which is paid on an overtime basis shall count as time worked for purposes of computing benefits not to exceed 2,080 hours within any twelve (12) month period. 4.7 Regular Rate of Pay.",HARD,deontic:obligation|threshold,3,,,,,,
SEIU1199_0225,SEIU1199NW_MultiCare_GoodSamaritan_2022_2025,25,Employees are required to utilize accruals on any occasion when they are unable to work as scheduled unless directed not to Page 23,HARD,deontic:obligation|exception,3,,,,,,
SEIU1199_0028,SEIU1199NW_MultiCare_GoodSamaritan_2022_2025,7,"Unless otherwise agreed to by the Employer, the investigation of grievances and other Union business shall be conducted only Page 5",HARD,deontic:obligation|exception,3,,,,,,
SEIU1199_0030,SEIU1199NW_MultiCare_GoodSamaritan_2022_2025,8,"Subject to appropriate advance notice and scheduling requirements, Union officers, delegates and contract committee members may use one",SOFT,deontic:permission|exception,3,,,,,,
SEIU1199_0006,SEIU1199NW_MultiCare_GoodSamaritan_2022_2025,6,"Employees who fail to comply with this requirement shall be discharged by the Employer within thirty (30) days after receipt of written notice to the Employer from the Union, unless the employee fulfills the membership obligations set forth in this Agreement. 2.1.1 Religious Objection.",HARD,deontic:obligation|exception,3,,,,,,
SEIU1199_0034,SEIU1199NW_MultiCare_GoodSamaritan_2022_2025,8,(1) employee per unit/department unless there is more than thirty-five (35) employees in which case there may be two,SOFT,deontic:permission|exception,3,,,,,,
SEIU1199_0024,SEIU1199NW_MultiCare_GoodSamaritan_2022_2025,7,"Union staff shall not have access to employees' lounges, nursing units or other patient care areas unless advance approval has been obtained from the Vice President of Human Resources, or designee.",HARD,deontic:prohibition|deontic:obligation|exception,3,,,,,,
SEIU1199_0025,SEIU1199NW_MultiCare_GoodSamaritan_2022_2025,7,"Access to the Employer's premises shall be subject to the same general rules applicable to other non-employees and shall not interfere with or disturb employees in the performance of their work during working hours and shall not interfere with or provide any distraction to patient care, patient families, or the normal operation of the hospital. 3.2 Officers/Delegates - Hospital Employees.",HARD,deontic:prohibition|deontic:obligation|exception,3,,,,,,
SEIU1199_0037,SEIU1199NW_MultiCare_GoodSamaritan_2022_2025,9,"After ninety (90) calendar days of continuous employment, the employee shall attain regular status unless specifically advised by the Employer in writing of an extended probationary period of up to an additional ninety (90) days.",HARD,deontic:obligation|exception,3,,,,,,
SEIU1199_0041,SEIU1199NW_MultiCare_GoodSamaritan_2022_2025,9,"Per Diem employees shall receive longevity steps and shall be eligible for standby pay, callback pay, lead pay, shift differentials, premium pay for work on a holiday and weekend premium pay.",HARD,deontic:obligation,2,,,,,,
SEIU1199_0316,SEIU1199NW_MultiCare_GoodSamaritan_2022_2025,33,"The objectives of orientation shall be to familiarize new employees with the objectives and philosophy of the hospital and its services, to orient new employees to hospital Page 31",HARD,deontic:obligation,2,,,,,,
SEIU1199_0315,SEIU1199NW_MultiCare_GoodSamaritan_2022_2025,33,"If mutually agreed to the leave may will be up to twelve (12) weeks, and may contain a job guarantee.",SOFT,deontic:permission,2,,,,,,
SEIU1199_0013,SEIU1199NW_MultiCare_GoodSamaritan_2022_2025,6,"Upon request, the Employer shall deduct an initiation fee and any additional dues amounts as specified by the Union and authorized by the employee.",HARD,deontic:obligation,2,,,,,,
SEIU1199_0014,SEIU1199NW_MultiCare_GoodSamaritan_2022_2025,7,the Employer's responsibility shall cease with respect to such deductions.,HARD,deontic:obligation,2,,,,,,
SEIU1199_0312,SEIU1199NW_MultiCare_GoodSamaritan_2022_2025,33,"Not withstanding any other provisions in this article, before changing to leave without pay status, an employee must use any accrued paid time for which the employee is eligible (e.g.",HARD,deontic:obligation,2,,,,,,
SEIU1199_0311,SEIU1199NW_MultiCare_GoodSamaritan_2022_2025,33,Employees on a leave without pay for twelve (12) months or less shall not accrue nor lose seniority during the leave of absence.,HARD,deontic:prohibition|deontic:obligation,2,,,,,,
SEIU1199_0310,SEIU1199NW_MultiCare_GoodSamaritan_2022_2025,33,"Leave with pay shall not affect an employee's compensation, accrued hours, benefits or status with the Employer. 12.9 Leave Without Pay.",HARD,deontic:prohibition|deontic:obligation,2,,,,,,
SEIU1199_0307,SEIU1199NW_MultiCare_GoodSamaritan_2022_2025,33,"Immediate family shall be spouse, significant other in lieu of spouse, child, brother or sister, parent, grandparents of employee, parent of spouse, brother or sister of spouse.",HARD,deontic:obligation,2,,,,,,
SEIU1199_0309,SEIU1199NW_MultiCare_GoodSamaritan_2022_2025,33,Paid leave shall be based on scheduled hours of work to a maximum of forty (40) hours within a seven,HARD,deontic:obligation,2,,,,,,
SEIU1199_0308,SEIU1199NW_MultiCare_GoodSamaritan_2022_2025,33,(2) additional days of paid leave (not drawn from the employee’s PTO bank) shall be granted when in the Employer’s opinion extensive travel is required to attend the funeral.,HARD,deontic:obligation|deontic:obligation,2,,,,,,
SEIU1199_0318,SEIU1199NW_MultiCare_GoodSamaritan_2022_2025,34,"The functions of inservice education shall be: a. to promote the safe and intelligent care of the patient; b. to develop staff potential; and c. to create an environment that stimulates learning, creativity, and personal satisfaction.",HARD,deontic:obligation,2,,,,,,
SEIU1199_0306,SEIU1199NW_MultiCare_GoodSamaritan_2022_2025,33,(3) days of paid leave shall be granted for death in the immediate family.,HARD,deontic:obligation,2,,,,,,
SEIU1199_0305,SEIU1199NW_MultiCare_GoodSamaritan_2022_2025,33,"All full-time and part-time employees who are required to serve on jury duty or who are called to be a witness on behalf of the Employer in any judicial proceeding, shall be compensated by the Employer for the difference between their jury duty (for scheduled work days) or witness fee pay and their regular rate of pay.",HARD,deontic:obligation|deontic:obligation,2,,,,,,
SEIU1199_0304,SEIU1199NW_MultiCare_GoodSamaritan_2022_2025,33,"Leave required in order for an employee to maintain status in a military reserve of the United States shall be granted without pay, without loss of benefits accrued to the date such leave commences, and shall not be considered part of the employee's earned PTO time. 12.6 Jury Duty.",HARD,deontic:prohibition|deontic:obligation,2,,,,,,
SEIU1199_0303,SEIU1199NW_MultiCare_GoodSamaritan_2022_2025,32,"Prior to the employee returning from a leave of absence, the Employer may require a statement from a licensed medical practitioner verifying the period of physical disability and attesting to the employee's capability to perform the work required of the position.",SOFT,deontic:permission,2,,,,,,
SEIU1199_0301,SEIU1199NW_MultiCare_GoodSamaritan_2022_2025,32,The employee shall use previously accrued EIT during the period of disability and PTO to the extent accrued during the maternity leave.,HARD,deontic:obligation,2,,,,,,
SEIU1199_0300,SEIU1199NW_MultiCare_GoodSamaritan_2022_2025,32,"(6) months leave, upon requesting return to work, the employee shall be offered the first available opening in his/her job classification consistent with Section 5.8, Job Openings.",HARD,deontic:obligation,2,,,,,,
SEIU1199_0299,SEIU1199NW_MultiCare_GoodSamaritan_2022_2025,32,"If the employee's absence from work for maternity reasons does not exceed the period of the employee's temporary physical disability, the employee shall return to work to the same department and unit if applicable, shift and former full-time or part-time status.",HARD,deontic:obligation,2,,,,,,
SEIU1199_0317,SEIU1199NW_MultiCare_GoodSamaritan_2022_2025,34,A regular and ongoing inservice education program shall be maintained and made available to all shifts and to all personnel with programs posted in advance.,HARD,deontic:obligation,2,,,,,,
SEIU1199_0320,SEIU1199NW_MultiCare_GoodSamaritan_2022_2025,34,"When the Employer requires the employee to participate in an educational program (which shall exclude programs for maintaining licensure and specialty certification), the Employer will pay approved expenses that are directly related to the program. 13.5 Paid Educational Leave Time.",HARD,deontic:obligation,2,,,,,,
SEIU1199_0319,SEIU1199NW_MultiCare_GoodSamaritan_2022_2025,34,"(1) year of continuous employment, permission may be granted for leave of absence without pay for job related study, without loss of accrued benefits, providing such leave does not jeopardize hospital service. 13.4 Approved Expenses.",SOFT,deontic:permission,2,,,,,,
SEIU1199_0011,SEIU1199NW_MultiCare_GoodSamaritan_2022_2025,6,"The Union will indemnify and hold the Employer harmless from all claims, demands, suits or other forms of liability that may arise against the Employer for or on account of any action taken by the Employer to terminate an employee's employment pursuant to this Article. 2.2 Dues Deduction.",SOFT,deontic:permission,2,,,,,,
SEIU1199_0342,SEIU1199NW_MultiCare_GoodSamaritan_2022_2025,36,"(3) days in advance of the meeting; however, failure to place an item on the agenda shall not preclude the Committee from addressing any issue at a mutually agreeable time.",HARD,deontic:prohibition|deontic:obligation,2,,,,,,
SEIU1199_0341,SEIU1199NW_MultiCare_GoodSamaritan_2022_2025,36,The co-chairs shall prepare a common written agenda for each meeting to be distributed to all Committee members at least three,HARD,deontic:obligation,2,,,,,,
SEIU1199_0340,SEIU1199NW_MultiCare_GoodSamaritan_2022_2025,36,"The Committee shall operate under guidance of co-chairs, one to be selected by the Employer and one by the Union.",HARD,deontic:obligation,2,,,,,,
SEIU1199_0339,SEIU1199NW_MultiCare_GoodSamaritan_2022_2025,36,The Committee shall meet not less than bi-monthly or as often as mutually agreed.,HARD,deontic:obligation,2,,,,,,
SEIU1199_0338,SEIU1199NW_MultiCare_GoodSamaritan_2022_2025,36,The number of Committee participants may be expanded by the mutual agreement of the Employer and the Union.,SOFT,deontic:permission,2,,,,,,
SEIU1199_0337,SEIU1199NW_MultiCare_GoodSamaritan_2022_2025,36,The Committee shall be established on a permanent basis and shall consist of not more than eight,HARD,deontic:obligation,2,,,,,,
SEIU1199_0336,SEIU1199NW_MultiCare_GoodSamaritan_2022_2025,36,The function of the Committee shall be limited to an advisory rather than a decision-making capacity.,HARD,deontic:obligation,2,,,,,,
SEIU1199_0335,SEIU1199NW_MultiCare_GoodSamaritan_2022_2025,36,The Committee may address staffing issues.,SOFT,deontic:permission,2,,,,,,
SEIU1199_0334,SEIU1199NW_MultiCare_GoodSamaritan_2022_2025,36,The purpose of the Labor/Management Committee shall be to foster improved communication between the Employer and the staff and to improve working conditions and patient and employee satisfaction.,HARD,deontic:obligation,2,,,,,,
SEIU1199_0333,SEIU1199NW_MultiCare_GoodSamaritan_2022_2025,36,"The Employer, jointly with employees selected by the Union, shall establish a Labor/Management Committee to assist with personnel and other mutual problems.",HARD,deontic:obligation,2,,,,,,
SEIU1199_0331,SEIU1199NW_MultiCare_GoodSamaritan_2022_2025,35,The failure of the Employer to pay the contributions required shall be in violation of the collective bargaining agreement as well as a violation of the Employer’s obligations under the Trust Agreement of the Fund.,HARD,deontic:obligation,2,,,,,,
SEIU1199_0297,SEIU1199NW_MultiCare_GoodSamaritan_2022_2025,32,"Prior to the employee returning from a health leave of absence, the Employer may require a statement from a licensed medical practitioner attesting to the employee's capability to perform the work required of the position. 12.4 Maternity Leave.",SOFT,deontic:permission,2,,,,,,
SEIU1199_0330,SEIU1199NW_MultiCare_GoodSamaritan_2022_2025,35,"The Employer agrees that the trustees of the Fund, or their authorized representative(s), may examine the pertinent payroll books and records of the Employer whenever such examination reasonably may be deemed necessary or advisable by the trustees of the Fund in connection with the proper administration of the Fund.",SOFT,deontic:permission,2,,,,,,
SEIU1199_0329,SEIU1199NW_MultiCare_GoodSamaritan_2022_2025,35,"The Employer shall promptly furnish to the trustees of the Fund, upon their written demand, such pertinent wage and other records relating to its employees as the trustees may deem necessary for the administration of the Fund.",HARD,deontic:obligation|deontic:permission,2,,,,,,
SEIU1199_0328,SEIU1199NW_MultiCare_GoodSamaritan_2022_2025,35,"The Employer shall submit with the payment of such contributions, or at such other regular intervals as the trustees of the Fund may require, written reports as to the wages paid to employees and the contributions due or payable to the Fund pursuant to the collective bargaining agreement, as the trustees of the Fund may require.",HARD,deontic:obligation|deontic:permission,2,,,,,,
SEIU1199_0327,SEIU1199NW_MultiCare_GoodSamaritan_2022_2025,35,Payments shall be due no later than thirty (30) days following the end of the pay period on which they are based.,HARD,deontic:obligation,2,,,,,,
SEIU1199_0326,SEIU1199NW_MultiCare_GoodSamaritan_2022_2025,35,"The Employer shall remit the Fund contributions required under this Article on a pay period basis, based upon the payroll for the previous pay period.",HARD,deontic:obligation,2,,,,,,
SEIU1199_0325,SEIU1199NW_MultiCare_GoodSamaritan_2022_2025,35,"Gross payroll shall be defined as the amount included on Box 5 of the W-2 form report of the Employer, excluding Per Diem employees.",HARD,deontic:obligation,2,,,,,,
SEIU1199_0324,SEIU1199NW_MultiCare_GoodSamaritan_2022_2025,35,"The Employer contribution to the Fund shall be an amount equal to one percent (1%) of the gross payroll of the service bargaining unit employees, and half a percent (.5%) of the gross payroll of the technical bargaining unit employees.",HARD,deontic:obligation,2,,,,,,
SEIU1199_0323,SEIU1199NW_MultiCare_GoodSamaritan_2022_2025,34,"(3) calendar days per year, shall be prorated for part-time status, may be used on an hourly basis and shall not be carried over from one calendar year to the next. 13.6 Joint Employer Training and Education Fund Purpose.",HARD,deontic:prohibition|deontic:obligation|deontic:permission,2,,,,,,
SEIU1199_0322,SEIU1199NW_MultiCare_GoodSamaritan_2022_2025,34,Educational leave time shall not exceed a total of three,HARD,deontic:prohibition|deontic:obligation,2,,,,,,
SEIU1199_0012,SEIU1199NW_MultiCare_GoodSamaritan_2022_2025,6,"During the term of this Agreement, the Employer shall deduct dues from the pay of each member of the Union who voluntarily executes a wage assignment authorization form.",HARD,deontic:obligation,2,,,,,,
SEIU1199_0298,SEIU1199NW_MultiCare_GoodSamaritan_2022_2025,32,A leave of absence shall be granted upon request of the employee for the period of physical disability or a period of up to six,HARD,deontic:obligation,2,,,,,,
SEIU1199_0295,SEIU1199NW_MultiCare_GoodSamaritan_2022_2025,32,"(6) month leave, upon requesting return to work, the employee shall be offered the first available opening in his/her job classification consistent with Section 5.8, Job Openings.",HARD,deontic:obligation,2,,,,,,
SEIU1199_0296,SEIU1199NW_MultiCare_GoodSamaritan_2022_2025,32,The employee shall use previously accrued EIT and PTO to the extent accrued during this health leave of absence.,HARD,deontic:obligation,2,,,,,,
SEIU1199_0294,SEIU1199NW_MultiCare_GoodSamaritan_2022_2025,32,"(8) weeks, the employee shall return to work to the same department and unit if applicable, shift and former full-time or part-time status.",HARD,deontic:obligation,2,,,,,,
SEIU1199_0268,SEIU1199NW_MultiCare_GoodSamaritan_2022_2025,30,"For the term of this agreement, employees in the bargaining unit before January 1, 2021, shall remain fulltime benefits eligible at twenty-four (24) or more hours per week (.6 FTE) so long as the employee remains employed with MultiCare. 11.2 Health Tests.",HARD,deontic:obligation,2,,,,,,
SEIU1199_0267,SEIU1199NW_MultiCare_GoodSamaritan_2022_2025,29,"Part-time employees regularly scheduled to work sixteen (16) or more hours per week and desiring medical, dental and life insurance may sign up for the Hospital's flexible benefits plan and the Hospital will pay for one-half (1/2) of the employee only premium, with the remainder to be paid by the employee.",SOFT,deontic:permission,2,,,,,,
SEIU1199_0265,SEIU1199NW_MultiCare_GoodSamaritan_2022_2025,29,"All full time and all part time employees regularly scheduled to work thirty (30) or more hours per week (0.75 FTE) shall be eligible for the Employer's flexible benefits insurance plan providing medical, dental and life insurance benefits.",HARD,deontic:obligation,2,,,,,,
SEIU1199_0264,SEIU1199NW_MultiCare_GoodSamaritan_2022_2025,29,"For new hires and transfers into the bargaining unit as of January 1, 2021, benefits eligibility shall be effective beginning the first of the month following thirty (30) days of continuous employment as a benefit’s eligible employee.",HARD,deontic:obligation,2,,,,,,
SEIU1199_0019,SEIU1199NW_MultiCare_GoodSamaritan_2022_2025,7,This list shall be e-mailed or transmitted in a mutually agreeable format.,HARD,deontic:obligation,2,,,,,,
SEIU1199_0262,SEIU1199NW_MultiCare_GoodSamaritan_2022_2025,29,Failure to comply with the above specified notification requirements may result in loss of PTO for that shift. 10.11 Washington State Paid Family & Medical Leave Benefits.,SOFT,deontic:permission,2,,,,,,
SEIU1199_0020,SEIU1199NW_MultiCare_GoodSamaritan_2022_2025,7,"Each month the Employer shall also send a list of new hires, their telephone numbers, addresses and a list of all employees who have terminated during the month. 2.4 Voluntary Political Action Fund.",HARD,deontic:obligation,2,,,,,,
SEIU1199_0260,SEIU1199NW_MultiCare_GoodSamaritan_2022_2025,29,Employees shall notify the Employer at least two,HARD,deontic:obligation,2,,,,,,
SEIU1199_0021,SEIU1199NW_MultiCare_GoodSamaritan_2022_2025,7,The Employer shall deduct the sum specified from the pay of each member of the Union who voluntarily executes a political action contribution wage assignment authorization form.,HARD,deontic:obligation,2,,,,,,
SEIU1199_0022,SEIU1199NW_MultiCare_GoodSamaritan_2022_2025,7,"Upon issuance and transmission of a check to the Union, the Employer's responsibility shall cease with respect to such deductions.",HARD,deontic:obligation,2,,,,,,
SEIU1199_0256,SEIU1199NW_MultiCare_GoodSamaritan_2022_2025,29,Prime time holiday work and vacation shall be rotated.,HARD,deontic:obligation,2,,,,,,
SEIU1199_0255,SEIU1199NW_MultiCare_GoodSamaritan_2022_2025,29,"Under special circumstances and only when approved by supervision, partial days may be granted.",SOFT,deontic:permission,2,,,,,,
SEIU1199_0254,SEIU1199NW_MultiCare_GoodSamaritan_2022_2025,28,Generally PTO may not be taken in increments of less than the employee's regular work day.,SOFT,deontic:restriction|deontic:permission,2,,,,,,
SEIU1199_0253,SEIU1199NW_MultiCare_GoodSamaritan_2022_2025,28,The thirty-one (31) day requirement may be applied to individual non-nursing departments with the advanced mutual agreement of the parties.,SOFT,deontic:permission,2,,,,,,
SEIU1199_0252,SEIU1199NW_MultiCare_GoodSamaritan_2022_2025,28,Generally PTO may not be taken in increments of less than the employee’s regular work day. 10.9.1 PTO Request Procedure.,SOFT,deontic:restriction|deontic:permission,2,,,,,,
SEIU1199_0251,SEIU1199NW_MultiCare_GoodSamaritan_2022_2025,28,The Employer shall have the right to schedule PTO in such a way as will least interfere with patient care and workload requirements of the Hospital.,HARD,deontic:obligation,2,,,,,,
SEIU1199_0250,SEIU1199NW_MultiCare_GoodSamaritan_2022_2025,28,All PTO must be scheduled in advance in accordance with Hospital policies and be approved by supervision.,HARD,deontic:obligation,2,,,,,,
SEIU1199_0249,SEIU1199NW_MultiCare_GoodSamaritan_2022_2025,28,PTO shall begin accruing the first day of employment.,HARD,deontic:obligation,2,,,,,,
SEIU1199_0248,SEIU1199NW_MultiCare_GoodSamaritan_2022_2025,28,"However, the employees shall maintain a minimum of eight",HARD,deontic:obligation,2,,,,,,
SEIU1199_0247,SEIU1199NW_MultiCare_GoodSamaritan_2022_2025,28,"(c) Has failed to work out their notice period (i.e., calling in short notice for remaining shifts absent a medical certification). 10.7 PTO Cash Out Option: During February and August of each year, employees with a PTO balance greater than eighty (80) hours may choose to cash out up to forty (40) hours of their PTO balance such that their balance does not drop below eighty (80) hours. 10.7.1 During November of each year, an additional cash out period shall be had, but only PTOWS-Sick may be cashed out.",HARD,deontic:obligation|deontic:permission,2,,,,,,
SEIU1199_0042,SEIU1199NW_MultiCare_GoodSamaritan_2022_2025,9,Per Diem employees reclassified to full-time or part-time status shall be given credit for previous hours worked in the accrual of all benefits and longevity steps.,HARD,deontic:obligation,2,,,,,,
SEIU1199_0269,SEIU1199NW_MultiCare_GoodSamaritan_2022_2025,30,"Annually, the Hospital shall arrange for employees to take Mantoux skin test and/or chest X ray, if medically indicated, at no cost to the employee.",HARD,deontic:obligation,2,,,,,,
SEIU1199_0270,SEIU1199NW_MultiCare_GoodSamaritan_2022_2025,30,"All employees shall be permitted a complete blood count, chest X ray, urinalysis, and pap smear and flu shot annually when ordered by a physician at no cost to the employee.",HARD,deontic:obligation,2,,,,,,
SEIU1199_0271,SEIU1199NW_MultiCare_GoodSamaritan_2022_2025,30,Employees shall participate in the Employer-sponsored Retirement Account Plan on the same basis as Puget Sound Region employees and in accordance with the governing Plan document. 11.5 Plan Changes.,HARD,deontic:obligation,2,,,,,,
SEIU1199_0015,SEIU1199NW_MultiCare_GoodSamaritan_2022_2025,7,"The Union and each employee authorizing the assignment of wages for the payment of Union dues hereby undertakes to indemnify and hold the Employer harmless from all claims, demands, suits or other forms of liability that may arise against the Employer for or on account of any deduction made from the wages of such employee. 2.3 Bargaining Unit Rosters.",SOFT,deontic:permission,2,,,,,,
SEIU1199_0293,SEIU1199NW_MultiCare_GoodSamaritan_2022_2025,32,"(1) year of continuous employment, a leave of absence shall be granted for health reasons for those employees not eligible for family leave (13.2) upon the recommendation of a physician for a period of up to six",HARD,deontic:obligation,2,,,,,,
SEIU1199_0292,SEIU1199NW_MultiCare_GoodSamaritan_2022_2025,32,"An employee may guarantee her position (same department or unit if applicable, shift and FTE status) for a period of up to the period of temporary disability plus twelve (12) weeks by combining her maternity and family leave. 12.3 Health Leave.",SOFT,deontic:permission,2,,,,,,
SEIU1199_0291,SEIU1199NW_MultiCare_GoodSamaritan_2022_2025,32,Family leave shall be interpreted consistently with the conditions and provisions of the state and federal law. 12.2.1 Leave Combined.,HARD,deontic:obligation,2,,,,,,
SEIU1199_0290,SEIU1199NW_MultiCare_GoodSamaritan_2022_2025,32,The employee must use any accrued paid leave time for which the employee is eligible during family leave.,HARD,deontic:obligation,2,,,,,,
SEIU1199_0289,SEIU1199NW_MultiCare_GoodSamaritan_2022_2025,32,"Ordinarily, the employee must provide thirty (30) days' advance notice to the Employer when the leave is foreseeable.",HARD,deontic:obligation,2,,,,,,
SEIU1199_0288,SEIU1199NW_MultiCare_GoodSamaritan_2022_2025,32,"If a leave qualifies under both federal and state law or this Agreement, the leaves shall run concurrently.",HARD,deontic:obligation,2,,,,,,
SEIU1199_0287,SEIU1199NW_MultiCare_GoodSamaritan_2022_2025,32,"Under certain conditions, family leave may be taken intermittently or on a reduced work schedule.",SOFT,deontic:permission,2,,,,,,
SEIU1199_0286,SEIU1199NW_MultiCare_GoodSamaritan_2022_2025,32,The use of family leave shall not result in the loss of any employment benefit that accrued prior to the commencement of the leave.,HARD,deontic:prohibition|deontic:obligation,2,,,,,,
SEIU1199_0285,SEIU1199NW_MultiCare_GoodSamaritan_2022_2025,31,The Employer shall maintain the employee's health benefits during this leave and shall reinstate Page 29,HARD,deontic:obligation,2,,,,,,
SEIU1199_0016,SEIU1199NW_MultiCare_GoodSamaritan_2022_2025,7,"Upon the signing of this Agreement and monthly thereafter, the Employer shall provide the Union with a list of all employees covered by this Agreement.",HARD,deontic:obligation,2,,,,,,
SEIU1199_0018,SEIU1199NW_MultiCare_GoodSamaritan_2022_2025,7,"The list shall also contain employee’s home and cell phone numbers and email addresses, to the extent these are provided to the employer.",HARD,deontic:obligation,2,,,,,,
SEIU1199_0282,SEIU1199NW_MultiCare_GoodSamaritan_2022_2025,31,"An employee on family leave not exceeding twelve (12) weeks from the date of first absence from work shall be entitled to return to his or her prior position (same department and unit if applicable, shift and FTE status).",HARD,deontic:obligation,2,,,,,,
SEIU1199_0017,SEIU1199NW_MultiCare_GoodSamaritan_2022_2025,7,"The list shall include names, home addresses, employee identification numbers, hire dates, job classification, cost center numbers (department and unit), shift, FTE status, gross earnings, and hourly rates of pay for each employee.",HARD,deontic:obligation,2,,,,,,
SEIU1199_0280,SEIU1199NW_MultiCare_GoodSamaritan_2022_2025,31,"(1) year of employment, a leave of absence without pay shall be granted upon request of the employee for a period of up to six",HARD,deontic:obligation,2,,,,,,
SEIU1199_0279,SEIU1199NW_MultiCare_GoodSamaritan_2022_2025,31,A written reply to grant or deny the request shall be given by the Employer within thirty (30) days.,HARD,deontic:obligation,2,,,,,,
SEIU1199_0278,SEIU1199NW_MultiCare_GoodSamaritan_2022_2025,31,All employee representatives shall be on paid relief time.,HARD,deontic:obligation,2,,,,,,
SEIU1199_0277,SEIU1199NW_MultiCare_GoodSamaritan_2022_2025,31,"If the Committee produces mutually agreed upon recommendations for any changes, the Union and MultiCare shall convene a meeting to review the recommendations.",HARD,deontic:obligation,2,,,,,,
SEIU1199_0276,SEIU1199NW_MultiCare_GoodSamaritan_2022_2025,31,"information, among other data, shall be reviewed.",HARD,deontic:obligation,2,,,,,,
SEIU1199_0275,SEIU1199NW_MultiCare_GoodSamaritan_2022_2025,30,"The Committee shall be advisory and shall meet at least monthly, and more often as mutually agreed.",HARD,deontic:obligation,2,,,,,,
SEIU1199_0273,SEIU1199NW_MultiCare_GoodSamaritan_2022_2025,30,The Employer shall notify the Union at least ninety (90) days prior to the benefit election period. 11.6 MHS Gain Sharing Plan.,HARD,deontic:obligation,2,,,,,,
SEIU1199_0010,SEIU1199NW_MultiCare_GoodSamaritan_2022_2025,6,Any employee exercising their right of religious objection must provide the Union with a receipt of payment to an appropriate charity on a monthly basis. 2.1.2 Hold Harmless.,HARD,deontic:obligation,2,,,,,,
SEIU1199_0345,SEIU1199NW_MultiCare_GoodSamaritan_2022_2025,37,The Committee shall include three,HARD,deontic:obligation,2,,,,,,
SEIU1199_0344,SEIU1199NW_MultiCare_GoodSamaritan_2022_2025,37,The purpose of this committee shall be to investigate safety and health issues and to advise the Hospital on education and preventative health measures for the work place and its employees.,HARD,deontic:obligation,2,,,,,,
SEIU1199_0421,SEIU1199NW_MultiCare_GoodSamaritan_2022_2025,53,"A ""40-hour"" alternative work schedule employee shall refer to any employee who has voluntarily signed a 40-hour alternative work schedule agreement (PAR) and is regularly scheduled to work a flexible daily work schedule, generally forty (40) hours per week.",HARD,deontic:obligation,2,,,,,,
SEIU1199_0419,SEIU1199NW_MultiCare_GoodSamaritan_2022_2025,52,The rest between shifts provisions of the collective bargaining agreement (9.7) shall not apply to the 16-hour weekend work schedule.,HARD,deontic:prohibition|deontic:obligation,2,,,,,,
SEIU1199_0418,SEIU1199NW_MultiCare_GoodSamaritan_2022_2025,52,Employees shall have the option of also electing to be paid for sixteen (16) hours of accrued PTO at the regular rate of pay in addition to the time and one-half (1 1/2) premium pay for working on the holiday. 6.,HARD,deontic:obligation,2,,,,,,
SEIU1199_0417,SEIU1199NW_MultiCare_GoodSamaritan_2022_2025,52,Work on Holidays. 16-hour shift employees required to work on a holiday shall be paid one and one-half (1 1/2) times the regular rate of pay for the first twelve (12) hours of the 16-hour shift and double time (2x) thereafter.,HARD,deontic:obligation,2,,,,,,
SEIU1199_0416,SEIU1199NW_MultiCare_GoodSamaritan_2022_2025,52,Employees who work a 16-hour weekend shift shall be paid at the regular rate of pay for the first twelve (12) hours and double times (2x) for the last four,HARD,deontic:obligation,2,,,,,,
SEIU1199_0415,SEIU1199NW_MultiCare_GoodSamaritan_2022_2025,52,"A ""16-hour, weekend"" work schedule shall refer to any employee who has voluntarily signed a 16-hour shift weekend innovative schedule agreement and is regularly scheduled to work two",HARD,deontic:obligation,2,,,,,,
SEIU1199_0414,SEIU1199NW_MultiCare_GoodSamaritan_2022_2025,51,"In the event an employee is required to work with less than ten (10) hours off duty between shifts, all time worked within this ten (10) hour period shall be paid at time and one-half (1 1/2), or for a minimum of five",HARD,deontic:obligation|deontic:obligation,2,,,,,,
SEIU1199_0413,SEIU1199NW_MultiCare_GoodSamaritan_2022_2025,51,Employees shall have the option of also electing to be paid for twelve (12) hours of accrued PTO at the regular rate of pay in addition to the time and one-half (1 1/2) premium pay for working on the holiday. 5.,HARD,deontic:obligation,2,,,,,,
SEIU1199_0412,SEIU1199NW_MultiCare_GoodSamaritan_2022_2025,51,Work on Holidays. 12-hour shift employees required to work on a holiday shall be paid one and one-half (1 1/2) times the regular rate of pay for all hours worked on the holiday.,HARD,deontic:obligation,2,,,,,,
SEIU1199_0411,SEIU1199NW_MultiCare_GoodSamaritan_2022_2025,51,Overtime. 12-hour employees shall be paid overtime compensation for all time worked beyond twelve (12) consecutive hours per day or any hours worked beyond forty (40) hours in the designated seven,HARD,deontic:obligation,2,,,,,,
SEIU1199_0410,SEIU1199NW_MultiCare_GoodSamaritan_2022_2025,51,"A ""12-hour"" work schedule shall refer to any employee who has voluntarily signed a 12-hour innovative schedule agreement and is regularly scheduled to work one",HARD,deontic:obligation,2,,,,,,
SEIU1199_0409,SEIU1199NW_MultiCare_GoodSamaritan_2022_2025,50,This section shall not apply to standby and callback assignments performed pursuant to Article 9.,HARD,deontic:prohibition|deontic:obligation,2,,,,,,
SEIU1199_0408,SEIU1199NW_MultiCare_GoodSamaritan_2022_2025,50,"In the event an employee is required to work with less than ten and one-half (10 1/2) hours off duty between shifts, all time worked within this ten and onehalf (10 1/2) hour period shall be paid at time and one-half (1 1/2), or for a minimum of five",HARD,deontic:obligation|deontic:obligation,2,,,,,,
SEIU1199_0407,SEIU1199NW_MultiCare_GoodSamaritan_2022_2025,50,Employees shall have the option of also electing to be paid for ten (10) hours of accrued PTO at the regular rate of pay in addition to the time and one-half (1 1/2) premium pay for working on the holiday. 5.,HARD,deontic:obligation,2,,,,,,
SEIU1199_0406,SEIU1199NW_MultiCare_GoodSamaritan_2022_2025,50,Work on Holidays. 10-hour shift employees required to work on a holiday shall be paid one and one-half (1 1/2) times the regular rate of pay for all hours worked on the holiday.,HARD,deontic:obligation,2,,,,,,
SEIU1199_0405,SEIU1199NW_MultiCare_GoodSamaritan_2022_2025,50,"If the majority of the hours of an employee's shift fall within the designated evening (3 - 11 p.m.) or night (11 p.m. - 7 a.m.) shift period, the shift shall be considered a permanent assignment for that employee and the employee shall receive shift differential for the entire shift.",HARD,deontic:obligation,2,,,,,,
SEIU1199_0404,SEIU1199NW_MultiCare_GoodSamaritan_2022_2025,50,Overtime. 10-hour employees shall be paid overtime compensation for all time worked beyond ten (10) consecutive hours per day or any hours worked beyond forty (40) hours in the designated seven,HARD,deontic:obligation,2,,,,,,
SEIU1199_0403,SEIU1199NW_MultiCare_GoodSamaritan_2022_2025,50,"A ""10-hour"" work schedule shall refer to any employee who has voluntarily signed a 10-hour innovative schedule agreement and is regularly scheduled to work one",HARD,deontic:obligation,2,,,,,,
SEIU1199_0003,SEIU1199NW_MultiCare_GoodSamaritan_2022_2025,6,"This Agreement shall be binding upon MultiCare Health System/Good Samaritan Hospital and any successor employer. 1.4 During the term of the Agreement, The Employer agrees not to and expressly waives any right it may have to withdraw recognition concerning, or in any way challenge the inclusion in the bargaining unit of any Lead classification or job title which is currently in the bargaining unit on the grounds that they are supervisors solely due to their role in assigning work to other employees as set forth in the United States Supreme Court’s Oakwood trilogy of cases.",HARD,deontic:obligation|deontic:permission,2,,,,,,
SEIU1199_0401,SEIU1199NW_MultiCare_GoodSamaritan_2022_2025,42,"After receipt of such notice, negotiations shall commence.",HARD,deontic:obligation,2,,,,,,
SEIU1199_0400,SEIU1199NW_MultiCare_GoodSamaritan_2022_2025,42,"Should the Union desire to change, modify or renew the Agreement upon the expiration date, written notice must be given to the Employer at least ninety (90) days prior to the expiration date.",HARD,deontic:obligation|deontic:preference,2,,,,,,
SEIU1199_0004,SEIU1199NW_MultiCare_GoodSamaritan_2022_2025,6,"All employees covered by this Agreement who are members of the Union on December 18, 2002, or voluntarily become members of the Union after that date shall, as a condition of employment, remain members in good standing in the Union or agree to pay the Union a fair share/representation fee. ""In good standing,"" for the purposes of this Agreement, is defined as the tendering of Union dues or a fair share/representation fee on a timely basis.",HARD,deontic:obligation,2,,,,,,
SEIU1199_0420,SEIU1199NW_MultiCare_GoodSamaritan_2022_2025,53,"GOOD SAMARITAN HOSPITAL APPENDIX E: ""40-HOUR"" ALTERNATIVE WORK SCHEDULE Employees who are interested in pursuing a more flexible work day or work week schedule may utilize the 40-hour alternate work week schedule as a means for providing this flexibility.",SOFT,deontic:permission,2,,,,,,
SEIU1199_0422,SEIU1199NW_MultiCare_GoodSamaritan_2022_2025,53,"Any employee working a forty (40) hour alternative work schedule waives the right to double time (2x) pay for hours worked in excess of twelve (12) consecutive hours within a twenty-four (24) hour period, and the double time provisions of Section 7.5 of the collective bargaining agreement shall not apply.",HARD,deontic:prohibition|deontic:obligation,2,,,,,,
SEIU1199_0397,SEIU1199NW_MultiCare_GoodSamaritan_2022_2025,41,"Therefore, the Employer and the Union, for the term of this Agreement, each voluntarily and unqualifiedly waives the right, and each agrees that the other shall not be obligated to bargain collectively with respect to any subject or matter not specifically discussed during negotiations or covered in this Agreement.",HARD,deontic:prohibition|deontic:obligation,2,,,,,,
SEIU1199_0423,SEIU1199NW_MultiCare_GoodSamaritan_2022_2025,53,Employees who individually request and volunteer for an alternate work schedule shall sign a PAR agreeing to the provisions of this work schedule.,HARD,deontic:obligation,2,,,,,,
SEIU1199_0448,SEIU1199NW_MultiCare_GoodSamaritan_2022_2025,63,"Following this meeting, Human Resources will respond to the employee’s request within thirty (30) days, in writing, and such decision shall be final.",HARD,deontic:obligation,2,,,,,,
SEIU1199_0447,SEIU1199NW_MultiCare_GoodSamaritan_2022_2025,63,A union representative may accompany the employee to any such meeting.,SOFT,deontic:permission,2,,,,,,
SEIU1199_0446,SEIU1199NW_MultiCare_GoodSamaritan_2022_2025,63,"If an employee disputes Human Resources’ decision, the employee may request a meeting with Human Resources to discuss the dispute.",SOFT,deontic:permission,2,,,,,,
SEIU1199_0445,SEIU1199NW_MultiCare_GoodSamaritan_2022_2025,63,"LETTER OF AGREEMENT: EQUITY REVIEW FOR BARGAINING UNIT MEMBERS Beginning May 1, 2024, through May 31, 2024, employees covered by the Service, Technical, and LPN contract, may request a review of their step placement based upon the recognition for past relevant experience applicable to new hires (Article 8.4) and applicable Compensation Department criteria during the review period.",SOFT,deontic:permission,2,,,,,,
SEIU1199_0444,SEIU1199NW_MultiCare_GoodSamaritan_2022_2025,61,MEMORANDUM OF UNDERSTANDING: CONSTANT OBSERVER / SITTER ASSIGNMENT The assignment of Constant Observer / Sitter shall be a standing agenda item at Labor Management Committee for three,HARD,deontic:obligation,2,,,,,,
SEIU1199_0443,SEIU1199NW_MultiCare_GoodSamaritan_2022_2025,60,"The intent of these meetings is to understand how the current structure impacts operations from the employees’ perspective. • Article 6.5 of the contract, regarding restructures, shall still apply and be followed.",HARD,deontic:obligation,2,,,,,,
SEIU1199_0442,SEIU1199NW_MultiCare_GoodSamaritan_2022_2025,59,Prospective donors must have forty (40) hours in their PTO bank following the donation in order to be eligible to donate.,HARD,deontic:obligation,2,,,,,,
SEIU1199_0440,SEIU1199NW_MultiCare_GoodSamaritan_2022_2025,59,MEMORANDUM OF UNDERSTANDING: PTO DONATION FOR BARGAINING TEAM Bargaining unit members shall have the option of donating PTO by payroll deduction to compensate negotiating committee members for the 2022 negotiations only.,HARD,deontic:obligation,2,,,,,,
SEIU1199_0439,SEIU1199NW_MultiCare_GoodSamaritan_2022_2025,57,The Committee may consider whether to recommend extending training or elements of the training to additional bargaining unit members and/or management representatives as an aspect of being responsive to issues of equity and inclusion brought before the Committee.,SOFT,deontic:permission,2,,,,,,
SEIU1199_0437,SEIU1199NW_MultiCare_GoodSamaritan_2022_2025,57,"LETTER OF AGREEMENT: ORGANIZATIONAL EQUITY AND INCLUSION Issues regarding equity and inclusion of employees at the Hospital shall be a standing Labor Management Committee agenda item, and the committee shall identify and develop data to inform its advisory role.",HARD,deontic:obligation,2,,,,,,
SEIU1199_0436,SEIU1199NW_MultiCare_GoodSamaritan_2022_2025,56,The Union representatives shall include: • Two SEIU Union representatives • One employee from EVS • One employee representative from Nutrition services • Three employee technical representatives • Three employees representing nursing units The Union will provide an agenda one week before the the meeting.,HARD,deontic:obligation,2,,,,,,
SEIU1199_0435,SEIU1199NW_MultiCare_GoodSamaritan_2022_2025,56,The Good Samaritan COO and MHS Director of Employee Relations (or their designees) shall attend the meeting.,HARD,deontic:obligation,2,,,,,,
SEIU1199_0433,SEIU1199NW_MultiCare_GoodSamaritan_2022_2025,55,"This 7/70 schedule and the above-related terms and conditions may be inconsistent with certain provisions of the basic Employment Agreement between the parties, particularly Articles 4, 7, 9 and 10 those provisions are waived and this Appendix F is controlling wherever such conflict arises Letter of Understanding Medical Assistance In addition to information ordinarily provided to patients, annually in the spring, the Employer will post on its employee resource site, details about MultiCare Health System’s charity care program for patients.",SOFT,deontic:permission,2,,,,,,
SEIU1199_0431,SEIU1199NW_MultiCare_GoodSamaritan_2022_2025,54,"Thereafter, no change in compensation programs for the 7/70 schedule shall be granted during the life of this Agreement. 4.",HARD,deontic:obligation,2,,,,,,
SEIU1199_0430,SEIU1199NW_MultiCare_GoodSamaritan_2022_2025,54,This election to receive regular pay and PTO benefits in lieu of the higher rate of pay established by Paragraph 2 above must be made within the first ten (10) days of employment under the 7/70 schedule.,HARD,deontic:obligation,2,,,,,,
SEIU1199_0429,SEIU1199NW_MultiCare_GoodSamaritan_2022_2025,54,"Employees working a 7/70 schedule may make a one-time election to receive seventy (70) hours' pay at the regular rate for their classification, plus appropriate PTO benefits based on each employee's seniority and hours of work at Good Samaritan.",SOFT,deontic:permission,2,,,,,,
SEIU1199_0428,SEIU1199NW_MultiCare_GoodSamaritan_2022_2025,54,Section 10.5.1 of this Agreement shall apply to employees in the 7/70 schedule. 3.,HARD,deontic:obligation,2,,,,,,
SEIU1199_0427,SEIU1199NW_MultiCare_GoodSamaritan_2022_2025,54,"Employees will not be entitled to any additional compensation benefits whatsoever for PTO so long as they work this 7/70 schedule; provided, however, that 7/70 employees who work on one of the holidays specified for premium pay in Section 10.5 of this Agreement shall receive a holiday premium equivalent to fifty percent (50%) of their regular straight-time rate of pay for all hours worked on the specified holiday in addition to their regular compensation for work on such a day (i.e., an employee who works ten hours on Christmas Day shall receive a holiday premium of five hours' additional pay).",HARD,deontic:obligation,2,,,,,,
SEIU1199_0426,SEIU1199NW_MultiCare_GoodSamaritan_2022_2025,54,GOOD SAMARITAN HOSPITAL APPENDIX F: 7/70 WORK SCHEDULE The parties agree that the Employer may institute a 7/70 schedule by individual agreement with employees covered by this Agreement. 1.,SOFT,deontic:permission,2,,,,,,
SEIU1199_0425,SEIU1199NW_MultiCare_GoodSamaritan_2022_2025,53,Section 7.9 of the collective bargaining agreement shall not apply to this forty (40) hour alternative schedule.,HARD,deontic:prohibition|deontic:obligation,2,,,,,,
SEIU1199_0424,SEIU1199NW_MultiCare_GoodSamaritan_2022_2025,53,The Manager must approve the request and forward the signed PAR to Human Resources for coordination of the schedule with Payroll.,HARD,deontic:obligation,2,,,,,,
SEIU1199_0398,SEIU1199NW_MultiCare_GoodSamaritan_2022_2025,41,"The parties further agree, however, that this Agreement may be amended by the mutual consent of the parties in writing at any time during its term.",SOFT,deontic:permission,2,,,,,,
SEIU1199_0005,SEIU1199NW_MultiCare_GoodSamaritan_2022_2025,6,"It shall be a condition of employment that all employees covered by this Agreement who are hired on or after December 18, 2002, shall, by the thirtieth (30th) day following the beginning of such employment, become and remain members in good standing in the Union or agree to pay the Union a fair share/representation fee.",HARD,deontic:obligation,2,,,,,,
SEIU1199_0243,SEIU1199NW_MultiCare_GoodSamaritan_2022_2025,27,"In addition, employees may also access their PTO accruals for up to their regular shift length on any Premium Pay Day. 10.5.1 Premium paydays are New Years Day, Memorial Day, Independence Day, Labor Day, Thanksgiving Day and Christmas Day.",SOFT,deontic:permission,2,,,,,,
SEIU1199_0368,SEIU1199NW_MultiCare_GoodSamaritan_2022_2025,39,The person whose name remains shall be the arbitrator.,HARD,deontic:obligation,2,,,,,,
SEIU1199_0366,SEIU1199NW_MultiCare_GoodSamaritan_2022_2025,39,"If the Hospital and the Union fail to agree on an arbitrator, a list of eleven (11) arbitrators shall be requested from the Federal Mediation and Conciliation Service.",HARD,deontic:obligation,2,,,,,,
SEIU1199_0365,SEIU1199NW_MultiCare_GoodSamaritan_2022_2025,39,"If the grievance is not settled on the basis of the foregoing procedures, and if the grievant and the Union have complied with the specific time limitations specified in Steps 1, 2, 3 and 4 herein, the Union may submit the issue in writing to arbitration within fourteen (14) calendar days following the receipt of the written reply from the Hospital President or designee.",SOFT,deontic:permission,2,,,,,,
SEIU1199_0364,SEIU1199NW_MultiCare_GoodSamaritan_2022_2025,39,The President (or designee) shall issue a written response within seven,HARD,deontic:obligation,2,,,,,,
SEIU1199_0363,SEIU1199NW_MultiCare_GoodSamaritan_2022_2025,39,The President (and/or designee) shall meet with the employee and the Union Delegate/Representative within fourteen (14) calendar days of receipt of the Step 2 grievance for the purpose of resolving the grievance.,HARD,deontic:obligation,2,,,,,,
SEIU1199_0362,SEIU1199NW_MultiCare_GoodSamaritan_2022_2025,39,"If the matter is not resolved at Step 2 to the employee's satisfaction, the grievance shall be referred in writing to the President (and/or designee) within seven",HARD,deontic:obligation,2,,,,,,
SEIU1199_0361,SEIU1199NW_MultiCare_GoodSamaritan_2022_2025,39,The Department Director or designee shall issue a written reply within seven,HARD,deontic:obligation,2,,,,,,
SEIU1199_0360,SEIU1199NW_MultiCare_GoodSamaritan_2022_2025,39,"If a Union Delegate/Representative participates in the grievance meeting, representative of the Human Resources Department, or designee, may also be present at this Step 2 meeting.",SOFT,deontic:permission,2,,,,,,
SEIU1199_0359,SEIU1199NW_MultiCare_GoodSamaritan_2022_2025,39,"A meeting between the employee (and a Union Delegate/Representative, if requested by the employee) and the Department Director (and/or designee) shall be held within ten (10) days for the purpose of resolving the grievance.",HARD,deontic:obligation,2,,,,,,
SEIU1199_0358,SEIU1199NW_MultiCare_GoodSamaritan_2022_2025,39,"If the matter is not resolved to the employee's satisfaction at Step 1, the employee shall present the grievance to the Department Director (and/or designee) within seven",HARD,deontic:obligation,2,,,,,,
SEIU1199_0357,SEIU1199NW_MultiCare_GoodSamaritan_2022_2025,38,"Upon receipt thereof, the manager/director shall attempt to resolve the problem and shall respond in writing to the employee within ten (10) calendar days following receipt of the written grievance or the meeting between the manager/director and the grievant, whichever is later.",HARD,deontic:obligation,2,,,,,,
SEIU1199_0356,SEIU1199NW_MultiCare_GoodSamaritan_2022_2025,38,"If a Union Delegate participates in the grievance meeting, a representative of the Human Resources Department, or designee, may also be present at this Step 1 meeting.",SOFT,deontic:permission,2,,,,,,
SEIU1199_0355,SEIU1199NW_MultiCare_GoodSamaritan_2022_2025,38,A Union Delegate shall be present if requested by the employee.,HARD,deontic:obligation,2,,,,,,
SEIU1199_0354,SEIU1199NW_MultiCare_GoodSamaritan_2022_2025,38,"If an employee has a grievance, the employee shall meet with the employee's manager/director and present the grievance in writing within fourteen (14) calendar days from the date the employee was or should have been aware that the grievance existed.",HARD,deontic:obligation|deontic:preference,2,,,,,,
SEIU1199_0353,SEIU1199NW_MultiCare_GoodSamaritan_2022_2025,38,A grievance shall be submitted in accordance with the following procedure: Step 1 .,HARD,deontic:obligation,2,,,,,,
SEIU1199_0352,SEIU1199NW_MultiCare_GoodSamaritan_2022_2025,38,Failure of the Employer to comply with the time limits set forth below shall result in the grievance being automatically elevated to the next step without any action necessary on the part of the employee. 15.3 Grievance Procedure.,HARD,deontic:obligation,2,,,,,,
SEIU1199_0351,SEIU1199NW_MultiCare_GoodSamaritan_2022_2025,38,"A time limit which ends on a Saturday, Sunday or a holiday designated in Section 10.4 hereof shall be deemed to end at 4:30 p.m. on the next following business day.",HARD,deontic:obligation,2,,,,,,
SEIU1199_0350,SEIU1199NW_MultiCare_GoodSamaritan_2022_2025,38,Time limits set forth in the following steps may only be extended by mutual written consent of the parties hereto.,SOFT,deontic:permission,2,,,,,,
SEIU1199_0349,SEIU1199NW_MultiCare_GoodSamaritan_2022_2025,37,Any unit experiencing a staffing concern may send one,SOFT,deontic:permission,2,,,,,,
SEIU1199_0348,SEIU1199NW_MultiCare_GoodSamaritan_2022_2025,37,Staffing shall be a standing item on the monthly Labor/Management Committee agenda.,HARD,deontic:obligation,2,,,,,,
SEIU1199_0347,SEIU1199NW_MultiCare_GoodSamaritan_2022_2025,37,"Employees shall be compensated at their regular rate of pay for all time spent on Employer-established committees and contract committees set forth in this Article 15 when they are members of the committee, are required to attend committee meetings, or are serving on ad hoc or sub-committees established by the standing committees. 14.5 Staffing.",HARD,deontic:obligation|deontic:obligation,2,,,,,,
SEIU1199_0346,SEIU1199NW_MultiCare_GoodSamaritan_2022_2025,37,"The above-referenced committees, although advisory in nature, will be expected to assist in the development of positive change which may be implemented by the Hospital with successful results.",SOFT,deontic:permission,2,,,,,,
SEIU1199_0367,SEIU1199NW_MultiCare_GoodSamaritan_2022_2025,39,The parties shall thereupon alternate in striking a name from the panel until one name remains.,HARD,deontic:obligation,2,,,,,,
SEIU1199_0369,SEIU1199NW_MultiCare_GoodSamaritan_2022_2025,39,"Any arbitrator accepting an assignment under this Article agrees to issue an award within sixty (60) calendar days of the close of the hearing or the receipt of post-hearing briefs, whichever is later, and the Arbitrator shall have no jurisdiction to decide the issue after that sixty (60) day period.",HARD,deontic:obligation,2,,,,,,
SEIU1199_0395,SEIU1199NW_MultiCare_GoodSamaritan_2022_2025,41,Any change or amendments to this Agreement shall be in writing and duly executed by the parties hereto. 18.3 Past Practices.,HARD,deontic:obligation,2,,,,,,
SEIU1199_0370,SEIU1199NW_MultiCare_GoodSamaritan_2022_2025,39,The arbitrator's decision shall be final and binding on all parties.,HARD,deontic:obligation,2,,,,,,
SEIU1199_0394,SEIU1199NW_MultiCare_GoodSamaritan_2022_2025,41,"If any provision is held invalid, the Employer and Union shall enter into negotiations for the purpose, and solely for the purpose, of arriving at a mutually satisfactory replacement for such provision. 18.2 Amendments.",HARD,deontic:obligation,2,,,,,,
SEIU1199_0393,SEIU1199NW_MultiCare_GoodSamaritan_2022_2025,41,Any provisions of this Agreement not declared invalid shall remain in full force and effect for the term of the Agreement.,HARD,deontic:obligation,2,,,,,,
SEIU1199_0392,SEIU1199NW_MultiCare_GoodSamaritan_2022_2025,41,"Should any provision or provisions become unlawful by virtue of the above or by declaration of any court of competent jurisdiction, such action shall not invalidate the entire Agreement.",HARD,deontic:prohibition|deontic:obligation|deontic:preference,2,,,,,,
SEIU1199_0390,SEIU1199NW_MultiCare_GoodSamaritan_2022_2025,41,"The Employer agrees that during this same time period, there shall be no lockouts.",HARD,deontic:obligation,2,,,,,,
SEIU1199_0387,SEIU1199NW_MultiCare_GoodSamaritan_2022_2025,41,"During the term of this Agreement, neither the Union nor its members, agents, representatives, employees or persons acting in concert with them shall incite, encourage or participate in any strike, picketing, walkout, slowdown or other work stoppage of any nature whatsoever.",HARD,deontic:obligation,2,,,,,,
SEIU1199_0386,SEIU1199NW_MultiCare_GoodSamaritan_2022_2025,41,administered by the Hospital in accordance with such policies and procedures as it from time to time shall determine.,HARD,deontic:obligation,2,,,,,,
SEIU1199_0385,SEIU1199NW_MultiCare_GoodSamaritan_2022_2025,40,All matters not covered by the language of this Agreement shall be Page 38,HARD,deontic:obligation,2,,,,,,
SEIU1199_0384,SEIU1199NW_MultiCare_GoodSamaritan_2022_2025,40,The parties recognize that the above statement of management responsibilities is for illustrative purposes only and should not be construed as restrictive or interpreted so as to exclude those prerogatives not mentioned which are inherent to the management function.,SOFT,deontic:preference,2,,,,,,
SEIU1199_0007,SEIU1199NW_MultiCare_GoodSamaritan_2022_2025,6,"Any employee who is a member of and adheres to established and traditional tenets or teachings of a bona fide religion, body, or sect which has historically held conscientious objections to joining or financially supporting labor organizations shall not be required to join or financially support the Union as a condition of employment.",HARD,deontic:prohibition|deontic:obligation,2,,,,,,
SEIU1199_0008,SEIU1199NW_MultiCare_GoodSamaritan_2022_2025,6,"Such an employee shall, in lieu of dues and fees, pay sums equal to such dues and fees to a non-religious charitable fund.",HARD,deontic:obligation,2,,,,,,
SEIU1199_0381,SEIU1199NW_MultiCare_GoodSamaritan_2022_2025,40,Grievances arising during the term of the Contract shall proceed to resolution (including Step 4) regardless of the expiration date of this Agreement.,HARD,deontic:obligation,2,,,,,,
SEIU1199_0009,SEIU1199NW_MultiCare_GoodSamaritan_2022_2025,6,These religious objections and decisions as to which fund will be used must be documented and declared in writing to the Union.,HARD,deontic:obligation,2,,,,,,
SEIU1199_0379,SEIU1199NW_MultiCare_GoodSamaritan_2022_2025,40,"Mediation shall not be considered a step in the grievance process and may be pursued concurrently with the filing, selection and processing of an arbitration submission. 15.6 Termination.",HARD,deontic:prohibition|deontic:obligation|deontic:permission,2,,,,,,
SEIU1199_0378,SEIU1199NW_MultiCare_GoodSamaritan_2022_2025,40,Both parties must mutually agree to use mediation and neither party may require that any grievance be sent to mediation.,HARD,deontic:obligation|deontic:permission,2,,,,,,
SEIU1199_0377,SEIU1199NW_MultiCare_GoodSamaritan_2022_2025,40,The parties may agree to use mediation in an attempt to resolve the grievance.,SOFT,deontic:permission,2,,,,,,
SEIU1199_0376,SEIU1199NW_MultiCare_GoodSamaritan_2022_2025,40,The Union may initiate a grievance if the grievance involves a group of employees and if the grievance is submitted in writing within fourteen (14) calendar days from the date the employees were or should have been aware that the grievance existed. 15.5 Mutually Agreed Mediation.,SOFT,deontic:preference|deontic:permission,2,,,,,,
SEIU1199_0375,SEIU1199NW_MultiCare_GoodSamaritan_2022_2025,40,"All other expenses including but not limited to legal fees, deposition costs, witness fees, and any and every other cost related to the presentation of a party's case in this or any other forum, shall be borne by the party incurring them, and neither party shall be responsible for the expenses of witnesses called by the other party. 15.4 Union Grievance.",HARD,deontic:obligation,2,,,,,,
SEIU1199_0374,SEIU1199NW_MultiCare_GoodSamaritan_2022_2025,40,Each party shall bear one-half (1/2) of the fee of the arbitrator for an Award issued on a timely basis and any other expense jointly incurred incident to the arbitration hearing.,HARD,deontic:obligation,2,,,,,,
SEIU1199_0373,SEIU1199NW_MultiCare_GoodSamaritan_2022_2025,40,The Arbitrator shall have no authority to award punitive damages.,HARD,deontic:obligation,2,,,,,,
SEIU1199_0372,SEIU1199NW_MultiCare_GoodSamaritan_2022_2025,40,this Agreement as they may apply to the specific facts of the issue in dispute.,SOFT,deontic:permission,2,,,,,,
SEIU1199_0371,SEIU1199NW_MultiCare_GoodSamaritan_2022_2025,39,"The arbitrator shall have no authority to add to, subtract from, or otherwise change or modify the provisions of this Agreement, but shall be authorized only to interpret existing provisions of Page 37",HARD,deontic:obligation,2,,,,,,
SEIU1199_0244,SEIU1199NW_MultiCare_GoodSamaritan_2022_2025,27,December 24 to 11:00 pm December 25 shall be recognized as Christmas.,HARD,deontic:obligation,2,,,,,,
SEIU1199_0245,SEIU1199NW_MultiCare_GoodSamaritan_2022_2025,27,Holiday work shall be equitably rotated by the Employer. 10.6 Termination of Benefits.,HARD,deontic:obligation,2,,,,,,
SEIU1199_0242,SEIU1199NW_MultiCare_GoodSamaritan_2022_2025,27,"However, EIT may not be accessed for the non-disability portion of maternity/paternity or family leave. 10.5 Premium Pay and PTO Access for Holiday Work.",SOFT,deontic:restriction|deontic:permission,2,,,,,,
SEIU1199_0109,SEIU1199NW_MultiCare_GoodSamaritan_2022_2025,15,Employees on layoff must submit to the Employer a written statement expressing a continuing interest in employment with the Hospital.,HARD,deontic:obligation,2,,,,,,
SEIU1199_0119,SEIU1199NW_MultiCare_GoodSamaritan_2022_2025,16,"A listing of the FTEs for each shift on the new/restructured department(s) or unit(s), including any qualification requirements, shall be posted on the department(s) or unit(s) for at least ten (10) days.",HARD,deontic:obligation,2,,,,,,
SEIU1199_0117,SEIU1199NW_MultiCare_GoodSamaritan_2022_2025,16,"Seniority shall terminate upon cessation of the employment relationship; for example, discharge, resignation, retirement, refusal to accept a comparable job opening (same classification, department and unit, FTE and shift) offered by the Employer while on layoff, after eighteen (18) consecutive months of layoff, or failure to comply with specified recall procedures. 6.5 Department/Unit Restructure.",HARD,deontic:obligation,2,,,,,,
SEIU1199_0116,SEIU1199NW_MultiCare_GoodSamaritan_2022_2025,16,"Upon reinstatement, the employee shall have previously accrued seniority and eligible benefits restored and the employee shall again commence accruing seniority and benefits. 6.4 Termination.",HARD,deontic:obligation,2,,,,,,
SEIU1199_0115,SEIU1199NW_MultiCare_GoodSamaritan_2022_2025,16,"An employee on layoff shall retain employment status and benefits accrued to the date of commencement of layoff, but that employee shall not accrue benefits while on layoff.",HARD,deontic:prohibition|deontic:obligation,2,,,,,,
SEIU1199_0114,SEIU1199NW_MultiCare_GoodSamaritan_2022_2025,16,"An employee on the reinstatement roster may bid on a vacant position in a different classification in the same manner as any other regular employee, pursuant to Section 5.8. 6.3.4 Employment Status During Layoff.",SOFT,deontic:permission,2,,,,,,
SEIU1199_0113,SEIU1199NW_MultiCare_GoodSamaritan_2022_2025,15,Acceptance of Per Diem work while on layoff shall not affect the employee's placement on the reinstatement roster.,HARD,deontic:prohibition|deontic:obligation,2,,,,,,
SEIU1199_0112,SEIU1199NW_MultiCare_GoodSamaritan_2022_2025,15,An employee on the reinstatement roster shall be eligible for Per Diem work.,HARD,deontic:obligation,2,,,,,,
SEIU1199_0111,SEIU1199NW_MultiCare_GoodSamaritan_2022_2025,15,"Mail with proof of delivery, the employee's name shall be eliminated from the reinstatement roster and the Employer's recall commitments shall terminate. 6.3.2 Per Diem Work.",HARD,deontic:obligation,2,,,,,,
SEIU1199_0110,SEIU1199NW_MultiCare_GoodSamaritan_2022_2025,15,These statements must be sent by certified mail to the Employer's Human Resources Department during the ten (10) day period following six,HARD,deontic:obligation,2,,,,,,
SEIU1199_0108,SEIU1199NW_MultiCare_GoodSamaritan_2022_2025,15,"If an employee is offered recall to any position which is not comparable (i.e., different department, unit, FTE, or shift), the employee may decline recall without loss of seniority or position on the reinstatement roster. 6.3.1 Notification to Employer.",SOFT,deontic:permission,2,,,,,,
SEIU1199_0121,SEIU1199NW_MultiCare_GoodSamaritan_2022_2025,16,"If an employee(s) is not assigned a position on the new or restructured department or unit, the employee(s) may apply for a vacant position pursuant to section 5.8 or, if not the least senior employee, the employee may displace the least senior employee in the same job classification in the bargaining unit, or may displace the least senior employee in a job classification previously held by the employee at the Hospital, providing the skill, competence, ability and past performance are considered substantially equal in the opinion of the Employer.",SOFT,deontic:permission,2,,,,,,
SEIU1199_0107,SEIU1199NW_MultiCare_GoodSamaritan_2022_2025,15,Employees on layoff status shall be placed on a reinstatement roster for a period of eighteen (18) months from the date of layoff.,HARD,deontic:obligation,2,,,,,,
SEIU1199_0105,SEIU1199NW_MultiCare_GoodSamaritan_2022_2025,15,Any employee electing this option shall not have recall rights (Article 6.3).,HARD,deontic:prohibition|deontic:obligation,2,,,,,,
SEIU1199_0103,SEIU1199NW_MultiCare_GoodSamaritan_2022_2025,15,"In the event the layoff results in more or fewer employees being assigned to a shift than are required, the least senior employee(s) on the affected shift(s) shall be reassigned. 6.2.4 Severance Pay.",HARD,deontic:obligation,2,,,,,,
SEIU1199_0102,SEIU1199NW_MultiCare_GoodSamaritan_2022_2025,14,"Note: It shall be the responsibility of the employee to notify the Employer of any previous job classification that the employee worked in, within five",HARD,deontic:obligation,2,,,,,,
SEIU1199_0101,SEIU1199NW_MultiCare_GoodSamaritan_2022_2025,14,"If she/he is not the least senior employee, the employee may displace the least senior employee in the same classification in the bargaining unit, or may displace the least senior employee in a job classification previously held by the employee at the Hospital, providing the skill, competence, ability and past performance are considered substantially equal in the opinion of the Employer.",SOFT,deontic:permission,2,,,,,,
SEIU1199_0099,SEIU1199NW_MultiCare_GoodSamaritan_2022_2025,14,"The listing of vacant positions shall include department and unit, employment status (FTE), and shift.",HARD,deontic:obligation,2,,,,,,
SEIU1199_0098,SEIU1199NW_MultiCare_GoodSamaritan_2022_2025,14,"The Union shall receive a seniority roster, together with listing of any vacant bargaining unit positions.",HARD,deontic:obligation,2,,,,,,
SEIU1199_0096,SEIU1199NW_MultiCare_GoodSamaritan_2022_2025,14,This section shall not apply to a reduction in FTE status (7.11) 6.2.1 Layoff Notice.,HARD,deontic:prohibition|deontic:obligation,2,,,,,,
SEIU1199_0095,SEIU1199NW_MultiCare_GoodSamaritan_2022_2025,14,"An applicable certification shall be considered a bona fide ""qualification"" for purposes of this section.",HARD,deontic:obligation,2,,,,,,
SEIU1199_0120,SEIU1199NW_MultiCare_GoodSamaritan_2022_2025,16,"By the end of the posting period, each employee shall have submitted to the Employer a written list which identifies and ranks the employee's preferences for all available positions (first to last).",HARD,deontic:obligation,2,,,,,,
SEIU1199_0032,SEIU1199NW_MultiCare_GoodSamaritan_2022_2025,8,"In accordance with Hospital policy, the Union may use designated meeting rooms of the Employer for meetings of the Local Unit, provided sufficient advance request for meeting facilities is made to the Vice President of Human Resources, or designee, and space is available. 3.5 Negotiations Release Time.",SOFT,deontic:permission,2,,,,,,
SEIU1199_0029,SEIU1199NW_MultiCare_GoodSamaritan_2022_2025,8,"during nonworking times, and shall not interfere with the work of other employees.",HARD,deontic:prohibition|deontic:obligation,2,,,,,,
SEIU1199_0138,SEIU1199NW_MultiCare_GoodSamaritan_2022_2025,18,"When an employee is eligible for both time and one-half (1 1/2) and double time (2x) pay, the employee shall receive the highest of the two pay rates.",HARD,deontic:obligation,2,,,,,,
SEIU1199_0148,SEIU1199NW_MultiCare_GoodSamaritan_2022_2025,19,"(2) successive weekends, all time worked on the second weekend shall be paid at the rate of time and one-half (1 1/2) the regular rate of pay.",HARD,deontic:obligation,2,,,,,,
SEIU1199_0147,SEIU1199NW_MultiCare_GoodSamaritan_2022_2025,19,The Employer shall schedule all regular full and part-time employees to provide at least every other weekend off.,HARD,deontic:obligation,2,,,,,,
SEIU1199_0146,SEIU1199NW_MultiCare_GoodSamaritan_2022_2025,19,It shall be the responsibility of the employee to notify the Hospital of the employee's current address and telephone number. 7.8 Weekends.,HARD,deontic:obligation,2,,,,,,
SEIU1199_0145,SEIU1199NW_MultiCare_GoodSamaritan_2022_2025,18,This commitment shall not apply when the Employer has made a good faith effort to notify the employee at least Page 16,HARD,deontic:prohibition|deontic:obligation,2,,,,,,
SEIU1199_0143,SEIU1199NW_MultiCare_GoodSamaritan_2022_2025,18,"All employees shall be allowed a rest period of fifteen (15) minutes on the Employer's time, for each four",HARD,deontic:obligation,2,,,,,,
SEIU1199_0142,SEIU1199NW_MultiCare_GoodSamaritan_2022_2025,18,Employees required by the Employer to remain on duty or in the hospital during their meal period shall be compensated for such time at the appropriate rate of pay.,HARD,deontic:obligation,2,,,,,,
SEIU1199_0141,SEIU1199NW_MultiCare_GoodSamaritan_2022_2025,18,Employees shall be allowed an unpaid meal period of one-half (1/2) hour.,HARD,deontic:obligation,2,,,,,,
SEIU1199_0241,SEIU1199NW_MultiCare_GoodSamaritan_2022_2025,27,"EIT may be accessed for any period of disability associated with pregnancy or disability caused by miscarriage, abortion, childbirth, and recovery there from, In accordance with the criteria set forth herein, so long as appropriate medical certification is submitted reflecting the length of the disability period.",SOFT,deontic:permission,2,,,,,,
SEIU1199_0139,SEIU1199NW_MultiCare_GoodSamaritan_2022_2025,18,"The double time provisions of this section shall not apply to time spent for ""educational"" purposes (CE days, education leaves or educational offerings, etc.). 7.5.1 With prior supervisory authorization, the Employer will pay for work related telephone calls or text messages received by an employee at home from a supervisor or manager, or someone working at a supervisor’s or manager’s direction.",HARD,deontic:prohibition|deontic:obligation,2,,,,,,
SEIU1199_0137,SEIU1199NW_MultiCare_GoodSamaritan_2022_2025,18,There shall be no pyramiding or duplication of overtime pay or other premium pay paid at the rate of time and one-half (1 1/2) or double time (2x).,HARD,deontic:obligation,2,,,,,,
SEIU1199_0126,SEIU1199NW_MultiCare_GoodSamaritan_2022_2025,17,The normal work day shall consist of eight,HARD,deontic:obligation,2,,,,,,
SEIU1199_0136,SEIU1199NW_MultiCare_GoodSamaritan_2022_2025,18,All overtime must be approved by supervision.,HARD,deontic:obligation,2,,,,,,
SEIU1199_0135,SEIU1199NW_MultiCare_GoodSamaritan_2022_2025,18,Time paid for but not worked shall not count as time worked for purposes of computing overtime pay.,HARD,deontic:prohibition|deontic:obligation,2,,,,,,
SEIU1199_0134,SEIU1199NW_MultiCare_GoodSamaritan_2022_2025,18,All additional overtime hours after twelve (12) consecutive hours within the 24-hour period shall be paid at the rate of double time (2x) the employee's regular rate of pay.,HARD,deontic:obligation,2,,,,,,
SEIU1199_0133,SEIU1199NW_MultiCare_GoodSamaritan_2022_2025,18,Overtime shall be compensated for at the rate of one and one-half (1 1/2) times the regular rate of pay for time worked beyond the normal full-time work day or normal full-time work period.,HARD,deontic:obligation,2,,,,,,
SEIU1199_0031,SEIU1199NW_MultiCare_GoodSamaritan_2022_2025,8,The Union shall be permitted to post Union notices relating to general Union activities on existing bulletin boards in employee lounges designated by the Employer.,HARD,deontic:obligation,2,,,,,,
SEIU1199_0131,SEIU1199NW_MultiCare_GoodSamaritan_2022_2025,18,Work schedules shall be posted at least fourteen (14) days prior to the beginning of the scheduled work period.,HARD,deontic:obligation,2,,,,,,
SEIU1199_0129,SEIU1199NW_MultiCare_GoodSamaritan_2022_2025,18,"It is recognized and understood that deviations from the foregoing normal hours of work may occur from time to time, resulting from several causes, such as but not limited to vacations, leave of absence, weekend and holiday duty, absenteeism, employee requests, temporary shortage of personnel, low census and/or other emergency conditions.",SOFT,deontic:permission,2,,,,,,
SEIU1199_0128,SEIU1199NW_MultiCare_GoodSamaritan_2022_2025,17,Innovative work schedules may be established in writing by mutual agreement between the Hospital and the employee involved.,SOFT,deontic:permission,2,,,,,,
SEIU1199_0127,SEIU1199NW_MultiCare_GoodSamaritan_2022_2025,17,The normal work period shall consist of forty (40) hours of work within a designated seven,HARD,deontic:obligation,2,,,,,,
SEIU1199_0035,SEIU1199NW_MultiCare_GoodSamaritan_2022_2025,8,Employer representatives shall not attend the Union presentation.,HARD,deontic:prohibition|deontic:obligation,2,,,,,,
SEIU1199_0093,SEIU1199NW_MultiCare_GoodSamaritan_2022_2025,14,"Layoffs shall be by job classification within a department (or if the department is divided into units, within the unit).",HARD,deontic:obligation,2,,,,,,
SEIU1199_0092,SEIU1199NW_MultiCare_GoodSamaritan_2022_2025,14,"In the case of a layoff, Tech seniority shall be defined as the most recent date of hire with the Employer. 6.2 Layoff.",HARD,deontic:obligation,2,,,,,,
SEIU1199_0055,SEIU1199NW_MultiCare_GoodSamaritan_2022_2025,11,No employee covered by this Agreement shall be discriminated against because of membership in the union or lawful activities on behalf of the union. 5.2 Notice of Resignation.,HARD,deontic:obligation|deontic:prohibition,2,,,,,,
SEIU1199_0064,SEIU1199NW_MultiCare_GoodSamaritan_2022_2025,11,An employee may request the attendance of a Union representative during any investigatory meeting which may lead to disciplinary action.,SOFT,deontic:permission,2,,,,,,
SEIU1199_0063,SEIU1199NW_MultiCare_GoodSamaritan_2022_2025,11,An employee may provide a written response to any written disciplinary action to be included in the personnel file.,SOFT,deontic:permission,2,,,,,,
SEIU1199_0062,SEIU1199NW_MultiCare_GoodSamaritan_2022_2025,11,Employees shall be required to sign the written disciplinary action for the purpose of acknowledging receipt thereof.,HARD,deontic:obligation,2,,,,,,
SEIU1199_0061,SEIU1199NW_MultiCare_GoodSamaritan_2022_2025,11,"Upon request, the Employer shall provide any employee who is terminated a written explanation of the reasons for such termination as soon as possible, but not more than seven",HARD,deontic:obligation,2,,,,,,
SEIU1199_0060,SEIU1199NW_MultiCare_GoodSamaritan_2022_2025,11,A copy of all written disciplinary actions shall be given to the employee.,HARD,deontic:obligation,2,,,,,,
SEIU1199_0059,SEIU1199NW_MultiCare_GoodSamaritan_2022_2025,11,Progressive discipline shall not be applied when the nature of the offense requires immediate suspension or discharge.,HARD,deontic:prohibition|deontic:obligation,2,,,,,,
SEIU1199_0038,SEIU1199NW_MultiCare_GoodSamaritan_2022_2025,9,"During the probationary period, an employee may be terminated without notice and without recourse to the grievance procedure. 4.4 Per Diem Employee.",SOFT,deontic:permission,2,,,,,,
SEIU1199_0057,SEIU1199NW_MultiCare_GoodSamaritan_2022_2025,11,Failure to give notice shall result in loss of accrued PTO and EIT.,HARD,deontic:obligation,2,,,,,,
SEIU1199_0056,SEIU1199NW_MultiCare_GoodSamaritan_2022_2025,11,Employees shall be required to give at least two,HARD,deontic:obligation,2,,,,,,
SEIU1199_0053,SEIU1199NW_MultiCare_GoodSamaritan_2022_2025,11,Employees will remain a trainee until they successfully pass the registration exam and may be paid at the trainee rate for greater than ninety (90) days if the Employer has not received written notification of registration.,SOFT,deontic:permission,2,,,,,,
SEIU1199_0091,SEIU1199NW_MultiCare_GoodSamaritan_2022_2025,14,Seniority shall mean an employee's continuous length of service within a given Technical job classification with the Employer from the most recent date of hire.,HARD,deontic:obligation,2,,,,,,
SEIU1199_0052,SEIU1199NW_MultiCare_GoodSamaritan_2022_2025,10,"The regular rate of pay shall be defined to include the employee's hourly wage rate, lead pay when the employee has a lead worker position, shift differential when the employee is regularly scheduled to work an evening or night shift, and the fifteen percent (15%) wage premium in lieu of benefits for Per Diem employees. 4.8 Lead.",HARD,deontic:obligation,2,,,,,,
SEIU1199_0050,SEIU1199NW_MultiCare_GoodSamaritan_2022_2025,10,Time paid for but not worked (excluding standby pay) shall be regarded as time worked for purposes of computing benefits.,HARD,deontic:obligation,2,,,,,,
SEIU1199_0049,SEIU1199NW_MultiCare_GoodSamaritan_2022_2025,10,Cancelled/low census hours shall count toward the accrual of benefits.,HARD,deontic:obligation,2,,,,,,
SEIU1199_0040,SEIU1199NW_MultiCare_GoodSamaritan_2022_2025,9,Per Diem employees shall be paid in accordance with the wage rates set forth in Article 8 of this Agreement plus a fifteen percent (15%) wage differential.,HARD,deontic:obligation,2,,,,,,
SEIU1199_0047,SEIU1199NW_MultiCare_GoodSamaritan_2022_2025,10,"If the manager determines that, following orientation, an employee requires more formal additional training and/or education, the manager may assign a formal preceptor.",SOFT,deontic:permission,2,,,,,,
SEIU1199_0046,SEIU1199NW_MultiCare_GoodSamaritan_2022_2025,10,"The general orientation process shall also include the providing of informational assistance, support and guidance to new employees.",HARD,deontic:obligation,2,,,,,,
SEIU1199_0045,SEIU1199NW_MultiCare_GoodSamaritan_2022_2025,9,Per Diem employees may be pre-scheduled for a shift only after regularly scheduled employees assigned to that unit have had the opportunity to sign up for additional (non-overtime) shift(s).,SOFT,deontic:permission,2,,,,,,
SEIU1199_0044,SEIU1199NW_MultiCare_GoodSamaritan_2022_2025,9,"Seniority shall not apply while on Per Diem status, but will be reinstated if the employee changes back to full-time or part-time status.",HARD,deontic:prohibition|deontic:obligation,2,,,,,,
SEIU1199_0043,SEIU1199NW_MultiCare_GoodSamaritan_2022_2025,9,A full-time or part-time employee who changes to Per Diem status shall retain seniority and longevity steps for pay purposes.,HARD,deontic:obligation,2,,,,,,
SEIU1199_0065,SEIU1199NW_MultiCare_GoodSamaritan_2022_2025,11,"By appointment, employees may inspect their personnel records.",SOFT,deontic:permission,2,,,,,,
SEIU1199_0066,SEIU1199NW_MultiCare_GoodSamaritan_2022_2025,11,"Documentation regarding conditions at date of hire (rate of pay, unit, shift, hours of work), reason for termination, change in employment status, pay or shift and leaves of absence shall be in writing with a copy given to the employee upon request.",HARD,deontic:obligation,2,,,,,,
SEIU1199_0067,SEIU1199NW_MultiCare_GoodSamaritan_2022_2025,12,Employees may request the removal of written disciplinary actions in their personnel file after one,SOFT,deontic:permission,2,,,,,,
SEIU1199_0068,SEIU1199NW_MultiCare_GoodSamaritan_2022_2025,12,The Employee must submit a written request to Labor Relations for consideration.,HARD,deontic:obligation,2,,,,,,
SEIU1199_0090,SEIU1199NW_MultiCare_GoodSamaritan_2022_2025,14,Length of service as an employee of the Hospital shall be used to determine Paid Time Off (PTO) and other benefit accruals. 6.1.1 Tech Seniority.,HARD,deontic:obligation,2,,,,,,
SEIU1199_0089,SEIU1199NW_MultiCare_GoodSamaritan_2022_2025,14,"Upon satisfactory completion of this probationary period, the employee shall be credited with seniority from most recent date of hire.",HARD,deontic:obligation,2,,,,,,
SEIU1199_0088,SEIU1199NW_MultiCare_GoodSamaritan_2022_2025,14,Seniority shall not apply to an employee until completion of the required probationary period.,HARD,deontic:prohibition|deontic:obligation,2,,,,,,
SEIU1199_0087,SEIU1199NW_MultiCare_GoodSamaritan_2022_2025,14,Seniority shall mean an employee's continuous length of service with the Employer from most recent date of hire (including Per Diem status) at Good Samaritan.,HARD,deontic:obligation,2,,,,,,
SEIU1199_0086,SEIU1199NW_MultiCare_GoodSamaritan_2022_2025,13,"To help with that work, the Labor Management Committee may request relevant information it believes will help it with that review. 5.9 Contracting Out.",SOFT,deontic:permission,2,,,,,,
SEIU1199_0085,SEIU1199NW_MultiCare_GoodSamaritan_2022_2025,13,"To that end, the Labor Management Committee will review the employer’s processes and may make recommendations on how to improve the employer’s processes for filling vacant positions.",SOFT,deontic:permission,2,,,,,,
SEIU1199_0084,SEIU1199NW_MultiCare_GoodSamaritan_2022_2025,13,"If the former job has been eliminated or the position has been filled, the employee will be eligible for other vacant positions for which the employee is qualified or shall be released from duty, placed on the reinstatement roster, and provided with recall rights in accordance with Section 6.3. 5.8.3 Previously Filled Positions.",HARD,deontic:obligation,2,,,,,,
SEIU1199_0036,SEIU1199NW_MultiCare_GoodSamaritan_2022_2025,8,The Union shall provide a copy of the Collective Bargaining Agreement to each bargaining unit employee.,HARD,deontic:obligation,2,,,,,,
SEIU1199_0082,SEIU1199NW_MultiCare_GoodSamaritan_2022_2025,13,The trial period may be extended by agreement between the employee and the Employer for a period of up to thirty (30) days.,SOFT,deontic:permission,2,,,,,,
SEIU1199_0081,SEIU1199NW_MultiCare_GoodSamaritan_2022_2025,13,The employee shall receive an evaluation at the end of the ninety (90) day period.,HARD,deontic:obligation,2,,,,,,
SEIU1199_0080,SEIU1199NW_MultiCare_GoodSamaritan_2022_2025,13,An employee who obtains a position in a new classification pursuant to Section 5.8 shall serve a ninety (90) day trial period in his/her new assignment.,HARD,deontic:obligation,2,,,,,,
SEIU1199_0078,SEIU1199NW_MultiCare_GoodSamaritan_2022_2025,13,"This review shall not apply to on call employees who are working the hours on a temporary basis to cover vacations, ill calls or leave of absence, to cover a position vacancy or for a special project.",HARD,deontic:prohibition|deontic:obligation,2,,,,,,
SEIU1199_0077,SEIU1199NW_MultiCare_GoodSamaritan_2022_2025,13,"(3) months or more the Union may request an objective, good faith review to occur within fourteen (14) days of the date the request is received by the Director of Employee and Labor Relations (or designee) to determine whether an FTE should be posted.",SOFT,deontic:preference|deontic:permission,2,,,,,,
SEIU1199_0076,SEIU1199NW_MultiCare_GoodSamaritan_2022_2025,13,"If the Employer is unable to place the selected employee in the vacant position immediately due to departmental or unit considerations, the position may be filled on a temporary basis and the employee will be notified in writing as to when she/he will be placed in the position.",SOFT,deontic:permission,2,,,,,,
SEIU1199_0075,SEIU1199NW_MultiCare_GoodSamaritan_2022_2025,13,"To be considered for such job opening, an employee must apply for the position in accordance with Hospital procedures.",HARD,deontic:obligation,2,,,,,,
SEIU1199_0074,SEIU1199NW_MultiCare_GoodSamaritan_2022_2025,12,The Employer shall post notices of positions to be filled on the internal Page 10,HARD,deontic:obligation,2,,,,,,
SEIU1199_0072,SEIU1199NW_MultiCare_GoodSamaritan_2022_2025,12,"When a regular status job opening occurs within the bargaining unit, seniority shall be the determining factor in filling such vacancy providing skill, competence, ability and prior job performance (based on the most recent evaluation or other performance documentation) are considered equal in the opinion of the Employer.",HARD,deontic:obligation,2,,,,,,
SEIU1199_0071,SEIU1199NW_MultiCare_GoodSamaritan_2022_2025,12,Interim evaluations may be conducted as may be required.,SOFT,deontic:permission,2,,,,,,
SEIU1199_0069,SEIU1199NW_MultiCare_GoodSamaritan_2022_2025,12,Removal shall be at the sole discretion of the Hospital. 5.4.2 Investigatory Meeting.,HARD,deontic:obligation,2,,,,,,
SEIU1199_0149,SEIU1199NW_MultiCare_GoodSamaritan_2022_2025,19,The third regularly scheduled weekend shall be paid at the employee's regular rate of pay.,HARD,deontic:obligation,2,,,,,,
SEIU1199_0140,SEIU1199NW_MultiCare_GoodSamaritan_2022_2025,18,Meal periods and rest periods shall be administered in accordance with state law.,HARD,deontic:obligation,2,,,,,,
SEIU1199_0151,SEIU1199NW_MultiCare_GoodSamaritan_2022_2025,19,The weekend shall be defined for first (day) and second (evening) shift employees as Saturday and Sunday.,HARD,deontic:obligation,2,,,,,,
SEIU1199_0203,SEIU1199NW_MultiCare_GoodSamaritan_2022_2025,23,"To be considered, the employee must notify the Employer not later than Page 21",HARD,deontic:obligation,2,,,,,,
SEIU1199_0213,SEIU1199NW_MultiCare_GoodSamaritan_2022_2025,24,Work performed during the scheduled shift shall be paid at the regular rate of pay.,HARD,deontic:obligation,2,,,,,,
SEIU1199_0212,SEIU1199NW_MultiCare_GoodSamaritan_2022_2025,24,"When a full-time or part-time employee is required to report for work in advance of his/her assigned shift and continues working during the scheduled shift, all hours worked prior to the scheduled shift shall be paid at time and one-half (1 1/2) the regular rate of pay.",HARD,deontic:obligation|deontic:obligation,2,,,,,,
SEIU1199_0211,SEIU1199NW_MultiCare_GoodSamaritan_2022_2025,24,Employees assigned to technical classifications shall receive two dollars and fifty cents ($2.50) per hour weekend premium for each hour worked on the weekend in addition to the employee’s regular rate of pay. 9.6 Work in Advance of Shift.,HARD,deontic:obligation,2,,,,,,
SEIU1199_0210,SEIU1199NW_MultiCare_GoodSamaritan_2022_2025,24,"If attendance at an educational meeting on a weekend is required and there are no other options, with prior approval, this section shall apply. 9.5.1 Technical Employees.",HARD,deontic:obligation,2,,,,,,
SEIU1199_0209,SEIU1199NW_MultiCare_GoodSamaritan_2022_2025,24,Premium pay provided for in this section shall not apply to time spent for voluntary educational purposes.,HARD,deontic:prohibition|deontic:obligation,2,,,,,,
SEIU1199_0208,SEIU1199NW_MultiCare_GoodSamaritan_2022_2025,24,"For premium pay purposes, the weekend shall be defined as all hours between 11:00 p.m.",HARD,deontic:obligation,2,,,,,,
SEIU1199_0206,SEIU1199NW_MultiCare_GoodSamaritan_2022_2025,24,An A Technical or Service employee assigned by the Employer as a lead shall receive one dollar and fifty ($1.50) per hour over the regular rate of pay for all hours worked in a lead position. 9.5 Weekend Premium Pay.,HARD,deontic:obligation,2,,,,,,
SEIU1199_0205,SEIU1199NW_MultiCare_GoodSamaritan_2022_2025,24,The employee may choose to use PTO to cover the absence or take the time as unpaid. 9.4 Lead Pay.,SOFT,deontic:permission,2,,,,,,
SEIU1199_0204,SEIU1199NW_MultiCare_GoodSamaritan_2022_2025,24,An employee who exercises this right shall not receive an occurrence under the Hospital’s attendance/tardy policy.,HARD,deontic:prohibition|deontic:obligation,2,,,,,,
SEIU1199_0201,SEIU1199NW_MultiCare_GoodSamaritan_2022_2025,23,Any concerns relating to the Employer’s Administration and assignment of overtime may be a subject for labor management committee.,SOFT,deontic:permission,2,,,,,,
SEIU1199_0190,SEIU1199NW_MultiCare_GoodSamaritan_2022_2025,23,"Standby duty shall not be counted as hours worked for purposes of computing overtime, longevity steps or benefits.",HARD,deontic:prohibition|deontic:obligation,2,,,,,,
SEIU1199_0200,SEIU1199NW_MultiCare_GoodSamaritan_2022_2025,23,The minimum callback hours shall not apply when the employee reports for work in advance of an assigned shift.,HARD,deontic:prohibition|deontic:obligation,2,,,,,,
SEIU1199_0199,SEIU1199NW_MultiCare_GoodSamaritan_2022_2025,23,Travel time to and from the hospital shall not be considered time worked.,HARD,deontic:prohibition|deontic:obligation,2,,,,,,
SEIU1199_0198,SEIU1199NW_MultiCare_GoodSamaritan_2022_2025,23,"When called back, the employees shall receive time and one-half (1 1/2) for a minimum of three",HARD,deontic:obligation,2,,,,,,
SEIU1199_0197,SEIU1199NW_MultiCare_GoodSamaritan_2022_2025,23,An employee called back to work from standby (9.2) shall be compensated at the rate of time and one-half (1 1/2) the regular rate of pay.,HARD,deontic:obligation,2,,,,,,
SEIU1199_0152,SEIU1199NW_MultiCare_GoodSamaritan_2022_2025,19,"For third (night) shift employees, the weekend shall be defined as Friday night and Saturday night.",HARD,deontic:obligation,2,,,,,,
SEIU1199_0195,SEIU1199NW_MultiCare_GoodSamaritan_2022_2025,23,"For standby in excess of sixty (60) standby hours per pay period, an employee shall receive an additional one dollar and fifty cents ($1.50) per hour for all standby over the sixty (60) standby hours in a pay period.",HARD,deontic:obligation,2,,,,,,
SEIU1199_0026,SEIU1199NW_MultiCare_GoodSamaritan_2022_2025,7,"The Union shall designate its officers, delegates and alternate delegates from among employees in the bargaining unit.",HARD,deontic:obligation,2,,,,,,
SEIU1199_0193,SEIU1199NW_MultiCare_GoodSamaritan_2022_2025,23,Standby pay shall only be paid while on standby status and shall not be paid after the employee hyas been called back to work.,HARD,deontic:prohibition|deontic:obligation,2,,,,,,
SEIU1199_0192,SEIU1199NW_MultiCare_GoodSamaritan_2022_2025,23,Employees assigned to technical classifications shall receive four dollars ($4.00) per hour when placed on standby status off hospital premises.,HARD,deontic:obligation,2,,,,,,
SEIU1199_0215,SEIU1199NW_MultiCare_GoodSamaritan_2022_2025,24,Full-time employees called in on their regularly scheduled day off shall be paid at the rate of one and one-half (1 1/2) times the regular rate of pay for the hours worked.,HARD,deontic:obligation,2,,,,,,
SEIU1199_0216,SEIU1199NW_MultiCare_GoodSamaritan_2022_2025,24,Part-time employees who work on a day not regularly scheduled shall be paid at the applicable rate of pay. 9.8 Temporary Assignment.,HARD,deontic:obligation,2,,,,,,
SEIU1199_0217,SEIU1199NW_MultiCare_GoodSamaritan_2022_2025,24,"(4) or more consecutive hours shall be paid at the higher classification rate of pay for the actual hours worked in that classification calculated by the same method as provided for under Section 8.9, Pay on Promotion.",HARD,deontic:obligation,2,,,,,,
SEIU1199_0218,SEIU1199NW_MultiCare_GoodSamaritan_2022_2025,24,"Temporary assignment by the Employer to a lower paid position shall not affect the employee's rate of pay; provided, however, this section shall not apply to employees whose reassignment was necessary due to failure to maintain their certification, license or registration.",HARD,deontic:prohibition|deontic:obligation,2,,,,,,
SEIU1199_0240,SEIU1199NW_MultiCare_GoodSamaritan_2022_2025,27,"EIT may not be utilized retroactively, but from the 17th missed work hour forward. 10.4.4 Family Leave.",SOFT,deontic:restriction|deontic:permission,2,,,,,,
SEIU1199_0023,SEIU1199NW_MultiCare_GoodSamaritan_2022_2025,7,Duly authorized staff employees of District 1199NW may have access at reasonable times to those areas of the Employer's premises which are open to the general public for the purpose of investigating grievances and contract compliance.,SOFT,deontic:permission,2,,,,,,
SEIU1199_0238,SEIU1199NW_MultiCare_GoodSamaritan_2022_2025,27,The employee may choose to use either PTO or EIT to supplement time loss payments. 10.4.3 Non-Workers Compensation Re-injury/Relapse.,SOFT,deontic:permission,2,,,,,,
SEIU1199_0237,SEIU1199NW_MultiCare_GoodSamaritan_2022_2025,27,"Employees who will receive time loss compensation under MultiCare’s Worker’s Compensation program may supplement their time loss payments by accessing limited accruals, up to the amount of the employees pay for the hours the employee would have worked had the employee been available to work.",SOFT,deontic:permission,2,,,,,,
SEIU1199_0235,SEIU1199NW_MultiCare_GoodSamaritan_2022_2025,26,(e) Grandparent of the employee who has a serious health condition or an emergency condition. 10.4.1 Employees may access their EIT accruals once they have missed their 17th consecutive scheduled hour of work.,SOFT,deontic:permission,2,,,,,,
SEIU1199_0234,SEIU1199NW_MultiCare_GoodSamaritan_2022_2025,26,"Moreover, PTO or EIT may be used for:",SOFT,deontic:permission,2,,,,,,
SEIU1199_0233,SEIU1199NW_MultiCare_GoodSamaritan_2022_2025,26,"At the conclusion of the final pay period of each calendar year, the PTOWS-Sick bank shall reduce to fifty-two (52) hours of accruals maximum as a carry-over balance into the first pay period of the subsequent calendar year. 10.4 Access to EIT accruals.",HARD,deontic:obligation,2,,,,,,
SEIU1199_0231,SEIU1199NW_MultiCare_GoodSamaritan_2022_2025,26,(An employee may not access accruals at a lower or higher amount than their assigned FTE during a leave of absence.) 10.3.4 Unpaid Time off.,SOFT,deontic:restriction|deontic:permission,2,,,,,,
SEIU1199_0230,SEIU1199NW_MultiCare_GoodSamaritan_2022_2025,26,Access to accruals during a leave of absence must be taken at the employee’s assigned FTE.,HARD,deontic:obligation,2,,,,,,
SEIU1199_0229,SEIU1199NW_MultiCare_GoodSamaritan_2022_2025,26,"In this situation, an employee may request an unpaid leave of absence). 10.3.3 Leave of Absence.",SOFT,deontic:permission,2,,,,,,
SEIU1199_0228,SEIU1199NW_MultiCare_GoodSamaritan_2022_2025,26,Employees may not access accruals that would result in a negative balance.,SOFT,deontic:restriction|deontic:permission,2,,,,,,
SEIU1199_0227,SEIU1199NW_MultiCare_GoodSamaritan_2022_2025,26,(Employees may not access accruals when they are off work due to a disciplinary suspension). 10.3.2 Negative Balances.,SOFT,deontic:restriction|deontic:permission,2,,,,,,
SEIU1199_0226,SEIU1199NW_MultiCare_GoodSamaritan_2022_2025,26,"work by management due to low census or environmental conditions (internal or external), in which event an employee may choose to either utilize accruals or to take cut hours.",SOFT,deontic:permission,2,,,,,,
SEIU1199_0002,SEIU1199NW_MultiCare_GoodSamaritan_2022_2025,5,"The Union shall be notified of any such classifications established by the Employer, in which case the Union and the Employer shall meet to determine appropriate wage and benefit rates for the new bargaining unit positions.",HARD,deontic:obligation,2,,,,,,
SEIU1199_0224,SEIU1199NW_MultiCare_GoodSamaritan_2022_2025,25,Employees may use their PTO and PTOWSSick banks interchangeably.,SOFT,deontic:permission,2,,,,,,
SEIU1199_0222,SEIU1199NW_MultiCare_GoodSamaritan_2022_2025,25,PTO and EIT shall be paid at the employee’s regular rate of pay 10.3 Access to PTO Accrual.,HARD,deontic:obligation,2,,,,,,
SEIU1199_0221,SEIU1199NW_MultiCare_GoodSamaritan_2022_2025,25,Full and regular part-time benefited employees shall receive Paid Time Off (PTO and PTOWS-Sick) and Extended Illness/Injury Time (EIT) based upon hours paid (up to 2080 per year) in accordance with the following schedules: Years of Total PTO Annual Accrual Annual Accrual PTO bank Annual Accrual Service and PTO per hour maximum per hour Max.* EIT** per hour PTOSickWA PTOSickWA* 0-4 200 148 .0712 52 .025 348 48 .0231 5-9 240 188 .0904 52 .025 428 48 .0231 10-19 280 228 .1097 52 .025 508 48 .0231 20+ 320 268 .1289 52 .025 588 48 .0231 10.2 Rate of Pay.,HARD,deontic:obligation,2,,,,,,
SEIU1199_0220,SEIU1199NW_MultiCare_GoodSamaritan_2022_2025,25,"Any employee assigned by the Employer as a preceptor shall receive a premium of one dollar ($1) per hour for all hours actively precepting, or performing other necessary administrative activities connected to precepting.",HARD,deontic:obligation,2,,,,,,
SEIU1199_0219,SEIU1199NW_MultiCare_GoodSamaritan_2022_2025,25,"When a part time or full time employee is assigned to a project by the Employer, the employee’s position may be covered by an on call employee for the duration of the project.",SOFT,deontic:permission,2,,,,,,
SEIU1199_0191,SEIU1199NW_MultiCare_GoodSamaritan_2022_2025,23,This shall not apply to the trading of standby or to employees who request or volunteer for extra standby. 9.2.1 Technical Employees.,HARD,deontic:prohibition|deontic:obligation,2,,,,,,
SEIU1199_0196,SEIU1199NW_MultiCare_GoodSamaritan_2022_2025,23,Standby for holidays as identified in Article 10.5.1 shall be six dollars ($6.00) per hour. 9.3 Callback Pay.,HARD,deontic:obligation,2,,,,,,
SEIU1199_0189,SEIU1199NW_MultiCare_GoodSamaritan_2022_2025,23,Employees placed on standby status off hospital premises shall be compensated at the rate of three dollars and twenty five cents ($3.25) per hour.,HARD,deontic:obligation,2,,,,,,
SEIU1199_0176,SEIU1199NW_MultiCare_GoodSamaritan_2022_2025,22,"The term ""benefits"" shall include Paid Time Off-Extended Illness Time (Article 10), paid leaves of absence and tuition reimbursement (Article 14) and insurance policies (Article 12).",HARD,deontic:obligation,2,,,,,,
SEIU1199_0174,SEIU1199NW_MultiCare_GoodSamaritan_2022_2025,22,Employees changing from benefits status to premium pay in lieu of benefits shall be paid any accrued Paid Time Off (PTO) at the time of the status change.,HARD,deontic:obligation,2,,,,,,
SEIU1199_0173,SEIU1199NW_MultiCare_GoodSamaritan_2022_2025,21,"This election must occur within ten (10) days of employment and between the dates of October 1 and October 10 in each subsequent year thereafter, providing the employee Page 19",HARD,deontic:obligation,2,,,,,,
SEIU1199_0171,SEIU1199NW_MultiCare_GoodSamaritan_2022_2025,21,Recent continuous experience shall be defined as comparable experience in an accredited hospital without a break in experience which would reduce the level of skills in the opinion of the Employer based on established criteria. 8.5.1 8.6 Wage Premium in Lieu of Benefits.,HARD,deontic:obligation,2,,,,,,
SEIU1199_0170,SEIU1199NW_MultiCare_GoodSamaritan_2022_2025,21,Employees hired during the term of this Agreement shall be given full credit for continuous recent experience.,HARD,deontic:obligation,2,,,,,,
SEIU1199_0169,SEIU1199NW_MultiCare_GoodSamaritan_2022_2025,21,"Incomplete applications or materials not contained in the resume and/or application at the time of hire were not and will not be considered. 8.4.1 If the Employer establishes a false base, the false base will become the new base, and the scale and all employees on the scale will increase by the same percentage increase to the new base. 8.5 Nothing contained herin shall prohibit the Employer, at its sole discretion, from raising the wage scale specified above.",HARD,deontic:obligation,2,,,,,,
SEIU1199_0168,SEIU1199NW_MultiCare_GoodSamaritan_2022_2025,21,All Employees hired during the term of this agreement shall be given full credit for continuous recent applicable experience as determined by the Employer when placed on the wage scale.,HARD,deontic:obligation,2,,,,,,
SEIU1199_0167,SEIU1199NW_MultiCare_GoodSamaritan_2022_2025,21,Wage increases and increases in other forms of compensation set forth in this Agreement shall become effective at the beginning of the first full payroll period on or after the calendar dates designated. 8.3 Longevity Steps.,HARD,deontic:obligation,2,,,,,,
SEIU1199_0165,SEIU1199NW_MultiCare_GoodSamaritan_2022_2025,21,"8.1.1 Ratification Bonus: All Employees shall receive a one-time ratification bonus, less normal offsets and taxes.",HARD,deontic:obligation,2,,,,,,
SEIU1199_0163,SEIU1199NW_MultiCare_GoodSamaritan_2022_2025,20,An increase may be granted based on the standard guidelines used for compensation reviews.,SOFT,deontic:permission,2,,,,,,
SEIU1199_0160,SEIU1199NW_MultiCare_GoodSamaritan_2022_2025,19,"If such an occasion should ever occur, volunteers will be sought first.",SOFT,deontic:preference,2,,,,,,
SEIU1199_0158,SEIU1199NW_MultiCare_GoodSamaritan_2022_2025,19,"This Section shall not apply to continuing education, committee meetings, staff meetings, standby and callback assignments performed pursuant to Article 9.",HARD,deontic:prohibition|deontic:obligation,2,,,,,,
SEIU1199_0157,SEIU1199NW_MultiCare_GoodSamaritan_2022_2025,19,"In the event an employee is required to work with less than eleven and one-half (11 1/2) hours off duty between shifts, the employee shall be paid at time and one-half for all hours worked within this eleven and one-half (11 1/2 )hour period or for a minimum of five",HARD,deontic:obligation|deontic:obligation,2,,,,,,
SEIU1199_0155,SEIU1199NW_MultiCare_GoodSamaritan_2022_2025,19,Premium pay provided for in this section shall not apply to time spent for educational purposes or to Per Diem employees. 7.9 Rest Between Shifts.,HARD,deontic:prohibition|deontic:obligation,2,,,,,,
SEIU1199_0154,SEIU1199NW_MultiCare_GoodSamaritan_2022_2025,19,"This section shall not apply to employees who request the trading of weekends, to employees who agree to work regularly recurring weekend positions (i.e.",HARD,deontic:prohibition|deontic:obligation,2,,,,,,
SEIU1199_0153,SEIU1199NW_MultiCare_GoodSamaritan_2022_2025,19,The weekend shall be defined as all hours between 11:00 p.m.,HARD,deontic:obligation,2,,,,,,
SEIU1199_0027,SEIU1199NW_MultiCare_GoodSamaritan_2022_2025,7,These officers and delegates shall not be recognized by the Employer until the Union has given the Employer written notice of the selection and their scope of authority.,HARD,deontic:prohibition|deontic:obligation,2,,,,,,
SEIU1199_0172,SEIU1199NW_MultiCare_GoodSamaritan_2022_2025,21,"In lieu of all benefits set forth in this Agreement, a part-time employee may elect a fifteen percent (15%) wage premium above the straight time hourly rate of pay.",SOFT,deontic:permission,2,,,,,,
SEIU1199_0182,SEIU1199NW_MultiCare_GoodSamaritan_2022_2025,22,Incentive pay plans in place on the effective date of this Agreement shall be continued at the discretion of the Employer.,HARD,deontic:obligation,2,,,,,,
SEIU1199_0178,SEIU1199NW_MultiCare_GoodSamaritan_2022_2025,22,"The Employer shall furnish the Union with a description for each bargaining unit classification and shall furnish each employee with a copy of the employee's job description, upon request. 8.8 New and Modified Positions.",HARD,deontic:obligation,2,,,,,,
SEIU1199_0179,SEIU1199NW_MultiCare_GoodSamaritan_2022_2025,22,"If the Employer creates a new classification or substantially changes the requirements, responsibilities and duties of an existing classification, the Employer shall provide written notice to the Union, including the position description and a proposed rate of pay, at least fourteen (14) days prior to the implementation of the new or revised position.",HARD,deontic:obligation,2,,,,,,
SEIU1199_0180,SEIU1199NW_MultiCare_GoodSamaritan_2022_2025,22,"If the Union requests, within fourteen (14) days after receipt of notice, the parties shall meet to bargain the rate of pay. 8.9 Pay on Promotion.",HARD,deontic:obligation,2,,,,,,
SEIU1199_0186,SEIU1199NW_MultiCare_GoodSamaritan_2022_2025,23,Employees assigned to work the third (11 p.m. - 7:30 a.m.) shift shall be paid a shift differential of two dollars and twenty-five cents ($2.25) per hour over the regular hourly rate of pay.,HARD,deontic:obligation,2,,,,,,
SEIU1199_0188,SEIU1199NW_MultiCare_GoodSamaritan_2022_2025,23,"If the evening or night shift is a permanent assignment, shift differential shall be considered to be a part of the employee’s regular rate of pay. 9.1.1 Technical Employees.",HARD,deontic:obligation,2,,,,,,
SEIU1199_0185,SEIU1199NW_MultiCare_GoodSamaritan_2022_2025,22,Employees assigned to work the second (3-11:30 p.m.) shift shall be Page 20,HARD,deontic:obligation,2,,,,,,
SEIU1199_0184,SEIU1199NW_MultiCare_GoodSamaritan_2022_2025,22,"An employee may request a special payment date other than the next regularly scheduled payroll date, if the error was caused solely by the Employer and the error reasonably presents a hardship to the employee; in such circumstances, the Employer will determine if it is possible to pay the employee on a special payment schedule.",SOFT,deontic:permission,2,,,,,,
SEIU1199_0187,SEIU1199NW_MultiCare_GoodSamaritan_2022_2025,23,"If a majority of an employee's hours fall within the second or third shift, the employee shall receive appropriate shift differential pay for the entire shift worked.",HARD,deontic:obligation,2,,,,,,
SEIU1199_0118,SEIU1199NW_MultiCare_GoodSamaritan_2022_2025,16,In the event of a merger of two,UNCLEAR,exception,1,,,,,,
SEIU1199_0162,SEIU1199NW_MultiCare_GoodSamaritan_2022_2025,19,Any employee subject to an involuntary reduction in his/her FTE will be given preference up to the employee's prior position (FTE) if the Employer seeks to Page 17,UNCLEAR,exception,1,,,,,,
SEIU1199_0434,SEIU1199NW_MultiCare_GoodSamaritan_2022_2025,56,The first meeting will be held no later than 90 days from the date of ratification and following will be held in January of each year.,UNCLEAR,threshold,1,,,,,,
SEIU1199_0054,SEIU1199NW_MultiCare_GoodSamaritan_2022_2025,11,"The Employer and the Union agree not to discriminate or condone harassment in any manner, in conformance with applicable federal and state laws, against any employee by reason of race, color, religion, creed, sex, marital status, national origin, age, sexual orientation, or sensory, mental or physical handicap, subject to occupational requirements and ability to perform within those requirements.",UNCLEAR,exception,1,,,,,,
SEIU1199_0161,SEIU1199NW_MultiCare_GoodSamaritan_2022_2025,19,"If there are insufficient volunteers, the least senior employee(s) in the affected classification, department or unit and shift will receive the FTE reduction unless that employee possesses a specific qualification(s) necessary to the operation of the department or unit in the opinion of the Employer.",UNCLEAR,exception,1,,,,,,
SEIU1199_0438,SEIU1199NW_MultiCare_GoodSamaritan_2022_2025,57,"Such data could include, but is not limited to Employer EEO-1 demographic data reports, data regarding work status changes for bargaining unit members (subject to employee confidentiality accommodations), and employer policies relating to discrimination and equity and inclusion.",UNCLEAR,exception,1,,,,,,
SEIU1199_0106,SEIU1199NW_MultiCare_GoodSamaritan_2022_2025,15,Severance Pay Years of Service 2 weeks of pay less than 2 years 3 weeks of pay 2 to 4 years 4 weeks of pay 5 to 6 years 5 weeks of pay 7 to 9 years 6 weeks of pay 10 to 14 years 10 weeks of pay 15 to 24 years 12 weeks of pay 25 or more years Part time employees are eligible for severance pay prorated to the employee’s FTE.,UNCLEAR,threshold,1,,,,,,
SEIU1199_0039,SEIU1199NW_MultiCare_GoodSamaritan_2022_2025,9,An employee employed to work on an intermittent basis or during any period when additional work of any nature requires a temporarily augmented work force or in the event of an emergency or employee absenteeism.,UNCLEAR,exception,1,,,,,,
SEIU1199_0257,SEIU1199NW_MultiCare_GoodSamaritan_2022_2025,29,"Except for unforeseeable conditions beyond the Employer's control, the Employer will make every reasonable effort not to cancel previously approved PTO.",UNCLEAR,exception,1,,,,,,
SEIU1199_0441,SEIU1199NW_MultiCare_GoodSamaritan_2022_2025,59,"Within sixty (60) days following ratification of this Agreement, the Union will submit donation requests to Human Potential utilizing a mutually agreed-upon form for employee donations and subject to the appropriate Hospital policy.",UNCLEAR,exception,1,,,,,,
SEIU1199_0097,SEIU1199NW_MultiCare_GoodSamaritan_2022_2025,14,Thirty (30) days' advance notice of layoff will be given to the Union and to employees subject to layoff except for unforeseeable conditions preventing such notice which are beyond the Employer's control.,UNCLEAR,exception,1,,,,,,
SEIU1199_0236,SEIU1199NW_MultiCare_GoodSamaritan_2022_2025,26,Immediate access to EIT for outpatient surgery is available when the surgery plus recovery period is 3 days or more (as verified by Page 24,UNCLEAR,threshold,1,,,,,,
SEIU1199_0156,SEIU1199NW_MultiCare_GoodSamaritan_2022_2025,19,"(8) hour shifts or less, unless waived at the request of the employee.",UNCLEAR,exception,1,,,,,,
SEIU1199_0389,SEIU1199NW_MultiCare_GoodSamaritan_2022_2025,41,"Any employee participating in any strike, picketing, walkout, slowdown or work stoppage will be subject to immediate dismissal.",UNCLEAR,exception,1,,,,,,
SEIU1199_0388,SEIU1199NW_MultiCare_GoodSamaritan_2022_2025,41,"In the event of any strike, picketing, walkout, slowdown or work stoppage, or a threat thereof, the Union and its officers will do everything within their power to end or avert same.",UNCLEAR,exception,1,,,,,,
SEIU1199_0246,SEIU1199NW_MultiCare_GoodSamaritan_2022_2025,27,"Cash-out of accruals will be paid to employees who terminate in good standing, who change to non-benefit eligible status, or who choose pay in lieu of benefits during open enrollment as follows: • PTO accruals paid at 100% • EIT bank accruals are paid at 25% of the balance over 240 hours.",UNCLEAR,threshold,1,,,,,,
SEIU1199_0432,SEIU1199NW_MultiCare_GoodSamaritan_2022_2025,54,(4) hours for each 173.3 hours worked. 6. 7/70 employees will continue to receive the same medical and dental insurance coverage as a regular full-time employee and the usual hourly shift differential based upon a ten (10) hour day.,UNCLEAR,threshold,1,,,,,,
SEIU1199_0166,SEIU1199NW_MultiCare_GoodSamaritan_2022_2025,21,"This bonus will be paid the second full pay period following the date of ratification of the contract and will be paid to Employees employed at the time of payment. 8.1.2 Longevity Bonus: Employees employed at Good Samaritan Hospital for at least 18 years, based on current seniority date, will receive a $2,000 Annual Longevity Bonus, less normal offsets and taxes.",UNCLEAR,threshold,1,,,,,,
SEIU1199_0302,SEIU1199NW_MultiCare_GoodSamaritan_2022_2025,32,"Subject to eligibility requirements, medical insurance coverage will be continued while the employee is in a paid status, unless coverage is provided by Family Leave, 13.3(b).",UNCLEAR,exception,1,,,,,,
SEIU1199_0164,SEIU1199NW_MultiCare_GoodSamaritan_2022_2025,20,The decision will not be subject to the grievance process.,UNCLEAR,exception,1,,,,,,
SEIU1199_0123,SEIU1199NW_MultiCare_GoodSamaritan_2022_2025,17,"Prior to implementing the low census procedure within a job classification, the Employer will float employees to other areas of the Hospital if the need exists subject to the provisions of Section 5.5.",UNCLEAR,exception,1,,,,,,
SEIU1199_0214,SEIU1199NW_MultiCare_GoodSamaritan_2022_2025,24,An employee who reports to work in advance of the assigned shift will not be released from duty prior to the completion of that scheduled shift for the purpose of avoiding overtime pay unless there is mutual consent. 9.7 Work on Day Off.,UNCLEAR,exception,1,,,,,,
SEIU1199_0274,SEIU1199NW_MultiCare_GoodSamaritan_2022_2025,30,"Individual eligibility is as follows: a. paid a minimum of 1,000 hours during the applicable plan year; b. is in a regular FTE status position on December 31 of the applicable plan year.",UNCLEAR,threshold,1,,,,,,
SEIU1199_0124,SEIU1199NW_MultiCare_GoodSamaritan_2022_2025,17,"Agency, temporary staff, and travelers (to the maximum allowed under contract with the agency, subject to skill, competence, ability, and availability as determined by the Employer), b.",UNCLEAR,exception,1,,,,,,
SEIU1199_0073,SEIU1199NW_MultiCare_GoodSamaritan_2022_2025,12,"Subject to the above considerations, transfers within the department/unit will be given preference in filling job openings.",UNCLEAR,exception,1,,,,,,
SEIU1199_0125,SEIU1199NW_MultiCare_GoodSamaritan_2022_2025,17,"Employees working in any time and one-half (1 1/2) or double time (2x) pay condition, except the rest between shift premium (7.9). c.",UNCLEAR,exception,1,,,,,,
SEIU1199_0181,SEIU1199NW_MultiCare_GoodSamaritan_2022_2025,22,"When an employee moves from one pay grade to a higher pay grade with an increase in duties and responsibilities, at a minimum, the employee will be placed at the step that equates to a three percent (3%) increase in pay, provided that if a three percent (3%) increase in pay falls between the two steps, the employee will be placed at the higher of the two steps.",UNCLEAR,exception,1,,,,,,
SEIU1199_0070,SEIU1199NW_MultiCare_GoodSamaritan_2022_2025,12,Floating assignments will normally be confined to areas where the employee has been adequately oriented or cross trained unless the employee and manager agree otherwise.,UNCLEAR,exception,1,,,,,,
SEIU1199_0033,SEIU1199NW_MultiCare_GoodSamaritan_2022_2025,8,"Subject to patient care requirements, the employer will make a good faith effort to assist in providing said release time for employees participating in contract negotiations.",UNCLEAR,exception,1,,,,,,
SEIU1199_0202,SEIU1199NW_MultiCare_GoodSamaritan_2022_2025,23,"Note: Callback pay does not apply to end of shift overtime. 9.3.1 Subject to patient care considerations, the Employer will make a good faith effort to provide relief for an employee who requests a day off or a change in the employee’s start time the following day where the employee has been called back after 11:00 p.m. the previous night.",UNCLEAR,exception,1,,,,,,
SEIU1199_0130,SEIU1199NW_MultiCare_GoodSamaritan_2022_2025,18,"Subject to overall business considerations, the Employer will endeavor to create regular repeating schedules of at least two",UNCLEAR,exception,1,,,,,,
SEIU1199_0266,SEIU1199NW_MultiCare_GoodSamaritan_2022_2025,29,Those who choose not to participate will be subject to health insurance premium surcharge. 11.1.1 Part-Time Employees Benefits.,UNCLEAR,exception,1,,,,,,
SEIU1199_0183,SEIU1199NW_MultiCare_GoodSamaritan_2022_2025,22,"In the event of a significant underpayment caused by the Employer’s error, the Employer will take all reasonable steps to address the error as soon as possible, to include payment of wages due to the employee by the next regularly scheduled payroll date.",UNCLEAR,exception,1,,,,,,
SEIU1199_0223,SEIU1199NW_MultiCare_GoodSamaritan_2022_2025,25,PTO accruals are to be accessed for all absences except for those that meet EIT criteria as set forth herein.,UNCLEAR,exception,1,,,,,,
SEIU1199_0177,SEIU1199NW_MultiCare_GoodSamaritan_2022_2025,22,Employees electing benefits will be subject to the benefit plan conditions and requirements. 8.7 Job Descriptions.,UNCLEAR,exception,1,,,,,,
SEIU1199_0449,SEIU1199NW_MultiCare_GoodSamaritan_2022_2025,63,Disputes under this Letter of Agreement will not be subject to the grievance process set forth in the Hospital’s and the Union’s Collective Bargaining Agreement.,UNCLEAR,exception,1,,,,,,
