sentence_id,source_doc,page_num,raw_text,predicted_type,signals,confidence_score,is_constraint,constraint_type,entities,threshold,exception,notes
UCSF_CIR_0214,UCSF_CIR_2022_2025,26,"DocuSign Envelope ID: D9D1EECC-B3CA-4D37-B5A6-82BF8FCCB914 Except in cases specifically relevant to training, Residents and Fellows shall not regularly and recurrently perform duties that are extraneous to their program(s)’ educational goals and objectives, clinical mission, or normally assigned to positions in other classifications.",HARD,deontic:prohibition|deontic:obligation|exception,3,,,,,,
UCSF_CIR_0067,UCSF_CIR_2022_2025,11,"Decisions or judgments by the University, including Disciplinary Actions, related to all academic or clinical matters, as defined in subparagraph A.5 below, shall not be subject to review under the grievance and arbitration procedure set forth in this Agreement.",HARD,deontic:prohibition|deontic:obligation|exception,3,,,,,,
UCSF_CIR_0104,UCSF_CIR_2022_2025,14,"In the event an arbitrator, as a result of the arbitrability hearing referenced above, determines a matter to be arbitrable, they shall have no authority to decide the issues pursuant to the facts of the case unless the parties agree otherwise. 3.",HARD,deontic:obligation|exception,3,,,,,,
UCSF_CIR_0103,UCSF_CIR_2022_2025,14,"The issue(s) of arbitrability shall be resolved in a hearing prior to and separate from the hearing (if any) about the substantive facts and/or allegations in dispute, except as provided in §C.3., below.",HARD,deontic:obligation|exception,3,,,,,,
UCSF_CIR_0340,UCSF_CIR_2022_2025,49,"Access: The Union shall have reasonable access to all work locations to verify that the terms and conditions of this MOU are being carried out and for the purpose of conferring with interns and residents, provided that access shall be subject to such rules and regulations as may be agreed to in writing by the Department and the Union. 9.",HARD,deontic:obligation|deontic:permission|exception,3,,,,,,
UCSF_CIR_0085,UCSF_CIR_2022_2025,12,"Time limits may be extended by mutual agreement of the Parties in writing in advance of the expiration of the time limits, except the Step I deadline for filing a formal grievance.",SOFT,deontic:permission|exception,3,,,,,,
UCSF_CIR_0355,UCSF_CIR_2022_2025,50,The Hospital shall ensure that printer paper is restocked and that HIPAA bins and trash cans are emptied a minimum of 3 times per week.,HARD,deontic:obligation|threshold,3,,,,,,
UCSF_CIR_0069,UCSF_CIR_2022_2025,11,"Academic and/or Clinical decisions and academic and/or administrative actions shall only be subject to review as provided under the [UC Location’s] Academic Due Process Policy, the location policy may not restrict a Resident from having a representative of their choosing (Union or otherwise selected) at the hearing. 5.",HARD,deontic:obligation|deontic:restriction|deontic:permission|exception,3,,,,,,
UCSF_CIR_0361,UCSF_CIR_2022_2025,50,Such proposed overall changes which affect Interns & Residents parking shall be subject to meet and confer. 3,HARD,deontic:obligation|exception,3,,,,,,
UCSF_CIR_0035,UCSF_CIR_2022_2025,8,"Room reservations shall not be canceled by the University except where unforeseen circumstances require the room to be used for purposes including, but not limited to, teaching, patient care-related purposes, or staff conferences.",HARD,deontic:prohibition|deontic:obligation|exception,3,,,,,,
UCSF_CIR_0061,UCSF_CIR_2022_2025,10,"Article 10: PROGRAM CLOSURE In the event of a program closure, the University shall follow all Accreditation Council for Graduate Medical Education (ACGME) guidelines “regarding program closure/reduction” by making a reasonable effort to assist any affected residents in enrolling in another accredited residency or fellowship training program.",HARD,deontic:obligation|exception,3,,,,,,
UCSF_CIR_0059,UCSF_CIR_2022_2025,10,Alleged violations of this sub-article may be grieved up to the Step 2 level but shall not be subject to the arbitration procedure under this Agreement.,HARD,deontic:prohibition|deontic:obligation|deontic:permission|exception,3,,,,,,
UCSF_CIR_0052,UCSF_CIR_2022_2025,9,"At the written request of the Union to UCSF Labor Relations, the University shall meet and discuss the proposed change with the Union, except that if the proposed change has an economic impact on the Residents and Fellows the University shall be obligated to meet and confer over the economic impact of the proposed change.",HARD,deontic:obligation|exception,3,,,,,,
UCSF_CIR_0384,UCSF_CIR_2022_2025,53,"Subject to the City’s Office of Contract Administration purchasing requirements and the availability of the requested item(s), all item(s) will be purchased within six months from the date the SFGH Materials Management receives the completed purchasing request (including any necessary supporting documentation) and has confirmed that the item(s) may be obtained from a City-approved vendor.",SOFT,deontic:permission|exception,3,,,,,,
UCSF_CIR_0042,UCSF_CIR_2022_2025,8,"During the GME New Resident and Fellow Orientations the Union shall be granted no less than 30 minutes to give a presentation on the Union, the benefits of union membership and the collective bargaining agreement.",HARD,deontic:obligation|threshold,3,,,,,,
UCSF_CIR_0386,UCSF_CIR_2022_2025,53,"Should the Director of Public Health or designee reject a proposal, written notice will be provided to the Committee within 30 days.",SOFT,deontic:preference|threshold,3,,,,,,
UCSF_CIR_0111,UCSF_CIR_2022_2025,14,"The arbitration hearing shall be closed to the public, unless the parties otherwise agree in writing. 9.",HARD,deontic:obligation|exception,3,,,,,,
UCSF_CIR_0115,UCSF_CIR_2022_2025,14,Expenses for other services or facilities shall be borne by the party requesting such services or facilities unless the parties agree otherwise in advance.,HARD,deontic:obligation|exception,3,,,,,,
UCSF_CIR_0117,UCSF_CIR_2022_2025,14,"Unless there is an agreement by both parties to modify the scope of the arbitration, the issues(s) to be heard by the arbitrator shall solely be restricted to the Article(s) filed with the grievance.",HARD,deontic:obligation|exception,3,,,,,,
UCSF_CIR_0120,UCSF_CIR_2022_2025,15,"In the event that the University raises the issue of arbitrability, the parties agree that the question of arbitrability shall be addressed prior to the hearing on the merits (if any) by different arbitrators unless otherwise agreed to by the parties.",HARD,deontic:obligation|exception,3,,,,,,
UCSF_CIR_0122,UCSF_CIR_2022_2025,15,"Should an arbitrator determine that the underlying matter is not subject to arbitration under the contract, the substantive facts of the case shall not be heard and the Step II response of the University shall be deemed the final response to the matter.",HARD,deontic:prohibition|deontic:obligation|deontic:preference|exception,3,,,,,,
UCSF_CIR_0126,UCSF_CIR_2022_2025,15,"If the grievance is sustained in whole or in part, and subject to the limitations set forth in the paragraph below, the remedy shall not exceed restoring to the Resident the pay, benefits, or rights lost as a result of a violation of the Agreement, less any compensation and/or benefits received from any source, including, but not limited to Workers’ Compensation and/or unemployment benefits, etc. 2.",HARD,deontic:prohibition|deontic:obligation|exception,3,,,,,,
UCSF_CIR_0129,UCSF_CIR_2022_2025,15,"The decision shall be distributed to the parties within thirty (30) calendar days of the close of the record of the arbitration, unless the arbitrator notifies the parties that the time frame cannot be met. 4.",HARD,deontic:obligation|exception,3,,,,,,
UCSF_CIR_0133,UCSF_CIR_2022_2025,16,"Whenever an arbitration hearing or a meeting convened to resolve the arbitration is scheduled during the regular work time of a Resident who is a grievant, representative, or witness, reasonable release time with pay shall be granted to such Resident(s) involved so long as a written request for release time is received at least 24 hours in advance by the Director of Labor Relations or designee. 2.",HARD,deontic:obligation|threshold,3,,,,,,
UCSF_CIR_0294,UCSF_CIR_2022_2025,37,Employee organizations are required to register with the Labor and Employee Relations office. 1 Local Access Guidelines for the CIR-SEIU Unit are subject to negotiations Page 1 of 5,HARD,deontic:obligation|exception,3,,,,,,
UCSF_CIR_0290,UCSF_CIR_2022_2025,36,All requests for release time shall be subject to operational need and shall not be unreasonably denied. 35,HARD,deontic:prohibition|deontic:obligation|exception,3,,,,,,
UCSF_CIR_0168,UCSF_CIR_2022_2025,18,"As an alternative to or in addition to PDL, the University may temporarily modify the job duties of a pregnant Resident or transfer the Resident to a less strenuous or hazardous position, if requested by the Resident and medically advisable according to the Resident’s health care provider, provided that the temporary transfer or modification of duties can be reasonably accommodated by the University.",SOFT,deontic:permission|exception,3,,,,,,
UCSF_CIR_0259,UCSF_CIR_2022_2025,32,Any Resident or Fellow who violates this Article may be subject to disciplinary action up to and including termination of employment.,SOFT,deontic:permission|exception,3,,,,,,
UCSF_CIR_0182,UCSF_CIR_2022_2025,21,Leave granted for bonding purposes shall be concluded within 12 months following the child’s birth or placement for adoption or foster care. 2.,HARD,deontic:obligation|threshold,3,,,,,,
UCSF_CIR_0233,UCSF_CIR_2022_2025,28,"Effective July 1, 2023, the University shall limit annual parking rate increases to no more than 10% annually.",HARD,deontic:obligation|threshold,3,,,,,,
UCSF_CIR_0201,UCSF_CIR_2022_2025,24,Duration of Leave FML shall not exceed twelve (12) workweeks in any calendar year except in the following instances:,HARD,deontic:prohibition|deontic:obligation|exception,3,,,,,,
UCSF_CIR_0205,UCSF_CIR_2022_2025,24,"(1) fiscal year, provided that the Resident has completed twelve (12) months of continuous University service immediately prior to the granting of the leave (all prior full-time military service shall be included in calculating this University service requirement) and provided that the aggregate of payments for temporary Military Leave, Extended Military Leave and Military Leave for Physical Examination do not exceed thirty (30) calendar days' pay in any one",HARD,deontic:obligation|exception,3,,,,,,
UCSF_CIR_0219,UCSF_CIR_2022_2025,26,"Alleged violations of this provision article may be grieved up to Step 2 level, but shall not be subject to the arbitration procedure under this Agreement.",HARD,deontic:prohibition|deontic:obligation|deontic:permission|exception,3,,,,,,
UCSF_CIR_0392,UCSF_CIR_2022_2025,53,(3) months of rotation at SFGH shall repay the reimbursement funds received within 90 days of leaving the rotation. 6,HARD,deontic:obligation|threshold,3,,,,,,
UCSF_CIR_0215,UCSF_CIR_2022_2025,26,Alleged violations of this provision article may be grieved up to the Step 2 level and shall not be subject to the arbitration procedure under this Agreement.,HARD,deontic:prohibition|deontic:obligation|deontic:permission|exception,3,,,,,,
UCSF_CIR_0399,UCSF_CIR_2022_2025,54,"Discipline, discharge, and matters not expressly covered by this Agreement shall not be subject to the grievance procedure. b.",HARD,deontic:prohibition|deontic:obligation|exception,3,,,,,,
UCSF_CIR_0003,UCSF_CIR_2022_2025,4,"This agreement shall be automatically renewed and extended year to year and thereafter without additions, changes or amendments, unless either party serves notice in writing to the other party no less than ninety (90) days before the end of the duration term, to change, amend or add to this Agreement.",HARD,deontic:obligation|exception,3,,,,,,
UCSF_CIR_0394,UCSF_CIR_2022_2025,54,Interns & Residents may use multiple fund sources to receive up to 100 percent reimbursement for items noted in paragraph 24(f).,SOFT,deontic:permission|threshold,3,,,,,,
UCSF_CIR_0395,UCSF_CIR_2022_2025,54,Under no circumstances may Interns & Residents use multiple fund sources to be reimbursed for more than 100 percent of any purchase. j.,SOFT,deontic:permission|threshold,3,,,,,,
UCSF_CIR_0412,UCSF_CIR_2022_2025,55,"Except when a statement of facts mutually agreeable to the grievant and the City is submitted to the arbitrator, it shall be the duty of the arbitrator to hear and consider facts submitted by the parties. iii.",HARD,deontic:obligation|exception,3,,,,,,
UCSF_CIR_0274,UCSF_CIR_2022_2025,34,(3) clean sets of scrubs shall also be provided at the UCSF hospital sites and made available from scrub machines.,HARD,deontic:obligation,2,,,,,,
UCSF_CIR_0283,UCSF_CIR_2022_2025,35,"However, an anteroom or lounge area connected to a restroom may be sufficient if the space is private, free from intrusion, and can be locked and shielded from view.",SOFT,deontic:permission,2,,,,,,
UCSF_CIR_0282,UCSF_CIR_2022_2025,35,"In any event, issues related to this article may be discussed in a labor-management meeting.",SOFT,deontic:permission,2,,,,,,
UCSF_CIR_0281,UCSF_CIR_2022_2025,35,"The University will allow adequate time for a Resident to express breast milk, during which the Resident shall not be expected to work.",HARD,deontic:prohibition|deontic:obligation,2,,,,,,
UCSF_CIR_0280,UCSF_CIR_2022_2025,35,"In accordance with UC Policy, local procedures, and prevailing law, lactation rooms or other comparable space shall be provided in proximity to the work area for UC-owned facilities.",HARD,deontic:obligation,2,,,,,,
UCSF_CIR_0279,UCSF_CIR_2022_2025,35,A Resident or fellow shall only receive this allotment once during the course of their employment.,HARD,deontic:obligation,2,,,,,,
UCSF_CIR_0278,UCSF_CIR_2022_2025,35,Residents and Fellows will have to provide proof of eligible expenses and should consult with the UCSF policy on relocation reimbursement for more details.,SOFT,deontic:preference,2,,,,,,
UCSF_CIR_0276,UCSF_CIR_2022_2025,34,"Where the University provides a Resident lounge, it shall be equipped with a hospital phone, microwave, refrigerator, utensils, coffee machine, seating, and computers with internet access.",HARD,deontic:obligation,2,,,,,,
UCSF_CIR_0275,UCSF_CIR_2022_2025,34,The University shall take reasonable steps to ensure that scrub machines are maintained and operational.,HARD,deontic:obligation,2,,,,,,
UCSF_CIR_0393,UCSF_CIR_2022_2025,54,"Interns & Residents must use the City and County of San Francisco, Department of Public Health reimbursement process to submit reimbursement requests electronically.",HARD,deontic:obligation,2,,,,,,
UCSF_CIR_0271,UCSF_CIR_2022_2025,33,"At the request of the Union, the University shall meet and confer over the proposed changes.",HARD,deontic:obligation,2,,,,,,
UCSF_CIR_0285,UCSF_CIR_2022_2025,35,"Likewise, the University shall not discriminate or retaliate against a Resident for requesting or taking Family and Medical Leave. 2.",HARD,deontic:prohibition|deontic:obligation,2,,,,,,
UCSF_CIR_0269,UCSF_CIR_2022_2025,33,"To the extent the Housestaff Information Booklet and this Agreement conflict, this Agreement shall control.",HARD,deontic:obligation,2,,,,,,
UCSF_CIR_0268,UCSF_CIR_2022_2025,32,"If the parties do not reach agreement in the negotiations, the impasse procedures pursuant to HEERA shall apply. 31",HARD,deontic:obligation,2,,,,,,
UCSF_CIR_0267,UCSF_CIR_2022_2025,32,An agreement resulting from such negotiations shall be executed in writing and shall become an addendum to this agreement.,HARD,deontic:obligation,2,,,,,,
UCSF_CIR_0266,UCSF_CIR_2022_2025,32,The parties shall undertake negotiations regarding the impact of such changes on Residents and Fellows when both of the following exist: a.,HARD,deontic:obligation,2,,,,,,
UCSF_CIR_0265,UCSF_CIR_2022_2025,32,"For other changes, the University shall provide notice to the Union of the proposed changes at least thirty (30) days prior to their proposed implementation.",HARD,deontic:obligation,2,,,,,,
UCSF_CIR_0418,UCSF_CIR_2022_2025,55,"All fees and expenses of the arbitrator and court reporter and report, if any, shall be borne and paid in full and shared equally by the parties.",HARD,deontic:obligation,2,,,,,,
UCSF_CIR_0264,UCSF_CIR_2022_2025,32,"With respect to other matters within the scope of negotiations not covered by the Agreement, negotiations may be required during the term of this agreement, but only as provided below. 1.",SOFT,deontic:permission,2,,,,,,
UCSF_CIR_0270,UCSF_CIR_2022_2025,33,"If the University desires to change any provision in the Housestaff Information Booklet that falls within the scope of representation, and assuming the change does not conflict with any provision in this Agreement, the University shall provide notice of the proposed changes to the Union.",HARD,deontic:obligation,2,,,,,,
UCSF_CIR_0287,UCSF_CIR_2022_2025,36,(3) union members shall be granted release time to attend the GME new resident orientation in accordance with Article 5.,HARD,deontic:obligation,2,,,,,,
UCSF_CIR_0286,UCSF_CIR_2022_2025,36,Grievances Alleged violations of this article may only be grieved through step 2 of the Grievance process and shall not be eligible for arbitration.,HARD,deontic:prohibition|deontic:obligation|deontic:permission,2,,,,,,
UCSF_CIR_0298,UCSF_CIR_2022_2025,39,"In locations where employee mail boxes exist, employee organizations and their representatives may reasonably use such boxes, provided the boxes are not located in a confidential and/or restricted area.",SOFT,deontic:permission,2,,,,,,
UCSF_CIR_0306,UCSF_CIR_2022_2025,40,Postings must be on letterhead and/or include the name of the responsible organization and/or individual.,HARD,deontic:obligation,2,,,,,,
UCSF_CIR_0305,UCSF_CIR_2022_2025,39,Postings must be no larger than the standard letter size of 8 ½ x 11 inches.,HARD,deontic:obligation,2,,,,,,
UCSF_CIR_0303,UCSF_CIR_2022_2025,39,"No literature or other materials may be affixed anywhere else, such as walls, floors, ceilings, elevators, or stairwells at any time.",SOFT,deontic:permission,2,,,,,,
UCSF_CIR_0415,UCSF_CIR_2022_2025,55,"The arbitrator shall have no authority to add to, subtract from, or modify the terms of this Agreement.",HARD,deontic:obligation,2,,,,,,
UCSF_CIR_0302,UCSF_CIR_2022_2025,39,Bulletin Boards Written materials may be posted on general purpose bulletin boards or pre-designated employee organization bulletin boards only; bulletin boards specifically designated for official University business may not be utilized by employee organizations and their representatives.,SOFT,deontic:restriction|deontic:permission,2,,,,,,
UCSF_CIR_0301,UCSF_CIR_2022_2025,39,"Additionally, the University may request employee organizations and their representatives to state the nature of their visit.",SOFT,deontic:permission,2,,,,,,
UCSF_CIR_0300,UCSF_CIR_2022_2025,39,"If such contacts are made while employees are at the University, they should occur only in non-restricted areas and in accordance with these Guidelines.",SOFT,deontic:preference,2,,,,,,
UCSF_CIR_0299,UCSF_CIR_2022_2025,39,"All persons on University property are required to wear the official identification provided for this purpose (i.e. name tag, identification badge, etc.) and to identify themselves upon request of University officials acting in the performance of their duties B.",HARD,deontic:obligation,2,,,,,,
UCSF_CIR_0297,UCSF_CIR_2022_2025,38,"Meeting Areas Available for Use by Employee Organizations and their Representatives Employee organizations and their representatives may schedule meeting rooms to conduct meetings for gatherings, solicitations, and events when such meeting rooms are not in use for University purposes, such as teaching, learning, research, patient care, or other official University business.",SOFT,deontic:permission,2,,,,,,
UCSF_CIR_0261,UCSF_CIR_2022_2025,32,"In the event there is a threatened or actual strike, work stoppage, sickout, slowdown, boycotting, interruption of work, or any other activity in violation of this Agreement, the Union shall immediately give notice to all residents and fellows in the unit stating that they must cease their violation of this Agreement.",HARD,deontic:obligation|deontic:obligation,2,,,,,,
UCSF_CIR_0296,UCSF_CIR_2022_2025,38,This shall include patient drop off and pick up locations that may be at or near these front entrances.,HARD,deontic:obligation|deontic:permission,2,,,,,,
UCSF_CIR_0295,UCSF_CIR_2022_2025,38,"Zion Hospitals, in front of the main entrance to the Ambulatory Care Center, the entrances to other inpatient or outpatient clinics or additional hospitals or clinics that may be built or occupied in the future.",SOFT,deontic:permission,2,,,,,,
UCSF_CIR_0416,UCSF_CIR_2022_2025,55,The award of the arbitrator shall be final and binding. v.,HARD,deontic:obligation,2,,,,,,
UCSF_CIR_0292,UCSF_CIR_2022_2025,37,"In the event these rules conflict with a Memorandum of Understanding, the Memorandum of Understanding shall control.",HARD,deontic:obligation,2,,,,,,
UCSF_CIR_0291,UCSF_CIR_2022_2025,37,"In such cases, the appropriate contract or policy provisions shall apply.",HARD,deontic:obligation,2,,,,,,
UCSF_CIR_0417,UCSF_CIR_2022_2025,55,Each party shall bear its own expenses in connection therewith.,HARD,deontic:obligation,2,,,,,,
UCSF_CIR_0289,UCSF_CIR_2022_2025,36,"CIR Executive Committee Upon advance request of no less than thirty (30) calendar days, any union member elected or appointed to CIR’s Executive committee shall be granted release time to attend the aforementioned committee’s quarterly meetings.",HARD,deontic:obligation,2,,,,,,
UCSF_CIR_0288,UCSF_CIR_2022_2025,36,"CIR National Convention Upon advance request of no less than forty-five (45) calendar days, elected CIR delegates shall be granted release time to attend CIR’s annual convention.",HARD,deontic:obligation,2,,,,,,
UCSF_CIR_0263,UCSF_CIR_2022_2025,32,The University and the Union agree for the term of this Agreement each voluntarily and unequivocally waives the right and shall not be obligated to bargain collectively with respect to any subject matter referred to or covered in this agreement.,HARD,deontic:prohibition|deontic:obligation,2,,,,,,
UCSF_CIR_0419,UCSF_CIR_2022_2025,55,Transcript costs shall be paid separately by the party requesting the transcript.,HARD,deontic:obligation,2,,,,,,
UCSF_CIR_0260,UCSF_CIR_2022_2025,32,"The Union shall not in any way authorize, assist, encourage, participate in, sanction, ratify, condone, or lend support to any activities in violation of this article.",HARD,deontic:prohibition|deontic:obligation,2,,,,,,
UCSF_CIR_0227,UCSF_CIR_2022_2025,27,In no event shall these discussions delay implementation of the University’s objectives.,HARD,deontic:obligation,2,,,,,,
UCSF_CIR_0236,UCSF_CIR_2022_2025,28,The University shall provide notice to the Union of any proposed change to this practice at least thirty (30) days prior to the proposed implementation of the change.,HARD,deontic:obligation,2,,,,,,
UCSF_CIR_0234,UCSF_CIR_2022_2025,28,"Parking taxes, fees, or surcharges imposed by governmental entities or authorities outside of the University shall not be governed by this cap and shall be passed on directly to residents in accordance with such laws/regulations.",HARD,deontic:prohibition|deontic:obligation,2,,,,,,
UCSF_CIR_0421,UCSF_CIR_2022_2025,55,"On or before September 1, 2022, the City and the Union shall meet to discuss transferring, and incorporating, the terms of this Letter Agreement into the UCSF-CIR MOU to become effective July 1, 2023.",HARD,deontic:obligation,2,,,,,,
UCSF_CIR_0231,UCSF_CIR_2022_2025,28,"When a Resident is reassigned and travels to a different location during a shift, the Resident may use University shuttles.",SOFT,deontic:permission,2,,,,,,
UCSF_CIR_0230,UCSF_CIR_2022_2025,27,The University shall be allowed to implement any change in monthly rates of contribution after ninety (90) days from notice to the Union if further delay would prevent the University from implementing the change(s) for the designing plan year.,HARD,deontic:obligation,2,,,,,,
UCSF_CIR_0422,UCSF_CIR_2022_2025,55,"Duration of Letter Agreement: This Letter Agreement shall be in effect July 1, 2022 through June 30, 2023.",HARD,deontic:obligation,2,,,,,,
UCSF_CIR_0229,UCSF_CIR_2022_2025,27,The Parties agree that ninety (90) days should be sufficient notice to complete any meet and confer process.,SOFT,deontic:preference,2,,,,,,
UCSF_CIR_0228,UCSF_CIR_2022_2025,27,The University may also alter the monthly rates of contribution by Residents.,SOFT,deontic:permission,2,,,,,,
UCSF_CIR_0424,UCSF_CIR_2022_2025,55,"Notice of the desire to renegotiate must be given at least one hundred and twenty (120) days before June 30. 07/07/2022 DATED: ________, 2022 ___________________________ DR.",HARD,deontic:obligation,2,,,,,,
UCSF_CIR_0238,UCSF_CIR_2022_2025,28,General Eligibility: To be eligible for reimbursement under this provision a Resident or Fellow must meet both of the following requirements: 27,HARD,deontic:obligation,2,,,,,,
UCSF_CIR_0226,UCSF_CIR_2022_2025,27,"The University may, at its option, alter its health and welfare programs.",SOFT,deontic:permission,2,,,,,,
UCSF_CIR_0225,UCSF_CIR_2022_2025,27,"Effective July 1, 2022, the University shall provide access to a commuter expense FSA for Residents.",HARD,deontic:obligation,2,,,,,,
UCSF_CIR_0224,UCSF_CIR_2022_2025,27,The University shall continue to provide access to FSA plans for Child Care and Medical Expenses.,HARD,deontic:obligation,2,,,,,,
UCSF_CIR_0223,UCSF_CIR_2022_2025,27,The plan shall include an option for guaranteed standard issue disability insurance.,HARD,deontic:obligation,2,,,,,,
UCSF_CIR_0222,UCSF_CIR_2022_2025,26,"An employee on an approved Family and Medical Leave (FML) shall be entitled, if eligible, to continue participation in health benefit coverage (medical, dental, and vision) as if on pay status. 25",HARD,deontic:obligation,2,,,,,,
UCSF_CIR_0220,UCSF_CIR_2022_2025,26,"Article 19: WELL-BEING COMMITTEE Upon the creation of the UCSF GME Well-being Committee, the Union shall be allowed to appoint at least one",HARD,deontic:obligation,2,,,,,,
UCSF_CIR_0218,UCSF_CIR_2022_2025,26,"During other protected education time (didactics, conferences, courses, simulations, computer training sessions and orientation days), Residents and Fellows shall be released from clinical duties to the furthest extent practicable.",HARD,deontic:obligation,2,,,,,,
UCSF_CIR_0217,UCSF_CIR_2022_2025,26,"During research and elective rotations, trainees may still participate in clinical duties.",SOFT,deontic:permission,2,,,,,,
UCSF_CIR_0237,UCSF_CIR_2022_2025,28,The parties shall undertake negotiations regarding the impact of the change on Residents and Fellows where the Union makes a request to negotiate with the University within fifteen (15) calendar days of the date of the University’s notice.,HARD,deontic:obligation,2,,,,,,
UCSF_CIR_0239,UCSF_CIR_2022_2025,29,The Resident or Fellow must be appointed through the Office of Graduate Medical Education in a residency or fellowship training program for the relevant academic year; and; 2.,HARD,deontic:obligation,2,,,,,,
UCSF_CIR_0307,UCSF_CIR_2022_2025,40,Postings must be dated with the current month and year of posting.,HARD,deontic:obligation,2,,,,,,
UCSF_CIR_0420,UCSF_CIR_2022_2025,55,"If parties mutually request, and the arbitrator agrees, a court reporter may not be required. 26.",SOFT,deontic:restriction|deontic:permission,2,,,,,,
UCSF_CIR_0258,UCSF_CIR_2022_2025,32,"During the term of this Agreement or any extension thereof, the Union its officers, agents, and unit members agree that they shall not in any way participate in or lend support to any strikes, including sympathy strikes, or other work stoppages, sickouts, slowdowns, boycotting or interruption of work or any other activity which would interfere with the operations of the University.",HARD,deontic:prohibition|deontic:obligation,2,,,,,,
UCSF_CIR_0257,UCSF_CIR_2022_2025,31,"Additionally, during the term of this Agreement or any extension thereof, the Union, on behalf of its officers, agents, and unit members, agrees that there shall be no strikes, work stoppages, sickouts, slowdowns, boycotting, interruption of work, or any other activity which would interfere with the operations of the University. 30",HARD,deontic:obligation,2,,,,,,
UCSF_CIR_0256,UCSF_CIR_2022_2025,31,"Effective July 1, 2024, salaries shall be increased by 5.0%.",HARD,deontic:obligation,2,,,,,,
UCSF_CIR_0255,UCSF_CIR_2022_2025,31,"Effective July 1, 2023, salaries shall be increased by 5.0% 3.",HARD,deontic:obligation,2,,,,,,
UCSF_CIR_0254,UCSF_CIR_2022_2025,31,"Effective July 1, 2022, salaries shall be increased 6.0%. 2.",HARD,deontic:obligation,2,,,,,,
UCSF_CIR_0252,UCSF_CIR_2022_2025,30,"A Resident or Fellow who, during the term of this Agreement, successfully completes his or her services for a year and is reappointed to serve for an additional year in that particular program shall be advanced to the next higher PGY in that program.",HARD,deontic:obligation,2,,,,,,
UCSF_CIR_0251,UCSF_CIR_2022_2025,30,"Prior to making any reduction to said meal allowances, the University shall provide notice to the Union prior to implementation; and upon written request by the Union, the University shall meet and discuss the change.",HARD,deontic:obligation,2,,,,,,
UCSF_CIR_0250,UCSF_CIR_2022_2025,29,Any unspent meal money shall rollover from month to month but any unspent funds shall be removed from the account quarterly.,HARD,deontic:obligation,2,,,,,,
UCSF_CIR_0249,UCSF_CIR_2022_2025,29,"Meal Allowances: Residents and Fellows on a rotation at a UCSF owned and operated facility shall receive a meal allowance of $300/month for use in UCSF cafeteria facilities, meal vending machines, and coffee shops; this amount shall continue to be prorated based on rotation assignment.",HARD,deontic:obligation,2,,,,,,
UCSF_CIR_0240,UCSF_CIR_2022_2025,29,The Resident or Fellow must have an active appointment on the date payment was made to the Medical Board of California or Federation of State Medical Boards.,HARD,deontic:obligation,2,,,,,,
UCSF_CIR_0248,UCSF_CIR_2022_2025,29,"Prior to making any reduction to said benefits, the University shall provide notice to the Union prior to implementation; and upon request by the Union the University shall meet and discuss the change.",HARD,deontic:obligation,2,,,,,,
UCSF_CIR_0247,UCSF_CIR_2022_2025,29,Programs that provide or elect to provide additional benefits: Programs may provide funds to Residents and Fellows for educational purposes.,SOFT,deontic:permission,2,,,,,,
UCSF_CIR_0246,UCSF_CIR_2022_2025,29,UCSF may modify the process for seeking reimbursement with notice to the Union.,SOFT,deontic:permission,2,,,,,,
UCSF_CIR_0245,UCSF_CIR_2022_2025,29,Reimbursement forms shall be provided and handled by University administration.,HARD,deontic:obligation,2,,,,,,
UCSF_CIR_0244,UCSF_CIR_2022_2025,29,"Reimbursement Process: Residents and Fellows must provide documentation of any costs incurred for which they seek reimbursement, along with submitting a filled request for reimbursement form.",HARD,deontic:obligation,2,,,,,,
UCSF_CIR_0243,UCSF_CIR_2022_2025,29,"USMLE Step III: In order to be eligible for reimbursement for USMLE Step III exam fees, the examination date must occur within the academic year in which reimbursement is sought.",HARD,deontic:obligation,2,,,,,,
UCSF_CIR_0242,UCSF_CIR_2022_2025,29,"In order to be eligible for reimbursement for a license renewal, the license expiration date must be within the academic year in which reimbursement is sought.",HARD,deontic:obligation,2,,,,,,
UCSF_CIR_0241,UCSF_CIR_2022_2025,29,Licenses: In order to be eligible for reimbursement for new licenses (application and processing fees) the issue date of the license must be within the academic year in which reimbursement is sought.,HARD,deontic:obligation,2,,,,,,
UCSF_CIR_0414,UCSF_CIR_2022_2025,55,The arbitrator shall have jurisdiction only over disputes arising out of grievances as defined herein.,HARD,deontic:obligation,2,,,,,,
UCSF_CIR_0413,UCSF_CIR_2022_2025,55,It shall be the duty of the arbitrator to hold said hearing within forty-five (45) calendar days of written acceptance of appointment as the arbitrator. iv.,HARD,deontic:obligation,2,,,,,,
UCSF_CIR_0308,UCSF_CIR_2022_2025,40,Employee organizations and their representatives may engage in reasonable activities such as leafleting and setting up literature tables in non-restrictive areas.,SOFT,deontic:permission,2,,,,,,
UCSF_CIR_0357,UCSF_CIR_2022_2025,50,"Interns & Residents, when faced with possible bodily harm without provision of adequate security, may leave the location and immediately take responsibility to notify security and take any other appropriate steps to resolve the situation. b.",SOFT,deontic:permission,2,,,,,,
UCSF_CIR_0364,UCSF_CIR_2022_2025,51,These shall be available on an annual basis at SFGH Medical Center. 19.,HARD,deontic:obligation,2,,,,,,
UCSF_CIR_0363,UCSF_CIR_2022_2025,51,"CPR: The Hospital shall provide, free of charge, a course in basic CPR and Advanced Cardiac Life Support in accordance with the standards of the American Heart Association.",HARD,deontic:obligation,2,,,,,,
UCSF_CIR_0400,UCSF_CIR_2022_2025,54,In no event shall a grievance include a claim for money relief for more than a thirty (30) working day period prior to the initiation of the grievance. ii.,HARD,deontic:obligation,2,,,,,,
UCSF_CIR_0360,UCSF_CIR_2022_2025,50,"However, nothing in this section shall limit the Hospital’s right to make overall changes in parking arrangements which would affect all non-management Hospital employees including interns and residents – e.g., instituting paid parking, building new parking facilities and/or eliminating existing facilities.",HARD,deontic:obligation,2,,,,,,
UCSF_CIR_0401,UCSF_CIR_2022_2025,54,"The Union, a Resident or Intern, or a group of Residents or Interns shall submit a written statement of the grievance to the DPH Director of Human Resources/Labor Relations or his/her designee within thirty (30) calendar days of the facts or event giving rise to the grievance, or within thirty (30) calendar days from such time as the employee or Union should have known of the occurrence thereof.",HARD,deontic:obligation|deontic:preference,2,,,,,,
UCSF_CIR_0359,UCSF_CIR_2022_2025,50,Any changes in current Interns & Residents parking privileges shall be by mutual agreement of the Hospital and the Union.,HARD,deontic:obligation,2,,,,,,
UCSF_CIR_0402,UCSF_CIR_2022_2025,54,"In cases alleging sexual harassment, the time limit during which to file a grievance shall be four",HARD,deontic:obligation,2,,,,,,
UCSF_CIR_0358,UCSF_CIR_2022_2025,50,The Hospital shall provide a total of no more than sixty-five (65) entries per day for Interns & Residents who are on call at the Hospital.,HARD,deontic:obligation,2,,,,,,
UCSF_CIR_0356,UCSF_CIR_2022_2025,50,"These facilities may also be used by the Union business representative, but are in no way for the reserved or exclusive use of any Union representative. 14.",SOFT,deontic:permission,2,,,,,,
UCSF_CIR_0367,UCSF_CIR_2022_2025,51,"The midnight meal arrangement shall continue, and SFGH shall deliver 50 meals, including vegetarian options, around 6:00 pm to the refrigerator in the Interns and Residents Lounge on the basement level of Building 5, seven",HARD,deontic:obligation,2,,,,,,
UCSF_CIR_0403,UCSF_CIR_2022_2025,54,"Mediation: Within thirty (30) days of the filing of the grievance, the parties shall request that the California State Mediation and Conciliation Service (“SMCS”) assign a mediator to help the parties resolve the grievance.",HARD,deontic:obligation,2,,,,,,
UCSF_CIR_0354,UCSF_CIR_2022_2025,50,Interns & Residents Lounge: The Hospital shall continue to provide bargaining unit members with a lounge on the basement level of Building 5 for their exclusive use.,HARD,deontic:obligation,2,,,,,,
UCSF_CIR_0353,UCSF_CIR_2022_2025,50,The problem shall be resolved as expeditiously as possible. 13.,HARD,deontic:obligation,2,,,,,,
UCSF_CIR_0352,UCSF_CIR_2022_2025,50,"In the event that appropriate work schedules and hours cannot be maintained at current staffing levels, in the judgment of the University and Department, the Department shall request additional funds for staffing for the appropriate job tasks from the Mayor and Board of Supervisors which shall make a good faith attempt to obtain and appropriate funds for the additional staffing as part of the annual budget process.",HARD,deontic:obligation,2,,,,,,
UCSF_CIR_0351,UCSF_CIR_2022_2025,50,The Committee will investigate strategies for achieving optimum patient care and high standards of training and shall be available as a resource to the service chiefs and Interns & Residents.,HARD,deontic:obligation,2,,,,,,
UCSF_CIR_0350,UCSF_CIR_2022_2025,50,The Hospital agrees that the Union may designate representatives to serve as official members of the committee. 12.,SOFT,deontic:permission,2,,,,,,
UCSF_CIR_0349,UCSF_CIR_2022_2025,50,"The Hospital, upon request, shall provide the Union that information which the Hospital is required to generate for Cal/OSHA requirements. g.",HARD,deontic:obligation|deontic:obligation,2,,,,,,
UCSF_CIR_0348,UCSF_CIR_2022_2025,50,"If the matter remains unresolved after submission to the Chair of the Hospital Health and Safety Committee, the matter may be submitted to the grievance procedure for final resolution. f.",SOFT,deontic:permission,2,,,,,,
UCSF_CIR_0366,UCSF_CIR_2022_2025,51,The Union recognizes that these passes are for the exclusive use of the individual to whom the pass is issued and that improper use or abuse of this privilege may result in the discontinuance of such privilege for that individual. b.,SOFT,deontic:permission,2,,,,,,
UCSF_CIR_0398,UCSF_CIR_2022_2025,54,"Definition of Grievance: A grievance shall be defined as any dispute which involves the interpretation or application of, or compliance with this Agreement.",HARD,deontic:obligation,2,,,,,,
UCSF_CIR_0346,UCSF_CIR_2022_2025,50,"The intern/resident or union may request the University to reassign the intern/resident until the alleged hazard is eliminated, and ii.",SOFT,deontic:permission,2,,,,,,
UCSF_CIR_0379,UCSF_CIR_2022_2025,52,"To be eligible, the resident must provide his/her anticipated second year schedule (and third year if necessary) at SFGH and confirm his/her good standing with his/her residency program.",HARD,deontic:obligation,2,,,,,,
UCSF_CIR_0390,UCSF_CIR_2022_2025,53,Interns & Residents must spend a minimum of three,HARD,deontic:obligation,2,,,,,,
UCSF_CIR_0389,UCSF_CIR_2022_2025,53,"Until such funds are exhausted, up to $322,000, but no more, of the Patient Care Fund may be used annually to fund and pay for: medical books and journals; resident wellness activities; projects and training; exams; wearable medical equipment; computer and digital equipment; medical software items for employees in the unit; and conference registration excluding travel and lodging. g.",SOFT,deontic:permission,2,,,,,,
UCSF_CIR_0388,UCSF_CIR_2022_2025,53,Any portion of the annual contribution not used at the end of the fiscal year shall not be carried forward to the following fiscal year. f.,HARD,deontic:prohibition|deontic:obligation,2,,,,,,
UCSF_CIR_0396,UCSF_CIR_2022_2025,54,Interns & Residents shall be reimbursed within three,HARD,deontic:obligation,2,,,,,,
UCSF_CIR_0383,UCSF_CIR_2022_2025,53,"Representatives of the DPH Labor Relations team and Materials Management shall attend all Committee meetings, provided they are given timely notice from the Union. c.",HARD,deontic:obligation,2,,,,,,
UCSF_CIR_0382,UCSF_CIR_2022_2025,53,Any SFGH intern or resident may make a request to the Committee.,SOFT,deontic:permission,2,,,,,,
UCSF_CIR_0381,UCSF_CIR_2022_2025,53,"The fund may also be used to support projects or initiatives that aim to improve patient satisfaction, safety, and the quality of care provided at SFGH.",SOFT,deontic:permission,2,,,,,,
UCSF_CIR_0380,UCSF_CIR_2022_2025,52,"Verification of anticipated schedule and good standing must be confirmed by the Residency Program Director, the Dean’s Office at SFGH, and approved by the Executive Administrator of the Hospital.",HARD,deontic:obligation,2,,,,,,
UCSF_CIR_0378,UCSF_CIR_2022_2025,52,Eligibility for the Medical License Expense Reimbursement shall be limited to second year residents.,HARD,deontic:obligation,2,,,,,,
UCSF_CIR_0368,UCSF_CIR_2022_2025,51,Interns & Residents may maintain a microwave oven in the Interns & Residents Lounge after appropriate inspection for electrical safety.,SOFT,deontic:permission,2,,,,,,
UCSF_CIR_0377,UCSF_CIR_2022_2025,52,"Residents who do not meet this criteria, but who can verify that they will average three or more months or rotations at SFGH during their second and third year shall be reimbursed as follows: 1.",HARD,deontic:obligation,2,,,,,,
UCSF_CIR_0376,UCSF_CIR_2022_2025,52,Residents who spend six or more months or rotations at SFGH in their second year shall be reimbursed fifty percent (50%) of the total cost of their medical license and application. iii.,HARD,deontic:obligation,2,,,,,,
UCSF_CIR_0397,UCSF_CIR_2022_2025,54,An account balance of the portion of the Patient Care Fund allocated to educational reimbursement shall be presented during the quarterly Patient Care Fund meeting. 25.,HARD,deontic:obligation,2,,,,,,
UCSF_CIR_0375,UCSF_CIR_2022_2025,52,Residents who spend three to six months or rotations at SFGH in their second year shall be reimbursed twenty-five percent (25%) of the total cost of their medical license and application. ii.,HARD,deontic:obligation,2,,,,,,
UCSF_CIR_0374,UCSF_CIR_2022_2025,52,Reimbursement shall be prorated as follows: i.,HARD,deontic:obligation,2,,,,,,
UCSF_CIR_0373,UCSF_CIR_2022_2025,52,"Nothing in this section shall be construed to require the Hospital to expend unreasonable funds, nor to purchase or provide additional, non-Hospital controlled database or subscription services. a.",HARD,deontic:obligation,2,,,,,,
UCSF_CIR_0371,UCSF_CIR_2022_2025,51,"It is recognized by the Union, however, that these designations may be ignored or altered by the Interns & Residents, and that the Hospital is not responsible for enforcing this provision.",SOFT,deontic:permission,2,,,,,,
UCSF_CIR_0369,UCSF_CIR_2022_2025,51,It shall be the responsibility of the Interns & Residents to maintain cleanliness and sanitation of the oven. d.,HARD,deontic:obligation,2,,,,,,
UCSF_CIR_0347,UCSF_CIR_2022_2025,50,"Upon request by the intern/resident, union or City, the matter shall be submitted to the Chair of the Hospital Health and Safety Committee for action. e.",HARD,deontic:obligation,2,,,,,,
UCSF_CIR_0345,UCSF_CIR_2022_2025,49,"Evaluation of whether a given risk is unacceptable shall be based upon all surrounding facts, including the practices and conditions at similar health care institutions in Northern California. d.",HARD,deontic:obligation,2,,,,,,
UCSF_CIR_0391,UCSF_CIR_2022_2025,53,Interns & Residents may apply for and receive educational reimbursement funds prior to completion of the required three,SOFT,deontic:permission,2,,,,,,
UCSF_CIR_0409,UCSF_CIR_2022_2025,55,The grievant’s representative and the City shall then alternately delete names from such list until only one,HARD,deontic:obligation,2,,,,,,
UCSF_CIR_0323,UCSF_CIR_2022_2025,41,Requests must include the following information: 1.,HARD,deontic:obligation,2,,,,,,
UCSF_CIR_0216,UCSF_CIR_2022_2025,26,"Therefore, academic activities including, but not limited to didactics, conferences, courses, simulations, computer training sessions, research activities, elective rotations and orientation days shall be protected to the furthest extent practical.",HARD,deontic:obligation,2,,,,,,
UCSF_CIR_0320,UCSF_CIR_2022_2025,41,Scheduling the Use of Meeting Areas/Tables & Chairs Employee organizations and their representatives shall follow the procedures below to schedule access to Non-Restricted Meeting Areas: A.,HARD,deontic:obligation,2,,,,,,
UCSF_CIR_0319,UCSF_CIR_2022_2025,41,Such mechanisms may be permitted in other designated picketing and demonstration areas to the extent they do not disrupt business operations or violate local ordinances.,SOFT,deontic:permission,2,,,,,,
UCSF_CIR_0408,UCSF_CIR_2022_2025,55,"If the grievant’s representative and the City are unable to agree on the selection of an arbitrator, they shall jointly request SMCS to submit a list of five",HARD,deontic:obligation,2,,,,,,
UCSF_CIR_0318,UCSF_CIR_2022_2025,41,"Zion Hospitals, the Ambulatory Care Center, other inpatient or outpatient clinics and additional hospitals or clinics that may be built or occupied in the future.",SOFT,deontic:permission,2,,,,,,
UCSF_CIR_0317,UCSF_CIR_2022_2025,41,"Drums, megaphones and/or amplified noises or sounds shall not be permitted in front of patient entrances to Long, Moffitt and Mt.",HARD,deontic:prohibition|deontic:obligation,2,,,,,,
UCSF_CIR_0316,UCSF_CIR_2022_2025,40,"While public sidewalks are available for public use, they must be kept available for normal pedestrian traffic at all times.",HARD,deontic:obligation,2,,,,,,
UCSF_CIR_0315,UCSF_CIR_2022_2025,40,"In addition to special use areas, employee organizations, with prior reservation and approval from Labor & Employee Relations, may set up tables for use as literature booths, voting venues, etc, only in the following areas: Laurel Heights 2nd floor corridor adjacent to the View Cafe o Mission Center Building lobby o Medical Sciences 1st Floor lobby o Mt.",SOFT,deontic:permission,2,,,,,,
UCSF_CIR_0325,UCSF_CIR_2022_2025,41,"When a room is utilized at a time not on the normal open/close schedule, charges may be levied for environmental conditioning, special cleaning, and opening/closing.",SOFT,deontic:permission,2,,,,,,
UCSF_CIR_0410,UCSF_CIR_2022_2025,55,"(1) name remains, and that person shall serve as the arbitrator.",HARD,deontic:obligation,2,,,,,,
UCSF_CIR_0314,UCSF_CIR_2022_2025,40,"Special use areas are available at the Parnassus and Mission Bay (Genentech Hall, Koret Quad and other Mission Bay sites) campuses, or any other location that may be identified by the University for special use in the future. 5.",SOFT,deontic:permission,2,,,,,,
UCSF_CIR_0313,UCSF_CIR_2022_2025,40,"Employee organizations may utilize special use areas for activities such as distributing information and table set-up when such activities are sponsored by Labor & Employee Relations and are consistent with use of University space policies and guidelines as described in the University of California Policies Applying to Campus Activities, Organizations and Students.",SOFT,deontic:permission,2,,,,,,
UCSF_CIR_0411,UCSF_CIR_2022_2025,55,Whether the employee representative and the City delete the first name in the alternating process of deleting names shall be determined by lot. ii.,HARD,deontic:obligation,2,,,,,,
UCSF_CIR_0312,UCSF_CIR_2022_2025,40,"At no time shall there be leafleting, demonstrating, picketing or the interference of ingress and egress at University parking structures or lots. 4.",HARD,deontic:obligation,2,,,,,,
UCSF_CIR_0311,UCSF_CIR_2022_2025,40,"While these areas are restricted as defined in Section III.D. above, it bears repeating that at no time shall there be picketing, demonstrating, leafleting or other activities at 505 Parnassus, Mt.",HARD,deontic:obligation,2,,,,,,
UCSF_CIR_0310,UCSF_CIR_2022_2025,40,Picketing and demonstrations shall be limited to public access areas only and may not take place on University property.,HARD,deontic:obligation|deontic:restriction|deontic:permission,2,,,,,,
UCSF_CIR_0309,UCSF_CIR_2022_2025,40,Such activities shall not interfere with or disrupt operations or impede ingress and egress at University facilities.,HARD,deontic:prohibition|deontic:obligation,2,,,,,,
UCSF_CIR_0324,UCSF_CIR_2022_2025,41,An employee organization’s failure to reimburse the University for costs associated with a reservation request may result in future requests being denied.,SOFT,deontic:permission,2,,,,,,
UCSF_CIR_0407,UCSF_CIR_2022_2025,54,The City and the Union must initiate the selection of an arbitrator and schedule the arbitration within thirty (30) calendar days of the union’s receipt of the date that one or both parties stated in writing 7,HARD,deontic:obligation,2,,,,,,
UCSF_CIR_0344,UCSF_CIR_2022_2025,49,"In determining whether a particular activity is hazardous or unsafe, the parties shall take into account the fact that the very nature of interns and residents work involves daily exposure to communicable diseases and highly infectious matter.",HARD,deontic:obligation,2,,,,,,
UCSF_CIR_0335,UCSF_CIR_2022_2025,48,"If UCSF/CIR add to or amend a provision in the UCSF/CIR MOU after the date of execution of this Letter Agreement, CIR agrees to promptly inform the City, and upon the request of one or both parties, the parties shall thereafter participate in reopener negotiations regarding the application of that provision to CIR members when they rotate to ZSFG. 4.",HARD,deontic:obligation,2,,,,,,
UCSF_CIR_0404,UCSF_CIR_2022_2025,54,The first day of mediation shall occur within sixty (60) days of the filing of the grievance.,HARD,deontic:obligation,2,,,,,,
UCSF_CIR_0343,UCSF_CIR_2022_2025,49,No intern or resident shall suffer adverse action by the City due to his or her refusal to: i.,HARD,deontic:obligation,2,,,,,,
UCSF_CIR_0342,UCSF_CIR_2022_2025,49,Confidential and expedited procedures for the handling of complaints of sexual harassment shall be utilized. 10.,HARD,deontic:obligation,2,,,,,,
UCSF_CIR_0341,UCSF_CIR_2022_2025,49,"The Hospital and the Union agree that neither shall discriminate against any intern or resident because of race, color, creed, religion, sex, national origin, physical disability, age, political affiliation or opinion, sexual orientation, marital status, or gender identity or gender expression nor shall a person be the subject of sexual harassment.",HARD,deontic:obligation,2,,,,,,
UCSF_CIR_0405,UCSF_CIR_2022_2025,54,The parties may mutually agree to waive the mediation step of this procedure and proceed to arbitration. e.,SOFT,deontic:permission,2,,,,,,
UCSF_CIR_0339,UCSF_CIR_2022_2025,49,New Employee Orientation: Business representatives shall receive ten (10) working days’ notice of pre-scheduled departmental orientation sessions for incoming bargaining unit members during the months of June - July and shall be permitted to make presentations at these orientation sessions in order to distribute Union materials and to discuss bargaining unit members’ rights and obligations under this MOU. 8.,HARD,deontic:obligation,2,,,,,,
UCSF_CIR_0338,UCSF_CIR_2022_2025,49,The above right shall not interfere with patient care or with the operations of the Department. c.,HARD,deontic:prohibition|deontic:obligation,2,,,,,,
UCSF_CIR_0337,UCSF_CIR_2022_2025,48,Bulletin Board: A bulletin board exclusively for the use of CIR shall be established or designated on the second floor of the Main Hospital Building near the Cafeteria. 6.,HARD,deontic:obligation,2,,,,,,
UCSF_CIR_0334,UCSF_CIR_2022_2025,48,"If on the date of execution of this Letter Agreement, the UCSF/CIR Memorandum of Understanding (hereinafter “MOU”) includes a provision regarding the same subject matter as this Letter Agreement, the provision in the UCSF/CIR MOU shall supersede the provision in this Letter Agreement, and the City agrees to apply that provision to CIR members who are on rotation at ZSFG.",HARD,deontic:obligation,2,,,,,,
UCSF_CIR_0406,UCSF_CIR_2022_2025,54,The arbitrator shall be selected by mutual agreement between the grievant’s representative and the City.,HARD,deontic:obligation,2,,,,,,
UCSF_CIR_0333,UCSF_CIR_2022_2025,48,"If the Civil Service Commission must approve the agreement to dissolve the bargaining unit, the parties agree to make a joint request to the Civil Service Commission and participate in good faith in any Civil Service Commission processes that are necessary to effectuate this agreement. 3.",HARD,deontic:obligation,2,,,,,,
UCSF_CIR_0332,UCSF_CIR_2022_2025,45,"However, programs/departments may elect to pay all fellows higher than the minimum.",SOFT,deontic:permission,2,,,,,,
UCSF_CIR_0330,UCSF_CIR_2022_2025,43,"(ATTACH SPECIAL SHEET OF PAPER IF NEEDED.) REMEDY REQUESTED GRIEVANT’S SIGNATURE DATE REPRESENTATIVE’S SIGNATURE (IF REPRESENTED) DATE FORM FOR APPEAL TO STEP 2 (Appeals may be filed with the Campus Labor Relations Office on this form or in accordance with Article 11, Grievance and Arbitration) □ I DO NOT ACCEPT THE GRIEVANT’S AND/OR REPRESENTATIVE’S DATE SIGNATURE STEP 1 RESPONSE AND I APPEAL TO STEP 2 (STATE SUBJECT BELOW) UNRESOLVED ISSUES APPEALED TO STEP 2",SOFT,deontic:permission,2,,,,,,
UCSF_CIR_0328,UCSF_CIR_2022_2025,42,GRIEVANCE Forms must be submitted to the Campus Labor and Employee Relations Office.,HARD,deontic:obligation,2,,,,,,
UCSF_CIR_0327,UCSF_CIR_2022_2025,42,DocuSign Envelope ID: D9D1EECC-B3CA-4D37-B5A6-82BF8FCCB914 APPENDIX B GRIEVANCE FORM CIR/SEIU Allegations of a violation of Agreement in effect between the University and CIR/SEIU must be filed in on this form.,HARD,deontic:obligation,2,,,,,,
UCSF_CIR_0326,UCSF_CIR_2022_2025,41,"Use of University telephones, electronic mail and other electronic communications by Employee organizations and their representatives, who may also be University employees, must conform to applicable University policy and collective bargaining agreement provisions.",HARD,deontic:obligation|deontic:permission,2,,,,,,
UCSF_CIR_0321,UCSF_CIR_2022_2025,41,"Requests must be submitted at least ten (10) calendar days in advance of the event, whenever possible.",HARD,deontic:obligation,2,,,,,,
UCSF_CIR_0426,UCSF_CIR_2022_2025,58,"On behalf of the University, the Agreement must be reviewed ãnd appioved by the Office of the President, including review and approval by the Vice President of Human Resources.",HARD,deontic:obligation,2,,,,,,
UCSF_CIR_0002,UCSF_CIR_2022_2025,4,"Article 2: DURATION The terms and conditions of this Agreement shall remain in full force and effect commencing July 1, 2022, and will continue in effect up to and including June 30, 2025.",HARD,deontic:obligation,2,,,,,,
UCSF_CIR_0098,UCSF_CIR_2022_2025,13,"The parties, by written mutual agreement, may agree to waive or modify the process for selecting an arbitrator and/or the time limits as described in this Article on a case- by-case basis.",SOFT,deontic:permission,2,,,,,,
UCSF_CIR_0096,UCSF_CIR_2022_2025,13,"For grievances related to a Disciplinary Action, the arbitration shall be heard by a panel consisting of a designee of the Union, a designated representative of the University, and the impartial arbitrator selected pursuant to subparagraph B.4 above. 6.",HARD,deontic:obligation,2,,,,,,
UCSF_CIR_0095,UCSF_CIR_2022_2025,13,"By mutual agreement, the parties may select an arbitrator not included in Appendix _____. 5.",SOFT,deontic:permission,2,,,,,,
UCSF_CIR_0094,UCSF_CIR_2022_2025,13,The remaining name shall be the arbitrator. b.,HARD,deontic:obligation,2,,,,,,
UCSF_CIR_0093,UCSF_CIR_2022_2025,13,"In the event the parties cannot agree to an arbitrator, the parties shall alternately strike one",HARD,deontic:obligation,2,,,,,,
UCSF_CIR_0020,UCSF_CIR_2022_2025,6,"If the Union raises the dues deductions withholding error within sixty (60) calendar days of when the dues deduction should have been made, the following shall occur: a.",HARD,deontic:obligation|deontic:preference,2,,,,,,
UCSF_CIR_0092,UCSF_CIR_2022_2025,13,"Following the Union’s appeal to arbitration, the parties shall meet within thirty (30) calendar days from the date the University receives the appeal to select an arbitrator from the panel of arbitrators found in Appendix ____. a.",HARD,deontic:obligation,2,,,,,,
UCSF_CIR_0091,UCSF_CIR_2022_2025,13,The time limits contained herein may be extended by mutual agreement of the parties in writing. 4.,SOFT,deontic:permission,2,,,,,,
UCSF_CIR_0090,UCSF_CIR_2022_2025,13,The appeal to arbitration must be submitted to the University’s official email address: 2.,HARD,deontic:obligation,2,,,,,,
UCSF_CIR_0089,UCSF_CIR_2022_2025,13,"The Union must file the appeal in writing within thirty (30) calendar days from the date of issuance of the University’s Step II Response, or if no Step II Response issued, within thirty (30) calendar days from when the Step II Response was due.",HARD,deontic:obligation,2,,,,,,
UCSF_CIR_0088,UCSF_CIR_2022_2025,13,"General Provisions A request for arbitration may be made only by the Union and only after exhaustion of the grievance procedure or in the case of Disciplinary Actions, as defined in Article A.2. the Resident must first exhaust any complaint or review processes available to them under the[UC Location’s] Academic Due Process Policy, followed by exhaustion of the grievance procedure.",HARD,deontic:obligation|deontic:permission,2,,,,,,
UCSF_CIR_0087,UCSF_CIR_2022_2025,12,"Prior to the resolution of any formal grievance brought forth by a Resident or a group of Residents, the Union shall be notified.",HARD,deontic:obligation,2,,,,,,
UCSF_CIR_0086,UCSF_CIR_2022_2025,12,Resolution Informal resolution may be agreed upon at any stage of the grievance procedure.,SOFT,deontic:permission,2,,,,,,
UCSF_CIR_0084,UCSF_CIR_2022_2025,12,"Within twenty (20) calendar days of receipt of the Step II appeal, the [UC Location’s] designee shall schedule and convene a meeting to discuss the grievance. b. [UC Location’s] Labor Relations shall render a written decision within twenty (20) calendar days following the date of the Step II meeting.",HARD,deontic:obligation,2,,,,,,
UCSF_CIR_0083,UCSF_CIR_2022_2025,12,"The written appeal must be received within twenty (20) calendar days of the date on which the written response at Step 1 was issued or was due, whichever is earlier. a.",HARD,deontic:obligation,2,,,,,,
UCSF_CIR_0082,UCSF_CIR_2022_2025,12,"Step II – If the grievance is not resolved at Step I, it may be appealed in writing by the Resident(s) or the Union to the Director of [UC Location’s] Labor Relations.",SOFT,deontic:permission,2,,,,,,
UCSF_CIR_0081,UCSF_CIR_2022_2025,12,A designee from [UC Location’s] Labor Relations shall review the grievance and meet with the Resident(s) and their representative to discuss the grievance within twenty (20) calendar days following receipt of the grievance. b.,HARD,deontic:obligation,2,,,,,,
UCSF_CIR_0080,UCSF_CIR_2022_2025,12,The [UC Location’s] Labor Relations Office must receive the written grievance within thirty (30) calendar days after the date on which the Resident(s) and the Union knew or could reasonably have been expected to know of the event or action which gave rise to the grievance. a.,HARD,deontic:obligation,2,,,,,,
UCSF_CIR_0079,UCSF_CIR_2022_2025,12,Step I – A formal grievance must be filed in writing on a grievance form mutually agreed- to by the Parties with the [UC Location’s] Labor Relations Office.,HARD,deontic:obligation,2,,,,,,
UCSF_CIR_0078,UCSF_CIR_2022_2025,12,The University’s email server’s internal clock shall govern any disputes regarding date and/or time of receipt.,HARD,deontic:obligation,2,,,,,,
UCSF_CIR_0097,UCSF_CIR_2022_2025,13,"The scheduling of the arbitration hearing must be accomplished no later than sixty (60) calendar days from the date the arbitrator is selected, However the hearing date may be more than sixty (60) days from the date of the arbitrator’s selection. 7.",HARD,deontic:obligation|deontic:permission,2,,,,,,
UCSF_CIR_0099,UCSF_CIR_2022_2025,13,The arbitration proceeding shall provide an opportunity for the Union and the University to examine and cross examine witnesses under oath and to submit relevant evidence.,HARD,deontic:obligation,2,,,,,,
UCSF_CIR_0030,UCSF_CIR_2022_2025,7,"Unscheduled Visits: In the case of unscheduled visits with bargaining unit members, the Union representative shall give notice upon arrival in accordance with local procedures. 6",HARD,deontic:obligation,2,,,,,,
UCSF_CIR_0100,UCSF_CIR_2022_2025,14,DocuSign Envelope ID: D9D1EECC-B3CA-4D37-B5A6-82BF8FCCB914 materials and the names of all witnesses who are to be called shall be identified by the parties prior to the hearing.,HARD,deontic:obligation,2,,,,,,
UCSF_CIR_0125,UCSF_CIR_2022_2025,15,"The arbitrator shall have no authority to order the University to advance a Resident to the next level of training nor to be assessed as eligible for graduation, board certification, and/or the ability to practice autonomously.",HARD,deontic:obligation,2,,,,,,
UCSF_CIR_0124,UCSF_CIR_2022_2025,15,"In any event, the arbitrator shall have no authority or jurisdiction to substitute their judgment for that of the University. 3.",HARD,deontic:obligation,2,,,,,,
UCSF_CIR_0123,UCSF_CIR_2022_2025,15,"The arbitrator shall not have jurisdiction or authority to add to, amend, modify, nullify, or ignore in any way the provisions of this contract nor shall the arbitrator have the authority to review any academic or clinical judgment. 2.",HARD,deontic:prohibition|deontic:obligation,2,,,,,,
UCSF_CIR_0121,UCSF_CIR_2022_2025,15,All arbitrator and stenographer fees associated with a hearing on arbitrability shall be borne equally by the parties.,HARD,deontic:obligation,2,,,,,,
UCSF_CIR_0119,UCSF_CIR_2022_2025,15,DocuSign Envelope ID: D9D1EECC-B3CA-4D37-B5A6-82BF8FCCB914 but not introduced by Step II of the Grievance Procedure shall not be introduced by the Union at the arbitration. 2.,HARD,deontic:prohibition|deontic:obligation,2,,,,,,
UCSF_CIR_0118,UCSF_CIR_2022_2025,14,Issues or allegations which were known or should have been known to the Union 13,SOFT,deontic:preference,2,,,,,,
UCSF_CIR_0116,UCSF_CIR_2022_2025,14,"In the event the nonrequesting party does not agree to share costs for that service or facility, the non-requesting party shall have no rights to the product of those services or facilities.",HARD,deontic:obligation,2,,,,,,
UCSF_CIR_0114,UCSF_CIR_2022_2025,14,The University and the Union shall split the arbitrator’s and any related stenographer fees equally.,HARD,deontic:obligation,2,,,,,,
UCSF_CIR_0113,UCSF_CIR_2022_2025,14,"The written decision shall include a brief description of each issue under submission, the position of the parties, the findings of facts, the arbitrator’s conclusion(s) as to the violation of the agreement, if any, and, where appropriate, a remedy. 10.",HARD,deontic:obligation,2,,,,,,
UCSF_CIR_0112,UCSF_CIR_2022_2025,14,"The arbitrator, following the close of the record of the hearing, shall consider the evidence presented and render a written decision within thirty (30) calendar days of the close of the record of the hearing.",HARD,deontic:obligation,2,,,,,,
UCSF_CIR_0110,UCSF_CIR_2022_2025,14,Settlement proposals may be offered at any stage prior to or during arbitration. 8.,SOFT,deontic:permission,2,,,,,,
UCSF_CIR_0109,UCSF_CIR_2022_2025,14,"Prior to the arbitration, the Union and the University shall attempt to stipulate as to the issue(s) to be arbitrated and to as many facts as possible. 7.",HARD,deontic:obligation,2,,,,,,
UCSF_CIR_0108,UCSF_CIR_2022_2025,14,The arbitrator may not admit settlement offers as evidence at the arbitration hearing. 6.,SOFT,deontic:restriction|deontic:permission,2,,,,,,
UCSF_CIR_0213,UCSF_CIR_2022_2025,25,Administrative Leave may be used for situations that require that the Resident be removed from the work site that are not investigatory in nature.,SOFT,deontic:permission,2,,,,,,
UCSF_CIR_0107,UCSF_CIR_2022_2025,14,"If the arbitrator finds in favor or arbitrability, the hearing shall proceed to the substantive issue(s) raised. 4. §C.2 and §C.3 above shall not prevent the parties from agreeing in writing to combine the arbitrability hearing with the hearing on the merits of the case. 5.",HARD,deontic:prohibition|deontic:obligation,2,,,,,,
UCSF_CIR_0106,UCSF_CIR_2022_2025,14,"If the arbitrator finds the grievance to be not arbitrable, the substantive facts of the case need not be heard and the grievance shall be denied.",HARD,deontic:obligation,2,,,,,,
UCSF_CIR_0019,UCSF_CIR_2022_2025,6,"If the error results in payment of more than the correct amount and the Union has received the funds, the Union shall reimburse the employees in a timely manner. 4.",HARD,deontic:obligation,2,,,,,,
UCSF_CIR_0102,UCSF_CIR_2022_2025,14,"When practicable, the University shall inform the Union in writing of its intent to assert the issue of arbitrability prior to selection of the arbitrator.",HARD,deontic:obligation,2,,,,,,
UCSF_CIR_0101,UCSF_CIR_2022_2025,14,"To the extent possible, witnesses and materials should be identified at least seven",SOFT,deontic:preference,2,,,,,,
UCSF_CIR_0077,UCSF_CIR_2022_2025,12,Emailed grievances submitted and/or any responses issued after 5:00pm during regular business days shall be deemed received on the next business day.,HARD,deontic:obligation,2,,,,,,
UCSF_CIR_0076,UCSF_CIR_2022_2025,12,"DocuSign Envelope ID: D9D1EECC-B3CA-4D37-B5A6-82BF8FCCB914 Grievances must be filed via email addressed to the University’s official email address for this purpose, which is .",HARD,deontic:obligation,2,,,,,,
UCSF_CIR_0075,UCSF_CIR_2022_2025,11,Any grievance that is not received within the time limits established by the Article and/or which does not comply with the procedures and requirements of this Article shall be considered ineligible for processing and thereby waived and withdrawn by the Resident(s) and/or the Union.,HARD,deontic:obligation,2,,,,,,
UCSF_CIR_0074,UCSF_CIR_2022_2025,11,(1) subject matter shall be covered in any one,HARD,deontic:obligation,2,,,,,,
UCSF_CIR_0050,UCSF_CIR_2022_2025,9,All Residents and Fellows shall return the pager when they end employment with the University or when directed to return the pager.,HARD,deontic:obligation,2,,,,,,
UCSF_CIR_0049,UCSF_CIR_2022_2025,9,Each Resident and Fellow shall continue to be provided with a pager in accordance with University policy as soon as practicable after their date of hire if necessary to perform their duties.,HARD,deontic:obligation,2,,,,,,
UCSF_CIR_0048,UCSF_CIR_2022_2025,9,"In the event that the Resident or Fellow opts to use their own phone, all University-required security measures must be installed.",HARD,deontic:obligation,2,,,,,,
UCSF_CIR_0047,UCSF_CIR_2022_2025,9,Residents and Fellows shall return the phone upon separation from employment with the University or when otherwise directed.,HARD,deontic:obligation,2,,,,,,
UCSF_CIR_0046,UCSF_CIR_2022_2025,9,Any request for a labor-management meeting and the setting of agenda items by either party should be done with enough advance notice to allow for necessary individuals to attend.,SOFT,deontic:preference,2,,,,,,
UCSF_CIR_0045,UCSF_CIR_2022_2025,9,The Union shall contact University Labor Relations to initiate scheduling of the meetings.,HARD,deontic:obligation,2,,,,,,
UCSF_CIR_0044,UCSF_CIR_2022_2025,8,"Article 6: LABOR MANAGEMENT MEETINGS In the interest of fostering a cooperative approach to resolving problems, the Union and the University shall form a labor-management committee made up of no less than three",HARD,deontic:obligation,2,,,,,,
UCSF_CIR_0043,UCSF_CIR_2022_2025,8,"During the GME New Resident and Fellow Orientations, the Union may speak with Residents and Fellows and may provide the materials including, but not limited to, a copy of the collective bargaining agreement, union membership card, and a list of chapter leaders with contact information.",SOFT,deontic:permission,2,,,,,,
UCSF_CIR_0027,UCSF_CIR_2022_2025,7,"Patient Care Areas: Designated union representatives who are not University employees, or who are not employed at the facility visited, shall have access to patient care areas only as necessary for travel to and from business in those places. 2.",HARD,deontic:obligation,2,,,,,,
UCSF_CIR_0041,UCSF_CIR_2022_2025,8,The Union shall be provided the use of one information table at the resource fair of the Graduate Medical Education (GME) New Resident and Fellow Orientation.,HARD,deontic:obligation,2,,,,,,
UCSF_CIR_0028,UCSF_CIR_2022_2025,7,"Union representatives shall not contact Residents or Fellows in, linger in, or use patient care areas for the purpose of conducting union business.",HARD,deontic:prohibition|deontic:obligation,2,,,,,,
UCSF_CIR_0040,UCSF_CIR_2022_2025,8,"The list shall include names, personal email address, UCSF email address if available, program, and post graduate year.",HARD,deontic:obligation,2,,,,,,
UCSF_CIR_0039,UCSF_CIR_2022_2025,8,"The University shall provide the Union with an initial electronic list of known incoming Residents and Fellows on or before May 15 each year, and a final list on or before June 15.",HARD,deontic:obligation|deontic:permission,2,,,,,,
UCSF_CIR_0038,UCSF_CIR_2022_2025,8,The University shall post a copy the final official Agreement on the UCOP Labor Relations website.,HARD,deontic:obligation,2,,,,,,
UCSF_CIR_0037,UCSF_CIR_2022_2025,8,The Union may review a copy of the agreement prior to finalizing the Agreement.,SOFT,deontic:permission,2,,,,,,
UCSF_CIR_0036,UCSF_CIR_2022_2025,8,"Preparation of the Agreement: In consultation with the Union, the University shall prepare the official version of this Agreement.",HARD,deontic:obligation,2,,,,,,
UCSF_CIR_0034,UCSF_CIR_2022_2025,8,"Such use shall be arranged in advance, in accordance with local access rules and regulations and shall not be unreasonably denied.",HARD,deontic:prohibition|deontic:obligation,2,,,,,,
UCSF_CIR_0033,UCSF_CIR_2022_2025,8,"The Union shall be granted use of designated general purpose meeting rooms to hold events such as, but not limited to, ratification votes, delegation elections and grievance investigations.",HARD,deontic:obligation,2,,,,,,
UCSF_CIR_0032,UCSF_CIR_2022_2025,8,"This list shall be updated in a timely manner and any changes, additions or deletions to the list shall be made in writing to the University. 7.",HARD,deontic:obligation,2,,,,,,
UCSF_CIR_0051,UCSF_CIR_2022_2025,9,"If the University decides to change its policy regarding phone and pagers, it shall provide notice to the Union at least forty-five (45) calendar days prior to implementing the change.",HARD,deontic:obligation,2,,,,,,
UCSF_CIR_0053,UCSF_CIR_2022_2025,9,"The literature, seminars, and other educational tools prepared by this program, when appropriate for Residents or Fellows, shall be made available to them.",HARD,deontic:obligation,2,,,,,,
UCSF_CIR_0054,UCSF_CIR_2022_2025,9,"The protocols for blood borne pathogens, developed by the infections control program, shall be given to Residents and Fellows.",HARD,deontic:obligation,2,,,,,,
UCSF_CIR_0064,UCSF_CIR_2022_2025,11,"DocuSign Envelope ID: D9D1EECC-B3CA-4D37-B5A6-82BF8FCCB914 Location’s] Academic Due Process Policy, as may be amended from time to time.",SOFT,deontic:permission,2,,,,,,
UCSF_CIR_0073,UCSF_CIR_2022_2025,11,Grievances must be in PDF or similar image format.,HARD,deontic:obligation,2,,,,,,
UCSF_CIR_0072,UCSF_CIR_2022_2025,11,"Should an additional representative attend a grievance meeting, it is expressly understood there shall only be one",HARD,deontic:obligation|deontic:preference,2,,,,,,
UCSF_CIR_0071,UCSF_CIR_2022_2025,11,(1) additional Union representative may attend grievance meetings.,SOFT,deontic:permission,2,,,,,,
UCSF_CIR_0070,UCSF_CIR_2022_2025,11,Representation A Resident or a group of Residents shall be entitled to a single representative in any Step of the grievance procedure.,HARD,deontic:obligation,2,,,,,,
UCSF_CIR_0068,UCSF_CIR_2022_2025,11,Such decisions may result in academic and/or administrative actions listed in the [UC Locations] Academic Due Process Policy.,SOFT,deontic:permission,2,,,,,,
UCSF_CIR_0066,UCSF_CIR_2022_2025,11,Grievances filed per this provision shall be expedited and filled at Step II (provision E) 4.,HARD,deontic:obligation,2,,,,,,
UCSF_CIR_0065,UCSF_CIR_2022_2025,11,Conclusion of that complaint or review process shall initiate the thirty (30) calendar day timeline described below for filing a grievance under this Article.,HARD,deontic:obligation,2,,,,,,
UCSF_CIR_0021,UCSF_CIR_2022_2025,6,"In accordance with C.2 above, the Resident shall be charged for the back dues owed to the union; b.",HARD,deontic:obligation,2,,,,,,
UCSF_CIR_0063,UCSF_CIR_2022_2025,10,"Before a grievance related to a Disciplinary Action can be filed under this Article, the Resident must first exhaust any complaint or review processes available to them under the [UC 9",HARD,deontic:obligation,2,,,,,,
UCSF_CIR_0055,UCSF_CIR_2022_2025,9,Residents and Fellows shall be educated on the University’s needle-stick protocols and the University shall ensure that proper follow-up and treatment is available to Residents and Fellows.,HARD,deontic:obligation,2,,,,,,
UCSF_CIR_0022,UCSF_CIR_2022_2025,6,"If the Resident is no longer in the bargaining unit, the University may be required to make the Union whole for back dues related to University errors in not withholding dues. 5",SOFT,deontic:permission,2,,,,,,
UCSF_CIR_0023,UCSF_CIR_2022_2025,7,"From the time the union notifies the University in writing of any such errors, or if the University becomes aware of such errors, the University shall have sixty (60) calendar days to make the corrections. d.",HARD,deontic:obligation,2,,,,,,
UCSF_CIR_0024,UCSF_CIR_2022_2025,7,"If there is not agreement on the correction or the costs, the union may grieve the matter only as a union grievance.",SOFT,deontic:permission,2,,,,,,
UCSF_CIR_0058,UCSF_CIR_2022_2025,10,"When feasible and practical, such security shall include all patient care areas and other University owned or controlled facilities, such as parking.",HARD,deontic:obligation,2,,,,,,
UCSF_CIR_0057,UCSF_CIR_2022_2025,9,No Resident or Fellow shall be disciplined for reporting in good faith any unsafe working condition. 8,HARD,deontic:obligation,2,,,,,,
UCSF_CIR_0025,UCSF_CIR_2022_2025,7,"For UCSF Campus/Health system facilities, the Union shall abide by the UCSF’s access regulations (Appendix A “Regulations Governing the Use of University Facilities and Access to University Employees by Employee Organizations and their Representatives”). 3.",HARD,deontic:obligation,2,,,,,,
UCSF_CIR_0056,UCSF_CIR_2022_2025,9,"Be provided with personal protection equipment that consists of masks, gloves, gowns, goggles, access to eye wash stations, and other appropriate equipment as needed shall be available on each patient unit.",HARD,deontic:obligation,2,,,,,,
UCSF_CIR_0026,UCSF_CIR_2022_2025,7,"Designated union representatives who are not University employees shall agree and sign the UCSF Confidentiality of Patient, Employee, and University Business Information Agreement to ensure that protected health information (PHI) is handled in accordance with federal and state laws and regulations.",HARD,deontic:obligation,2,,,,,,
UCSF_CIR_0127,UCSF_CIR_2022_2025,15,"If a grievance related to a Disciplinary Action is sustained in whole or in part, the Arbitrator shall have no authority to advance a Resident to the next level of training, or attest that a Resident is eligible for graduation or board certification. 3.",HARD,deontic:obligation,2,,,,,,
UCSF_CIR_0128,UCSF_CIR_2022_2025,15,The decision of the arbitrator shall be final and binding.,HARD,deontic:obligation,2,,,,,,
UCSF_CIR_0130,UCSF_CIR_2022_2025,15,The arbitrator shall have no authority to award time-in-lieu of training or to extend the time limits for program completion. 5.,HARD,deontic:obligation,2,,,,,,
UCSF_CIR_0180,UCSF_CIR_2022_2025,20,"The University, at its sole non-grievable discretion, may require that any additional parental leave requested be for a minimum duration of two",SOFT,deontic:permission,2,,,,,,
UCSF_CIR_0189,UCSF_CIR_2022_2025,23,The Resident shall give the University notice at least thirty (30) calendar days in advance of the leave's anticipated start date if the need for leave is foreseeable.,HARD,deontic:obligation,2,,,,,,
UCSF_CIR_0188,UCSF_CIR_2022_2025,23,"Benefits Continuation During an approved leave, the University shall continue its Employer contribution for the Resident’s health insurance coverage benefits as required under the state and federal law. 5.",HARD,deontic:obligation,2,,,,,,
UCSF_CIR_0187,UCSF_CIR_2022_2025,23,"However, for Residents granted military leave, all hours that would have been worked had the Resident not been ordered to military duty shall be used to calculate the 1,250 actual hours of work requirement. 4.",HARD,deontic:obligation,2,,,,,,
UCSF_CIR_0006,UCSF_CIR_2022_2025,5,Authorizations for Union dues deductions shall be made on a form provided by the Union.,HARD,deontic:obligation,2,,,,,,
UCSF_CIR_0007,UCSF_CIR_2022_2025,5,Individual requests to cancel payroll deduction shall be directed to CIR-SEIU.,HARD,deontic:obligation,2,,,,,,
UCSF_CIR_0008,UCSF_CIR_2022_2025,5,"The authorization for payroll deduction shall remain in full force and effect until the Union informs the University to stop payroll deductions in conformance with Section B, below. 2.",HARD,deontic:obligation,2,,,,,,
UCSF_CIR_0183,UCSF_CIR_2022_2025,21,"For example, a Resident who gives birth to twins is considered a single event for the purposes of PDLL, FMLA, CFRA, and any other paid leaves to which the Resident may be entitled. 20",SOFT,deontic:permission,2,,,,,,
UCSF_CIR_0181,UCSF_CIR_2022_2025,20,The Resident is required to exhaust their accumulated sick leave and vacation leave prior to receiving any additional paid leave benefits under this section. 19,HARD,deontic:obligation,2,,,,,,
UCSF_CIR_0179,UCSF_CIR_2022_2025,20,Parental leave shall be granted in increments of less than two,HARD,deontic:obligation,2,,,,,,
UCSF_CIR_0191,UCSF_CIR_2022_2025,23,Requests for FML must be made in accordance with the [UC Location’s] established procedures. c.,HARD,deontic:obligation,2,,,,,,
UCSF_CIR_0009,UCSF_CIR_2022_2025,5,The cost of processing the check shall be ten dollars ($10.00).,HARD,deontic:obligation,2,,,,,,
UCSF_CIR_0178,UCSF_CIR_2022_2025,20,"When possible, a Resident shall request parental leave at least four",HARD,deontic:obligation,2,,,,,,
UCSF_CIR_0177,UCSF_CIR_2022_2025,20,The Resident must use accumulated vacation time prior to taking parental bonding leave without pay. h.,HARD,deontic:obligation,2,,,,,,
UCSF_CIR_0175,UCSF_CIR_2022_2025,20,"If a Resident on an approved Pregnancy Disability Leave (PDL) also is eligible for FML under Article 15, Parental Leave & Leaves of Absence, Section D, up to twelve (12) workweeks of PDL shall run concurrently with FML under federal law.",HARD,deontic:obligation,2,,,,,,
UCSF_CIR_0174,UCSF_CIR_2022_2025,20,"Two Residents who are parents, or foster parents, to the same child/children may use their PPL at the same time. f.",SOFT,deontic:permission,2,,,,,,
UCSF_CIR_0173,UCSF_CIR_2022_2025,19,PPL granted for this purpose must be concluded within twelve (12) months following the birth or placement of the child/children. b.,HARD,deontic:obligation,2,,,,,,
UCSF_CIR_0172,UCSF_CIR_2022_2025,19,(6) workweeks of leave shall run concurrently with FML. e.,HARD,deontic:obligation,2,,,,,,
UCSF_CIR_0171,UCSF_CIR_2022_2025,19,"The University may, at its discretion, require that a Resident returning to work immediately following PDL provide a written medical release from the Resident’s health care provider prior to returning to work.",SOFT,deontic:permission,2,,,,,,
UCSF_CIR_0190,UCSF_CIR_2022_2025,23,"If the need for leave is not foreseeable, the Resident shall give the University notice as soon as practicable. b.",HARD,deontic:obligation,2,,,,,,
UCSF_CIR_0192,UCSF_CIR_2022_2025,23,"As permitted by law, the University may require that the Resident’s request for FML be supported by a written certification by the Resident’s healthcare provider (when for the Resident’s serious health condition) or the family member’s healthcare provider (when for the family member’s serious health condition).",SOFT,deontic:permission,2,,,,,,
UCSF_CIR_0170,UCSF_CIR_2022_2025,19,"Failure to provide certification for reasonable accommodation, transfer, or leave within the requested time period or as soon as reasonably possible under the circumstances may result in delay of the leave until the required certification is provided. 9.",SOFT,deontic:permission,2,,,,,,
UCSF_CIR_0203,UCSF_CIR_2022_2025,24,"(ii) when it is used for pregnancy disability and parental bonding, the Resident shall be eligible for up to four",HARD,deontic:obligation,2,,,,,,
UCSF_CIR_0212,UCSF_CIR_2022_2025,25,"Investigatory Leave may be used to permit the University to review or investigate allegations of wrongdoing, which may warrant removing the Resident from the work site. 3.",SOFT,deontic:permission,2,,,,,,
UCSF_CIR_0211,UCSF_CIR_2022_2025,25,Administrative Leave and Investigatory Leave must be confirmed in writing to the Resident and must be paid. 2.,HARD,deontic:obligation,2,,,,,,
UCSF_CIR_0210,UCSF_CIR_2022_2025,25,Administrative Leave and Investigatory Leave are not intended to replace any other leave to which a Resident may be entitled under State or Federal Law or other leaves provided in this Agreement.,SOFT,deontic:permission,2,,,,,,
UCSF_CIR_0209,UCSF_CIR_2022_2025,25,The Program Director and/or department must be notified as soon as a jury summons is received. 2.,HARD,deontic:obligation,2,,,,,,
UCSF_CIR_0208,UCSF_CIR_2022_2025,25,"A Resident who is summoned and required to serve on jury duty shall be granted leave with pay for the time spent on jury service and in related travel, not to exceed the number of hours in the Resident's normal workday and the Resident's normal workweek.",HARD,deontic:obligation,2,,,,,,
UCSF_CIR_0207,UCSF_CIR_2022_2025,25,"Personal Leave of Absence A Resident may be granted a Personal Leave of Absence Without Pay at the sole, non-grievable discretion of the University.",SOFT,deontic:permission,2,,,,,,
UCSF_CIR_0206,UCSF_CIR_2022_2025,25,A Resident granted Military Leave with pay shall receive all benefits related to employment that are granted when a Resident is on pay status.,HARD,deontic:obligation,2,,,,,,
UCSF_CIR_0204,UCSF_CIR_2022_2025,24,"(iii) when it is used for Military Caregiver Leave, the Resident shall be eligible for up to 26 workweeks of leave in a single 12-month leave period; and",HARD,deontic:obligation,2,,,,,,
UCSF_CIR_0202,UCSF_CIR_2022_2025,24,"(i) when it is used for PDL, the Resident shall be eligible for leave for the period of actual disability up to four",HARD,deontic:obligation,2,,,,,,
UCSF_CIR_0193,UCSF_CIR_2022_2025,24,DocuSign Envelope ID: D9D1EECC-B3CA-4D37-B5A6-82BF8FCCB914 a required certification may result in delay of the leave until the required certification is received. 6.,SOFT,deontic:permission,2,,,,,,
UCSF_CIR_0200,UCSF_CIR_2022_2025,24,A Resident on FML for Qualifying Exigency Leave may use accumulated vacation time prior to taking FML without pay. 7.,SOFT,deontic:permission,2,,,,,,
UCSF_CIR_0199,UCSF_CIR_2022_2025,24,"A Resident on FML for parental bonding leave must exhaust their Paid Parental Leave (see Section C), sick leave, and accumulated vacation leave prior to taking FML without pay. d.",HARD,deontic:obligation,2,,,,,,
UCSF_CIR_0004,UCSF_CIR_2022_2025,4,Dues Deduction The University shall make payroll deductions upon notice from the Union that a Resident has authorized payroll deduction.,HARD,deontic:obligation,2,,,,,,
UCSF_CIR_0198,UCSF_CIR_2022_2025,24,A Resident on FML to care for a family member with a serious health condition or on FML for Military Caregiver Leave must use their accumulated sick leave and accumulated vacation leave prior to taking FML without pay. c.,HARD,deontic:obligation,2,,,,,,
UCSF_CIR_0197,UCSF_CIR_2022_2025,24,Residents not eligible for University disability benefits and who are not on leave due to a work-incurred injury or illness shall use all accumulated sick leave and accumulated vacation leave prior to taking FML without pay. b.,HARD,deontic:obligation,2,,,,,,
UCSF_CIR_0196,UCSF_CIR_2022_2025,24,A Resident on FML for their own serious health condition shall use accumulated sick leave in accordance with the University’s disability plan.,HARD,deontic:obligation,2,,,,,,
UCSF_CIR_0195,UCSF_CIR_2022_2025,24,"All time taken off as FML, whether the Resident is using accumulated paid leave or taking unpaid leave, shall be deducted from the Resident’s FML entitlement. a.",HARD,deontic:obligation,2,,,,,,
UCSF_CIR_0005,UCSF_CIR_2022_2025,4,The University shall make the payroll deduction in the 3,HARD,deontic:obligation,2,,,,,,
UCSF_CIR_0131,UCSF_CIR_2022_2025,15,"The arbitrator shall have no authority to award back wages or other monetary reimbursement, nor shall the University be liable on a grievance claiming back wages or other monetary reimbursements for: a.",HARD,deontic:obligation,2,,,,,,
UCSF_CIR_0011,UCSF_CIR_2022_2025,5,"Reasonable costs shall include reasonable fees and costs associated with defending the claim and, when necessary, retaining separate and independent outside counsel, including but not limited to separate outside counsel’s attorney’s fees and costs. 4.",HARD,deontic:obligation,2,,,,,,
UCSF_CIR_0169,UCSF_CIR_2022_2025,18,"When a Resident requests a reasonable accommodation, transfer, or leave due to pregnancy, childbirth, or related medical condition, the University may, at its discretion, require that the Resident’s request be supported by written medical certification issued by the Resident’s health care provider. 17",SOFT,deontic:permission,2,,,,,,
UCSF_CIR_0141,UCSF_CIR_2022_2025,16,"To the extent possible, vacations will be granted in accordance with Resident requests and shall not be unreasonably denied.",HARD,deontic:prohibition|deontic:obligation,2,,,,,,
UCSF_CIR_0148,UCSF_CIR_2022_2025,17,"Unused sick leave shall be forfeited upon graduation, termination, or resignation.",HARD,deontic:obligation,2,,,,,,
UCSF_CIR_0147,UCSF_CIR_2022_2025,17,"Once approved, the University may not modify or deny the vacation days approved for a Resident without the agreement of the affected Resident.",SOFT,deontic:restriction|deontic:permission,2,,,,,,
UCSF_CIR_0016,UCSF_CIR_2022_2025,6,"If the University fails to make appropriate authorized payroll deductions, the University shall correct the deduction amounts by deducting the correct amount from the employee’s next scheduled pay date following (30) calendar days from the Union notice of failure to take appropriate union payroll deduction. 2.",HARD,deontic:obligation,2,,,,,,
UCSF_CIR_0145,UCSF_CIR_2022_2025,16,The Program Director or designee shall ensure that any time-sensitive obligations or opportunities are communicated to Residents with sufficient advance notice so they may complete them prior to taking vacation. 15,HARD,deontic:obligation|deontic:permission,2,,,,,,
UCSF_CIR_0144,UCSF_CIR_2022_2025,16,A Resident shall not be expected to engage in work-related duties during vacation.,HARD,deontic:prohibition|deontic:obligation,2,,,,,,
UCSF_CIR_0143,UCSF_CIR_2022_2025,16,The Program Director or designee shall arrange coverage for the Resident on vacation.,HARD,deontic:obligation,2,,,,,,
UCSF_CIR_0017,UCSF_CIR_2022_2025,6,"If the University's error resulted in deductions less than the correct amount, the University shall make the additional required deductions from the affected employee(s) subsequent earnings to make up the difference between the actual and correct amounts in accordance with current payroll policy regarding additional deductions.",HARD,deontic:obligation,2,,,,,,
UCSF_CIR_0142,UCSF_CIR_2022_2025,16,(1) day of vacation shall be considered to be a twenty-four (24) hour period beginning at midnight of the calendar day of vacation requested.,HARD,deontic:obligation,2,,,,,,
UCSF_CIR_0140,UCSF_CIR_2022_2025,16,"Procedures for requesting and assigning vacation schedules must follow policy and be in compliance with each program’s ACGME Program Requirements and specialty board requirements, which concern the effect of absence from work, for any reason, on satisfying the criteria for completion of the residency or fellowship program.",HARD,deontic:obligation,2,,,,,,
UCSF_CIR_0167,UCSF_CIR_2022_2025,18,"The total amount of leave taken for pregnancy disability and child bonding leave under a combination of PDLL, FMLA, CFRA and any other paid leaves to which the Resident may be entitled shall not exceed seven",HARD,deontic:prohibition|deontic:obligation|deontic:permission,2,,,,,,
UCSF_CIR_0139,UCSF_CIR_2022_2025,16,Vacation leave shall be scheduled by mutual agreement with the program and/or department and given as leave depending upon the mode of scheduling of a given service.,HARD,deontic:obligation,2,,,,,,
UCSF_CIR_0138,UCSF_CIR_2022_2025,16,"Under special circumstances, departments may make a discretionary allowance for carry over beyond that year.",SOFT,deontic:permission,2,,,,,,
UCSF_CIR_0137,UCSF_CIR_2022_2025,16,Vacation time does not accrue from year to year and must be scheduled and taken in the same academic year the vacation is earned.,HARD,deontic:obligation,2,,,,,,
UCSF_CIR_0136,UCSF_CIR_2022_2025,16,Vacation leave with compensation shall be four,HARD,deontic:obligation,2,,,,,,
UCSF_CIR_0135,UCSF_CIR_2022_2025,16,Time spent in investigating and preparation for arbitration shall not be on pay status.,HARD,deontic:prohibition|deontic:obligation,2,,,,,,
UCSF_CIR_0134,UCSF_CIR_2022_2025,16,"When arbitrations or meetings occur outside a Resident’s scheduled work time, no release time shall be granted. 3.",HARD,deontic:obligation,2,,,,,,
UCSF_CIR_0132,UCSF_CIR_2022_2025,16,"Upon the request of either the University or the Union, the arbitrator shall retain jurisdiction if there are disputes concerning an award of retroactive pay (and/or benefits).",HARD,deontic:obligation,2,,,,,,
UCSF_CIR_0018,UCSF_CIR_2022_2025,6,"However, additional deductions from the employee(s)’s subsequent earnings shall not exceed two times the normal dues amount in any given pay period.",HARD,deontic:prohibition|deontic:obligation,2,,,,,,
UCSF_CIR_0149,UCSF_CIR_2022_2025,17,Additional sick leave may be granted at the discretion of the program and/or department.,SOFT,deontic:permission,2,,,,,,
UCSF_CIR_0150,UCSF_CIR_2022_2025,17,"In addition, vacation leave may be used to extend sick leave with the prior approval by the Program Director. 2.",SOFT,deontic:permission,2,,,,,,
UCSF_CIR_0151,UCSF_CIR_2022_2025,17,"Where the need to use sick leave is foreseeable, Residents shall provide reasonable advance notice of their need to use sick leave.",HARD,deontic:obligation,2,,,,,,
UCSF_CIR_0152,UCSF_CIR_2022_2025,17,"Where the need to use sick leave is unforeseeable, Residents shall provide notice as soon as practicable.",HARD,deontic:obligation,2,,,,,,
UCSF_CIR_0166,UCSF_CIR_2022_2025,18,"If a Resident on an approved PDL is also eligible for leave under the federal Family and Medical Leave Act (FMLA), up to twelve (12) workweeks of PDL shall run concurrently with Family and Medical Leave (FML) under federal law. 5.",HARD,deontic:obligation,2,,,,,,
UCSF_CIR_0165,UCSF_CIR_2022_2025,18,"If their sick leave is exhausted, the Resident may elect to use accumulated vacation leave prior to taking leave without pay. 4.",SOFT,deontic:permission,2,,,,,,
UCSF_CIR_0164,UCSF_CIR_2022_2025,18,A Resident must exhaust their accumulated sick leave prior to taking leave without pay.,HARD,deontic:obligation,2,,,,,,
UCSF_CIR_0163,UCSF_CIR_2022_2025,18,"For a Resident who is disabled due to pregnancy, childbirth, or other related medical conditions, the University shall continue its contribution for the Resident’s health insurance benefits for the length of such disability, up to four",HARD,deontic:obligation,2,,,,,,
UCSF_CIR_0162,UCSF_CIR_2022_2025,18,PDL may also be used for prenatal care.,SOFT,deontic:permission,2,,,,,,
UCSF_CIR_0161,UCSF_CIR_2022_2025,18,"A Resident who is disabled from working because of pregnancy, childbirth or related medical conditions shall be granted upon request, a leave of absence for up to four",HARD,deontic:obligation,2,,,,,,
UCSF_CIR_0012,UCSF_CIR_2022_2025,5,The Union shall be responsible for any reasonable initial and ongoing costs associated with setting up and maintaining this additional check off payroll deduction.,HARD,deontic:obligation,2,,,,,,
UCSF_CIR_0013,UCSF_CIR_2022_2025,6,The Union shall not be required to provide a copy of the member’s authorization to the University as the arrangement is between the Union and the member.,HARD,deontic:prohibition|deontic:obligation,2,,,,,,
UCSF_CIR_0160,UCSF_CIR_2022_2025,18,"However, Residents may be required or allowed to use their accumulated sick leave or vacation leave to cover all or part of the leave time, as described in this Article and in the respective Articles found in this Agreement.",SOFT,deontic:permission,2,,,,,,
UCSF_CIR_0014,UCSF_CIR_2022_2025,6,Employees will be directed to the Union should there be any questions from employees. d.,SOFT,deontic:preference,2,,,,,,
UCSF_CIR_0158,UCSF_CIR_2022_2025,17,Any additional training time shall be completed after the end of the academic year.,HARD,deontic:obligation,2,,,,,,
UCSF_CIR_0015,UCSF_CIR_2022_2025,6,The Union list to be submitted shall include but not be limited to the following: i.,HARD,deontic:obligation,2,,,,,,
UCSF_CIR_0157,UCSF_CIR_2022_2025,17,"In accordance with the provisions of this Article, leaves of absence, with or without pay, may be approved by the University.",SOFT,deontic:permission,2,,,,,,
UCSF_CIR_0156,UCSF_CIR_2022_2025,17,Make-up time may be required to meet educational objectives and be in compliance with ACGME Program Requirements and specialty board requirements.,SOFT,deontic:permission,2,,,,,,
UCSF_CIR_0155,UCSF_CIR_2022_2025,17,"If requested by the Program Director, the Resident shall provide reasonable documentation of illness lasting three",HARD,deontic:obligation,2,,,,,,
UCSF_CIR_0154,UCSF_CIR_2022_2025,17,Approval for use of Sick Leave shall not be unreasonably denied.,HARD,deontic:prohibition|deontic:obligation,2,,,,,,
UCSF_CIR_0153,UCSF_CIR_2022_2025,17,A Resident shall immediately notify the residency Program Director or designee when sick leave is requested.,HARD,deontic:obligation,2,,,,,,
UCSF_CIR_0029,UCSF_CIR_2022_2025,7,Hours and Right to Access: Designated union representatives may visit the facility at reasonable times to conduct union business pursuant to HEERA so long as they are not interfering with the assigned duties and responsibilities of the Residents and Fellows. 4.,SOFT,deontic:permission,2,,,,,,
UCSF_CIR_0010,UCSF_CIR_2022_2025,5,"The Union agrees to hold the University harmless from liability, financial or otherwise, for any errors in withholding or transmitting dues except for liability to the Union for monies actually withheld, but not transmitted.",UNCLEAR,exception,1,,,,,,
UCSF_CIR_0423,UCSF_CIR_2022_2025,55,The term of this Letter Agreement will extend automatically for successive twelve (12) month terms unless a party provides the other written notice that it desires to renegotiate the Letter Agreement.,UNCLEAR,exception,1,,,,,,
UCSF_CIR_0425,UCSF_CIR_2022_2025,58,It is understood that the Agreement is not binding unless and until both parties have executed it.,UNCLEAR,exception,1,,,,,,
UCSF_CIR_0322,UCSF_CIR_2022_2025,41,"In the event of conflicting requests, scheduling will be based upon the date the written request was received on a first come, first served basis.",UNCLEAR,exception,1,,,,,,
UCSF_CIR_0031,UCSF_CIR_2022_2025,8,"Notwithstanding Article 29, in the event concerns arise over the implementation or application of this article, the parties agree to meet and confer over the provisions of this article upon the request of any party. 6.",UNCLEAR,exception,1,,,,,,
UCSF_CIR_0159,UCSF_CIR_2022_2025,18,"Unless otherwise noted in this Article, leaves are unpaid.",UNCLEAR,exception,1,,,,,,
UCSF_CIR_0221,UCSF_CIR_2022_2025,26,"Residents will be subject to the selected coverage category and co-pay schedule (single, adult + children, two adults or family) as required by the Plan as shown in Appendix XX. 3.",UNCLEAR,exception,1,,,,,,
UCSF_CIR_0232,UCSF_CIR_2022_2025,28,"Within 60 days of the ratification of the agreement the parties agree to meet to discuss ideas on fatigue mitigation and to discuss proposals from the union on alternative programs to the Taxi Voucher Program, such as an appbased ride-sharing service.",UNCLEAR,threshold,1,,,,,,
UCSF_CIR_0235,UCSF_CIR_2022_2025,28,"Overnight and Weekend Parking: The University currently provides Residents with free overnight and weekend parking, subject to certain conditions.",UNCLEAR,exception,1,,,,,,
UCSF_CIR_0194,UCSF_CIR_2022_2025,24,Use of Paid Leave During FML FML is unpaid unless the Resident uses accumulated paid leave during FML as provided in this Section.,UNCLEAR,exception,1,,,,,,
UCSF_CIR_0186,UCSF_CIR_2022_2025,23,"The 1,250 hours of actual work means time actually spent at work and does not include any paid time off, such as vacation, sick leave, or holidays not worked.",UNCLEAR,threshold,1,,,,,,
UCSF_CIR_0185,UCSF_CIR_2022_2025,23,"Residents who have at least twelve (12) months of University service (service need not be continuous) and at least 1,250 hours of actual hours worked in the twelve (12) months immediately preceding the commencement date of the leave are eligible for FML under the Family Medical Leave Act (FMLA) and California Family Rights Act (CFRA).",UNCLEAR,threshold,1,,,,,,
UCSF_CIR_0184,UCSF_CIR_2022_2025,22,Parent does not include the Resident’s grandparents or mother-in-law or father-in-law unless they stood in loco parentis to the Resident when the Resident was a child. c.,UNCLEAR,exception,1,,,,,,
UCSF_CIR_0253,UCSF_CIR_2022_2025,31,"Accordingly, the inclusion of the housing salary supplement into salary rates will not affect the HEAL fellowship, unless the HEAL fellow is assigned to a location in San Francisco, Alameda, Marin, or San Mateo County, in which case the fellow will receive the housing supplement.",UNCLEAR,exception,1,,,,,,
UCSF_CIR_0176,UCSF_CIR_2022_2025,20,"Upon termination of a PDL that runs concurrently with FML, a Resident is also entitled to up to twelve (12) work weeks of leave per the California Family Rights Act (CFRA) for any covered reason except pregnancy or related medical conditions.",UNCLEAR,exception,1,,,,,,
UCSF_CIR_0262,UCSF_CIR_2022_2025,32,Nothing herein constitutes a waiver of the University’s right to seek appropriate legal relief in the event of a violation of this Article.,UNCLEAR,exception,1,,,,,,
UCSF_CIR_0272,UCSF_CIR_2022_2025,33,"Except as otherwise provided in this Agreement, the Union agrees the University has the right: 1.",UNCLEAR,exception,1,,,,,,
UCSF_CIR_0273,UCSF_CIR_2022_2025,34,"No action taken by the University with respect to a management right will be subject to any grievance or arbitration procedure or collateral suit, unless it violates an express written provision of this Agreement.",UNCLEAR,exception,1,,,,,,
UCSF_CIR_0277,UCSF_CIR_2022_2025,34,"New Residents and Fellows who graduated from UCSF Medical School will not be eligible for the relocation reimbursement, unless they are returning to the University after 33",UNCLEAR,exception,1,,,,,,
UCSF_CIR_0387,UCSF_CIR_2022_2025,53,Decisions by the Director of Public Health or designee are final and not subject to the grievance procedure of this Agreement. e.,UNCLEAR,exception,1,,,,,,
UCSF_CIR_0146,UCSF_CIR_2022_2025,17,Programs will make a good faith effort to end overnight call duty at least 12 hours prior to the start of an approved vacation day.,UNCLEAR,threshold,1,,,,,,
UCSF_CIR_0293,UCSF_CIR_2022_2025,37,"The University reserves the right to deny, in whole or in part, any request for access, as appropriate, provided that any restrictions on access are consistent with the University’s rights under the HEERA and applicable collective bargaining agreement provisions.",UNCLEAR,exception,1,,,,,,
UCSF_CIR_0304,UCSF_CIR_2022_2025,39,Postings concerning activities other than Official University Activities are subject to removal 30 calendar days from date of posting.,UNCLEAR,exception,1,,,,,,
UCSF_CIR_0105,UCSF_CIR_2022_2025,14,"If, following the selection of the arbitrator, the University raises for the first time issue(s) of arbitrability, a single hearing on the issue of arbitrability and the substantive facts will be held, unless the parties agree otherwise.",UNCLEAR,exception,1,,,,,,
UCSF_CIR_0336,UCSF_CIR_2022_2025,48,Use of Departmental Facilities: Departmental facilities will be available for use by the Union or its representatives for the purpose of holding Union meetings during off duty time periods subject to the availability of such facilities.,UNCLEAR,exception,1,,,,,,
UCSF_CIR_0362,UCSF_CIR_2022_2025,51,"Interpreter Service: The Hospital agrees to maintain interpreter services 24 hours a day, seven days a week.",UNCLEAR,threshold,1,,,,,,
UCSF_CIR_0365,UCSF_CIR_2022_2025,51,"Subject to verification of rotation at SFGH, the City and the Department agree to provide UCSF CIR bargaining unit members with meal cards, with a daily value of $23.00, good for up to $5.00 for breakfast, up to $9.00 for lunch, and up to $9.00 for dinner when working at SFGH.",UNCLEAR,exception,1,,,,,,
UCSF_CIR_0062,UCSF_CIR_2022_2025,10,"Grievance: A claim by a Resident, a group of Residents, or the Union, that the University has violated a specific provision of the Agreement during the term of this Agreement and/or a claim that a disciplinary action, as defined in subparagraph A.2 below and subject to the limitations set forth in subparagraph 4 below, was not supported by just cause. 2.",UNCLEAR,exception,1,,,,,,
UCSF_CIR_0060,UCSF_CIR_2022_2025,10,Article 9: SEVERABILITY This Agreement is subject to all applicable Federal or State laws and regulations.,UNCLEAR,exception,1,,,,,,
UCSF_CIR_0370,UCSF_CIR_2022_2025,51,"In the event of a price increase in the cafeteria, the allotment per meal for interns and residents will be adjusted accordingly. 20.",UNCLEAR,exception,1,,,,,,
UCSF_CIR_0372,UCSF_CIR_2022_2025,51,The Hospital will maintain dedicated sleep rooms except in emergency situations. 21.,UNCLEAR,exception,1,,,,,,
UCSF_CIR_0385,UCSF_CIR_2022_2025,53,"The SFGH Materials Management will make best efforts to have the purchased items delivered within six months from the date of order, provided that exigent circumstances do not exist.",UNCLEAR,exception,1,,,,,,
UCSF_CIR_0001,UCSF_CIR_2022_2025,4,"For Residents and Fellows on rotation at facilities not owned and operated by the University of California, the University will only be required to meet and confer over matters within the scope of representation subject to the University’s control, or as otherwise required by law.",UNCLEAR,exception,1,,,,,,
UCSF_CIR_0284,UCSF_CIR_2022_2025,35,"Within the limits imposed by law or University regulation, the University shall not discriminate against or harass any Resident on the basis of race, color, religion, marital status, national origin, ancestry, sex (including gender, pregnancy, childbirth, medical conditions related to pregnancy and childbirth, breastfeeding, and medical conditions related to breastfeeding), sexual orientation, gender identity, gender expression, physical or mental disability, medical condition (cancer-related or genetic characteristics), genetic information (including family medical history), HIV status, service in the uniformed services, age, citizenship, political affiliation, and/or union activity.",HARD,deontic:prohibition|deontic:obligation,2,,,,,,LONG_UNSPLIT
UCSF_CIR_0331_p1,UCSF_CIR_2022_2025,45,"DocuSign Envelope ID: D9D1EECC-B3CA-4D37-B5A6-82BF8FCCB914 Resident and Fellow Salary Scale, UCSF School of Medicine - Effective July 1, 2022 TITLE CODE PGY Monthly Rate Annual Rate Residencies - 2709* I $6,975.33 $83,704.00 ACGME-accredited 2723* II $7,163.75 $85,965.00 III $7,394.50 $88,734.00 IV $7,635.50 $91,626.00 V $7,895.17 $94,742.00 VI $8,140.67 $97,688.00 VII $8,368.50 $100,422.00 Fellowships - 2736* IV $7,635.50 $91,626.00 ACGME- or ABMS-accredited V $7,895.17 $94,742.00 VI $8,140.67 $97,688.00 VII $8,368.50 $100,422.00 VIII $8,741.08 $104,893.00 IX $8,948.50 $107,382.00 Fellowships - 2733* II $7,163.75 $85,965.00 Non-ACGME or Non-ABMS III $7,394.50 $88,734.00 IV $7,635.50 $91,626.00 V $7,895.17 $94,742.00 VI $8,140.67 $97,688.00 VII $8,368.50 $100,422.00 VIII $8,741.08 $104,893.00 IX $8,948.50 $107,382.00 HEAL Fellowship TBD IV $6,433.83 $77,206.00 V $6,693.50 $80,322.00 VI $6,939.00 $83,268.00 Chief Stipend ** 2738* --- $50/month to $150/month Additional pay for moonlighting *** 2735 -- Variable Intern - Clinical Psychology 2715 -- $25,600.00 $39,300.00 Non-Physician Clinical Trainee 2740 -- $48,900.00 $61,800.00 * Title code is for trainee positions in the CIR-SEIU bargaining unit. ** The compensation of a chief resident or chief fellow should be paid according to their step assignment as a resident or fellow (title code 2723 or",HARD,deontic:obligation|deontic:preference,2,,,,,,
UCSF_CIR_0331_p2,UCSF_CIR_2022_2025,45,"6) plus an additional fixed monthly stipend as senior/chief resident or fellow (under title code 2738). under title code 2725. *** For ACGME residents and fellows, a moonlighting agreement must be approved by the program director prior to any moonlighting activity. **** Fellows must be paid at a minimum rate.",HARD,deontic:obligation|deontic:preference,2,,,,,,
UCSF_CIR_0329,UCSF_CIR_2022_2025,42,"GRIEVANT’S NAME GRIEVANCE NUMBER (TO BE COMPLETED BY THE UNIVERSITY) GRIEVANTCLASSIFICATION TITLE GRIEVANT’S DEPARTMENT/PROGRAM GRIEVANT’S HOME TELEPHONE NAME OF GRIEVANT’S IMMEDIATE SUPERVISOR, NON-WORK ADDRESS TO WHICH CORRESPONDENCE MAY BE TITLE, AND TELEPHONE NUMBER SENT TO GRIEVANT IF REPRESENTED IN THIS GRIEVANCE, PROVIDE THE FOLLOWING: REPRESENTATIVE’S NAME REPRESENTATIVE’S ORGANIZATION REPRESENTATIVE’S TELEPHONE NUMBER REPRESENTATIVE’S NON-WORK ADDRESS, CITY, STATE, ZIP TYPE OF GRIEVANCE: □ INDIVIDUAL SPECIFIC ARTICLE(S) & SECTION(S) OF THE UCSF/CIR AGREEMENT ALLEGED TO BE VIOLATED: □GROUP (LIST ALL GRIEVANTS) □ UNION DATE OF ALLEGED VIOLATION DATE OF INFORMAL STEP 1 MEETING WITH DATE OF INFORMAL STEP 1 SUPERVISOR RESPONSE, IF ANY",SOFT,deontic:permission,2,,,,,,LONG_UNSPLIT
