sentence_id,source_doc,page_num,raw_text,predicted_type,signals,confidence_score,is_constraint,constraint_type,entities,threshold,exception,notes
CTU_ACER_0609,CTU_Acero_2022_2026,77,"Nor shall the Employer otherwise release to any third parties, other than the Union, any information pertaining to immigration status except with the bargaining unit member’s written consent or as required by law.",HARD,deontic:obligation|exception,3,,,,,,
CTU_ACER_0115,CTU_Acero_2022_2026,22,"Instructional Staff The employment of Instructional Staff in their first 365 days of employment in a single job category with the Employer shall be provisional, which means that, during this period, they may be released from employment without cause and in the sole discretion of the Employer, and they may not contest their discharge through the grievance and arbitration procedure.",HARD,deontic:obligation|deontic:restriction|deontic:permission|threshold,3,,,,,,
CTU_ACER_0519,CTU_Acero_2022_2026,66,"Except where otherwise provided, Academic Interventionists shall be provided the same workday and work year under Article 17.A. c.",HARD,deontic:obligation|exception,3,,,,,,
CTU_ACER_0516,CTU_Acero_2022_2026,66,"Except in cases of emergency, English Language Program Teachers shall not be assigned as substitute teachers. f.",HARD,deontic:prohibition|deontic:obligation|exception,3,,,,,,
CTU_ACER_0670,CTU_Acero_2022_2026,85,"The bargaining unit member shall not be observed for evaluation purposes for 30 days and the Employer shall address any professional development, instructional materials or other needs created by the reassignment or transfer.",HARD,deontic:prohibition|deontic:obligation|threshold,3,,,,,,
CTU_ACER_0513,CTU_Acero_2022_2026,66,"Except where otherwise provided, English Language Program Teachers shall be provided the same workday and work year under Article 17.A. c.",HARD,deontic:obligation|exception,3,,,,,,
CTU_ACER_0675,CTU_Acero_2022_2026,86,"(7) calendar days from the date notice of the vacancy was made available to bargaining unit members, unless the vacant position is determined by the Employer to be a hard-to-fill position or a position that is required to be filled sooner in order to meet the instructional needs of students.",HARD,deontic:obligation|exception,3,,,,,,
CTU_ACER_0310,CTU_Acero_2022_2026,44,"Unless the bargaining unit member has been donated PTO in accordance with Paragraph G, any day a member is absent in excess of their PTO allotment shall be unpaid and taking such a day without authorization may result in discipline.",HARD,deontic:obligation|deontic:permission|exception,3,,,,,,
CTU_ACER_0311,CTU_Acero_2022_2026,44,"Except as otherwise provided herein, PTO shall be taken in four",HARD,deontic:obligation|exception,3,,,,,,
CTU_ACER_0686,CTU_Acero_2022_2026,90,"A court may substitute a lawful term or condition for any provision found to be unlawful, provided that any such substituted provision shall not deny the Parties the benefits arising to them under this Agreement.",HARD,deontic:prohibition|deontic:obligation|deontic:permission|exception,3,,,,,,
CTU_ACER_0688,CTU_Acero_2022_2026,90,"There shall be no reduction in benefits during the term of this Agreement without mutual agreement of the Parties, unless otherwise prohibited by law.",HARD,deontic:obligation|exception,3,,,,,,
CTU_ACER_0125,CTU_Acero_2022_2026,22,"Non-Instructional Staff The employment of Non-Instructional Staff in their first 90 days of employment with Employer shall be provisional, which means that, during this period, they may be released from employment without cause and in the sole discretion of the Employer, and they may not contest their discharge through the grievance and arbitration procedure.",HARD,deontic:obligation|deontic:restriction|deontic:permission|threshold,3,,,,,,
CTU_ACER_0502,CTU_Acero_2022_2026,65,"If a student has been referred to a campus-level administrator for discipline, students must first meet with a campus-level administrator before being further referred to a Counselor, provided that any campus-based administrator may refer a student to a Counselor in emergency circumstances requiring intervention other than disciplinary action. g.",HARD,deontic:obligation|deontic:permission|exception,3,,,,,,
CTU_ACER_0123,CTU_Acero_2022_2026,22,"In the event the Employer determines that it is appropriate to extend an employee’s provisional period for an additional 365 days, it shall provide the Instructional Staff member and the Union with a written explanation for that decision prior to expiration of the initial 365-day provisional period.",HARD,deontic:obligation|threshold,3,,,,,,
CTU_ACER_0122,CTU_Acero_2022_2026,22,The provisional period for Instructional Staff may be extended one-time for an additional 365 days at the discretion of the Employer.,SOFT,deontic:permission|threshold,3,,,,,,
CTU_ACER_0501,CTU_Acero_2022_2026,65,"No Counselor shall be used as a substitute teacher except in circumstances requiring temporary emergency supervisory, non-instructional, duty for the welfare of students or the safety of school operations. f.",HARD,deontic:obligation|exception,3,,,,,,
CTU_ACER_0327,CTU_Acero_2022_2026,45,"Emergency Unpaid Leave A bargaining unit member who has exhausted all PTO may request an unpaid emergency leave of up to ten (10) working days due to an unusual and unforeseeable event that legitimately requires the bargaining unit member to miss work, provided that the decision on whether to grant any additional unpaid time shall be in the sole discretion of Human Resources or Employer designee. 5.",HARD,deontic:obligation|deontic:permission|exception,3,,,,,,
CTU_ACER_0459,CTU_Acero_2022_2026,61,"Apprentices shall only be responsible for the creation of their own sub plans, which shall be provided to the Employer to distribute to a substitute in the event of an Apprentice’s absence.",HARD,deontic:obligation|exception,3,,,,,,
CTU_ACER_0700,CTU_Acero_2022_2026,92,The Employer may document bargaining unit member performance against the Danielson framework each week (unless otherwise stated below) using the Instructional Staff Coaching Framework.,SOFT,deontic:permission|exception,3,,,,,,
CTU_ACER_0702,CTU_Acero_2022_2026,92,Informal observations shall be no less than 15 minutes.,HARD,deontic:obligation|threshold,3,,,,,,
CTU_ACER_0493,CTU_Acero_2022_2026,65,"Counselors Except where otherwise provided in Section A and B of this Article, the following terms and conditions of work and rights shall apply to bargaining unit members assigned to the employee classification of “Counselor”: a.",HARD,deontic:obligation|exception,3,,,,,,
CTU_ACER_0487,CTU_Acero_2022_2026,64,"Except in cases of emergency, for LBS1 certified educators, Case Managers shall not be assigned as substitute teachers. h.",HARD,deontic:prohibition|deontic:obligation|exception,3,,,,,,
CTU_ACER_0336,CTU_Acero_2022_2026,47,"Bereavement Leave Bargaining unit members shall be given up to ten (10) paid days of absence in case of a death in their immediate family, which includes a spouse, domestic partner, partner in a civil union, child, stepchild, parent, stepparent, foster parent, former guardian, sibling, step-sibling, halfsibling, or stillbirth.",HARD,deontic:obligation|exception,3,,,,,,
CTU_ACER_0339,CTU_Acero_2022_2026,47,"Bargaining unit members must provide the Employer with at least 48 hours’ advance notice of their request to take bereavement leave or, in the case of an emergency, as much advance notice as practicable.",HARD,deontic:obligation|threshold,3,,,,,,
CTU_ACER_0480,CTU_Acero_2022_2026,63,"Special Education Case Managers Except where otherwise provided herein, Case Managers shall be provided the same workday and work year as articulated in Article 17.A and 17.B.",HARD,deontic:obligation|exception,3,,,,,,
CTU_ACER_0347,CTU_Acero_2022_2026,48,"Those bargaining unit members eligible for FMLA leave may request up to 12 weeks off of work for an approved leave for purposes of preparation for child births, post-birth bonding or adoption within the first year of the event leading to the child being in the home.",SOFT,deontic:permission|threshold,3,,,,,,
CTU_ACER_0086,CTU_Acero_2022_2026,18,"Provided that any school calendar proposed by the Committee must comply with the Chicago Public Schools testing windows and any other district or state calendar requirements, the calendar shall be decided by majority vote of the committee.",HARD,deontic:obligation|deontic:obligation|exception,3,,,,,,
CTU_ACER_0733,CTU_Acero_2022_2026,95,The Employer shall meet with the Instructional Staff member for a pre-observation conference within 1-5 days prior to a formal observation and provide forty-eight (48) hours’ notice of such pre-observation conference.,HARD,deontic:obligation|threshold,3,,,,,,
CTU_ACER_0737,CTU_Acero_2022_2026,95,The Employer may conduct the formal observation during the subject and grade level selected within 1-5 days following the preobservation conference.,SOFT,deontic:permission|threshold,3,,,,,,
CTU_ACER_0462,CTU_Acero_2022_2026,62,All Apprentices shall be provided with an electronic and/or a printed copy of any applicable IEPs for students on their caseload provided that such IEPs contain information the Employer determines to be necessary to perform the Apprentices’ role. f.,HARD,deontic:obligation|exception,3,,,,,,
CTU_ACER_0742,CTU_Acero_2022_2026,95,Each post-observation conference shall take place within 5-10 days of the formal observation.,HARD,deontic:obligation|threshold,3,,,,,,
CTU_ACER_0460,CTU_Acero_2022_2026,62,"All Apprentices may perform temporary classroom supervisory duty, subject to the limitations set forth herein, in situations where the safety or welfare of the student(s) is concerned, but such duty shall not be instructional in nature nor typically exceed sixty (60) minutes per day.",HARD,deontic:prohibition|deontic:obligation|deontic:permission|exception,3,,,,,,
CTU_ACER_0522,CTU_Acero_2022_2026,67,"Except in cases of emergency, Academic Interventionists shall not be assigned as substitute teachers. f.",HARD,deontic:prohibition|deontic:obligation|exception,3,,,,,,
CTU_ACER_0155,CTU_Acero_2022_2026,26,"Should either party request a transcript of the hearing, that party will bear the cost of the transcript unless otherwise mutually requested, in which case the Parties shall split the fee of preparing the transcript.",HARD,deontic:obligation|deontic:preference|exception,3,,,,,,
CTU_ACER_0657,CTU_Acero_2022_2026,84,"Any bargaining unit member desiring a Voluntary Transfer or Reassignment shall be considered for all vacant positions identified by the bargaining unit member in his or her application, provided that the bargaining unit member is qualified to fill such position at the time of application.",HARD,deontic:obligation|exception,3,,,,,,
CTU_ACER_0289,CTU_Acero_2022_2026,41,"The special education stipend in the amount of $1,500 shall be paid per semester to any bargaining unit member assuming responsibilities or duties commensurate with that of the position of “Special Education Case Manager”, provided that only bargaining unit members assigned to at least one-half day of teaching responsibilities in addition to carrying out such responsibilities and duties shall be entitled to the stipend.",HARD,deontic:obligation|exception,3,,,,,,
CTU_ACER_0580,CTU_Acero_2022_2026,73,"Programming Grade 3-8 class sizes Except as provided below, and consistent with the Parties’ mutual intention that no current Acero student be removed from the network, class sizes shall be as follows: Effective for school year 2021-22, classes will be programmed for 30 students.",HARD,deontic:obligation|exception,3,,,,,,
CTU_ACER_0579,CTU_Acero_2022_2026,73,"(5) aggregate school days thereafter either semester, an apprentice will be added to the affected first or second grade class for the school year, unless the class size is exceeded because Acero is required to add an STLS student.",HARD,deontic:obligation|exception,3,,,,,,
CTU_ACER_0576,CTU_Acero_2022_2026,72,Bargaining unit members shall not be subject to any retaliation for making such reports. 8.,HARD,deontic:prohibition|deontic:obligation|exception,3,,,,,,
CTU_ACER_0591,CTU_Acero_2022_2026,74,The Employer may increase the class size by a maximum of 2 students when an apprentice is assigned for the entire class. 2.,SOFT,deontic:permission|threshold,3,,,,,,
CTU_ACER_0593,CTU_Acero_2022_2026,74,The Employer may increase the class size by a maximum of 5 students when an apprentice is assigned for the entire class. 3.,SOFT,deontic:permission|threshold,3,,,,,,
CTU_ACER_0594,CTU_Acero_2022_2026,74,No more than 8 students when at least one student in the class spends more than 60% of his/her day in the special education setting (LRE 3).The Employer may increase the class size by a maximum of 5 students when an apprentice is assigned for the entire class.,SOFT,deontic:permission|threshold,3,,,,,,
CTU_ACER_0566,CTU_Acero_2022_2026,70,"Failure to implement the procedure, failure to implement the approved waiver and/or improper implementation of the approved waiver, as set forth in the posting described above, shall be subject to the grievance procedure under the Agreement, except where no contractual violation occurred as a result of such failure or defect.",HARD,deontic:obligation|exception,3,,,,,,
CTU_ACER_0253,CTU_Acero_2022_2026,36,"Other records maintained by the Employer relating to any member’s employment may be used in connection with personnel actions (e.g., emails later discovered to be relevant to an investigation) subject to Article 9 Due Process Rights.",SOFT,deontic:permission|exception,3,,,,,,
CTU_ACER_0606,CTU_Acero_2022_2026,77,"Similarly, the Employer shall not inquire about or demand proof of an employee’s immigration or citizenship status, except as required by law.",HARD,deontic:prohibition|deontic:obligation|exception,3,,,,,,
CTU_ACER_0608,CTU_Acero_2022_2026,77,The Employer shall not voluntarily permit access to its property or any records contained therein by agents of ICE unless legally required to do so.,HARD,deontic:prohibition|deontic:obligation|exception,3,,,,,,
CTU_ACER_0417,CTU_Acero_2022_2026,58,"The Professional Solutions Committee should discuss instances where Professional Growth Plans are not being developed collaboratively, provided that the ultimate decision on such Plans lies with the Employer.",SOFT,deontic:preference|exception,3,,,,,,
CTU_ACER_0614,CTU_Acero_2022_2026,78,"Bargaining unit members shall not face any Employer discipline for following the policies contained in this Article, provided that bargaining unit members do not violate the professional conduct required in the Employer’s policies.",HARD,deontic:prohibition|deontic:obligation|exception,3,,,,,,
CTU_ACER_0203,CTU_Acero_2022_2026,31,"Academic freedom shall also mean that Instructional Staff shall be entitled to freedom of discussion within the classroom on all matters which are relevant to the subject matter under study and within their areas of professional competence, assuming that all facts concerning controversial issues shall be presented in a scholarly and objective manner, and assuming that all discussion shall be maintained within the outlines of appropriate course content, be pedagogically justifiable, and be subject to the standards of good taste.",HARD,deontic:obligation|exception,3,,,,,,
CTU_ACER_0264,CTU_Acero_2022_2026,38,"The lanes depicted are for the attainment of a Master’s degree ($3,700), Masters + 30 hours ($7,400), and Masters + 60 hours / PhD ($11,100) relevant to the bargaining unit member’s assigned position, and who submits to the Human Capital Department evidence of that degree. [See Appendix A for compensation schedules for 2022-2023, 2023-2024, 2024-2025, and 2025-2026 school years] Instructional Teaching Staff who receive and maintain National Board Certification during the term of this Agreement shall receive a stipend in the amount of $5,000.00 annually.",HARD,deontic:obligation|threshold,3,,,,,,
CTU_ACER_0190,CTU_Acero_2022_2026,29,"Notwithstanding the above, Provisional Employees, as defined in Article 7 of the Agreement, may be discharged without cause.",SOFT,deontic:permission|exception,3,,,,,,
CTU_ACER_0629,CTU_Acero_2022_2026,81,"The Affected Employee may exercise his or her seniority for the following options in lieu of layoff, provided that the member is qualified for the position: 1.",SOFT,deontic:permission|exception,3,,,,,,
CTU_ACER_0630,CTU_Acero_2022_2026,81,"Third, if no position described above in 2.) is available, to displace a member in the same employee classification with less seniority at any school operated by the Employer, A bargaining unit member subject to displacement by the above procedure shall be considered subject to layoff and shall have the right to exercise the same options.",HARD,deontic:obligation|exception,3,,,,,,
CTU_ACER_0634,CTU_Acero_2022_2026,81,"Layoff Delays: Beginning with the 2023-2024 school year, except in the case of school closures, layoffs of Special Education Apprentices shall be delayed until the 1st day of the following school year in order to determine if there is a lack of work based on incoming student enrollment and pending IEPs.",HARD,deontic:obligation|exception,3,,,,,,
CTU_ACER_0277,CTU_Acero_2022_2026,39,"In cases of an Instructional Teaching Staff returning from a voluntary separation of non-provisional employment from the Network, said Instructional Teacher Staff shall advance one step from their previous step on the salary schedule following such break in service.",HARD,deontic:obligation|exception,3,,,,,,
CTU_ACER_0540,CTU_Acero_2022_2026,68,"Office Coordinators shall not be responsible for the creation, or maintenance, nor the scheduling of emergency plans, FIMS or drills, or parent volunteer coordination/supervision, except for Friday Folder supervision. 2.",HARD,deontic:prohibition|deontic:obligation|exception,3,,,,,,
CTU_ACER_0178,CTU_Acero_2022_2026,29,Disciplinary action more than fifteen (15) months old may not be used for disciplinary purposes unless a bargaining unit member has advanced to a subsequent disciplinary step. 6.,SOFT,deontic:restriction|deontic:permission|exception,3,,,,,,
CTU_ACER_0640,CTU_Acero_2022_2026,82,Laid off bargaining unit members eligible for recall shall be allowed 72 hours to respond to a job offer.,HARD,deontic:obligation|threshold,3,,,,,,
CTU_ACER_0175,CTU_Acero_2022_2026,28,The above-listed progressive steps may be bypassed based in cases of serious misconduct.,SOFT,deontic:permission|exception,3,,,,,,
CTU_ACER_0171,CTU_Acero_2022_2026,28,"Any of these steps may be skipped based upon the severity of the alleged misconduct and, in cases where a bargaining unit member engages in serious misconduct, the Employer may even dismiss the bargaining unit member provided that just cause is established. 3.",SOFT,deontic:permission|exception,3,,,,,,
CTU_ACER_0645,CTU_Acero_2022_2026,82,Bargaining unit members subject to layoff shall be given forty-five (45) calendar days’ notice or forty-five (45) calendar days’ pay in lieu of notice by the Employer prior to the effective date of the layoff.,HARD,deontic:obligation|exception,3,,,,,,
CTU_ACER_0646,CTU_Acero_2022_2026,82,"Except in emergency circumstances, bargaining unit members laid off effective at the start of a school year shall be so notified no later than one calendar week prior to the last day of student instruction.",HARD,deontic:obligation|exception,3,,,,,,
CTU_ACER_0534,CTU_Acero_2022_2026,68,Office Coordinators shall not be required to serve as translators except to adequately perform core work duties.,HARD,deontic:prohibition|deontic:obligation|exception,3,,,,,,
CTU_ACER_0650,CTU_Acero_2022_2026,83,"Step adjustment shall be applied for any experience acquired within the two years of separation which is pertinent to the bargaining unit member’s job duties and responsibilities, subject to Employer review.",HARD,deontic:obligation|exception,3,,,,,,
CTU_ACER_0530,CTU_Acero_2022_2026,67,"Should an Office Coordinator be required to place phone calls to families related to students’ medical conditions, they shall be provided with adequate information about the underlying reason for the phone call in advance (except in emergency situations). d.",HARD,deontic:obligation|deontic:preference|exception,3,,,,,,
CTU_ACER_0366,CTU_Acero_2022_2026,50,"returning from any type of unpaid leave shall be entitled to return to the same position and assignment they had prior to the leave unless that position was filled in their absence with another member, and in such case the returning member shall be entitled to an equivalent position.",HARD,deontic:obligation|exception,3,,,,,,
CTU_ACER_0582,CTU_Acero_2022_2026,73,The Employer may not add any additional students to any 38 grade classroom at any school during the term of this agreement unless: a.,SOFT,deontic:restriction|deontic:permission|exception,3,,,,,,
CTU_ACER_0453,CTU_Acero_2022_2026,61,"Kindergarten Apprentices, Special Education Apprentices, Teacher Apprentices, and Classroom Apprentices Except where otherwise provided in this Article, the following terms and conditions of work and rights shall apply to bargaining unit members assigned to the employee classifications of “Kindergarten Apprentice”, “Special Education Apprentice”, “Teacher Apprentice” and “Classroom Apprentice”, collectively “Apprentices”: a.",HARD,deontic:obligation|exception,3,,,,,,
CTU_ACER_0765,CTU_Acero_2022_2026,97,"In addition to the ratio of formal to informal observations described above, the final summative rating will be issued using the Instructional Staff Evaluation Tool and shall be weighted to include 70% ratings based on the Danielson Framework and 30% student growth data (consisting of 25% student standardized assessment data as determined by the Employer, and 5% standardized assessments contributing to the student growth), except that ratings for the classifications listed below shall be weighted as follows.",HARD,deontic:obligation|exception,3,,,,,,
CTU_ACER_0048,CTU_Acero_2022_2026,12,This time shall be reserved for the conduct of Union business except when waived by express written mutual agreement of the Parties.,HARD,deontic:obligation|exception,3,,,,,,
CTU_ACER_0423,CTU_Acero_2022_2026,58,"Notwithstanding the foregoing, all liability shall rest with the Employer. 11.",HARD,deontic:obligation|exception,3,,,,,,
CTU_ACER_0408,CTU_Acero_2022_2026,56,"Notwithstanding the requirements of this Section, Instructional Staff on Remediation Plan may be required to attend up to fifty (50) minutes of administratively-directed activities each week in addition to their regularly-scheduled duties, provided that Instructional Staff shall not be required to attend any meetings or other duty assignments for more than fifteen (15) minutes before the start of the Student Instructional Day or otherwise beyond thirty (30) minutes after dismissal.",HARD,deontic:prohibition|deontic:obligation|deontic:permission|exception,3,,,,,,
CTU_ACER_0400,CTU_Acero_2022_2026,55,"Limitations and Conditions Relating to Preparation Time Instructional Staff under a Remediation Plan may, at the discretion of the Employer, receive less planning time than otherwise required by this Article, provided that any administratively-directed activities limiting a bargaining unit member’s rights with respect to this Section is intended to provide more intensive supports required for the member to improve their performance. 5.",SOFT,deontic:permission|exception,3,,,,,,
CTU_ACER_0374,CTU_Acero_2022_2026,52,"The calendar of each work year, subject to any limitations set forth herein regarding instructional and non-instructional days of the work year, shall be set in accordance with Article 6, Committees of this Agreement. 2.",HARD,deontic:obligation|exception,3,,,,,,
CTU_ACER_0766,CTU_Acero_2022_2026,97,"Summative ratings for the following classifications will be weighted 100% on ratings based on the Danielson Framework: - Fine and Performing Arts, Physical Education, STEM and World Language Teachers (“MAPS Teachers”) - Teachers of Diverse Learners, Bilingual Resource Teacher - Case Managers, Social Workers, Counselors, ELPTs, Academic Interventionists Summative ratings for the following classifications will be weighted to include 70% ratings based on the Danielson Framework and 30% student growth data (except that the standardized assessments contributing to the student growth data shall be determined by the Joint Committee on Evaluation Criteria): - Middle School/High School Science Teachers - Middle School/High School Social Studies Teachers - Kindergarten and First Grade Teachers 8.",HARD,deontic:obligation|exception,3,,,,,,
CTU_ACER_0785,CTU_Acero_2022_2026,100,"A Mid-Year First Step Remediation Plan for Instructional Staff shall not start before the end of the second quarter/first semester and shall begin prior to the third week of the third quarter/second semester, unless the Employer is unable to begin the First Step Remediation Plan due to delay caused by the bargaining unit member or Union.",HARD,deontic:prohibition|deontic:obligation|exception,3,,,,,,
CTU_ACER_0055,CTU_Acero_2022_2026,12,"(5) days of unused union release may roll over into a subsequent year of the Agreement (i.e., no more than fifty-five (55) union release days shall be available at the beginning of any given Agreement year, unless additional days have been purchased per the below).",HARD,deontic:obligation|deontic:permission|exception,3,,,,,,
CTU_ACER_0023,CTU_Acero_2022_2026,10,"The Union and bargaining unit members may use the School's e-mail system for union communications, subject to the following agreements and understandings: a.",SOFT,deontic:permission|exception,3,,,,,,
CTU_ACER_0439,CTU_Acero_2022_2026,60,"The Employer shall not assign any Special Education Teacher duties not related to special education services, unless such duties can be assigned in a manner that does not affect compliance with or services provided in furtherance of any student’s Individualized Education Programs (“IEP”) or Section 504 plan, team meetings related to the administration of IEP’s or Section 504 plans, or other unique instructional needs of students assigned to the caseload of a Special Education Teacher.",HARD,deontic:prohibition|deontic:obligation|exception,3,,,,,,
CTU_ACER_0786,CTU_Acero_2022_2026,100,"In order to place a member of the Instructional Staff on a First Step Remediation Plan in the middle of the instructional year, the Employer must demonstrate that the bargaining unit member has scored a rating of 2.0 or below when averaging, with equal weighting (i.e., 50% for each) (in the event there were two formals), the bargaining unit member’s score from the most-recent formal observation provided that such observation has taken place during the current school year, and the member’s average informal assessment scores, excluding the two",HARD,deontic:obligation|exception,3,,,,,,
CTU_ACER_0021,CTU_Acero_2022_2026,10,"The Union shall be allowed to post notices on designated posting area(s) including, but not limited to, existing bulletin boards provided that the materials posted shall be subject to the Employer's policies regarding non-discrimination, non-harassment, professionalism, etc.",HARD,deontic:obligation|exception,3,,,,,,
CTU_ACER_0376,CTU_Acero_2022_2026,52,"Notwithstanding the foregoing, the Student Instructional Day may be shortened in accordance with Section (A)(7) of this Article. 3.",SOFT,deontic:permission|exception,3,,,,,,
CTU_ACER_0787,CTU_Acero_2022_2026,100,"During remediation, the Employer must also assign a mentor to provide assistance to the bargaining unit member subject to remediation., Instructional Staff may volunteer to act as a mentor.",HARD,deontic:obligation|deontic:permission|exception,3,,,,,,
CTU_ACER_0427,CTU_Acero_2022_2026,59,"Rights of Classifications within Instructional Teaching Staff Except where otherwise provided in Section A of this Article, the terms and conditions of work and rights of Elementary Teachers, High School Teachers, K-12 Teachers, and Special Education Teachers shall be consistent with established practice at each campus at which the Teacher is assigned. 1.",HARD,deontic:obligation|exception,3,,,,,,
CTU_ACER_0044,CTU_Acero_2022_2026,12,"In the event of a claim under this Article, the Union shall designate counsel to defend the Employer and no settlement shall be made without the Union’s prior written consent. 6.",HARD,deontic:obligation|exception,3,,,,,,
CTU_ACER_0444,CTU_Acero_2022_2026,60,Except in cases of emergency Special Education Teachers shall not be assigned as substitute teachers. f.,HARD,deontic:prohibition|deontic:obligation|exception,3,,,,,,
CTU_ACER_0428,CTU_Acero_2022_2026,59,"Elementary Teachers Daily class schedules and instructional time for each subject shall remain consistent daily, unless otherwise agreed upon by the campus Professional Solutions Committee or designated scheduling sub-committee.",HARD,deontic:obligation|exception,3,,,,,,
CTU_ACER_0454,CTU_Acero_2022_2026,61,No Apprentice shall be used as a substitute teacher unless he or she volunteers to perform the services of a substitute teacher and holds the requisite certification from the Illinois State Board of Education.,HARD,deontic:obligation|exception,3,,,,,,
CTU_ACER_0403,CTU_Acero_2022_2026,55,"Meetings Notwithstanding any other limitations set forth in this Article, Instructional Staff shall participate in up to sixty (60) minutes of administratively-directed meetings following the conclusion of any assigned duties on Wednesdays, though meetings may occur on days other than Wednesday or consist of activities other than administratively-directed meetings based upon recommendations of campus-based Professional Solutions Committees implemented by the Employer.",HARD,deontic:obligation|deontic:permission|exception,3,,,,,,
CTU_ACER_0411,CTU_Acero_2022_2026,57,Elementary Presentation of Learning/ High School Parent-Teacher Conferences Instructional Staff must be available to schedule 10.5 hours of student-teacher-family conference time over two,HARD,deontic:obligation|threshold,3,,,,,,
CTU_ACER_0773,CTU_Acero_2022_2026,98,"Notwithstanding, the supervisor shall have the right to establish or modify performance goals against which a bargaining unit member’s performance shall be measured.",HARD,deontic:obligation|exception,3,,,,,,
CTU_ACER_0062,CTU_Acero_2022_2026,16,"ARTICLE 6 - COMMITTEES The terms of this Article shall not apply to disputes related to the application of the terms of this Agreement to an individual member, as such disputes remain subject to the provisions of Article 8, Grievance Procedure.",HARD,deontic:prohibition|deontic:obligation|exception,3,,,,,,
CTU_ACER_0395,CTU_Acero_2022_2026,54,"High School Instructional Teaching Staff Except as otherwise set forth in this Agreement, High School Instructional Teaching Staff shall receive a minimum of four hundred and sixty-five (465) minutes of preparation time each week, four-hundred and forty (440) minutes of which are selfdirected, including at least fifty (50) minutes of duty-free, continuous and selfReturn to Table of Contents 54",HARD,deontic:obligation|exception,3,,,,,,
CTU_ACER_0438,CTU_Acero_2022_2026,60,"Special Education Teachers Except where otherwise provided in Section A of this Article, the following terms and conditions of work and rights shall apply to bargaining unit members assigned to the employee classification “Special Education Teacher”: a.",HARD,deontic:obligation|exception,3,,,,,,
CTU_ACER_0412,CTU_Acero_2022_2026,57,"Instructional Staff shall work eleven (11) hours over these two days, one day which begins at 11:30 a.m. and ends at 7:00 p.m., and one day which begins at 8:00 a.m. and ends at 11:30 a.m., with up to 10.5 hours of conference time and any remaining time may be used as self-directed work.",HARD,deontic:obligation|deontic:permission|threshold,3,,,,,,
CTU_ACER_0008,CTU_Acero_2022_2026,7,"Notwithstanding the foregoing, the provisions of this Article shall not apply to independent contractors or employees of third parties contracted to provide supplemental or related services set forth in Article 5, Management Rights, including without limitation independent contractors or third-party employees working as psychologists, occupational therapists, social workers, speech pathologists, physical therapists, and nurses at any campus operated by the Employer as of the date of this Agreement or thereafter.",HARD,deontic:prohibition|deontic:obligation|exception,3,,,,,,
CTU_ACER_0392,CTU_Acero_2022_2026,54,"Elementary Instructional Teaching Staff Except as otherwise set forth in this Agreement, Elementary Instructional Teaching Staff shall receive a minimum of three hundred and thirty (330) minutes of preparation time each week, three-hundred and five (305) minutes of which are selfdirected, including at least fifty (50) minutes of duty-free, continuous and selfdirected preparation time each day, unless otherwise determined by the campus Professional Solutions Committee (PSC) and ratified by the waiver procedure.",HARD,deontic:obligation|exception,3,,,,,,
CTU_ACER_0065,CTU_Acero_2022_2026,16,All committee meetings shall take place during non-instructional times unless mutually agreed otherwise.,HARD,deontic:obligation|exception,3,,,,,,
CTU_ACER_0432,CTU_Acero_2022_2026,59,"Unless the graduation requirements set by the Illinois Board of Education necessitate a change, the number of required credits for high school graduation shall not exceed 28.",HARD,deontic:prohibition|deontic:obligation|exception,3,,,,,,
CTU_ACER_0397,CTU_Acero_2022_2026,55,"Unless otherwise limited by the foregoing, High School Instructional Teaching Staff shall instruct no more than five",HARD,deontic:obligation|exception,3,,,,,,
CTU_ACER_0398,CTU_Acero_2022_2026,55,"High School Instructional Staff and K-12 Instructional Staff shall be required to prepare for no more than two courses, including Honors or Remedial courses, unless otherwise determined by the campus Professional Solutions Committee (PSC) and ratified by the waiver procedure. d.",HARD,deontic:obligation|exception,3,,,,,,
CTU_ACER_0060,CTU_Acero_2022_2026,14,"For example, and without limitation, the Employer expressly reserves the following rights and authority: • To determine the qualifications for employment with the Employer; • To hire bargaining unit members, assign and direct their work, discharge or otherwise discipline members for cause (except that Provisional Employees as defined in Article 7 may be discharged without cause), promote, demote, transfer, layoff and recall bargaining unit members, except as explicitly agreed to in writing by the Parties; • To promulgate or modify reasonable work rules, policies, procedures, standards and regulations related to safety and discipline, except as explicitly agreed to in writing by the Parties; • To determine the Employer’s and each campus’ mission, goals, program and curriculum design and methodologies of teaching and assessment for fulfilling them subject to input from employees, with all final decisions resting with the Employer; • To take such steps as are necessary or appropriate to fulfill the Employer’s contractual obligations and performance to its authorizer, founder, and applicable law; • To establish educational policies and academic programs with respect to the admission and education of students and student academic progress and promotion, including, without limitation, methods for ensuring the rights and educational opportunities of all students; • To promulgate and modify Instructional Staff and Non-Instructional Staff Evaluation processes and systems subject to the requirements of Article 31. • To determine staffing patterns and design, including, as necessary, any decision to lay off or reduce its workforce, except that the Employer agrees to take into account performance evaluations in making any such layoff decisions, except as explicitly agreed to in writing by the Parties; • To determine the number and types of bargaining unit members and other personnel required; • To operate campuses, including moving or modifying facilities; • To determine methods of raising revenue, budget procedures and budget allocations;",SOFT,deontic:permission|exception,3,,,,,,
CTU_ACER_0431,CTU_Acero_2022_2026,59,"High School Teachers and K-12 Teachers Annually, by December 1 of each academic year, the Professional Solutions Committee, or a sub-committee (comprised of at least one representative from each grade level and/or at least one representative from each subject, and these members shall be identified and selected by the Union with the Employer having up to the same number of representatives at each campus) shall work to propose the student day, review and set bell schedules which will include all instruction, advisory (where applicable), support (where applicable which is understood to be a Tier 2 intervention), study hall (where exists in name or practice if applicable which is understood to be a Tier 2 intervention), student lunch that is no less than 25 minutes in length, curriculum, course offerings for the next 2 years which shall be no less than fifty (50) minutes in duration other than Wednesdays, electives, and length of support classes in compliance with graduation requirements set by the Illinois Board of Education.",HARD,deontic:obligation|threshold,3,,,,,,
CTU_ACER_0804,CTU_Acero_2022_2026,101,"The Union and the Employer agree that the merit of any score assigned to a bargaining unit member as a result of or in connection with the evaluation process agreed upon by the Parties shall not be subject to the dispute resolution procedures of the Grievance Procedure, Article 8.",HARD,deontic:prohibition|deontic:obligation|exception,3,,,,,,
CTU_ACER_0546,CTU_Acero_2022_2026,69,IT Technicians shall be provided with an adequate parking arrangement on days they are responsible for transporting technology and/or equipment safely to and from their vehicle. 3.,HARD,deontic:obligation,2,,,,,,
CTU_ACER_0429,CTU_Acero_2022_2026,59,All staff members may give feedback to the PSC.,SOFT,deontic:permission,2,,,,,,
CTU_ACER_0545,CTU_Acero_2022_2026,69,supervisor and may follow the Employer’s policies in requesting additional or external professional development. e.,SOFT,deontic:permission,2,,,,,,
CTU_ACER_0531,CTU_Acero_2022_2026,67,"Each year, all Office Coordinators shall be provided the necessary training during a network-wide professional development day in the computer programs and other protocols and programs which are a necessary function of adequately fulfilling their job responsibilities including but not limited to, record keeping, reporting requirements, cash handling, audits, hands-on training for InfoSnap and enrollment, Return to Table of Contents 67",HARD,deontic:obligation,2,,,,,,
CTU_ACER_0433,CTU_Acero_2022_2026,59,All decisions made by this committee shall be in accordance with majority vote of the committee a copy of which shall be sent to the Union and Employer prior to the end of the Instructional School year.,HARD,deontic:obligation,2,,,,,,
CTU_ACER_0544,CTU_Acero_2022_2026,68,IT Technicians shall be present at professional development as directed by their Return to Table of Contents 68,HARD,deontic:obligation,2,,,,,,
CTU_ACER_0533,CTU_Acero_2022_2026,68,No Office Coordinator shall be used as a substitute for a teacher. g.,HARD,deontic:obligation,2,,,,,,
CTU_ACER_0543,CTU_Acero_2022_2026,68,"IT Technicians shall be provided the use, as needed, of a workspace at each campus. c.",HARD,deontic:obligation,2,,,,,,
CTU_ACER_0542,CTU_Acero_2022_2026,68,Any hours worked that exceed forty (40) within a week shall be compensated at a rate of time and a half (1.5) the IT (Helpdesk) Technician hourly rate. b.,HARD,deontic:obligation,2,,,,,,
CTU_ACER_0532,CTU_Acero_2022_2026,68,Office Coordinators shall be present at professional development as directed by their supervisor and may follow the Employer’s policies in requesting additional or external professional development. f.,HARD,deontic:obligation|deontic:permission,2,,,,,,
CTU_ACER_0539,CTU_Acero_2022_2026,68,All Office Coordinators shall be provided with adequately functioning Network standard technology. k.,HARD,deontic:obligation,2,,,,,,
CTU_ACER_0535,CTU_Acero_2022_2026,68,"However, the Parties acknowledge that translation may be incidental to and necessary for the adequate performance of an Office Coordinator’s normal work duties. h.",SOFT,deontic:permission,2,,,,,,
CTU_ACER_0538,CTU_Acero_2022_2026,68,No Office Coordinator shall be required to work in person at a school without another employee present in the school for the duration of the time an Office Coordinator is present. j.,HARD,deontic:obligation,2,,,,,,
CTU_ACER_0537,CTU_Acero_2022_2026,68,All Office Coordinators shall be provided a separate and secure workspace on campuses that can accommodate such.,HARD,deontic:obligation,2,,,,,,
CTU_ACER_0536,CTU_Acero_2022_2026,68,"After the first fifteen (15) minutes of time spent supervising students during late pickup, early arrival, student discipline, etc., Office Coordinators shall be compensated thirty-eight dollars ($38) for each hour, or fraction thereof, spent supervising students during late pick-up, early arrival, student discipline, etc. i.",HARD,deontic:obligation,2,,,,,,
CTU_ACER_0458,CTU_Acero_2022_2026,61,Apprentices shall not be responsible for organizing sub plans for any teacher.,HARD,deontic:prohibition|deontic:obligation,2,,,,,,
CTU_ACER_0553,CTU_Acero_2022_2026,69,Bargaining unit members shall not lose pay for any day of student attendance cancelled due to inclement weather or safety conditions.,HARD,deontic:prohibition|deontic:obligation,2,,,,,,
CTU_ACER_0547,CTU_Acero_2022_2026,69,"However, in the event that the position of Graduate Support Advisor, or like position, becomes staffed in the future, the terms and conditions of employment shall be negotiated with the Union.",HARD,deontic:obligation,2,,,,,,
CTU_ACER_0572,CTU_Acero_2022_2026,71,"Class Roster Feedback Throughout the school year, bargaining unit members may request a meeting to bring concerns about roster changes or urgent or emergent issues to their administrator.",SOFT,deontic:permission,2,,,,,,
CTU_ACER_0564,CTU_Acero_2022_2026,70,"If the waiver is approved, the results of such vote shall be shared with the Employer and Union, and the Principal and school-based representative of the Union may execute a waiver. 7.",HARD,deontic:obligation|deontic:permission,2,,,,,,
CTU_ACER_0565,CTU_Acero_2022_2026,70,Copies of all waivers shall be forwarded to the Parties’ duly-authorized representatives. 8.,HARD,deontic:obligation,2,,,,,,
CTU_ACER_0567,CTU_Acero_2022_2026,71,"Job Descriptions Bargaining unit members shall be provided with a job description upon hire, which may be updated by the Employer when appropriate in its discretion.",HARD,deontic:obligation|deontic:permission,2,,,,,,
CTU_ACER_0568,CTU_Acero_2022_2026,71,Job descriptions shall define job responsibilities and specify reporting relationships. 2.,HARD,deontic:obligation,2,,,,,,
CTU_ACER_0569,CTU_Acero_2022_2026,71,Technology The Employer shall provide access to technology and software and relevant training necessary for bargaining unit members to perform their required job responsibilities. 3.,HARD,deontic:obligation,2,,,,,,
CTU_ACER_0570,CTU_Acero_2022_2026,71,Personnel Policies and Procedures The Employer’s Policies and Procedures shall continue to apply in full to bargaining unit members.,HARD,deontic:obligation,2,,,,,,
CTU_ACER_0571,CTU_Acero_2022_2026,71,Bargaining unit members shall be provided electronic access to the Employer’s Policies and Procedures. 4.,HARD,deontic:obligation,2,,,,,,
CTU_ACER_0573,CTU_Acero_2022_2026,71,EL Student Responsibilities Necessary information about ELs shall be distributed to Instructional Staff as it becomes available.,HARD,deontic:obligation,2,,,,,,
CTU_ACER_0548,CTU_Acero_2022_2026,69,"Multiple Campuses All bargaining unit members who travel from one school to another on a regular basis shall have the same rights to a planning/preparation period, lunch period, and physical relief breaks as do other comparable staff members.",HARD,deontic:obligation,2,,,,,,
CTU_ACER_0421,CTU_Acero_2022_2026,58,"The Employer will reasonably accommodate bargaining unit members’ outside commitments making them unavailable for particular events (including rescheduled events), and bargaining unit members shall not be disciplined or compelled to use PTO as a result.",HARD,deontic:prohibition|deontic:obligation,2,,,,,,
CTU_ACER_0574,CTU_Acero_2022_2026,71,"This information shall include student names for each student with whom the Instructional Staff member works, EL proficiency levels, ACCESS score data, classroom intervention recommendations, and a contact person for EL support. 6.",HARD,deontic:obligation,2,,,,,,
CTU_ACER_0575,CTU_Acero_2022_2026,71,"New Staff Orientation Upon hire, new bargaining unit members shall be provided with the necessary information and training required for them to perform their required job duties and responsibilities. 7.",HARD,deontic:obligation,2,,,,,,
CTU_ACER_0420,CTU_Acero_2022_2026,58,School Events Instructional Staff shall participate in organizing and/or attending four,HARD,deontic:obligation,2,,,,,,
CTU_ACER_0577,CTU_Acero_2022_2026,72,Translation Services The Employer shall continue to provide outside translation services for staff.,HARD,deontic:obligation,2,,,,,,
CTU_ACER_0578,CTU_Acero_2022_2026,73,Apprentices for Kindergarten All kindergarten classes shall have two,HARD,deontic:obligation,2,,,,,,
CTU_ACER_0419,CTU_Acero_2022_2026,58,Teachers that complete home visits for all of their homeroom or advisee students by the end of winter break shall receive a five-hundred-dollar ($500) stipend for their dedication to parental engagement. 10.,HARD,deontic:obligation,2,,,,,,
CTU_ACER_0422,CTU_Acero_2022_2026,58,"A representative of the Employer from the Campus (e.g., a Principal) must be present at each mandated event and shall be responsible for addressing any safety issues, health concerns, or emergencies.",HARD,deontic:obligation|deontic:obligation,2,,,,,,
CTU_ACER_0563,CTU_Acero_2022_2026,70,"The Union may schedule, and the Employer shall facilitate, a meeting for impacted bargaining unit members prior to the vote. 6.",HARD,deontic:obligation|deontic:permission,2,,,,,,
CTU_ACER_0424,CTU_Acero_2022_2026,59,"impacts over 40% of the teacher’s course load), the teacher shall be given a full workday to prepare prior to such change taking place. 12.",HARD,deontic:obligation,2,,,,,,
CTU_ACER_0562,CTU_Acero_2022_2026,70,Any posting describing the rights being waived must include a detailed description of those rights. 5.,HARD,deontic:obligation,2,,,,,,
CTU_ACER_0549,CTU_Acero_2022_2026,69,Adequate time to travel between sites shall be provided.,HARD,deontic:obligation,2,,,,,,
CTU_ACER_0550,CTU_Acero_2022_2026,69,"Further, bargaining unit members shall be reimbursed for actual miles driven between sites at the current IRS mileage rate. 2.",HARD,deontic:obligation,2,,,,,,
CTU_ACER_0551,CTU_Acero_2022_2026,69,"Provisional Employees All provisional employees shall be provided professional development opportunities relating to network and campus systems, procedures and policies relevant to their job responsibilities during days dedicated to professional development pursuant to this Article or within forty-five (45) days of the start of their employment for provisional employees in classifications within the Non-Instructional employee category. 3.",HARD,deontic:obligation,2,,,,,,
CTU_ACER_0552,CTU_Acero_2022_2026,69,"School Cancellation In the event the Employer determines that safety conditions requires the cancellation of student attendance, all bargaining unit members shall be notified of such via e-mail.",HARD,deontic:obligation,2,,,,,,
CTU_ACER_0529,CTU_Acero_2022_2026,67,"An Office Coordinator may elect to be trained to do so (e.g., without limitation, blood borne pathogen training).",SOFT,deontic:permission,2,,,,,,
CTU_ACER_0554,CTU_Acero_2022_2026,69,"At schools the Employer is unable to guarantee the right of all Bargaining Unit members to their contractual minutes of duty-free, continuous and self-directed preparation time each week, or satisfy the course load requirements applicable to High School Teaching Staff, the waiver procedures described in this Article shall be followed.",HARD,deontic:obligation,2,,,,,,
CTU_ACER_0555,CTU_Acero_2022_2026,69,Neither the Employer nor its representatives may seek a waiver of rights other than those contemplated by this Agreement.,SOFT,deontic:permission,2,,,,,,
CTU_ACER_0556,CTU_Acero_2022_2026,70,"The Principal, acting on behalf of the Employer, shall meet with the campus Professional Solutions Committee in the event that such scheduling constraints prevent the Employer’s guarantee of such rights and a waiver is required.",HARD,deontic:obligation,2,,,,,,
CTU_ACER_0557,CTU_Acero_2022_2026,70,"The campus Professional Solutions Committee shall agree upon the terms and conditions of any such waiver and the procedures for taking a vote, which must be approved by duly authorized representatives of the Employer and Union. 3.",HARD,deontic:obligation|deontic:obligation,2,,,,,,
CTU_ACER_0558,CTU_Acero_2022_2026,70,All union members impacted by a request for a waiver from the requirements of this Article shall vote by ballot to approve or deny the waiver.,HARD,deontic:obligation,2,,,,,,
CTU_ACER_0426,CTU_Acero_2022_2026,59,Initial teaching assignments shall be shared with teachers by May 1 with the understanding that assignments are not final.,HARD,deontic:obligation|deontic:permission,2,,,,,,
CTU_ACER_0425,CTU_Acero_2022_2026,59,Teaching Assignments for Next Year Teachers shall be allowed to submit in writing their course preferences prior to the first Monday in April.,HARD,deontic:obligation,2,,,,,,
CTU_ACER_0559,CTU_Acero_2022_2026,70,Any vote for a waiver of such rights may be approved by a two-third majority of impacted bargaining unit members.,SOFT,deontic:permission,2,,,,,,
CTU_ACER_0560,CTU_Acero_2022_2026,70,"If a waiver is not passed, the same waiver shall not be requested again in the same school year. 4.",HARD,deontic:prohibition|deontic:obligation,2,,,,,,
CTU_ACER_0561,CTU_Acero_2022_2026,70,The Parties shall ensure that a sample ballot and the proposed waiver ballot is posted forty-eight hours prior to any vote.,HARD,deontic:obligation,2,,,,,,
CTU_ACER_0434,CTU_Acero_2022_2026,59,There shall be five Return to Table of Contents 59,HARD,deontic:obligation,2,,,,,,
CTU_ACER_0436,CTU_Acero_2022_2026,60,"In the event the Employer is required to change the bell schedule during the school year for a specific day or period of time, the Employer will present the tentative bell schedule modification to the PSC in advance for collaboration and input.",HARD,deontic:obligation,2,,,,,,
CTU_ACER_0528,CTU_Acero_2022_2026,67,No Office Coordinator shall be required to administer medication or to perform duties relating to medical treatment.,HARD,deontic:obligation,2,,,,,,
CTU_ACER_0476,CTU_Acero_2022_2026,63,"If the Special Education Apprentice chooses to be present for any meetings beyond the meetings with their caseload, any work hours within the time period allotted for presentation of learning/conferences not scheduled for conferences for Special Education Apprentices may be spent on teacher, or self-directed tasks not to exceed seven and one quarter (7.25) hours as laid out in Section A of this Article.",SOFT,deontic:permission,2,,,,,,
CTU_ACER_0478,CTU_Acero_2022_2026,63,A Special Education Apprentice representative shall be permitted to attend schoollevel special education staff meetings. k.,HARD,deontic:obligation,2,,,,,,
CTU_ACER_0479,CTU_Acero_2022_2026,63,"The Employer shall provide a workspace to Apprentices appropriate to their job duties, which includes access to a desk, chair, and secure space for personal belongings. 2.",HARD,deontic:obligation,2,,,,,,
CTU_ACER_0481,CTU_Acero_2022_2026,64,All Staff currently carrying out responsibilities and duties of a Case Manager on a full-time basis shall be titled as such and be bargaining unit members. b.,HARD,deontic:obligation,2,,,,,,
CTU_ACER_0482,CTU_Acero_2022_2026,64,Each school shall have a full-time Case Manager.,HARD,deontic:obligation,2,,,,,,
CTU_ACER_0483,CTU_Acero_2022_2026,64,"In addition to carrying out Case Management responsibilities and duties, the Case Manager may be assigned to teaching responsibilities for at least one-half of the workday and shall be entitled to the stipend as set forth in Article 15. c.",HARD,deontic:obligation|deontic:permission,2,,,,,,
CTU_ACER_0484,CTU_Acero_2022_2026,64,"The Employer shall assign Case Managers or Instructional Staff carrying out responsibilities and duties commensurate with the position of “Case Manager” uniformly across campuses operated by the Employer, and such responsibilities and duties shall include planning, preparation, and meetings in addition to caseload management. e.",HARD,deontic:obligation,2,,,,,,
CTU_ACER_0485,CTU_Acero_2022_2026,64,Case Managers shall not be assigned lunch/recess duty. f.,HARD,deontic:prohibition|deontic:obligation,2,,,,,,
CTU_ACER_0486,CTU_Acero_2022_2026,64,"Any extra duties assigned to Case Managers (e.g., arrival of dismissal duties, breakfast supervision duties, etc.) shall not occur on the school’s “team day” if such duty conflicts with any team preparation or meeting time. g.",HARD,deontic:prohibition|deontic:obligation,2,,,,,,
CTU_ACER_0452,CTU_Acero_2022_2026,61,"In the event a Special Education Teacher determines that an emergency IEP workday is necessary, the Principal may approve a request to utilize an IEP workday with less than ten (10) days’ advance notice. i.",SOFT,deontic:permission,2,,,,,,
CTU_ACER_0488,CTU_Acero_2022_2026,64,"During Parent Strategy Meetings, Case Managers shall be available to meet with any parents or teachers about specialized service needs and all other time shall be dedicated to case management duties. j.",HARD,deontic:obligation,2,,,,,,
CTU_ACER_0489,CTU_Acero_2022_2026,64,Case managers may volunteer to work up to ten (10) additional days per year beyond the work year otherwise specified in this Agreement.,SOFT,deontic:permission,2,,,,,,
CTU_ACER_0490,CTU_Acero_2022_2026,64,"These additional workdays may be scheduled in increments (i.e., the additional days are not worked consecutively) as operationally necessary at the start or end of the summer break period.",SOFT,deontic:permission,2,,,,,,
CTU_ACER_0491,CTU_Acero_2022_2026,64,These additional workdays shall be scheduled in advance in collaboration with the Administration.,HARD,deontic:obligation,2,,,,,,
CTU_ACER_0492,CTU_Acero_2022_2026,64,Case managers shall be paid at a per diem hourly rate for all days worked beyond the school year based upon their annual salary.,HARD,deontic:obligation,2,,,,,,
CTU_ACER_0451,CTU_Acero_2022_2026,61,"The Principal shall retain the discretion to approve or deny the IEP workday request, with such approval or denial not being unreasonably withheld.",HARD,deontic:obligation,2,,,,,,
CTU_ACER_0477,CTU_Acero_2022_2026,63,No Apprentice shall be penalized or receive a lower evaluation for choosing to meet only with the family of their caseload. j.,HARD,deontic:obligation,2,,,,,,
CTU_ACER_0475,CTU_Acero_2022_2026,63,Special Education Apprentices may also meet collaboratively or take part in a professional development specific to their subject area.,SOFT,deontic:permission,2,,,,,,
CTU_ACER_0527,CTU_Acero_2022_2026,67,Any hours worked in excess of forty (40) within a week shall be compensated at a rate of time and a half (1.5) the Office Coordinator’s hourly rate. b.,HARD,deontic:obligation,2,,,,,,
CTU_ACER_0474,CTU_Acero_2022_2026,63,"Special Education Apprentices shall endeavor, whenever possible, to meet with the parent or guardian of all students that comprise their caseload.",HARD,deontic:obligation,2,,,,,,
CTU_ACER_0457,CTU_Acero_2022_2026,61,"Apprentices shall not be used to organize, orient, direct, or otherwise supervise substitute teachers.",HARD,deontic:prohibition|deontic:obligation,2,,,,,,
CTU_ACER_0461,CTU_Acero_2022_2026,62,Apprentices may only be used as translators or interpreters if they volunteer to do so. e.,SOFT,deontic:permission,2,,,,,,
CTU_ACER_0456,CTU_Acero_2022_2026,61,The affected Apprentice shall be compensated thirty-eight dollars ($38) for each hour of duty completed in addition to their current salary. b.,HARD,deontic:obligation,2,,,,,,
CTU_ACER_0463,CTU_Acero_2022_2026,62,"Apprentices shall be present at relevant and differentiated professional development, as directed by their supervisor and may follow the Employer’s policies in requesting additional or external professional development. g.",HARD,deontic:obligation|deontic:permission,2,,,,,,
CTU_ACER_0464,CTU_Acero_2022_2026,62,Dedicated preparation time for Apprentices shall include uninterrupted blocks of noninstructional time during the workday excluding professional development and staff meeting times.,HARD,deontic:obligation,2,,,,,,
CTU_ACER_0465,CTU_Acero_2022_2026,62,"Apprentices on Remediation Plans may receive less dedicated preparation time, as more intensive coaching is necessary for the Apprentice to improve.",SOFT,deontic:permission,2,,,,,,
CTU_ACER_0466,CTU_Acero_2022_2026,62,"Should an Apprentice who is not on a Remediation Plan lose any significant portion of their dedicated planning periods (i.e., subbing, duty, etc.) they shall be paid thirty-eight dollars ($38) for that interrupted period. i.",HARD,deontic:obligation|deontic:preference,2,,,,,,
CTU_ACER_0467,CTU_Acero_2022_2026,62,"Classroom Apprentices, Teacher Apprentices and Kindergarten Apprentices shall be afforded no fewer than two hundred and eighty-five (285) minutes of planning/preparation time a week, with two hundred and fifty-five (255) selfdirected minutes to be divided into preparation periods consisting of no fewer than fifty (50) uninterrupted minutes as the classroom teacher they support.",HARD,deontic:obligation,2,,,,,,
CTU_ACER_0455,CTU_Acero_2022_2026,61,Apprentices shall serve as substitutes only in circumstances requiring temporary emergency supervisory duty for the welfare of students or the safety of school operations.,HARD,deontic:obligation,2,,,,,,
CTU_ACER_0468,CTU_Acero_2022_2026,62,"Classroom Apprentices, Teacher Apprentices and Kindergarten Apprentices shall have a minimum of one",HARD,deontic:obligation,2,,,,,,
CTU_ACER_0469,CTU_Acero_2022_2026,62,Up to thirty (30) minutes of time may be used as administratively directed.,SOFT,deontic:permission,2,,,,,,
CTU_ACER_0470,CTU_Acero_2022_2026,62,"Special Education Apprentices shall be afforded no fewer than one-hundred and eighty-five (185) minutes of preparation/planning time a week, with oneReturn to Table of Contents 62",HARD,deontic:obligation,2,,,,,,
CTU_ACER_0471,CTU_Acero_2022_2026,63,"hundred and fifty-five (155) self-directed minutes per week, and shall have at least one continuous, thirty (30) minute, duty-free, self-directed preparation period per day.",HARD,deontic:obligation,2,,,,,,
CTU_ACER_0472,CTU_Acero_2022_2026,63,All Apprentices shall attend conferences during presentation of learning/conferences with the families of students that comprise their caseload and will work the same total hours for these days as other Instructional Staff.,HARD,deontic:obligation,2,,,,,,
CTU_ACER_0473,CTU_Acero_2022_2026,63,"For an Apprentice with one or two conferences, the Principal may assign other duties as needed on a presentation or learning/conference day.",SOFT,deontic:permission,2,,,,,,
CTU_ACER_0494,CTU_Acero_2022_2026,65,Counselors shall follow the same school calendar and the same workday as High School Instructional Staff and shall organize their own before and/or after school activities. b.,HARD,deontic:obligation,2,,,,,,
CTU_ACER_0450,CTU_Acero_2022_2026,61,"Special Education Teachers requiring an IEP workday shall make such a request to their Principal or supervisor at least ten (10) days in advance, and shall inform the Principal or supervisor as to why the IEP workday is operationally necessary.",HARD,deontic:obligation,2,,,,,,
CTU_ACER_0449,CTU_Acero_2022_2026,61,"(3) IEP workdays annually, which may be taken in four",SOFT,deontic:permission,2,,,,,,
CTU_ACER_0495,CTU_Acero_2022_2026,65,"Counselors shall be provided use, as needed, of a workspace at each campus where appropriate confidentiality can be maintained.",HARD,deontic:obligation,2,,,,,,
CTU_ACER_0510,CTU_Acero_2022_2026,66,Counselors may be assigned no more than one,SOFT,deontic:permission,2,,,,,,
CTU_ACER_0511,CTU_Acero_2022_2026,66,"However, in the event that the position of OSFA Counselor, or like position, becomes staffed in the future, the terms and conditions of employment shall be negotiated with the Union. 5.",HARD,deontic:obligation,2,,,,,,
CTU_ACER_0512,CTU_Acero_2022_2026,66,"Beginning with the 2023-2024 school year, the Employer will employ full- and/or part-time English Language Program Teachers who shall be considered bargaining unit members. b.",HARD,deontic:obligation,2,,,,,,
CTU_ACER_0440,CTU_Acero_2022_2026,60,Disagreements between the Parties regarding application of this Section at any campus operated by the Employer shall be resolved by its respective campus Professional Solutions Committee. b.,HARD,deontic:obligation,2,,,,,,
CTU_ACER_0514,CTU_Acero_2022_2026,66,Each school shall have a full- or part-time English Language Program Teacher.,HARD,deontic:obligation,2,,,,,,
CTU_ACER_0515,CTU_Acero_2022_2026,66,English Language Program Teachers may be assigned no more than one,SOFT,deontic:permission,2,,,,,,
CTU_ACER_0517,CTU_Acero_2022_2026,66,English Language Program Teachers shall work in collaboration with the Administration to create the schedule for Bilingual students throughout the school year. 6.,HARD,deontic:obligation,2,,,,,,
CTU_ACER_0518,CTU_Acero_2022_2026,66,"Beginning with the 2023-2024 school year, the Employer will employ full-time Academic Interventionists who shall be considered bargaining unit members. b.",HARD,deontic:obligation,2,,,,,,
CTU_ACER_0437,CTU_Acero_2022_2026,60,Any proposed bell schedule modification must be aligned with the other terms of this Agreement. 3.,HARD,deontic:obligation,2,,,,,,
CTU_ACER_0520,CTU_Acero_2022_2026,66,Each school shall have at least one,HARD,deontic:obligation,2,,,,,,
CTU_ACER_0521,CTU_Acero_2022_2026,67,Academic Interventionists may be assigned no more than one,SOFT,deontic:permission,2,,,,,,
CTU_ACER_0523,CTU_Acero_2022_2026,67,"If the PSC recommends an additional full-time Academic Interventionist, it may submit a request to the Employer to staff an additional Academic Interventionist at that school. 7.",SOFT,deontic:permission,2,,,,,,
CTU_ACER_0524,CTU_Acero_2022_2026,67,The Employer and the Union shall negotiate the terms and conditions of employment for School Social Workers prior to the beginning of the 2024-2025 school year.,HARD,deontic:obligation,2,,,,,,
CTU_ACER_0525,CTU_Acero_2022_2026,67,"During days when Instructional Staff are required to work, Office Coordinators are to work eight",HARD,deontic:obligation,2,,,,,,
CTU_ACER_0526,CTU_Acero_2022_2026,67,Any deviation from an Office Coordinator’s typical lunch schedule may be approved in advance by the Principal or designee.,SOFT,deontic:permission,2,,,,,,
CTU_ACER_0441,CTU_Acero_2022_2026,60,The needs of students served by a Special Education Teacher shall be given priority in scheduling after the scheduling of Instructional Staff assigned to classifications within each campus MAPS department. c.,HARD,deontic:obligation,2,,,,,,
CTU_ACER_0509,CTU_Acero_2022_2026,66,"If the PSC recommends an additional full-time Counselor, it may submit a request to the Employer to staff an additional Counselor at that school. j.",SOFT,deontic:permission,2,,,,,,
CTU_ACER_0508,CTU_Acero_2022_2026,66,Any K-12 school shall have at least one,HARD,deontic:obligation,2,,,,,,
CTU_ACER_0446,CTU_Acero_2022_2026,60,"Any work hours within the time period allotted for Parent-Teacher Conferences not scheduled for conferences for Special Education Teachers, may be spent on self-directed tasks.",SOFT,deontic:permission,2,,,,,,
CTU_ACER_0448,CTU_Acero_2022_2026,61,Special Education Teachers shall be annually provided with up to three,HARD,deontic:obligation,2,,,,,,
CTU_ACER_0496,CTU_Acero_2022_2026,65,The Employer agrees to provide counselors with a “safe space” workspace for students which shall be separate from all ISS or discipline needs.,HARD,deontic:obligation,2,,,,,,
CTU_ACER_0497,CTU_Acero_2022_2026,65,The Parties acknowledge that the designated “safe space” within each school may be relocated based upon space limitations and operational needs. c.,SOFT,deontic:permission,2,,,,,,
CTU_ACER_0581,CTU_Acero_2022_2026,73,The Employer shall identify and inform the Union of all students currently attending each school and in each grade (K-8).,HARD,deontic:obligation,2,,,,,,
CTU_ACER_0499,CTU_Acero_2022_2026,65,Counselors on Remediation Plans may receive fewer dedicated planning periods as more intensive coaching is necessary for the Counselor to improve. d.,SOFT,deontic:permission,2,,,,,,
CTU_ACER_0500,CTU_Acero_2022_2026,65,Counselors shall attend Parent-Conference Days and Engagement Events and will work the same hours during these days/events as other Instructional Staff. e.,HARD,deontic:obligation,2,,,,,,
CTU_ACER_0445,CTU_Acero_2022_2026,60,"Special Education Teachers must participate in all student, teacher, family conferences/presentations of learning of students they serve.",HARD,deontic:obligation,2,,,,,,
CTU_ACER_0507,CTU_Acero_2022_2026,66,Each High School shall have at least two,HARD,deontic:obligation,2,,,,,,
CTU_ACER_0443,CTU_Acero_2022_2026,60,"If any meeting related to the administration of an IEP or Section 504 plan deprives a Special Education Teacher of a substantial portion of dedicated, self-directed preparation time, the Employer shall offer compensatory minutes of dedicated, selfdirected preparation time (if the bargaining unit member will not otherwise be provided the minimum daily or weekly amount of preparation time required under the Agreement) or compensate the Special Education Teacher thirty eight dollars and ($38) for that interrupted period; e.",HARD,deontic:obligation,2,,,,,,
CTU_ACER_0503,CTU_Acero_2022_2026,65,Counselors may volunteer to work up to a total of ten (10) additional days per year beyond the work year otherwise specified in this Agreement.,SOFT,deontic:permission,2,,,,,,
CTU_ACER_0504,CTU_Acero_2022_2026,65,"These additional workdays may be scheduled in increments (i.e., the ten (10) additional days are not worked consecutively) as operationally necessary at the start or end of the summer break period or at the beginning of the holiday break period.",SOFT,deontic:permission,2,,,,,,
CTU_ACER_0442,CTU_Acero_2022_2026,60,"In order to provide individualized instruction, Special Education Teachers shall be permitted to pull by level, rather than grade, if they deem appropriate for the purposes of scheduling, in accordance with the student’s IEP. d.",HARD,deontic:obligation,2,,,,,,
CTU_ACER_0505,CTU_Acero_2022_2026,65,These additional workdays shall be scheduled in collaboration with the Administration.,HARD,deontic:obligation,2,,,,,,
CTU_ACER_0506,CTU_Acero_2022_2026,65,Counselors shall be paid at a per diem hourly rate for all days worked beyond the school year based upon their annual salary.,HARD,deontic:obligation,2,,,,,,
CTU_ACER_0498,CTU_Acero_2022_2026,65,Counselors shall have a minimum of five,HARD,deontic:obligation,2,,,,,,
CTU_ACER_0001,CTU_Acero_2022_2026,4,"The “Employer” shall be understood to be Acero Charter Schools, Inc., which together with its members, managers, and administrative staff shall be referred to in this Agreement as “the Employer.” The Union shall be understood to be the Chicago Teachers Union, Local 1, IFT-AFT, AFL-CIO, the exclusive representative which together with its officers and representatives shall be referred to in this Agreement as “the Union.” The Employer hereby recognizes the Union as the exclusive representative of the following bargaining unit members for the purposes of collective bargaining: All Instructional Teaching Staff, Student Services Staff, Instructional Support Staff, and Non-Instructional Staff employed in the job classifications described in the employee categories defined in Article 2, Employee Categories, including without limitation all teachers, teachers’ assistants, literacy specialists, special education teachers, guidance counselors, counselors, school social workers, academic interventionists, behavioral interventionists, teacher apprentices, student service coordinators, operations assistants, IT Tier I and Tier II Technicians, office coordinators, student family affairs coordinators, student services clerks, long-term substitutes, English language program teachers, and special education case managers, but excluding all confidential, supervisory and managerial employees, security guards and any employee of a third party as denoted in Article 2.",HARD,deontic:obligation,2,,,,,,
CTU_ACER_0583,CTU_Acero_2022_2026,73,Acero is required to accept an STLS student; or c.,HARD,deontic:obligation,2,,,,,,
CTU_ACER_0725,CTU_Acero_2022_2026,94,Scores shall be based on observable data from the Danielson framework or other rubrics depending on the position.,HARD,deontic:obligation,2,,,,,,
CTU_ACER_0727,CTU_Acero_2022_2026,94,Staff shall be given notice of a three,HARD,deontic:obligation,2,,,,,,
CTU_ACER_0728,CTU_Acero_2022_2026,94,(3) day window for when the informal observation may take place.,SOFT,deontic:permission,2,,,,,,
CTU_ACER_0729,CTU_Acero_2022_2026,94,The PSC shall determine the practice that alerts the employee that an informal observation is taking place.,HARD,deontic:obligation,2,,,,,,
CTU_ACER_0730,CTU_Acero_2022_2026,94,"Following an unsatisfactory informal observation and notification of the unsatisfactory informal observation to the employee, the Employer shall conduct a coaching session with the employee.",HARD,deontic:obligation,2,,,,,,
CTU_ACER_0731,CTU_Acero_2022_2026,94,"After a second unsatisfactory informal observation and notification of the second unsatisfactory informal observation to the employee, the Evaluator may require that the employee complete a formal observation.",SOFT,deontic:permission,2,,,,,,
CTU_ACER_0732,CTU_Acero_2022_2026,94,All bargaining unit members shall receive the opportunity for an end of the year meeting to discuss informal observations and goals for the next school year. 3.,HARD,deontic:obligation,2,,,,,,
CTU_ACER_0734,CTU_Acero_2022_2026,95,"For the first formal observation, the bargaining unit member shall select the subject and/or grade level they wish to be observed and will prepare materials for the pre-observation conference based on that subject and/or grade level.",HARD,deontic:obligation,2,,,,,,
CTU_ACER_0735,CTU_Acero_2022_2026,95,"For any additional formal observations, the Employer shall select the subject or grade level for the observation to be observed.",HARD,deontic:obligation,2,,,,,,
CTU_ACER_0736,CTU_Acero_2022_2026,95,Bargaining unit members shall be provided the Employer selected subject or grade level to be observed in the pre-observation conference notice.,HARD,deontic:obligation,2,,,,,,
CTU_ACER_0738,CTU_Acero_2022_2026,95,"The Employer and bargaining unit member shall discuss the goals and planning strategies for the instructional unit during the pre-observation conference, and the instructional unit discussed during the pre-observation conference shall be the unit formally observed.",HARD,deontic:obligation,2,,,,,,
CTU_ACER_0739,CTU_Acero_2022_2026,95,No formal observation may occur during any exams or testing that were previously scheduled within the five,SOFT,deontic:permission,2,,,,,,
CTU_ACER_0740,CTU_Acero_2022_2026,95,"The pre-observation form may be filled out in advance of the meeting or during the meeting, as determined by the member. 4.",SOFT,deontic:permission,2,,,,,,
CTU_ACER_0741,CTU_Acero_2022_2026,95,"Typically, a post-observation conference shall last no longer than thirty (30) minutes, during which time the Employer shall discuss with the bargaining unit member those aspects of a bargaining unit member’s performance most in need of improvement, discuss with the bargaining unit member any demonstrable evidence that their performance exceeded the evaluation rating that resulted from the formal observation and consider any evidence presented by the bargaining unit member in relation to their performance.",HARD,deontic:obligation,2,,,,,,
CTU_ACER_0743,CTU_Acero_2022_2026,95,"The Employer shall provide preliminary scores and the corresponding evidence considered in evaluating a bargaining unit member, regardless of Domain, at least twenty-four (24) hours prior to the post-observation conference.",HARD,deontic:obligation,2,,,,,,
CTU_ACER_0744,CTU_Acero_2022_2026,95,No score may be factored into a bargaining unit member’s evaluation with respect to any Domain absent evidence of the bargaining unit member’s performance relating to that Domain.,SOFT,deontic:permission,2,,,,,,
CTU_ACER_0745,CTU_Acero_2022_2026,95,"Any score shall be determined based on the preponderance of evidence within any Domain, and any score shall be based upon demonstrative evidence of which the bargaining unit member has been made aware.",HARD,deontic:obligation,2,,,,,,
CTU_ACER_0746,CTU_Acero_2022_2026,96,Evaluator Evaluators conducting formal and informal observations on behalf of the Employer must successfully complete a training approved or recognized by the Illinois State Board of Education as qualifying an individual to become certified to evaluate instructional performance.,HARD,deontic:obligation,2,,,,,,
CTU_ACER_0747,CTU_Acero_2022_2026,96,"The Employer shall make available to all Instructional Staff evidence that the Evaluator has successfully completed a training prior to conducting any evaluations and, if available, documentation from a third party listing the date of completion.",HARD,deontic:obligation,2,,,,,,
CTU_ACER_0748,CTU_Acero_2022_2026,96,"If unavailable, the Employer shall identify the date of record on file in the Evaluator’s personnel record.",HARD,deontic:obligation,2,,,,,,
CTU_ACER_0726,CTU_Acero_2022_2026,94,Informal observations must last at least fifteen (15) minutes but no more than thirty (30) minutes.,HARD,deontic:obligation,2,,,,,,
CTU_ACER_0724,CTU_Acero_2022_2026,94,Informal observations shall include a communication to the member within two,HARD,deontic:obligation,2,,,,,,
CTU_ACER_0699,CTU_Acero_2022_2026,92,"The Employer shall provide, via electronic mail, notice that a performance evaluation will be conducted during the school year to each Instructional Staff member who will be evaluated during that school year.",HARD,deontic:obligation,2,,,,,,
CTU_ACER_0723,CTU_Acero_2022_2026,94,"Formal observations must last at least forty-five (45) minutes or the length of a class period, whichever is shorter, and may not extend from one class period to another.",HARD,deontic:obligation|deontic:restriction|deontic:permission,2,,,,,,
CTU_ACER_0703,CTU_Acero_2022_2026,92,"Assessment scores may be assigned for Domains 1, 2 and 3 or any subdomain within such Domains.",SOFT,deontic:permission,2,,,,,,
CTU_ACER_0704,CTU_Acero_2022_2026,92,"(Domain 1 scores shall be based on the review of lesson/unit planning.) Such measures must be based only on observable evidence, and a summary of any evidence obtained must be included in writing on the Instructional Staff Coaching Framework.",HARD,deontic:obligation|deontic:obligation,2,,,,,,
CTU_ACER_0705,CTU_Acero_2022_2026,92,The employer may assign the bargaining unit member no more than one assessment score in any given week.,SOFT,deontic:permission,2,,,,,,
CTU_ACER_0706,CTU_Acero_2022_2026,92,The Instructional Staff Coaching Framework shall be used for coaching purposes by the Employer to provide targeted supports to Instructional Staff who have not completed a summative evaluation cycle or who have received a summative evaluation score of 2.99 or less during the last summative evaluation.,HARD,deontic:obligation,2,,,,,,
CTU_ACER_0707,CTU_Acero_2022_2026,92,Any Instructional Staff described in the preceding sentence may be informally observed weekly.,SOFT,deontic:permission,2,,,,,,
CTU_ACER_0708,CTU_Acero_2022_2026,92,"Upon request by a bargaining unit member, the Employer may complete the Instructional Staff Coaching Framework for Instructional Staff with the most recent summative evaluation score of 2.99 and may volunteer for informal weekly observations and coaching meetings.",SOFT,deontic:permission,2,,,,,,
CTU_ACER_0709,CTU_Acero_2022_2026,92,The Instructional Staff Coaching Framework may not be used as evidence to support remediation for the bargaining unit member.,SOFT,deontic:restriction|deontic:permission,2,,,,,,
CTU_ACER_0710,CTU_Acero_2022_2026,92,Assessment scores for any informal observation must be shared with a bargaining unit member within seven,HARD,deontic:obligation,2,,,,,,
CTU_ACER_0711,CTU_Acero_2022_2026,92,"(7) days of the observation through the Instructional Staff Coaching Framework, which shall be made electronically available to the bargaining unit member.",HARD,deontic:obligation,2,,,,,,
CTU_ACER_0712,CTU_Acero_2022_2026,92,No informal observations may take place during testing or exams.,SOFT,deontic:permission,2,,,,,,
CTU_ACER_0713,CTU_Acero_2022_2026,93,"(3) years of service with Acero, Instructional Staff shall receive one",HARD,deontic:obligation,2,,,,,,
CTU_ACER_0714,CTU_Acero_2022_2026,93,Any bargaining unit member assigned to a classification within Instructional Staff may request that the Employer conduct a second formal observation.,SOFT,deontic:permission,2,,,,,,
CTU_ACER_0715,CTU_Acero_2022_2026,93,"If such a request is timely made (ten (10) days after the post observation meeting), the Employer shall conduct a second formal observation.",HARD,deontic:obligation,2,,,,,,
CTU_ACER_0716,CTU_Acero_2022_2026,93,"(3) years of service with Acero (beginning of the fourth year of service and so on), shall receive one",HARD,deontic:obligation,2,,,,,,
CTU_ACER_0717,CTU_Acero_2022_2026,94,"On an Instructional Staff member’s “Off Year,” they shall be informally observed at least two",HARD,deontic:obligation,2,,,,,,
CTU_ACER_0718,CTU_Acero_2022_2026,94,"Where an employee requests an additional formal observation cycle, each formal observation must be thirty (30) days apart from the previous observation.",HARD,deontic:obligation,2,,,,,,
CTU_ACER_0719,CTU_Acero_2022_2026,94,Each formal observation shall include a score for each domain and subdomain in the summative rating of a bargaining unit member using the Danielson evaluation framework.,HARD,deontic:obligation,2,,,,,,
CTU_ACER_0720,CTU_Acero_2022_2026,94,No formal or informal observation may take place during the last five,SOFT,deontic:permission,2,,,,,,
CTU_ACER_0722,CTU_Acero_2022_2026,94,Formal and informal observations shall not take place during the first week of any semester.,HARD,deontic:prohibition|deontic:obligation,2,,,,,,
CTU_ACER_0749,CTU_Acero_2022_2026,96,No observations for the purpose of evaluation shall be conducted until after the training is completed.,HARD,deontic:obligation,2,,,,,,
CTU_ACER_0750,CTU_Acero_2022_2026,96,"Following a formal observation, a bargaining unit member may request that subsequent formal observations are conducted by another qualified evaluator, if available, by submitting a written request to the Employer describing, in detail, the bargaining unit member’s objection to the prior evaluation and the need to assign a different evaluator.",SOFT,deontic:permission,2,,,,,,
CTU_ACER_0751,CTU_Acero_2022_2026,96,The Employer shall attempt to accommodate such requests. 5.,HARD,deontic:obligation,2,,,,,,
CTU_ACER_0752,CTU_Acero_2022_2026,96,Feedback (Domains 1-3 and 4a) The evaluator shall provide written feedback on a standardized form developed by the Joint Committee on Evaluation Criteria within a specified period following each observation.,HARD,deontic:obligation,2,,,,,,
CTU_ACER_0779,CTU_Acero_2022_2026,99,Non-provisional bargaining unit members shall not be dismissed for poor performance without being given notice and an opportunity to remediate their performance.,HARD,deontic:prohibition|deontic:obligation,2,,,,,,
CTU_ACER_0780,CTU_Acero_2022_2026,99,"(2) steps, with each lasting no fewer than fortyfive (45) calendar days and no more than ninety (90) calendar days, at the Employer’s discretion and may be issued after any formal observation.",SOFT,deontic:permission,2,,,,,,
CTU_ACER_0783,CTU_Acero_2022_2026,100,"(5) school days of the remedial post-conference or remediation meeting, the Employer shall notify the bargaining unit member of any further remedial action.",HARD,deontic:obligation,2,,,,,,
CTU_ACER_0784,CTU_Acero_2022_2026,100,Union members may elect to have a union representative present at the remediation meeting. 3.,SOFT,deontic:permission,2,,,,,,
CTU_ACER_0788,CTU_Acero_2022_2026,100,"If no Instructional Staff member volunteers for the role, the Employer shall assign a member of the leadership team to act as the mentor.",HARD,deontic:obligation,2,,,,,,
CTU_ACER_0789,CTU_Acero_2022_2026,100,Any Instructional Staff member assigned as a staff mentor shall be paid a “Leadership Stipend” or will be provided with release time.,HARD,deontic:obligation,2,,,,,,
CTU_ACER_0790,CTU_Acero_2022_2026,100,"Typically, the first step Remediation Plan based on a summative rating shall start thirty (30) calendar days after the start of a new school if an unsatisfactory rating is issued for the most recent summative evaluation. 4.",HARD,deontic:obligation,2,,,,,,
CTU_ACER_0791,CTU_Acero_2022_2026,100,"In the case of Second Step Remediation Plan for Instructional Staff that results from the mid-year remediation process in the paragraph 3 above, the formal evaluation required under this section shall be performed by the bargaining unit member’s Principal or another certified leadership team member at the campus (at the option of the Instructional Staff member).",HARD,deontic:obligation,2,,,,,,
CTU_ACER_0792,CTU_Acero_2022_2026,100,"If such an evaluation results in an evaluation score greater than 2.0, the Employer may not take further remedial action in accordance with this Section (i.e., dismissal).",SOFT,deontic:restriction|deontic:permission,2,,,,,,
CTU_ACER_0793,CTU_Acero_2022_2026,101,"In all remediation plans based on unsatisfactory performance, the bargaining unit member shall have an opportunity to discuss any performance concerns with the Employer.",HARD,deontic:obligation,2,,,,,,
CTU_ACER_0794,CTU_Acero_2022_2026,101,Any bargaining unit member placed on a Second Step Remediation Plan (either resulting from a mid-year placement or otherwise) may select an Instructional Coach of their choice assigned to the bargaining unit member’s campus.,SOFT,deontic:permission,2,,,,,,
CTU_ACER_0795,CTU_Acero_2022_2026,101,Such notice shall meet the following requirements: a.,HARD,deontic:obligation,2,,,,,,
CTU_ACER_0797,CTU_Acero_2022_2026,101,The notice will describe the nature of the unsatisfactory performance and shall be accompanied by documentation that was considered in determining that the performance was unsatisfactory.,HARD,deontic:obligation,2,,,,,,
CTU_ACER_0798,CTU_Acero_2022_2026,101,"Instructional staff shall be provided feedback specific to the Danielson Domains and Non-Instructional Staff shall be provided feedback relevant to effectiveness, professionalism and dependability.",HARD,deontic:obligation,2,,,,,,
CTU_ACER_0799,CTU_Acero_2022_2026,101,The feedback shall be provided in the areas that are deemed unsatisfactory. 6.,HARD,deontic:obligation,2,,,,,,
CTU_ACER_0800,CTU_Acero_2022_2026,101,The Employer shall seek input from the bargaining unit member on remedial actions to improve the bargaining unit member’s performance.,HARD,deontic:obligation,2,,,,,,
CTU_ACER_0801,CTU_Acero_2022_2026,101,The Employer shall make a good faith effort to incorporate into the remediation plan any remedial actions proposed by the bargaining unit member.,HARD,deontic:obligation,2,,,,,,
CTU_ACER_0803,CTU_Acero_2022_2026,101,"The remediation plan shall accompany written notice to the bargaining unit member, and together the written notice and remediation plan shall be provided to the Union. 8.",HARD,deontic:obligation,2,,,,,,
CTU_ACER_0805,CTU_Acero_2022_2026,101,"Nothing herein shall prevent a bargaining unit member or the Union from submitting grievances relating to procedural rights established under this Article to the dispute resolutions procedures of the Grievance Procedure, Article 8.",HARD,deontic:obligation,2,,,,,,
CTU_ACER_0778,CTU_Acero_2022_2026,99,"Every Non-Instructional Staff member shall have the right to submit comments to the formal summative written evaluation, which will be included with the written summative evaluation in each Non-Instructional Staff member’s personnel file.",HARD,deontic:obligation,2,,,,,,
CTU_ACER_0777,CTU_Acero_2022_2026,99,The NonInstructional Staff member shall receive a copy of the feedback at the end of each interval and a copy of the formal summative written evaluation.,HARD,deontic:obligation,2,,,,,,
CTU_ACER_0776,CTU_Acero_2022_2026,99,"Each evaluation meeting shall be documented through a formal written evaluation, which shall be prepared by each Non-Instructional Staff member’s supervisor.",HARD,deontic:obligation,2,,,,,,
CTU_ACER_0761,CTU_Acero_2022_2026,97,"Final average scores for Domain 1, 2 3 and 4 shall be used to calculate an average.",HARD,deontic:obligation,2,,,,,,
CTU_ACER_0753,CTU_Acero_2022_2026,96,These notes shall be the sole basis for scores.,HARD,deontic:obligation,2,,,,,,
CTU_ACER_0754,CTU_Acero_2022_2026,96,The scores shall only be issued based upon a preponderance of evidence and if there’s evidence to demonstrate the score issues for each domain.,HARD,deontic:obligation,2,,,,,,
CTU_ACER_0755,CTU_Acero_2022_2026,96,The evaluator shall rate each subdomain based on preponderance of evidence collected during the observation and shall make connections between the scores of each sub-domain and the evidence/feedback cited by the evaluator. b.,HARD,deontic:obligation,2,,,,,,
CTU_ACER_0756,CTU_Acero_2022_2026,96,Feedback (Domain 4b-e) Instructional Teaching Staff shall be issued one Domain 4b-e ratings per year as part of the summative ratings but evaluators and staff are encouraged to discuss Domain 4b-e during any formal or informal conferences.,HARD,deontic:obligation,2,,,,,,
CTU_ACER_0757,CTU_Acero_2022_2026,96,Instructional Teaching Staff shall be issued tentative summative domain 4b-e scores by June 1.,HARD,deontic:obligation,2,,,,,,
CTU_ACER_0758,CTU_Acero_2022_2026,96,Instructional Teaching Staff shall have the right to share any additional documentation to be used for summative Domain 4 scores within 5 working days before Domain 4 scores are finalized.,HARD,deontic:obligation,2,,,,,,
CTU_ACER_0759,CTU_Acero_2022_2026,96,All scores shall be based on demonstrative evidence.,HARD,deontic:obligation,2,,,,,,
CTU_ACER_0760,CTU_Acero_2022_2026,96,Evaluators shall meet with Instructional Teaching Staff to discuss Domain 4 scores if such request is made prior to finalizing scores. 7.,HARD,deontic:obligation,2,,,,,,
CTU_ACER_0762,CTU_Acero_2022_2026,97,"If a second formal observation is performed, only the score from the top formal observation shall be used to calculate the summative rating.",HARD,deontic:obligation,2,,,,,,
CTU_ACER_0775,CTU_Acero_2022_2026,99,"Performance Evaluation In setting performance goals or evaluating Non-Instructional Staff bargaining unit member’s performance, the Employer shall rely upon quantitative or qualitative measures of performance relating to the following: a.",HARD,deontic:obligation,2,,,,,,
CTU_ACER_0763,CTU_Acero_2022_2026,97,"In calculating any summative rating based on informal observations, the lowest two scores received as a result of informal observations during the first semester shall be excluded from the calculation in the same manner as the Second Step Remediation Plan.",HARD,deontic:obligation,2,,,,,,
CTU_ACER_0764,CTU_Acero_2022_2026,97,"Any classification not listed below (i.e., 2-8 Instructional Staff and High School ELA/Math Teachers) shall be assigned ratings as follows.",HARD,deontic:obligation,2,,,,,,
CTU_ACER_0767,CTU_Acero_2022_2026,97,Rating Deadlines All summative ratings must be issued by the end of the academic school year. 9.,HARD,deontic:obligation,2,,,,,,
CTU_ACER_0768,CTU_Acero_2022_2026,98,All ratings issued during the previous Agreement shall be considered void and shall not be considered.,HARD,deontic:prohibition|deontic:obligation,2,,,,,,
CTU_ACER_0770,CTU_Acero_2022_2026,98,"If necessary, the bargaining unit member may request changes to the performance goals previously agreed upon by the supervisor or the supervisor may establish new performance goals or remedial measures to be taken to improve performance. 2.",SOFT,deontic:permission,2,,,,,,
CTU_ACER_0771,CTU_Acero_2022_2026,98,"Performance Goals In establishing performance goals, the bargaining unit member and their supervisor shall discuss goals against which the bargaining unit member’s performance can be evaluated.",HARD,deontic:obligation,2,,,,,,
CTU_ACER_0772,CTU_Acero_2022_2026,98,"The bargaining unit member and their supervisor should have equal voice and input in the creation of these goals, and the supervisor shall incorporate input provided by the bargaining unit member to the greatest extent possible.",HARD,deontic:obligation|deontic:preference,2,,,,,,
CTU_ACER_0774,CTU_Acero_2022_2026,99,The bargaining unit member shall have the right to identify and request any type of training and support needed in order to meet performance goals.,HARD,deontic:obligation,2,,,,,,
CTU_ACER_0701,CTU_Acero_2022_2026,92,Bargaining unit member performance may be documented by assigning the bargaining unit member an assessment score based on informal observations conducted during the week.,SOFT,deontic:permission,2,,,,,,
CTU_ACER_0698,CTU_Acero_2022_2026,92,No formal or informal observations shall be conducted until after this orientation.,HARD,deontic:obligation,2,,,,,,
CTU_ACER_0584,CTU_Acero_2022_2026,73,The Employer shall give written notice of any students removed/added to the classroom in accordance with subparagraphs a. and b. above.,HARD,deontic:obligation,2,,,,,,
CTU_ACER_0615,CTU_Acero_2022_2026,78,The provisions contained within this Article shall in no way prohibit the Employer from honoring and complying with a duly authorized warrant and shall not be construed or applied so as to obligate the Employer or any of its agents to violate any State or Federal statutes.,HARD,deontic:prohibition|deontic:obligation,2,,,,,,
CTU_ACER_0617,CTU_Acero_2022_2026,79,The Employer shall use bargaining unit members’ personal name and pronouns at all times.,HARD,deontic:obligation,2,,,,,,
CTU_ACER_0618,CTU_Acero_2022_2026,79,The Employer shall provide a (Activity) stipend for bargaining unit members who sponsor a Gender & Sexualities Alliance.,HARD,deontic:obligation,2,,,,,,
CTU_ACER_0619,CTU_Acero_2022_2026,79,The PSC may submit recommendations of such professional development for review by the Chief Education Officer for consistent use across the Network. 7.,SOFT,deontic:permission,2,,,,,,
CTU_ACER_0620,CTU_Acero_2022_2026,79,"The PSC may consider the appropriate location and/or placement of these menstrual products, including in bathrooms and locker rooms.",SOFT,deontic:permission,2,,,,,,
CTU_ACER_0621,CTU_Acero_2022_2026,80,This body shall be known as the Chicago Charter/Contract School Professional Development & Equity Collaborative (the “PD & Equity Collaborative”).,HARD,deontic:obligation,2,,,,,,
CTU_ACER_0622,CTU_Acero_2022_2026,80,The Collaborative shall meet up to two,HARD,deontic:obligation,2,,,,,,
CTU_ACER_0624,CTU_Acero_2022_2026,80,"The PD & Equity Collaborative’s goals are to discuss high quality professional development that may contribute to the advancement of anti-racism in our schools, and to attempt to equip schools with the recommendations and supports needed to create antiracist classrooms and school environments.",SOFT,deontic:permission,2,,,,,,
CTU_ACER_0625,CTU_Acero_2022_2026,80,"The Collaborative shall also discuss currently available research to increase educator diversity, and improve diverse teacher retention, and foster safe and inclusive school climates. 4.",HARD,deontic:obligation,2,,,,,,
CTU_ACER_0626,CTU_Acero_2022_2026,80,"To effectuate these purposes, the PD & Equity Collaborative will evaluate the feasibility of creating a guidance document which may address the professional development needs of CTU bargaining unit members, the development of anti-racist educational tools, and/or possible resources.",SOFT,deontic:permission,2,,,,,,
CTU_ACER_0627,CTU_Acero_2022_2026,81,"Layoff Should layoffs be necessary for lack of work or lack of funds, they shall be by inverse order of seniority with classification as defined in Article 2, Employee Categories, and below.",HARD,deontic:obligation|deontic:preference,2,,,,,,
CTU_ACER_0628,CTU_Acero_2022_2026,81,Any bargaining unit member displaced from his/her position shall be provided a list of all open and opening positions throughout the network by the Employer and allowed seventytwo (72) hours to exercise rights under this Section.,HARD,deontic:obligation,2,,,,,,
CTU_ACER_0631,CTU_Acero_2022_2026,81,"Displaced bargaining unit members who cannot displace any other bargaining unit members, or who do not exercise their rights under subparagraphs 1.), and 2.), and 3.) above, shall be laid off.",HARD,deontic:obligation,2,,,,,,
CTU_ACER_0632,CTU_Acero_2022_2026,81,"A bargaining unit member who has been laid off shall have the right to exercise his or her seniority to fill a vacancy provided the bargaining unit member is qualified for the position, and shall have the right to refuse such vacancies without losing recall rights.",HARD,deontic:obligation,2,,,,,,
CTU_ACER_0633,CTU_Acero_2022_2026,81,The Employer shall inform laid off bargaining unit members of such vacancies.,HARD,deontic:obligation,2,,,,,,
CTU_ACER_0635,CTU_Acero_2022_2026,81,Special Education Apprentices shall be provided the option to voluntarily transfer to a vacant position after June 15th in the event there is a potential lack of work at their assigned school for the following school year.,HARD,deontic:obligation,2,,,,,,
CTU_ACER_0636,CTU_Acero_2022_2026,81,Bargaining unit members who are laid off shall be provided an additional three,HARD,deontic:obligation,2,,,,,,
CTU_ACER_0637,CTU_Acero_2022_2026,82,Bargaining unit members shall retain recall rights for two years following layoff.,HARD,deontic:obligation,2,,,,,,
CTU_ACER_0638,CTU_Acero_2022_2026,82,"When the Employer determines to increase staffing in those classifications where bargaining unit members have been laid off, laid off bargaining unit members shall be recalled in accordance with the reverse application of the procedure for layoff. 2.",HARD,deontic:obligation,2,,,,,,
CTU_ACER_0639,CTU_Acero_2022_2026,82,"Bargaining unit members who filled vacant positions or displaced other bargaining unit members in lieu of being laid off, and laid off bargaining unit members shall have the right to be recalled to their original positions. 3.",HARD,deontic:obligation,2,,,,,,
CTU_ACER_0616,CTU_Acero_2022_2026,79,Bargaining unit members shall not disclose information about students to third parties that is inconsistent with and/or prohibited by Acero’s Transgender Support guidelines and/or applicable law. 1.,HARD,deontic:prohibition|deontic:obligation,2,,,,,,
CTU_ACER_0613,CTU_Acero_2022_2026,77,The Employer may request verification of such absence.,SOFT,deontic:permission,2,,,,,,
CTU_ACER_0697,CTU_Acero_2022_2026,92,This shall take place during paid professional development time.,HARD,deontic:obligation,2,,,,,,
CTU_ACER_0612,CTU_Acero_2022_2026,77,"Upon written request, an Affected Employee shall be released for up to ten (10) unpaid working days in order to attend to immigration or citizenship status matters for the employee or the employee’s spouse, domestic partner, and/or children.",HARD,deontic:obligation,2,,,,,,
CTU_ACER_0585,CTU_Acero_2022_2026,73,"If the Employer observes the foregoing requirements, it may enroll up to 32 students in a class (exceeded only to accommodate STLS enrollments), provided it makes best efforts to reassign the 31st or 32nd student, as appropriate, so as to comply with the foregoing programming limits.",SOFT,deontic:permission,2,,,,,,
CTU_ACER_0586,CTU_Acero_2022_2026,74,"added to the class for the school year and the teacher shall be paid a stipend of $1,000 per class per semester.",HARD,deontic:obligation,2,,,,,,
CTU_ACER_0587,CTU_Acero_2022_2026,74,"Should a High School class exceed the goal of achieving 30 students per class as of the 20th school day, the issue may be addressed by the Professional Solutions Committee consistent with the procedures outlined in Article 6, Committees. 2.",SOFT,deontic:preference|deontic:permission,2,,,,,,
CTU_ACER_0588,CTU_Acero_2022_2026,74,If the instructional load cannot be maintained the Instructional Staff member shall receive a stipend as defined below.,HARD,deontic:obligation,2,,,,,,
CTU_ACER_0589,CTU_Acero_2022_2026,74,"Programming Special Education class sizes Special Education class sizes shall be programmed as required by law, which is currently: 1.",HARD,deontic:obligation,2,,,,,,
CTU_ACER_0595,CTU_Acero_2022_2026,75,"ARTICLE 20 - CULTURALLY RELEVANT EDUCATION Culturally relevant curriculum and/or resources shall be a standing item on the Professional Solutions Committee agenda, or relevant PSC subcommittee, so as to provide culturally relevant education to all students.",HARD,deontic:obligation,2,,,,,,
CTU_ACER_0596,CTU_Acero_2022_2026,75,"The Employer shall approve for purchase resources compatible with current technology, during the same school year, as agreed upon by the PSC for this purpose.",HARD,deontic:obligation,2,,,,,,
CTU_ACER_0597,CTU_Acero_2022_2026,76,"In furtherance of this commitment, the parties shall incorporate discussions on Diversity & Inclusion within the Professional Solutions committee meetings or create a subcommittee of the PSC on Diversity & Inclusion.",HARD,deontic:obligation,2,,,,,,
CTU_ACER_0598,CTU_Acero_2022_2026,76,"If a subcommittee is formed by the PSC, it shall meet at least once per month. 2.",HARD,deontic:obligation,2,,,,,,
CTU_ACER_0599,CTU_Acero_2022_2026,76,"The PSC and/or the Diversity & Inclusion subcommittee may recommend initiatives pertaining to diversity, including diversity training, recruitment, retention, mentoring, and professional development to each school’s administration. 3.",SOFT,deontic:permission,2,,,,,,
CTU_ACER_0600,CTU_Acero_2022_2026,76,"When the employer seeks candidates for vacant positions, the Employer shall make good faith efforts to disseminate such postings and expand recruiting efforts to candidates from traditionally under-represented groups, consistent with applicable law, this Agreement, and the Employer’s policies. 4.",HARD,deontic:obligation,2,,,,,,
CTU_ACER_0601,CTU_Acero_2022_2026,76,"The Employer shall designate mandatory training sessions for staff, focused on racial equity, gender equity, trauma informed pedagogy, and Title IX procedures. 5.",HARD,deontic:obligation,2,,,,,,
CTU_ACER_0602,CTU_Acero_2022_2026,76,"The Union may submit training recommendations to the Principal or the Employer in writing, and such recommendations shall be addressed by the PSC. 6.",HARD,deontic:obligation|deontic:permission,2,,,,,,
CTU_ACER_0603,CTU_Acero_2022_2026,76,Bargaining unit members who participate in an exit interview may elect to have a Union representative present during the exit interview.,SOFT,deontic:permission,2,,,,,,
CTU_ACER_0604,CTU_Acero_2022_2026,77,"To foster this continued trust, school personnel shall not inquire about or record a student’s or a family member’s immigration status and, pursuant to the Family Education Rights and Privacy Act (“FERPA”), shall not disclose, without parental consent, the immigration status of any student or other personally identifiable information.",HARD,deontic:prohibition|deontic:obligation,2,,,,,,
CTU_ACER_0605,CTU_Acero_2022_2026,77,The Employer recognizes the trust families place in them and shall not voluntarily divulge information to immigration agents to the fullest extent possible under the law.,HARD,deontic:prohibition|deontic:obligation,2,,,,,,
CTU_ACER_0607,CTU_Acero_2022_2026,77,"Upon request by ICE agents to enter school grounds or to obtain or review the school’s or the Employer’s records, the Employer shall verify the immigration agent’s credentials, inquire into the reason as to why the agent is requesting access, and require a duly authorized warrant or court order signed by a federal judge.",HARD,deontic:obligation,2,,,,,,
CTU_ACER_0610,CTU_Acero_2022_2026,77,"In the interest of ensuring the success of the commitments made in this Article, the Employer and the Union shall meet to develop a training program for staff on how to appropriately respond to ICE agents should they request entrance to the school facilities or grounds as well as proactive steps to aid students and families in obtaining legal or other assistance with immigration enforcement actions, provided, the Employer isn’t obligated to incur any expense.",HARD,deontic:obligation|deontic:preference,2,,,,,,
CTU_ACER_0611,CTU_Acero_2022_2026,77,"Upon written request, the Employer will provide available assistance to any bargaining unit member who has received a work authorization document under the Deferred Action for Childhood Arrivals (DACA) or a similar program (“Affected Employee”) in order to determine the extent to which said bargaining unit member’s work status will be affected by the termination of DACA and whether said member may be eligible for any employment-based immigrant or non-immigrant visas.",SOFT,deontic:permission,2,,,,,,
CTU_ACER_0641,CTU_Acero_2022_2026,82,There shall be no limitation on the amount of occasions a recall offer is turned down within the two-year period.,HARD,deontic:obligation,2,,,,,,
CTU_ACER_0642,CTU_Acero_2022_2026,82,Should a bargaining unit member request to be removed from the recall list and/or fail to respond to two,SOFT,deontic:preference,2,,,,,,
CTU_ACER_0643,CTU_Acero_2022_2026,82,"If the Employer notifies a laid off bargaining unit member of a recall opportunity via e-mail, the Union shall be copied.",HARD,deontic:obligation,2,,,,,,
CTU_ACER_0644,CTU_Acero_2022_2026,82,"Notice The Employer shall notify the Union fifteen (15) days prior to the initial notice of displacement shall seek the Union’s views on the matter prior to taking action, and shall observe its impact bargaining obligations.",HARD,deontic:obligation,2,,,,,,
CTU_ACER_0673,CTU_Acero_2022_2026,86,"Whenever the Employer intends to fill a vacant job position within the bargaining unit, the Employer shall ensure that a notice of such vacancy is made available to all bargaining unit members, and that notice of the vacancy shall include a description of the knowledge, skills, and abilities required of the position as well as the work location, job duties and other responsibilities of the position.",HARD,deontic:obligation,2,,,,,,
CTU_ACER_0674,CTU_Acero_2022_2026,86,Any vacancy must remain open for seven,HARD,deontic:obligation,2,,,,,,
CTU_ACER_0676,CTU_Acero_2022_2026,86,Internal candidates who apply for and are qualified for a vacant job position within the bargaining unit shall receive an interview for the position.,HARD,deontic:obligation,2,,,,,,
CTU_ACER_0677,CTU_Acero_2022_2026,87,"ARTICLE 27 - NO-STRIKE/NO-LOCKOUT During the term of this Agreement, the Parties agree that bargaining unit members shall not engage in a strike or other concerted refusal to work, including but not limited to sympathy strikes, and the Employer agrees that it shall not lock out the employees.",HARD,deontic:prohibition|deontic:obligation,2,,,,,,
CTU_ACER_0678,CTU_Acero_2022_2026,87,The Union shall not instigate or condone such activities and agrees to exert its best effort to its union officers and members to comply with this Article.,HARD,deontic:prohibition|deontic:obligation,2,,,,,,
CTU_ACER_0679,CTU_Acero_2022_2026,88,"The acquiring entity shall be informed regarding the existence of this Agreement and shall consent to hire the bargaining unit members covered under this Agreement, no less than ten (10) days prior to the acquisition.",HARD,deontic:obligation,2,,,,,,
CTU_ACER_0680,CTU_Acero_2022_2026,88,The Union shall be given written notice no less than twenty (20) days prior to any action described in this paragraph.,HARD,deontic:obligation,2,,,,,,
CTU_ACER_0681,CTU_Acero_2022_2026,88,"Upon acquisition or transfer to another entity, a copy of each bargaining unit employee’s personnel file shall be provided to the acquiring entity.",HARD,deontic:obligation,2,,,,,,
CTU_ACER_0682,CTU_Acero_2022_2026,89,ARTICLE 29 - STATUTORY CHANGES Improvements in benefits included in this Agreement which is brought about by the amendment or addition of statutory guarantees now provided in Illinois or federal law shall be incorporated into this Agreement.,HARD,deontic:obligation,2,,,,,,
CTU_ACER_0683,CTU_Acero_2022_2026,89,"If there are improvements in funding ratios or if there is a reduction in funding or a reduction or elimination of benefits, which are brought about by the amendment or addition of statutory guarantees now provided in Illinois legislation or administrative law, rules, regulations or procedures or federal law then either the Union or the Employer may, upon written notice to the other, reopen this Agreement for the sole purpose of negotiating the impact of said improvements of reductions on the wages and benefits provided in the Agreement.",SOFT,deontic:permission,2,,,,,,
CTU_ACER_0684,CTU_Acero_2022_2026,90,ARTICLE 30 - SAVINGS CLAUSE This Agreement shall be interpreted to reflect the lawful intent of the Parties.,HARD,deontic:obligation,2,,,,,,
CTU_ACER_0687,CTU_Acero_2022_2026,90,"Otherwise, this Agreement shall thereupon be reopened in order that the Parties may negotiate a lawful replacement to each voided provision that implement to the greatest extent possible the purposes of the void provision.",HARD,deontic:obligation|deontic:permission,2,,,,,,
CTU_ACER_0689,CTU_Acero_2022_2026,91,"If possible, representatives appointed by the Employer shall include at least two building level administrators (Principal, Assistant Principal, Instructional Coach, etc.), along with network representative(s) of the Employer’s choice, one of which shall be a certified evaluator.",HARD,deontic:obligation,2,,,,,,
CTU_ACER_0690,CTU_Acero_2022_2026,91,The Union and Employer shall have equal voting power without regard to the number of individual representatives that each party has on the Committee.,HARD,deontic:obligation,2,,,,,,
CTU_ACER_0691,CTU_Acero_2022_2026,91,The Committee shall be charged with the following: 1.,HARD,deontic:obligation,2,,,,,,
CTU_ACER_0693,CTU_Acero_2022_2026,91,"Recommendations concerning creation of separate frameworks to support the coaching of employees that may be used by the Employer to evaluate the performance of any Instructional or Non-Instructional Staff classification, provided such recommendations address separate frameworks for classifications identified in this Agreement.",SOFT,deontic:permission,2,,,,,,
CTU_ACER_0694,CTU_Acero_2022_2026,91,"The Committee shall meet upon the request of either Party to consider or make revisions to the evaluation process, rubric or scoring methods established as a result of a recommendation of the Committee.",HARD,deontic:obligation,2,,,,,,
CTU_ACER_0695,CTU_Acero_2022_2026,91,Such recommendations shall be shared with the CEdO by a majority vote of the Committee to provide recommendations for improvements to the process and may not diminish the rights established by this Article or otherwise be inconsistent with the terms or conditions set forth herein.,HARD,deontic:obligation|deontic:restriction|deontic:permission,2,,,,,,
CTU_ACER_0696,CTU_Acero_2022_2026,92,"Orientation The Employer shall provide an orientation that explains the use of the Instructional Staff Coaching Framework for providing instructional support and assessment, as well as its use by the Employer in evaluation and remediation.",HARD,deontic:obligation,2,,,,,,
CTU_ACER_0672,CTU_Acero_2022_2026,85,"Effect of Transfers and Reassignments Neither Voluntary nor Involuntary Transfers or Reassignments shall extend the provisional period, and Affected Employees shall retain their seniority and their previously accrued steps and lanes within their classification.",HARD,deontic:obligation,2,,,,,,
CTU_ACER_0671,CTU_Acero_2022_2026,85,Nor may the Employer involuntarily transfer or reassign a bargaining unit member to a classification in an employee category other than the category to which the bargaining unit member is then assigned.,SOFT,deontic:permission,2,,,,,,
CTU_ACER_0669,CTU_Acero_2022_2026,85,"In such circumstances, the Employer, bargaining unit member, and Union will meet to discuss the Involuntary Transfer or Reassignment, and the Employer shall consider and address any specific concerns raised by the Member.",HARD,deontic:obligation,2,,,,,,
CTU_ACER_0656,CTU_Acero_2022_2026,84,"Voluntary Transfers and Reassignments No later than May 30th of each school year, any bargaining unit member desiring a Voluntary Transfer or Reassignment for the following school year shall submit an application in accordance with procedures adopted by the Employer for any vacant position at campuses operated by the Employer.",HARD,deontic:obligation|deontic:permission,2,,,,,,
CTU_ACER_0647,CTU_Acero_2022_2026,82,"Redefinition of Positions If the Employer changes the license, endorsement, or qualification requirements for any bargaining unit position, the incumbent bargaining unit member in any such position shall be afforded a reasonable period of time and resources to attain any newly required credential(s) or skills.",HARD,deontic:obligation,2,,,,,,
CTU_ACER_0648,CTU_Acero_2022_2026,82,"The Employer shall provide the Union with notice of any changes in licensure, endorsement, or qualification requirements for bargaining unit positions.",HARD,deontic:obligation,2,,,,,,
CTU_ACER_0649,CTU_Acero_2022_2026,83,The bargaining unit member shall be placed at the salary schedule step and lane occupied at the time of resignation or layoff.,HARD,deontic:obligation,2,,,,,,
CTU_ACER_0651,CTU_Acero_2022_2026,83,Lane adjustment shall be applied for any educational attainment acquired within the two,HARD,deontic:obligation,2,,,,,,
CTU_ACER_0652,CTU_Acero_2022_2026,84,"Transfers and Reassignments, Generally For purposes of this Article, a “Voluntary Transfer” shall mean a transfer requested by a bargaining unit member from an assigned classification within an employee category to a classification within the same employee category at a campus to which the bargaining unit member is not currently assigned.",HARD,deontic:obligation,2,,,,,,
CTU_ACER_0653,CTU_Acero_2022_2026,84,An “Involuntary Transfer” shall mean a transfer made in the same manner at the sole discretion of the Employer.,HARD,deontic:obligation,2,,,,,,
CTU_ACER_0654,CTU_Acero_2022_2026,84,A “Voluntary Reassignment” shall mean a reassignment requested by a bargaining unit member from an assigned classification within an employee category at a campus operated by the Employer to a different classification within the same employee category at the same campus.,HARD,deontic:obligation,2,,,,,,
CTU_ACER_0655,CTU_Acero_2022_2026,84,An “Involuntary Reassignment” shall mean a reassignment made in the same manner at the sole discretion of the Employer.,HARD,deontic:obligation,2,,,,,,
CTU_ACER_0658,CTU_Acero_2022_2026,84,"Such consideration shall include an opportunity to meet or discuss the transfer or reassignment with the individual delegated hiring authority for the vacant position by the Employer (i.e., the direct supervisor of the vacancy to be filled or “hiring manager”).",HARD,deontic:obligation,2,,,,,,
CTU_ACER_0668,CTU_Acero_2022_2026,85,The Employer shall demonstrate that it has exhausted all other options prior to making this change.,HARD,deontic:obligation,2,,,,,,
CTU_ACER_0659,CTU_Acero_2022_2026,84,"After affording the bargaining unit member an opportunity to be considered for a vacant position, the Employer shall exert its best efforts to notify a bargaining unit member of an approved transfer or reassignment within two",HARD,deontic:obligation,2,,,,,,
CTU_ACER_0660,CTU_Acero_2022_2026,84,"In any event, the Employer shall notify any bargaining unit members applying for a Voluntary Transfer or Reassignment that his or her application has been approved or denied no later than June 15th of each year.",HARD,deontic:obligation,2,,,,,,
CTU_ACER_0661,CTU_Acero_2022_2026,84,"(2) or more vacancies by the Employer, the bargaining unit member shall be entitled to accept the transfer or reassignment to the position of their choosing but must do so within seventy-two (72) hours of receiving notice of the approval.",HARD,deontic:obligation|deontic:obligation,2,,,,,,
CTU_ACER_0662,CTU_Acero_2022_2026,85,Any bargaining unit member desiring a Voluntary Transfer or Reassignment following May 30th of each school year or during the following school year shall apply for and be considered for any vacant positions in the same manner as any external candidate.,HARD,deontic:obligation|deontic:permission,2,,,,,,
CTU_ACER_0663,CTU_Acero_2022_2026,85,"Bargaining unit members will not be retaliated against for requesting a Voluntary Transfer or Reassignment and all bargaining unit members requesting a Voluntary Transfer or Reassignment shall be entitled to return to the same classification and assignment to which they were assigned at the time of their application if the transfer or reassignment is declined or denied, provided the bargaining unit member has not",HARD,deontic:obligation,2,,,,,,
CTU_ACER_0665,CTU_Acero_2022_2026,85,Involuntary Transfers and Reassignments The Parties recognize that the Employer may be required to transfer or reassign certain bargaining unit members without their consent.,SOFT,deontic:permission,2,,,,,,
CTU_ACER_0666,CTU_Acero_2022_2026,85,"The Employer shall exert its best efforts to notify bargaining unit members no later than June 15th each year of its intent to transfer or reassign a bargaining unit member, and such transfer or reassignment shall be effective at the start of the following school year.",HARD,deontic:obligation,2,,,,,,
CTU_ACER_0667,CTU_Acero_2022_2026,85,"However, the Employer and the Union acknowledge that circumstances may arise that require a transfer or reassignment of a bargaining unit member without affording such notice.",SOFT,deontic:permission,2,,,,,,
CTU_ACER_0418,CTU_Acero_2022_2026,58,"Occasionally, to meet the unique needs of staff and schools, the Employer may encourage and support external development opportunities for Instructional Staff members. 9.",SOFT,deontic:permission,2,,,,,,
CTU_ACER_0404,CTU_Acero_2022_2026,56,"During such meetings, Instructional Staff shall be assigned to attend or perform duties related to: a.",HARD,deontic:obligation,2,,,,,,
CTU_ACER_0416,CTU_Acero_2022_2026,58,"Any Professional Growth Plan shall align to Network mission, vision, and strategic plan.",HARD,deontic:obligation,2,,,,,,
CTU_ACER_0147,CTU_Acero_2022_2026,25,"The Parties shall attempt to mutually select an arbitrator within fourteen (14) calendar days after receipt of the demand for arbitration or, if the Parties fail to agree on the Return to Table of Contents 25",HARD,deontic:obligation,2,,,,,,
CTU_ACER_0138,CTU_Acero_2022_2026,25,"The written appeal shall include a detailed statement of the grievance and the basis of the appeal of the grievance decision, along with any supporting documents or materials.",HARD,deontic:obligation,2,,,,,,
CTU_ACER_0139,CTU_Acero_2022_2026,25,A conference with the Director of Labor Relations or designee shall take place within fourteen (14) calendar days of written notice of the appeal to Step 2.,HARD,deontic:obligation,2,,,,,,
CTU_ACER_0140,CTU_Acero_2022_2026,25,"Following the conclusion of the conference, the Director of Labor Relations or designee shall issue a written response to the appeal to the grievant and the Union within fourteen (14) calendar days of the Step 2 Conference. 3.",HARD,deontic:obligation,2,,,,,,
CTU_ACER_0141,CTU_Acero_2022_2026,25,"Step 3 If the grievance is not resolved at Step 2, the Union or the grievant may appeal the decision in writing within fourteen (14) calendar days of the issuance of the Step 2 decision to the Employer’s General Counsel.",SOFT,deontic:permission,2,,,,,,
CTU_ACER_0142,CTU_Acero_2022_2026,25,"A concise, written summary of the grievance appeal shall be submitted, detailing the complaint, along with any supporting documents or materials.",HARD,deontic:obligation,2,,,,,,
CTU_ACER_0143,CTU_Acero_2022_2026,25,A conference with the Employer’s General Counsel shall take place within fourteen (14) calendar days of written notice of the appeal to Step 3.,HARD,deontic:obligation,2,,,,,,
CTU_ACER_0144,CTU_Acero_2022_2026,25,"Following the conclusion of the conference, the General Counsel shall issue a written response to the appeal to the grievant and the Union within fourteen (14) calendar days of the Step 3 Conference.",HARD,deontic:obligation,2,,,,,,
CTU_ACER_0145,CTU_Acero_2022_2026,25,"If the grievance was initiated at Step 1, the Union or the grievant shall have the right to bypass Step 3 and appeal directly from Step 2 to Step 4. 4.",HARD,deontic:obligation,2,,,,,,
CTU_ACER_0146,CTU_Acero_2022_2026,25,"Step 4 If the grievance is not resolved, the Union shall notify the Employer in writing of its demand for arbitration within thirty (30) calendar days after the receipt of the Employer’s written response at Step 2 or 3 (consistent with the above).",HARD,deontic:obligation,2,,,,,,
CTU_ACER_0148,CTU_Acero_2022_2026,26,"selection of an arbitrator, the Parties shall, within fourteen (14) calendar days of attempting to mutually select an arbitrator, request a panel of arbitrators from the Federal Mediation and Conciliation Service.",HARD,deontic:obligation,2,,,,,,
CTU_ACER_0160,CTU_Acero_2022_2026,26,Time allowed shall be confined to investigating grievances that have been brought to the Employer’s attention and for which Union representation has been requested.,HARD,deontic:obligation,2,,,,,,
CTU_ACER_0149,CTU_Acero_2022_2026,26,The order of striking arbitrators shall be determined by lot.,HARD,deontic:obligation,2,,,,,,
CTU_ACER_0150,CTU_Acero_2022_2026,26,"The arbitrator shall have no right to amend, modify, nullify, ignore, add to or subtract from the provisions of this Agreement.",HARD,deontic:obligation,2,,,,,,
CTU_ACER_0151,CTU_Acero_2022_2026,26,"The arbitrator shall consider and decide only whether there has been a violation, misinterpretation or misapplication of the express terms of this agreement based on the issue(s) raised by the grievance and shall have no authority to make a decision on any issue not so submitted or raised.",HARD,deontic:obligation,2,,,,,,
CTU_ACER_0152,CTU_Acero_2022_2026,26,"If the arbitrator determines that there has been such a violation, he or she shall have the authority to provide for appropriate relief.",HARD,deontic:obligation,2,,,,,,
CTU_ACER_0153,CTU_Acero_2022_2026,26,"The decision of the arbitrator shall be binding on the Employer, the Union and bargaining unit members.",HARD,deontic:obligation,2,,,,,,
CTU_ACER_0154,CTU_Acero_2022_2026,26,The fees and expenses of the arbitrator shall be split equally by the Parties.,HARD,deontic:obligation,2,,,,,,
CTU_ACER_0156,CTU_Acero_2022_2026,26,"Initiation at a Higher Step By mutual agreement of the Parties, a grievance may be initiated at any Step of the Grievance Procedures set forth above.",SOFT,deontic:permission,2,,,,,,
CTU_ACER_0157,CTU_Acero_2022_2026,26,"However, for a non-campus-based grievance (e.g., the underlying issue is not under the control of the school-based representative) or a grievance related to disciplinary action issued by the Employer’s Step 1 representative, the Union/grievant may bypass Step 1 and initiate the grievance at Step 2 or the Employer may elevate the grievance to Step 2.",SOFT,deontic:permission,2,,,,,,
CTU_ACER_0158,CTU_Acero_2022_2026,26,"Investigation of Grievances The Employer shall allow the Union delegate or their designee a reasonable period of time during the school day, without loss of pay, to investigate grievances.",HARD,deontic:obligation,2,,,,,,
CTU_ACER_0137,CTU_Acero_2022_2026,25,"Step 2 If the grievance is not resolved at Step 1, the Union or the employee may appeal the decision in writing to the Director of Labor Relations within fourteen (14) calendar days of the issuance of the Step 1 decision, and the Director of Labor Relations or designee shall review the appeal.",HARD,deontic:obligation|deontic:permission,2,,,,,,
CTU_ACER_0136,CTU_Acero_2022_2026,25,"In instances where the issues giving rise to the grievance are not under the control of the campus-based representative of the Employer or are related to disciplinary action issued by the Employer’s Step 1 representative, the Union/grievant shall have the right to initiate the grievance at Step 2, and bypass Step 1. 2.",HARD,deontic:obligation,2,,,,,,
CTU_ACER_0135,CTU_Acero_2022_2026,24,"Following the conclusion of the conference, the Principal or the Principal’s designee shall Return to Table of Contents 24",HARD,deontic:obligation,2,,,,,,
CTU_ACER_0134,CTU_Acero_2022_2026,24,A conference with the Principal or the Principal’s designee shall take place within fourteen (14) calendar days of written notice of the grievance being filed at Step 1.,HARD,deontic:obligation,2,,,,,,
CTU_ACER_0110,CTU_Acero_2022_2026,21,"manager may elect to invite bargaining unit employees to participate in the hiring process, including participation in interviews with prospective candidates.",SOFT,deontic:permission,2,,,,,,
CTU_ACER_0111,CTU_Acero_2022_2026,21,"For the purposes of hiring Principals, the Employer shall offer at least four",HARD,deontic:obligation,2,,,,,,
CTU_ACER_0113,CTU_Acero_2022_2026,21,The Employer shall collaborate with the school delegate to select the bargaining unit members who will participate in the hiring committee.,HARD,deontic:obligation,2,,,,,,
CTU_ACER_0114,CTU_Acero_2022_2026,21,The Employer shall consider the bargaining unit members’ hiring recommendations for the vacant Principal position.,HARD,deontic:obligation,2,,,,,,
CTU_ACER_0116,CTU_Acero_2022_2026,22,"The Employer shall strive to provide notice by the first Friday in May of each school year of the Employer’s intent to release a provisional employee, as described in this Section, who was employed at the start of the school year.",HARD,deontic:obligation|deontic:permission,2,,,,,,
CTU_ACER_0117,CTU_Acero_2022_2026,22,"If notice of such intent to release a provisional employee is sent after the first Friday in May of that school year, the Employer shall also include a detailed description of the reason for release.",HARD,deontic:obligation|deontic:permission,2,,,,,,
CTU_ACER_0118,CTU_Acero_2022_2026,22,"For provisional Instructional Staff hired after the start of the school year, the Employer shall strive to provide notice of its intent to release such employee at least thirty (30) calendar days prior to release.",HARD,deontic:obligation,2,,,,,,
CTU_ACER_0119,CTU_Acero_2022_2026,22,"In the event sufficient notice is not provided within that time frame, the Employer shall also include a detailed description of the reason for release in the notice.",HARD,deontic:obligation,2,,,,,,
CTU_ACER_0120,CTU_Acero_2022_2026,22,The Employer shall provide the Union with a list of those provisional Instructional Staff members being released at least one,HARD,deontic:obligation,2,,,,,,
CTU_ACER_0121,CTU_Acero_2022_2026,22,(1) business day prior to the first Friday in May.,SOFT,deontic:permission,2,,,,,,
CTU_ACER_0124,CTU_Acero_2022_2026,22,"Should an Instructional Staff member move back to a job category that they previously occupied and completed the required provisional period for, the employee shall not be required to complete a second provisional period within that job category as long as the employee does not have any break in service.",HARD,deontic:prohibition|deontic:obligation|deontic:preference,2,,,,,,
CTU_ACER_0126,CTU_Acero_2022_2026,23,"Provisional bargaining unit Members shall enjoy the rights and benefits of all the other provisions of this Agreement during their provisional period, and shall not be released from employment for availing themselves of said rights and benefits or for engaging in union activity.",HARD,deontic:prohibition|deontic:obligation,2,,,,,,
CTU_ACER_0127,CTU_Acero_2022_2026,24,Representation Bargaining unit members shall have the right to have Union representation at all stages of the grievance procedure.,HARD,deontic:obligation,2,,,,,,
CTU_ACER_0128,CTU_Acero_2022_2026,24,(a) the resolution of the grievance shall not be inconsistent with this Agreement or any other collectively bargained agreement between the Union and the Employer then in effect;,HARD,deontic:prohibition|deontic:obligation,2,,,,,,
CTU_ACER_0129,CTU_Acero_2022_2026,24,(b) the Union shall receive copies of all documents exchanged during the processing of the grievance; and,HARD,deontic:obligation,2,,,,,,
CTU_ACER_0130,CTU_Acero_2022_2026,24,(c) the Union shall have the opportunity to be present at any meeting where a resolution to the grievance is discussed.,HARD,deontic:obligation,2,,,,,,
CTU_ACER_0131,CTU_Acero_2022_2026,24,"Accordingly, the Parties shall make a good-faith effort to resolve any conflict in an informal manner through discussions between the employee(s) and/or Union designee with the direct supervisor or the appropriate member of the Administration.",HARD,deontic:obligation,2,,,,,,
CTU_ACER_0132,CTU_Acero_2022_2026,24,"Step 1 In the event the conflict is not resolved informally, the Union or employee shall submit a grievance in writing to the Principal or the Principal’s designee.",HARD,deontic:obligation,2,,,,,,
CTU_ACER_0133,CTU_Acero_2022_2026,24,"A concise written summary of the grievance, detailing the complaint and including the Article and/or Section at issue and any supporting documents or materials, shall be submitted within forty-five (45) school days of the event or occurrence giving rise to the grievance or forty-five (45) school days after the event of occurrence should reasonably have been known.",HARD,deontic:obligation|deontic:preference,2,,,,,,
CTU_ACER_0159,CTU_Acero_2022_2026,26,"If Union representation is requested at Step 1 of the procedures set forth above, and upon request of the Union representative, the Employer shall provide the Union with access to and copies of documents relevant to the grievance, and shall exert its best efforts to supplement this production in a timely fashion if additional documents become available.",HARD,deontic:obligation,2,,,,,,
CTU_ACER_0161,CTU_Acero_2022_2026,26,The Council Chair shall be afforded all the rights of the Union delegate in any school.,HARD,deontic:obligation,2,,,,,,
CTU_ACER_0213,CTU_Acero_2022_2026,33,ARTICLE 12 - HEALTH AND SAFETY Bargaining unit members shall work under safe and healthy working conditions.,HARD,deontic:obligation,2,,,,,,
CTU_ACER_0200,CTU_Acero_2022_2026,30,Anonymous Complaints: The Employer shall not issue discipline to any bargaining unit members based solely on an anonymous complaint.,HARD,deontic:prohibition|deontic:obligation,2,,,,,,
CTU_ACER_0189,CTU_Acero_2022_2026,29,"Within fourteen (14) days of the pre-discipline meeting, the Employer may take disciplinary action, copying the Union, regarding what disciplinary action, if any, the Employer has decided to take. 8.",SOFT,deontic:permission,2,,,,,,
CTU_ACER_0191,CTU_Acero_2022_2026,29,"However, Provisional Employees listed in the pre-first Friday in May notice of intent to release or those released after the first Friday in May of the school year (per Article 7(A) of this Agreement) are not afforded the opportunities of a pre-disciplinary meeting notice and a pre-disciplinary meeting as detailed above. 9.",SOFT,deontic:permission,2,,,,,,
CTU_ACER_0192,CTU_Acero_2022_2026,29,Investigatory Interviews: Management may conduct an investigatory interview of a bargaining unit member for the purposes of gathering information based upon an Return to Table of Contents 29,SOFT,deontic:permission,2,,,,,,
CTU_ACER_0193,CTU_Acero_2022_2026,30,"If the bargaining unit member is the subject of the allegation, this interview requires twenty-four (24) hours’ notice and the Union must be copied on the notice.",HARD,deontic:obligation,2,,,,,,
CTU_ACER_0195,CTU_Acero_2022_2026,30,"Any information gathered from the interview, which would be used as the basis for any possible disciplinary action, shall be shared with the bargaining unit member prior to the premeeting. 10.",HARD,deontic:obligation,2,,,,,,
CTU_ACER_0196,CTU_Acero_2022_2026,30,"Union Representation and Notices to Employee and Union: Bargaining unit members shall have the right to Union representation during any investigatory meeting, predisciplinary meeting, or disciplinary meeting.",HARD,deontic:obligation,2,,,,,,
CTU_ACER_0197,CTU_Acero_2022_2026,30,"The Employer shall copy the Union on all meeting notices, warnings, and other documents required by this Article. 11.",HARD,deontic:obligation,2,,,,,,
CTU_ACER_0198,CTU_Acero_2022_2026,30,"Professional Administration of Disciplinary Policies and Procedures: In all steps of progressive discipline and implementation of policies and work rules, all persons, including Principals, Assistant Principals, and other supervisory personnel, shall treat others with dignity and respect.",HARD,deontic:obligation,2,,,,,,
CTU_ACER_0199,CTU_Acero_2022_2026,30,Any meeting held under this Article shall be made only in a place ensuring privacy. 12.,HARD,deontic:obligation,2,,,,,,
CTU_ACER_0201,CTU_Acero_2022_2026,31,"Academic freedom shall mean that Instructional Staff are free to present instructional materials which are pertinent to the subject and level taught, within the outlines of appropriate course content and within the planned instructional program as determined by the campus Professional Solutions Committee.",HARD,deontic:obligation,2,,,,,,
CTU_ACER_0162,CTU_Acero_2022_2026,26,The time limits at any step or for any hearing may be extended by mutual agreement of the Parties involved at that particular step.,SOFT,deontic:permission,2,,,,,,
CTU_ACER_0202,CTU_Acero_2022_2026,31,"Instructional Staff shall be free to use their own materials and methods of instruction based on knowledge of students and area(s) of expertise and/or supplement, supplant, or resequence materials and sources to meet the needs of students, so long as the Instructional Staff member’s practice is on track to achieve growth towards mastery of the essential knowledge and skills appropriate to the students’ needs in progressing toward grade level attainment.",HARD,deontic:obligation,2,,,,,,
CTU_ACER_0204,CTU_Acero_2022_2026,31,The Parties understand that provisional Instructional Staff may require more support.,SOFT,deontic:permission,2,,,,,,
CTU_ACER_0205,CTU_Acero_2022_2026,31,"Should additional support be necessary, the Employer may recommend specific materials to aid in support and growth, to be used at the Instructional Staff member’s discretion.",SOFT,deontic:preference|deontic:permission,2,,,,,,
CTU_ACER_0415,CTU_Acero_2022_2026,58,"Any member of campus-based leadership responsible for developing a Professional Growth Plan in collaboration with each Instructional Staff member must be a qualified evaluator as used in Article 31, Evaluation, of the Agreement.",HARD,deontic:obligation,2,,,,,,
CTU_ACER_0207,CTU_Acero_2022_2026,31,"The Employer will have a centralized resource bank at each school that the Employer and staff, at their own discretion, may contribute materials to for others to utilize to support their instruction.",SOFT,deontic:permission,2,,,,,,
CTU_ACER_0208,CTU_Acero_2022_2026,31,All non-provisional Instructional Staff shall have the right to utilize alternative culturally relevant or sensitive materials or sources.,HARD,deontic:obligation,2,,,,,,
CTU_ACER_0209,CTU_Acero_2022_2026,31,"Nothing in this Agreement is intended to or shall have the effect of inhibiting or limiting the right of any Instructional Staff member from expressing, in a professional manner, his or her views with respect to any educational matter relating to the schools.",HARD,deontic:obligation,2,,,,,,
CTU_ACER_0210,CTU_Acero_2022_2026,32,"ARTICLE 11 - INTELLECTUAL PROPERTY Instructional Staff may use their own lesson plans, assessments, and instructional materials developed while employed by the Employer, without being deemed in violation of any employment agreement with the Employer.",SOFT,deontic:permission,2,,,,,,
CTU_ACER_0211,CTU_Acero_2022_2026,32,"Nothing within this Article shall be construed to prohibit an Instructional Staff member from utilizing their own lesson plans, assessments, and instructional materials developed while employed by the Employer after separation from employment.",HARD,deontic:obligation,2,,,,,,
CTU_ACER_0188,CTU_Acero_2022_2026,29,"The pre-discipline meeting notice will include a description of the allegation(s) giving rise to the meeting, along with any evidence upon which the employer may rely to support the allegation(s).",SOFT,deontic:permission,2,,,,,,
CTU_ACER_0187,CTU_Acero_2022_2026,29,The Employer shall provide the bargaining unit member and the Union with the pre-discipline meeting notice at least three,HARD,deontic:obligation,2,,,,,,
CTU_ACER_0186,CTU_Acero_2022_2026,29,The Employer shall administer all steps of the discipline procedure.,HARD,deontic:obligation,2,,,,,,
CTU_ACER_0185,CTU_Acero_2022_2026,29,The opportunity to respond shall take place at a pre-discipline meeting scheduled in the written pre-discipline meeting notice.,HARD,deontic:obligation,2,,,,,,
CTU_ACER_0163,CTU_Acero_2022_2026,27,"The Employer’s failure to respond within the time limits shall not find in favor of the grievant, but shall permit the Union to advance the grievance to the next higher step.",HARD,deontic:prohibition|deontic:obligation,2,,,,,,
CTU_ACER_0164,CTU_Acero_2022_2026,27,The Chief Education Officer shall investigate and personally meet with the affected staff members within ten (10) workdays after receiving the referral.,HARD,deontic:obligation,2,,,,,,
CTU_ACER_0165,CTU_Acero_2022_2026,27,The Chief Education Officer must issue a written response within ten (10) workdays of the meeting.,HARD,deontic:obligation,2,,,,,,
CTU_ACER_0166,CTU_Acero_2022_2026,27,The written response shall indicate whether there are any steps that the Employer has taken to address the referral.,HARD,deontic:obligation,2,,,,,,
CTU_ACER_0167,CTU_Acero_2022_2026,27,The Chief Education Officer’s response may not be grieved under this Article.,SOFT,deontic:restriction|deontic:permission,2,,,,,,
CTU_ACER_0168,CTU_Acero_2022_2026,28,Just Cause: No non-provisional bargaining unit member shall be disciplined without just cause. 2.,HARD,deontic:obligation,2,,,,,,
CTU_ACER_0169,CTU_Acero_2022_2026,28,"Toward that end, the following disciplinary process and forms of discipline shall be used for all bargaining unit members.",HARD,deontic:obligation,2,,,,,,
CTU_ACER_0170,CTU_Acero_2022_2026,28,"In issuing discipline in accordance with this Article, discipline shall generally advance from one step to the next if the bargaining unit member repeatedly engages in similar acts violating the Employer’s standards of conduct or workplace policies.",HARD,deontic:obligation,2,,,,,,
CTU_ACER_0172,CTU_Acero_2022_2026,28,"Disciplinary Steps: Generally, discipline shall be progressive (and will not include any unpaid suspension) in nature, shall ordinarily apply to same or similar acts of misconduct, and shall follow these progressive steps: Step One: First Written Warning Step Two: Second Written Warning Step Three: Final Written Warning Step Four: Dismissal 4.",HARD,deontic:obligation,2,,,,,,
CTU_ACER_0173,CTU_Acero_2022_2026,28,Any warning or other disciplinary action taken under this section must be in writing and include: a.,HARD,deontic:obligation,2,,,,,,
CTU_ACER_0174,CTU_Acero_2022_2026,28,The Employer shall make a good faith effort to implement such remedial actions. 5.,HARD,deontic:obligation,2,,,,,,
CTU_ACER_0176,CTU_Acero_2022_2026,28,A bargaining unit member shall be provided notice of the allegations raised and an opportunity to respond before a final determination regarding discipline is made.,HARD,deontic:obligation,2,,,,,,
CTU_ACER_0177,CTU_Acero_2022_2026,28,Discipline shall advance from one step to the next if the bargaining unit member engages in the same or similar unwanted behavior within fifteen (15) months of the previous Return to Table of Contents 28,HARD,deontic:obligation,2,,,,,,
CTU_ACER_0179,CTU_Acero_2022_2026,29,"Serious Offenses: Where necessary for the safety of students and/or staff, bargaining unit members accused of serious offenses may be placed on paid administrative leave or reassigned with pay pending investigation.",SOFT,deontic:permission,2,,,,,,
CTU_ACER_0180,CTU_Acero_2022_2026,29,"Investigations should ordinarily be completed within two weeks, but the Parties acknowledge that investigations into the conduct of bargaining unit members who have been placed on paid administrative leave or reassigned may take longer than two weeks depending upon the circumstances involved.",SOFT,deontic:preference|deontic:permission,2,,,,,,
CTU_ACER_0181,CTU_Acero_2022_2026,29,"If such extra time is required, the Employer shall notify the Union within two weeks of the start of the investigation.",HARD,deontic:obligation,2,,,,,,
CTU_ACER_0182,CTU_Acero_2022_2026,29,In the event that the bargaining unit member who has been reassigned refuses to cooperate with the investigation the Employer shall have the right to place the bargaining unit member on unpaid suspension until such time as the investigation is complete.,HARD,deontic:obligation,2,,,,,,
CTU_ACER_0183,CTU_Acero_2022_2026,29,"In addition, failure to cooperate in an investigation can lead to an additional basis for discipline which may lead to a loss of pay, up to and including dismissal. 7.",SOFT,deontic:permission,2,,,,,,
CTU_ACER_0184,CTU_Acero_2022_2026,29,"Administration of Discipline: A bargaining unit member shall be provided a predisciplinary meeting notice in writing, copying the Union, which provides notice of the allegations raised and an opportunity to respond before a final determination regarding discipline is made.",HARD,deontic:obligation,2,,,,,,
CTU_ACER_0109,CTU_Acero_2022_2026,20,"Hiring Committee At the discretion of the Employer, a hiring committee may be formed at each school for the purpose of considering candidates for vacant positions.",SOFT,deontic:permission,2,,,,,,
CTU_ACER_0108,CTU_Acero_2022_2026,20,The survey shall be created by Acero with input from the Network Labor Management Committee.,HARD,deontic:obligation,2,,,,,,
CTU_ACER_0107,CTU_Acero_2022_2026,20,"In the event that the Principal or Assistant Principal cannot be present for a meeting, the Principal or Assistant Principal shall provide notice as soon as practicable and the meeting will be rescheduled within a reasonable period of time. a.",HARD,deontic:obligation,2,,,,,,
CTU_ACER_0039,CTU_Acero_2022_2026,11,"For any bargaining unit member hired after October 1st of each year upon receipt of the member’s voluntary written dues deduction authorization, the Employer shall deduct from the wages each pay period thereafter the applicable dues payment and shall remit the same to the Union. 3.",HARD,deontic:obligation,2,,,,,,
CTU_ACER_0030,CTU_Acero_2022_2026,11,"All new employees eligible for representation by the Union shall be provided a communication from the Union, along with a union dues card or agency fee agreement, at the time of their onboarding.",HARD,deontic:obligation,2,,,,,,
CTU_ACER_0031,CTU_Acero_2022_2026,11,The Union shall be responsible for the collection of union dues cards or agency fee agreements from new employees.,HARD,deontic:obligation,2,,,,,,
CTU_ACER_0032,CTU_Acero_2022_2026,11,"Upon receipt of voluntary written authorization, the Employer shall deduct from the wages each pay period the applicable dues payment and shall remit the same to the Union on or before the last day of each month.",HARD,deontic:obligation,2,,,,,,
CTU_ACER_0033,CTU_Acero_2022_2026,11,The Union shall advise the Employer in writing and in a timely manner of the amount of any deduction required by this paragraph. 2.,HARD,deontic:obligation,2,,,,,,
CTU_ACER_0034,CTU_Acero_2022_2026,11,"Prior to October 1st of each year during the terms of this Agreement, the Union shall forward to the Employer all voluntary written authorizations from bargaining unit members then employed.",HARD,deontic:obligation,2,,,,,,
CTU_ACER_0035,CTU_Acero_2022_2026,11,"No later than October 31st of each year during the term of this Agreement, the Employer shall begin to deduct from the wages each pay period the applicable dues payment (including dues owed from the bargaining unit member before October 1st) and shall remit the same to the Union, and continue to do so on or before the last day of each month and thereafter, so long as the Employer has not received notice from the Union that the employee has timely revoked authorization.",HARD,deontic:obligation,2,,,,,,
CTU_ACER_0036,CTU_Acero_2022_2026,11,"The Union shall advise the Employer in writing no later than October 1st of each year during the term of this Agreement, of the amount of any deduction required by this paragraph.",HARD,deontic:obligation,2,,,,,,
CTU_ACER_0037,CTU_Acero_2022_2026,11,The Union’s failure to do so shall result in the deduction of dues in an amount equal to amounts of which the Employer was last advised.,HARD,deontic:obligation,2,,,,,,
CTU_ACER_0038,CTU_Acero_2022_2026,11,The Employer shall not be responsible for the collection of any dues or fees mandated to be paid by a bargaining unit member to the Union in accordance with this Section if such dues or fees are not collected as a result of the Union’s failure to provide written authorization from the bargaining unit member for any authorizations required by this Section.,HARD,deontic:prohibition|deontic:obligation,2,,,,,,
CTU_ACER_0040,CTU_Acero_2022_2026,11,"Each employee covered by this Agreement shall, as a condition of employment, become and remain a member of the Union or, in the alternative, pay a monthly fee to the Union in the amount designated by the Union, not later than the thirtieth calendar day following their date of employment or the date of execution of this Agreement, whichever is later. 4.",HARD,deontic:obligation,2,,,,,,
CTU_ACER_0106,CTU_Acero_2022_2026,20,"Where there is not a Union delegate (Building Delegate) or at the existing building delegate’s request, the council chair or their designee may lead a campus Professional Solutions Committee.",SOFT,deontic:permission,2,,,,,,
CTU_ACER_0041,CTU_Acero_2022_2026,11,"Upon receipt of a voluntary written authorization from a bargaining unit member, the Employer shall deduct from the wages due said bargaining unit member the sum specified in the authorization and remit to the Chicago Teachers Union Political Action Committee (PAC) as the bargaining unit member’s voluntary contribution to said Fund.",HARD,deontic:obligation,2,,,,,,
CTU_ACER_0042,CTU_Acero_2022_2026,12,No deductions shall be made which are prohibited by applicable law.,HARD,deontic:obligation,2,,,,,,
CTU_ACER_0043,CTU_Acero_2022_2026,12,"The Union agrees to indemnify and hold the Employer harmless from any claim, suit, cause of action, or other action with respect to the Employer’s deduction of union dues or any other deductions required under this Article, including, without limitation, the administration of the dues check off provisions, and any act or action in connection therewith, and such indemnity and agreement to hold the Employer harmless shall include timely payment of any of its costs and attorneys’ fees.",HARD,deontic:obligation,2,,,,,,
CTU_ACER_0045,CTU_Acero_2022_2026,12,The Union shall advise the Employer in writing of any increase or decrease in deductions at least thirty (30) days prior to its effective date.,HARD,deontic:obligation,2,,,,,,
CTU_ACER_0046,CTU_Acero_2022_2026,12,"The aggregate deduction of all bargaining unit members and a list of the names, addresses, and UIN numbers of all members of the bargaining unit and their individual deductions shall be remitted monthly to the Union at the address designated in writing by the Union.",HARD,deontic:obligation,2,,,,,,
CTU_ACER_0047,CTU_Acero_2022_2026,12,The information shall be provided in electronic form.,HARD,deontic:obligation,2,,,,,,
CTU_ACER_0049,CTU_Acero_2022_2026,12,Unused minutes may be carried over into subsequent quarters but may not be carried over into a new school year.,SOFT,deontic:restriction|deontic:permission,2,,,,,,
CTU_ACER_0050,CTU_Acero_2022_2026,12,Union Release Time The Union may designate one,SOFT,deontic:permission,2,,,,,,
CTU_ACER_0051,CTU_Acero_2022_2026,12,Such designations shall be made no later than June 1 each year and shall remain employees of the Employer and accrue such benefits and seniority as so entitled but shall be placed on a leave of absence without pay.,HARD,deontic:obligation,2,,,,,,
CTU_ACER_0029,CTU_Acero_2022_2026,10,New Employee Orientation The Employer shall provide the Union with a forty-five (45) minute opportunity to address new employees at a mutually agreeable time during the annual new hire orientation period.,HARD,deontic:obligation,2,,,,,,
CTU_ACER_0028,CTU_Acero_2022_2026,10,Union representatives may utilize copy machines and printers as reasonably necessary to administer the Agreement.,SOFT,deontic:permission,2,,,,,,
CTU_ACER_0027,CTU_Acero_2022_2026,10,Union representatives shall not be denied access to exterior areas such as parking lots and areas near entrances to the Employer's buildings. 5.,HARD,deontic:prohibition|deontic:obligation,2,,,,,,
CTU_ACER_0026,CTU_Acero_2022_2026,10,The Employer shall not conduct surveillance of Union representatives. 4.,HARD,deontic:prohibition|deontic:obligation,2,,,,,,
CTU_ACER_0003,CTU_Acero_2022_2026,5,"For Purposes of this Agreement, the bargaining unit shall include any individual employed by the employer in a job classification within the employee categories set forth in Sections B and C of this Article.",HARD,deontic:obligation,2,,,,,,
CTU_ACER_0004,CTU_Acero_2022_2026,6,Nothing in this Agreement shall limit the Union’s bargaining rights or its right to seek accretion of any new job titles as provided under law.,HARD,deontic:obligation,2,,,,,,
CTU_ACER_0005,CTU_Acero_2022_2026,6,"For purposes of this Agreement, the “Employer” shall be deemed to include any person, firm, partnership, corporation, or other legal entity which provides education services and which is under the control of the Employer.",HARD,deontic:obligation,2,,,,,,
CTU_ACER_0006,CTU_Acero_2022_2026,6,"The Employer may utilize subcontractors to perform work covered under this Agreement only where it has demonstrated to the Union, prior to subcontracting, that it cannot reasonably maintain sufficient staff or resources to perform such work, nor shall subcontracting continue for any longer period than necessary as required herein.",HARD,deontic:obligation|deontic:permission,2,,,,,,
CTU_ACER_0007,CTU_Acero_2022_2026,6,"In the event that the employer contracts with an entity that employs instructional personnel on any campus operated by the Employer, the Employer shall ensure through any contractual relationship with such entity that the terms and conditions of this Agreement shall be binding upon such entity.",HARD,deontic:obligation,2,,,,,,
CTU_ACER_0009,CTU_Acero_2022_2026,7,Such related or supplemental service providers shall not be considered bargaining unit members.,HARD,deontic:prohibition|deontic:obligation,2,,,,,,
CTU_ACER_0010,CTU_Acero_2022_2026,8,"ARTICLE 3 - NON-DISCRIMINATION There shall be no discrimination or retaliation by the Employer in its recruitment programs, hiring practices, dismissal procedures, or in any other relationship, or practice on the basis of race, creed, color, age, sex, national origin, marital status, veteran status, disability, sexual orientation, gender identity or expression, civil union status, domestic partnership status, parental status, immigration status, genetic information, refusal to submit to a genetic test or make available the results of a genetic test, the utilization of benefits authorized by this Agreement or Employer policy, or membership, participation in, or association with the activities of the Union or any employee organization.",HARD,deontic:obligation,2,,,,,,
CTU_ACER_0011,CTU_Acero_2022_2026,8,"However, nothing in this Article shall constitute a waiver of a bargaining unit member’s rights to bring a discrimination claim to an appropriate government agency, or in a court of competent jurisdiction.",HARD,deontic:obligation,2,,,,,,
CTU_ACER_0012,CTU_Acero_2022_2026,9,"The Employer shall make available for inspection to the Union any information that is available, relevant, and necessary for the administration of this Agreement, within five",HARD,deontic:obligation,2,,,,,,
CTU_ACER_0013,CTU_Acero_2022_2026,9,The meeting dates and times of regular or special meetings of the Employer’s Board of Directors shall continue to be shared electronically on the Employer’s website.,HARD,deontic:obligation,2,,,,,,
CTU_ACER_0014,CTU_Acero_2022_2026,9,"Prior to each regular or special meeting of the Employer’s Board of Directors, such Board shall post online the public agenda for the meeting and to the extent they are available, copies of the proposed Board reports listed on the public agenda and send the same to the Union.",HARD,deontic:obligation,2,,,,,,
CTU_ACER_0015,CTU_Acero_2022_2026,9,"After each meeting, the Board shall post online minutes of that meeting.",HARD,deontic:obligation,2,,,,,,
CTU_ACER_0016,CTU_Acero_2022_2026,9,"If the Board meeting occurs during work hours, one representative from the Union shall be granted release time for travel and attendance at the meeting, but said release time must be reasonable and appropriate. 3.",HARD,deontic:obligation|deontic:obligation,2,,,,,,
CTU_ACER_0017,CTU_Acero_2022_2026,9,"The lists shall contain the following information: the employee's name, date of hire, job title, work location, home address, telephone number, and salary.",HARD,deontic:obligation,2,,,,,,
CTU_ACER_0018,CTU_Acero_2022_2026,9,The Council Chair may receive this information for all bargaining unit members upon request. 4.,SOFT,deontic:permission,2,,,,,,
CTU_ACER_0019,CTU_Acero_2022_2026,10,The Employer recognizes that authorized agents of the Union may need access to bargaining unit members during non-instructional time within the instructional day.,SOFT,deontic:permission,2,,,,,,
CTU_ACER_0020,CTU_Acero_2022_2026,10,Union representatives shall not be denied access to any school when a bargaining unit member has a right to Weingarten representation.,HARD,deontic:prohibition|deontic:obligation,2,,,,,,
CTU_ACER_0022,CTU_Acero_2022_2026,10,Authorized agents of the Union may provide materials to bargaining unit members via their e-mail accounts or mailboxes.,SOFT,deontic:permission,2,,,,,,
CTU_ACER_0025,CTU_Acero_2022_2026,10,"Union representatives shall not be denied access to campus cafeterias, teacher lounges, break rooms, or similar spaces when students are not generally present.",HARD,deontic:prohibition|deontic:obligation,2,,,,,,
CTU_ACER_0052,CTU_Acero_2022_2026,12,"Bargaining unit members who are on leave for Union business may continue their benefit coverage, provided they pay the full or half cost of that coverage.",SOFT,deontic:permission,2,,,,,,
CTU_ACER_0053,CTU_Acero_2022_2026,12,"Upon the completion of full or half-time union release time, such members shall return to an equivalent position in the area of their certification.",HARD,deontic:obligation,2,,,,,,
CTU_ACER_0054,CTU_Acero_2022_2026,12,"In addition, a total of fifty (50) days per year shall be available to be divided for union members to perform union business.",HARD,deontic:obligation,2,,,,,,
CTU_ACER_0084,CTU_Acero_2022_2026,18,The Committee shall meet twice each school year. 4.,HARD,deontic:obligation,2,,,,,,
CTU_ACER_0087,CTU_Acero_2022_2026,18,"If there is no initial majority vote of the Committee, the Employer shall survey employees and parents/guardians on their preferences with respect to the specific issue(s) in dispute between the Committee members.",HARD,deontic:obligation,2,,,,,,
CTU_ACER_0088,CTU_Acero_2022_2026,18,The Committee shall provide input when creating the survey.,HARD,deontic:obligation,2,,,,,,
CTU_ACER_0089,CTU_Acero_2022_2026,18,The Committee shall then meet and review the survey results to inform the Committee’s recommendation consistent with the process outlined in Section A above.,HARD,deontic:obligation,2,,,,,,
CTU_ACER_0090,CTU_Acero_2022_2026,18,"Membership of the Committee on Calendar shall be comprised of no fewer than two Instructional Staff members representing elementary schools and two Instructional Staff members representing high schools, and one Non-Instructional Staff member each selected by the Union, and an equal number of members selected by the Employer, such that the Committee shall be composed of an equal number of representatives of the Union and Employer designated by each respective party to serve on the Committee.",HARD,deontic:obligation,2,,,,,,
CTU_ACER_0091,CTU_Acero_2022_2026,18,The Committee shall meet on or before January 15th of every academic year. 5.,HARD,deontic:obligation,2,,,,,,
CTU_ACER_0092,CTU_Acero_2022_2026,19,The Committee shall meet twice each school year but may schedule additional meetings by mutual agreement of the Employer and the Union.,HARD,deontic:obligation|deontic:permission,2,,,,,,
CTU_ACER_0093,CTU_Acero_2022_2026,19,Campus Professional Solutions Committee (PSC) Each campus shall establish a campus Professional Solutions Committee (PSC).,HARD,deontic:obligation,2,,,,,,
CTU_ACER_0094,CTU_Acero_2022_2026,19,"Should a campus have multiple schools, a Professional Solutions Committee will be established at each school.",SOFT,deontic:preference,2,,,,,,
CTU_ACER_0095,CTU_Acero_2022_2026,19,"If the Principal disagrees with the Committee’s further recommendation, the Principal shall notify the Director of Labor Relations and the Union Co-Chair of the Professional Solutions Committee within ten (10) workdays of the objection.",HARD,deontic:obligation,2,,,,,,
CTU_ACER_0096,CTU_Acero_2022_2026,19,The Labor Management Committee shall schedule a meeting to attempt to resolve the dispute.,HARD,deontic:obligation,2,,,,,,
CTU_ACER_0097,CTU_Acero_2022_2026,19,"If the dispute remains unresolved, the Chief Education Officer shall render a final and binding decision.",HARD,deontic:obligation,2,,,,,,
CTU_ACER_0098,CTU_Acero_2022_2026,19,The Union and the Employer shall have equal voting power without regard to the number of representatives that each party has on the committee.,HARD,deontic:obligation,2,,,,,,
CTU_ACER_0099,CTU_Acero_2022_2026,19,"In the event a campus does not have a Professional Solutions Committee with Union members, the Union officers may appoint temporary acting members to serve on the Professional Solutions Committee.",SOFT,deontic:permission,2,,,,,,
CTU_ACER_0100,CTU_Acero_2022_2026,19,"PSC Topics and Subcommittees: Each campus PSC may make recommendations on the following topics or may elect to have the following subcommittees: ● Calendar (Events, etc.) as outlined in Article 17, ● Schedule (Daily, Weekly, Preps, MAPS, waivers, etc.) as outlined in Article 17, ● School based issues (operations, etc.), ● Safety (implementation of safety plan, etc.) as outlined in Article 12, ● Restorative Justice (Truancy, Discipline, etc.), ● Professional Development schedule and calendar (including training for sanctuary schools, etc.) as outlined in Article 17 ● Contract Administration, ● School Budgets and Staffing, outlined in Article 19. ● Diversity & Inclusion, outlined in Article 21. ● Culturally Relevant Education, outlined in Article 20. ● Curriculum Choices and Course Offerings, outlined in Article 6.",SOFT,deontic:permission,2,,,,,,
CTU_ACER_0101,CTU_Acero_2022_2026,19,The PSC or relevant subcommittee may also make recommendations to the Professional Development & Equity Collaborative.,SOFT,deontic:permission,2,,,,,,
CTU_ACER_0102,CTU_Acero_2022_2026,20,Membership of each Professional Solutions Committee shall be composed of representatives of the Employer and no fewer than three,HARD,deontic:obligation,2,,,,,,
CTU_ACER_0103,CTU_Acero_2022_2026,20,"(5) members chosen by the Union who are employed at the campus (at a K-12 school, the PSC shall be composed of no more than seven",HARD,deontic:obligation,2,,,,,,
CTU_ACER_0104,CTU_Acero_2022_2026,20,The Principal and the Building Delegate(s) shall serve as Co-Chairs of the Professional Solutions Committee.,HARD,deontic:obligation,2,,,,,,
CTU_ACER_0105,CTU_Acero_2022_2026,20,The Delegate as the Co-Chair shall be in addition to the number of Union representatives.,HARD,deontic:obligation,2,,,,,,
CTU_ACER_0085,CTU_Acero_2022_2026,18,"Joint Committee on Calendar A Joint Advisory Committee on Calendar shall be established for the purposes of proposing the school calendar, including school breaks, for the following two",HARD,deontic:obligation,2,,,,,,
CTU_ACER_0083,CTU_Acero_2022_2026,18,Membership of the Committee on Budget shall be comprised of no fewer than four,HARD,deontic:obligation,2,,,,,,
CTU_ACER_0056,CTU_Acero_2022_2026,13,"Additionally, the Union may purchase from the Employer a number of union release days not to exceed fifty (50) days.",SOFT,deontic:permission,2,,,,,,
CTU_ACER_0082,CTU_Acero_2022_2026,18,"Upon request, the Employer shall share with the Committee any records relating to funding, grants, and/or proposals designated for environmentally sound construction, remediation, and investments.",HARD,deontic:obligation,2,,,,,,
CTU_ACER_0057,CTU_Acero_2022_2026,13,These days shall be divided at the Union's discretion among designated bargaining unit members.,HARD,deontic:obligation,2,,,,,,
CTU_ACER_0063,CTU_Acero_2022_2026,16,Committees shall be led by co-chairs designated by the respective Parties in accordance with the terms set forth below or as otherwise agreed upon among each committee’s membership.,HARD,deontic:obligation,2,,,,,,
CTU_ACER_0064,CTU_Acero_2022_2026,16,"From time to time, upon mutual agreement of the Parties, individuals other than members of a committee may contribute to a committee’s deliberations regarding matters of specialized concern or expertise.",SOFT,deontic:permission,2,,,,,,
CTU_ACER_0066,CTU_Acero_2022_2026,16,"For each Network-Level Committee, the Union and the Employer shall have equal voting power without regard to the number of individual representatives that each party has on each committee.",HARD,deontic:obligation,2,,,,,,
CTU_ACER_0067,CTU_Acero_2022_2026,16,There shall be at least one member of each Committee who has a current ISBE Administrative Endorsement.,HARD,deontic:obligation,2,,,,,,
CTU_ACER_0068,CTU_Acero_2022_2026,16,The Committees shall set a deadline by which the Employer shall either accept or reject the recommendation and provide its reasons if there is a rejection.,HARD,deontic:obligation,2,,,,,,
CTU_ACER_0069,CTU_Acero_2022_2026,16,"If the Employer rejects the recommendation, the Committees shall then be afforded the opportunity to revise its recommendations to address the Employer’s reasons. 1.",HARD,deontic:obligation,2,,,,,,
CTU_ACER_0070,CTU_Acero_2022_2026,16,"Joint Labor-Management Committee A Joint Labor-Management Committee shall be established to confer and attempt to resolve disputes or problems set forth below in this Section A.1 in good faith, and may make recommendations to the Employer relating to the purposes described in this Section.",HARD,deontic:obligation|deontic:permission,2,,,,,,
CTU_ACER_0071,CTU_Acero_2022_2026,16,The Parties shall each designate their own representatives that shall be named in advance.,HARD,deontic:obligation,2,,,,,,
CTU_ACER_0072,CTU_Acero_2022_2026,16,The number of members from each side shall be between three,HARD,deontic:obligation,2,,,,,,
CTU_ACER_0073,CTU_Acero_2022_2026,16,"(3) and six (6); however, from time to time should it become helpful to bring additional persons due to matters of specialized concern or expertise, the party bringing additional persons shall notify the other reasonably in advance of the meeting.",HARD,deontic:obligation|deontic:preference,2,,,,,,
CTU_ACER_0074,CTU_Acero_2022_2026,16,The Joint Labor-Management Committee shall be established for the purposes of meeting to confer about: a.,HARD,deontic:obligation,2,,,,,,
CTU_ACER_0075,CTU_Acero_2022_2026,16,"Terms and conditions of employment (if affecting bargaining unit members at a single campus, the issue must have first been raised at the Campus Professional Solutions Committee);",HARD,deontic:obligation,2,,,,,,
CTU_ACER_0076,CTU_Acero_2022_2026,17,"The delivery of academic programming and related services (if at a single campus, the issue must have first been raised at the Campus Professional Solutions Committee), including joint commitments of the Parties to support and implement practices or policies improving the delivery of special education and diverse learner services; g.",HARD,deontic:obligation,2,,,,,,
CTU_ACER_0077,CTU_Acero_2022_2026,17,"Working conditions related to the delivery of academic programs and related services affecting bargaining unit members (if affecting bargaining unit members at a single campus, the issue must have first been raised at the Campus Professional Solutions Committee), including bargaining unit member evaluations; h.",HARD,deontic:obligation,2,,,,,,
CTU_ACER_0078,CTU_Acero_2022_2026,17,"Health and Safety (if affecting bargaining unit members at a single campus, the issue must have first been raised at the Campus Professional Solutions Committee and/or Campus Safety Committee); and i.",HARD,deontic:obligation,2,,,,,,
CTU_ACER_0079,CTU_Acero_2022_2026,17,The Joint Labor-Management Committee may create the following sub-committees: a.,SOFT,deontic:permission,2,,,,,,
CTU_ACER_0080,CTU_Acero_2022_2026,18,A Joint Committee on Budget shall be established for the purposes of reviewing economic conditions and making recommendations to the Employer regarding possible labor agreement adjustments due to economic conditions.,HARD,deontic:obligation,2,,,,,,
CTU_ACER_0081,CTU_Acero_2022_2026,18,"The Committee shall discuss and review options available to increase environmentally sound construction, remediation, and investments.",HARD,deontic:obligation,2,,,,,,
CTU_ACER_0212,CTU_Acero_2022_2026,32,"Moreover, nothing within this Article shall be construed to prohibit the Employer from utilizing an Instructional Staff member’s lesson plans, assessments, instructional materials, and/or other intellectual property developed while employed by the Employer at any time during the Instructional Staff member’s employment or after the Instructional Staff member separates from employment.",HARD,deontic:obligation,2,,,,,,
CTU_ACER_0206,CTU_Acero_2022_2026,31,This recommendation shall be made through collaboration with the Instructional Staff member and the Employer.,HARD,deontic:obligation,2,,,,,,
CTU_ACER_0214,CTU_Acero_2022_2026,33,There shall be no reprisals for making a good-faith report in accordance with this Article.,HARD,deontic:obligation,2,,,,,,
CTU_ACER_0298,CTU_Acero_2022_2026,42,The Employer shall also not make any change to the HSA or FSA provider or plan without a discussion with the Union. ii.,HARD,deontic:obligation,2,,,,,,
CTU_ACER_0329,CTU_Acero_2022_2026,45,The decision on whether to grant a request for an unpaid leave of absence shall be in the sole discretion of Human Resources or Employer designee.,HARD,deontic:obligation,2,,,,,,
CTU_ACER_0330,CTU_Acero_2022_2026,45,Non-Instructional staff hired throughout the year shall be granted vacation days on a pro rata basis based upon their date of hire.,HARD,deontic:obligation,2,,,,,,
CTU_ACER_0332,CTU_Acero_2022_2026,46,"Upon return to work, bargaining unit members must sign their paycheck from jury duty over to the Employer for any days on which they received full pay from the Employer.",HARD,deontic:obligation,2,,,,,,
CTU_ACER_0333,CTU_Acero_2022_2026,46,Military Organization Leave Bargaining unit members who serve in military organizations may take the necessary time off without pay to fulfill this obligation and will retain all of their legal rights for continued employment under the Uniformed Services Employment and Reemployment Rights Act (USERRA) and other applicable laws.,SOFT,deontic:permission,2,,,,,,
CTU_ACER_0334,CTU_Acero_2022_2026,46,"(2) hours before the polls close on Election Day, the bargaining unit member should contact Human Resources and their supervisor to arrange for and schedule the necessary time-off with pay to vote, up to a maximum of two",SOFT,deontic:preference,2,,,,,,
CTU_ACER_0335,CTU_Acero_2022_2026,46,A request for time off must be submitted in writing at least two,HARD,deontic:obligation,2,,,,,,
CTU_ACER_0337,CTU_Acero_2022_2026,47,Bargaining unit members shall be given a maximum of three,HARD,deontic:obligation,2,,,,,,
CTU_ACER_0338,CTU_Acero_2022_2026,47,Bargaining unit members shall be given up to three,HARD,deontic:obligation,2,,,,,,
CTU_ACER_0340,CTU_Acero_2022_2026,47,Any bereavement leave taken must be completed within twelve (12) months after the date on which the employee receives notice of the qualifying event.,HARD,deontic:obligation,2,,,,,,
CTU_ACER_0341,CTU_Acero_2022_2026,47,"The Employer may require reasonable documentation to substantiate an employee’s request for bereavement leave, such as a death certificate, a published obituary, or written verification of death, burial, or memorial services from a mortuary or funeral home.",SOFT,deontic:permission,2,,,,,,
CTU_ACER_0342,CTU_Acero_2022_2026,47,"Educational Leave for Instructional Support Staff Instructional Support Staff assigned to an Apprentice classification that pursue an Illinois educator’s license shall be provided the option of resigning from their Apprentice position and being placed on an Instructional Teaching Staff recall list, in order to complete the requirements of the certification program.",HARD,deontic:obligation,2,,,,,,
CTU_ACER_0343,CTU_Acero_2022_2026,47,Any Instructional Support Staff assigned to an Apprentice classification who resign from employment to pursue an Illinois educator’s license shall be placed on the Instructional Teaching Staff recall list for up to a two year period and guaranteed employment with Acero Schools for any Instructional Teaching Staff vacancy for which the bargaining unit member is qualified.,HARD,deontic:obligation,2,,,,,,
CTU_ACER_0344,CTU_Acero_2022_2026,47,"Should such a vacancy not be available during the two-year period, the Employer shall offer the bargaining unit member the next available Instructional Teaching staff vacancy for which they are qualified.",HARD,deontic:obligation|deontic:preference,2,,,,,,
CTU_ACER_0345,CTU_Acero_2022_2026,47,"Bargaining unit members returning from such leave, as Instructional Teaching Staff, shall return as a provisional employee and be placed on the salary schedule at Step 2 in the Lane commensurate with highest level of education obtained.",HARD,deontic:obligation,2,,,,,,
CTU_ACER_0346,CTU_Acero_2022_2026,48,"members shall be provided leave under the Family and Medical Leave Act of 1993, as amended, (“FMLA”).",HARD,deontic:obligation,2,,,,,,
CTU_ACER_0348,CTU_Acero_2022_2026,48,"FMLA leave is unpaid; however, bargaining unit members may elect to use any available benefit time they have accrued for the first five",SOFT,deontic:permission,2,,,,,,
CTU_ACER_0349,CTU_Acero_2022_2026,48,"Bargaining unit members may elect to take the remainder of the FMLA unpaid, or be compensated through the following: i.",SOFT,deontic:permission,2,,,,,,
CTU_ACER_0351,CTU_Acero_2022_2026,48,"Consistent with the Employer’s leave policies, and for purposes of clarity, the following shall apply: i.",HARD,deontic:obligation,2,,,,,,
CTU_ACER_0352,CTU_Acero_2022_2026,48,Bargaining unit members shall not accrue PTO during periods of FMLA leave that do not qualify as intermittent FMLA leave; and ii.,HARD,deontic:prohibition|deontic:obligation,2,,,,,,
CTU_ACER_0328,CTU_Acero_2022_2026,45,Discretionary Unpaid Leave A non-provisional bargaining unit member may submit a request for an unpaid leave of absence of up to six,SOFT,deontic:permission,2,,,,,,
CTU_ACER_0326,CTU_Acero_2022_2026,45,"When a bargaining unit member who is a contributor to CTPF separates from employment, any accrued but unused wellness leave days shall be reported to CTPF for service credit consistent with CTPF’s rules and regulations. 4.",HARD,deontic:obligation,2,,,,,,
CTU_ACER_0325,CTU_Acero_2022_2026,45,There is no limitation on the number of Wellness Leave days that may accumulate.,SOFT,deontic:permission,2,,,,,,
CTU_ACER_0313,CTU_Acero_2022_2026,44,The Employer shall not require a bargaining unit member to disclose the purpose for requesting PTO.,HARD,deontic:prohibition|deontic:obligation,2,,,,,,
CTU_ACER_0300,CTU_Acero_2022_2026,42,"In order to be eligible, a bargaining unit member must work at least thirty (30) hours per week. iii.",HARD,deontic:obligation,2,,,,,,
CTU_ACER_0301,CTU_Acero_2022_2026,43,Short-Term Disability The Employer shall provide short-term disability insurance coverage at no cost to bargaining unit employees.,HARD,deontic:obligation,2,,,,,,
CTU_ACER_0303,CTU_Acero_2022_2026,43,Employees receiving short-term disability benefits concurrent with FMLA leave shall be eligible to receive continuation of their group health insurance benefits under the same conditions as if they had not taken leave during the FMLA leave period. v.,HARD,deontic:obligation,2,,,,,,
CTU_ACER_0306,CTU_Acero_2022_2026,44,"Paid Time Off, Generally Full-time bargaining unit members shall be entitled to ten (10) days leave referred to herein as “Paid Time Off” or “PTO” with full pay for each school year for illness or personal purposes.",HARD,deontic:obligation,2,,,,,,
CTU_ACER_0307,CTU_Acero_2022_2026,44,Bargaining unit members hired throughout the year shall be granted PTO on a pro rata basis based upon their date of hire.,HARD,deontic:obligation,2,,,,,,
CTU_ACER_0308,CTU_Acero_2022_2026,44,PTO may be taken at any time during the school year.,SOFT,deontic:permission,2,,,,,,
CTU_ACER_0309,CTU_Acero_2022_2026,44,Annual PTO shall accrue on August 1st of each school year.,HARD,deontic:obligation,2,,,,,,
CTU_ACER_0215,CTU_Acero_2022_2026,33,"Once the Employer’s investigation is complete, a response to any reported concern will be provided to the bargaining unit member within a reasonable time frame that reflects the urgency of the concern, and the Employer shall articulate to the campus Professional Solutions Committee, within a reasonable time period, the necessary steps taken or to be taken to address the concern.",HARD,deontic:obligation,2,,,,,,
CTU_ACER_0314,CTU_Acero_2022_2026,44,"In the event that a bargaining unit member requires the use of unplanned PTO, meaning the use of PTO with less than two weeks’ notice, the bargaining unit member must notify his or her supervisor as soon as he or she becomes aware of the need to use unplanned PTO and must do so no less than one and one-half (1.5) hours prior to the start of the workday.",HARD,deontic:obligation,2,,,,,,
CTU_ACER_0324,CTU_Acero_2022_2026,45,"Upon separation, all accrued but unused wellness leave shall not be paid but shall be counted for service and benefit credits for retirement benefits.",HARD,deontic:prohibition|deontic:obligation,2,,,,,,
CTU_ACER_0315,CTU_Acero_2022_2026,44,"(3) consecutive workdays or occurs on the day before or after a school holiday or instructional break, the Employer may require the bargaining unit member to furnish documentation from a healthcare professional to support a basis for the member’s continued absence. 2.",SOFT,deontic:permission,2,,,,,,
CTU_ACER_0316,CTU_Acero_2022_2026,44,"Incremental PTO Each semester, a bargaining unit member may request the use of up to four",SOFT,deontic:permission,2,,,,,,
CTU_ACER_0318,CTU_Acero_2022_2026,44,"In the event that a bargaining unit member’s assigned supervisory duties cannot be reassigned, the Employer may otherwise approve the bargaining unit member’s use of PTO in increments of less than four",SOFT,deontic:permission,2,,,,,,
CTU_ACER_0319,CTU_Acero_2022_2026,44,"Excess PTO and Wellness Leave If a bargaining unit member resigns or is dismissed having utilized PTO that has not yet accrued, the bargaining unit member shall be required to compensate the Employer for Return to Table of Contents 44",HARD,deontic:obligation,2,,,,,,
CTU_ACER_0320,CTU_Acero_2022_2026,45,"In the event a bargaining unit member separates from employment prior to October 1, he/she shall be paid his/her accrued PTO days in the customary method of payment at $15.00 per hour ($120 per workday).",HARD,deontic:obligation,2,,,,,,
CTU_ACER_0321,CTU_Acero_2022_2026,45,"If a bargaining unit member’s aggregate accrued PTO exceeds twenty (20) days at the end of the school year, the excess PTO shall be permanently converted to wellness leave, which may be accrued and carried over from year to year without limit.",HARD,deontic:obligation|deontic:permission,2,,,,,,
CTU_ACER_0322,CTU_Acero_2022_2026,45,Wellness Leave may be utilized for any purpose allowed under FMLA leave.,SOFT,deontic:permission,2,,,,,,
CTU_ACER_0323,CTU_Acero_2022_2026,45,Wellness leave shall be scheduled in the same manner as PTO.,HARD,deontic:obligation,2,,,,,,
CTU_ACER_0353,CTU_Acero_2022_2026,48,Bargaining unit members may also be eligible for short-term disability under the policies maintained by the Employer for such purposes.,SOFT,deontic:permission,2,,,,,,
CTU_ACER_0354,CTU_Acero_2022_2026,48,"Any short-term disability pay used by the member in connection with childbirth, or any other condition that would otherwise entitle members to coverage, may, at the member’s option, run concurrently with unpaid FMLA Leave. 2.",SOFT,deontic:permission,2,,,,,,
CTU_ACER_0355,CTU_Acero_2022_2026,48,"If there is a holiday non-school/workday or school closing or shutdown where bargaining unit members are not expected to work, the non-school/workdays or shutdown period shall not count against the member’s FMLA allotment.",HARD,deontic:prohibition|deontic:obligation,2,,,,,,
CTU_ACER_0399,CTU_Acero_2022_2026,55,Other Instructional Staff Other Instructional Staff shall be entitled to the preparation time set forth in Section C of this Article. e.,HARD,deontic:obligation,2,,,,,,
CTU_ACER_0386,CTU_Acero_2022_2026,54,The scheduling of Individualized Education Program meetings shall not be considered an administratively-directed activity.,HARD,deontic:prohibition|deontic:obligation,2,,,,,,
CTU_ACER_0387,CTU_Acero_2022_2026,54,"The Parties recognize that the exact length of a dedicated planning period can depend on variables within a school, including the types of preparation necessary for a particular subject, the time needed to grade student work at different age levels, and the choices of the school with regard to instructional length of MAPS and other factors, but planning periods shall include at least one",HARD,deontic:obligation,2,,,,,,
CTU_ACER_0389,CTU_Acero_2022_2026,54,Should an Instructional Staff member who is not under a Remediation Plan lose any significant portion of their dedicated planning periods they shall be paid thirty-eight dollars ($38) for that interrupted period.,HARD,deontic:obligation|deontic:preference,2,,,,,,
CTU_ACER_0390,CTU_Acero_2022_2026,54,"Should a member of Instructional Teaching Staff miss any part of planning time for IEP meetings or other regularly scheduled meetings, then an equivalent number of minutes missed shall be provided by campus administration or $38 shall be paid for that interrupted period based on member’s preference.",HARD,deontic:obligation|deontic:preference,2,,,,,,
CTU_ACER_0391,CTU_Acero_2022_2026,54,If there is an adjustment to the number of daily class periods then the Parties shall meet to discuss and adjust the preparation periods accordingly. b.,HARD,deontic:obligation,2,,,,,,
CTU_ACER_0393,CTU_Acero_2022_2026,54,Up to twenty-five (25) minutes of the weekly preparation time may be administratively directed.,SOFT,deontic:permission,2,,,,,,
CTU_ACER_0394,CTU_Acero_2022_2026,54,Any time in excess of guaranteed self-directed preparation time and administratively directed preparation time shall be used at the discretion of the Principal. c.,HARD,deontic:obligation,2,,,,,,
CTU_ACER_0396,CTU_Acero_2022_2026,55,Up to twenty-five (25) minutes of the weekly preparation time may be used for administratively directed activities.,SOFT,deontic:permission,2,,,,,,
CTU_ACER_0401,CTU_Acero_2022_2026,55,Any returning teacher seeking format flexibility may at the start of the school year present an alternative lesson-planning format to the Employer or employer designee for approval.,SOFT,deontic:permission,2,,,,,,
CTU_ACER_0384,CTU_Acero_2022_2026,53,Instructional Teaching Staff shall be provided time and support during weekly administratively directed preparation time through individualized teacher coaching to advance both teacher development and student achievement.,HARD,deontic:obligation,2,,,,,,
CTU_ACER_0002,CTU_Acero_2022_2026,4,"The Employer shall not challenge the Union’s status as majority representative, nor assert in any tribunal that the Union lacks majority support of the bargaining unit members, during the term of this Agreement and any extensions thereof.",HARD,deontic:prohibition|deontic:obligation,2,,,,,,
CTU_ACER_0405,CTU_Acero_2022_2026,56,"To permit Instructional Staff to participate as fully as possible in meetings under this section, the Employer shall notify Instructional Staff of the intended scope and sequence of any professional development or other meetings contemplated by this Section no later than the end of the first student attendance day each semester.",HARD,deontic:obligation,2,,,,,,
CTU_ACER_0406,CTU_Acero_2022_2026,56,"This scope and sequence shall, minimally, detail what topic will be covered on which day.",HARD,deontic:obligation,2,,,,,,
CTU_ACER_0407,CTU_Acero_2022_2026,56,"If the Employer, in its sole discretion, determines that a change to the scope and sequence is necessary, the Employer shall provide no less than two",HARD,deontic:obligation,2,,,,,,
CTU_ACER_0409,CTU_Acero_2022_2026,56,Changes that affect the daily work schedule of Instructional Staff under a Remediation Plan should be minimized.,SOFT,deontic:preference,2,,,,,,
CTU_ACER_0410,CTU_Acero_2022_2026,57,"The format for these days shall have two and one-half (2.5) hours of administratively directed, and the remaining day shall be self-directed time without administrative directives. iii.",HARD,deontic:obligation,2,,,,,,
CTU_ACER_0413,CTU_Acero_2022_2026,57,"Instructional Staff members shall be reimbursed PTO, in twenty (20) minute increments, for any conference make-ups conducted outside of their workday which have been verified. 8.",HARD,deontic:obligation,2,,,,,,
CTU_ACER_0414,CTU_Acero_2022_2026,57,A Professional Growth Plan shall be developed collaboratively between campus-based leadership of the Employer and each employee classification within the employee Return to Table of Contents 57,HARD,deontic:obligation,2,,,,,,
CTU_ACER_0385,CTU_Acero_2022_2026,54,Dedicated planning time shall not be used for personal business.,HARD,deontic:prohibition|deontic:obligation,2,,,,,,
CTU_ACER_0383,CTU_Acero_2022_2026,53,All students who are participating in after-school activities or who have not been picked up after school must remain with the designated Instructional Staff member up to fifteen (15) minutes after the end of the after-school activity.,HARD,deontic:obligation,2,,,,,,
CTU_ACER_0356,CTU_Acero_2022_2026,48,The member shall receive FMLA credit if the leave coincides with a holiday only if the member works part of the week.,HARD,deontic:obligation,2,,,,,,
CTU_ACER_0365,CTU_Acero_2022_2026,49,A bargaining unit member returning from any type of paid leave shall be entitled to return to the same position and assignment they had prior to the leave.,HARD,deontic:obligation,2,,,,,,
CTU_ACER_0357,CTU_Acero_2022_2026,49,Any payment made pursuant to this section shall be made no later than the second scheduled payroll following the bargaining unit member’s return to work.,HARD,deontic:obligation,2,,,,,,
CTU_ACER_0358,CTU_Acero_2022_2026,49,A bargaining unit member on leave under this Section who is laid off during the leave shall be paid the entire leave balance upon layoff. c.,HARD,deontic:obligation,2,,,,,,
CTU_ACER_0359,CTU_Acero_2022_2026,49,"In lieu of the paid parental leave/child rearing payout, or any portion thereof, the additional leave may be taken within a year of a child being in the home, and does not have to be contiguous.",SOFT,deontic:permission,2,,,,,,
CTU_ACER_0360,CTU_Acero_2022_2026,49,"Upon the bargaining unit member’s return to work, the bargaining unit member must elect an allocation of payout and leave.",HARD,deontic:obligation,2,,,,,,
CTU_ACER_0361,CTU_Acero_2022_2026,49,"When using such leave, bargaining unit members shall provide reasonable notice of the need to use such leave.",HARD,deontic:obligation,2,,,,,,
CTU_ACER_0362,CTU_Acero_2022_2026,49,"Leave Rights All bargaining unit members on paid leave shall continue to receive wages, health and welfare benefits, and retirement credit in the same amounts as if they were not on leave.",HARD,deontic:obligation,2,,,,,,
CTU_ACER_0363,CTU_Acero_2022_2026,49,Those bargaining unit members who go on an unpaid leave of absence covered by the FMLA during any pay period shall receive their health and welfare benefits for the balance of that pay period.,HARD,deontic:obligation,2,,,,,,
CTU_ACER_0364,CTU_Acero_2022_2026,49,"Upon the expiration of FMLA covered leave, they shall be allowed continued benefits at their own expense, to the extent they remain eligible for said benefits under the Consolidated Omnibus Budget Reconciliation Act (COBRA).",HARD,deontic:obligation,2,,,,,,
CTU_ACER_0367,CTU_Acero_2022_2026,50,"Leave Donation Upon exhaustion of their accrued PTO, all bargaining unit members may request the donation of additional leave time from other bargaining unit members.",SOFT,deontic:permission,2,,,,,,
CTU_ACER_0382,CTU_Acero_2022_2026,53,All Instructional Staff may opt to sign up for additional duties with Principal approval and will be compensated at the rate of thirty-eight dollars ($38) per hour for the time spent supervising the student.,SOFT,deontic:permission,2,,,,,,
CTU_ACER_0368,CTU_Acero_2022_2026,50,All other provisions relating to PTO shall apply.,HARD,deontic:obligation,2,,,,,,
CTU_ACER_0371,CTU_Acero_2022_2026,52,Instructional staff beginning their provisional period may be required to work up to three,SOFT,deontic:permission,2,,,,,,
CTU_ACER_0375,CTU_Acero_2022_2026,52,Student Instructional Day The Student Instructional Day shall not exceed seven,HARD,deontic:prohibition|deontic:obligation,2,,,,,,
CTU_ACER_0377,CTU_Acero_2022_2026,52,Workday The professional workday shall not exceed seven and one quarter (7.25) hours in length for High School Instructional Staff and seven and one quarter (7.25) hours in length for Elementary School Instructional Staff.,HARD,deontic:prohibition|deontic:obligation,2,,,,,,
CTU_ACER_0378,CTU_Acero_2022_2026,52,"The workday shall include instruction during the Student Instructional Day, student supervision outside the Student Instructional Day (i.e., before and after the start of the Student Instructional Day), duty-free lunch, advisory periods (where applicable), support (where applicable), study-hall (where applicable), all assigned duties, transition times, planning and preparation period(s), staff Return to Table of Contents 52",HARD,deontic:obligation,2,,,,,,
CTU_ACER_0379,CTU_Acero_2022_2026,53,Instructional Teaching Staff and Instructional Support Staff shall have five,HARD,deontic:obligation,2,,,,,,
CTU_ACER_0380,CTU_Acero_2022_2026,53,"(5) duty-free lunch periods, one per day, each workday of not less than thirty (30) uninterrupted minutes, which shall be scheduled concurrently with student lunch periods.",HARD,deontic:obligation,2,,,,,,
CTU_ACER_0381,CTU_Acero_2022_2026,53,"Due regard shall be given to bargaining unit members’ personal preferences in selecting which dates and times they are assigned such supervision; however, the Parties recognize that the assignment of supervisory duty despite any personal preference is appropriate where the safety of students or continuity of school operations is a consideration.",HARD,deontic:obligation,2,,,,,,
CTU_ACER_0299,CTU_Acero_2022_2026,42,"Life Insurance The Employer shall pay 100% of an eligible full-time bargaining unit member’s premium for life insurance and AD&D insurance, with coverage provided in the amount of the bargaining unit member’s annual salary up to $100,000.00.",HARD,deontic:obligation,2,,,,,,
CTU_ACER_0312,CTU_Acero_2022_2026,44,The use of pre-planned PTO must be requested in the HRIS system two,HARD,deontic:obligation,2,,,,,,
CTU_ACER_0806,CTU_Acero_2022_2026,101,Procedural grievances relating to remediation may be filed at the time a remediation is initiated or a summative evaluation is issued.,SOFT,deontic:permission,2,,,,,,
CTU_ACER_0245,CTU_Acero_2022_2026,35,Bargaining unit members shall be trained on these policies prior to the conclusion of the first quarter each school year.,HARD,deontic:obligation,2,,,,,,
CTU_ACER_0247,CTU_Acero_2022_2026,35,Building Entry Points: The Employer shall ensure that all entry points of all its school buildings are secure.,HARD,deontic:obligation,2,,,,,,
CTU_ACER_0248,CTU_Acero_2022_2026,35,"Safety Committees: Consistent with Committees, Article 6 of this Agreement, each school Professional Solutions Committee may make recommendations on issues involving safety or may elect to have a safety subcommittee.",SOFT,deontic:permission,2,,,,,,
CTU_ACER_0249,CTU_Acero_2022_2026,36,"ARTICLE 13 - PERSONNEL FILE The Employer shall maintain all personnel records concerning each bargaining unit employee in the official personnel file, which may be maintained in electronic format at the sole discretion of the Employer, with said files being kept in the human resources office.",HARD,deontic:obligation|deontic:permission,2,,,,,,
CTU_ACER_0250,CTU_Acero_2022_2026,36,"Staff shall have the right to add explanatory material to their personnel files, as allowed by law.",HARD,deontic:obligation,2,,,,,,
CTU_ACER_0225,CTU_Acero_2022_2026,34,Emergency Procedures Training: Bargaining unit employees shall be trained on emergency procedures annually in the first thirty (30) days of each school year.,HARD,deontic:obligation,2,,,,,,
CTU_ACER_0297,CTU_Acero_2022_2026,42,"The Employer shall not make any change to healthcare benefit providers or healthcare plans without a discussion with the Union, regardless of whether the plan is an HMO or PPO or other option.",HARD,deontic:prohibition|deontic:obligation,2,,,,,,
CTU_ACER_0251,CTU_Acero_2022_2026,36,A bargaining unit employee shall be provided a copy of any material that is to be placed in their official file.,HARD,deontic:obligation,2,,,,,,
CTU_ACER_0252,CTU_Acero_2022_2026,36,"The bargaining unit employee shall acknowledge that they have read such material by affixing their signature on the actual copy to be filed, with the understanding that such signature merely signifies that they have read the documents to be filed and does not necessarily indicate agreement with its content.",HARD,deontic:obligation,2,,,,,,
CTU_ACER_0254,CTU_Acero_2022_2026,36,"Bargaining unit employees shall be permitted upon request to review the official personnel file, make copies without charge, and exercise other rights as provided in the Illinois Personnel Record Review Act (820 ILCS 40/1, et seq.).",HARD,deontic:obligation,2,,,,,,
CTU_ACER_0255,CTU_Acero_2022_2026,36,Management shall comply with a bargaining unit member’s request to review and copy their personnel files within seven,HARD,deontic:obligation,2,,,,,,
CTU_ACER_0256,CTU_Acero_2022_2026,36,The Union may also review the personnel file.,SOFT,deontic:permission,2,,,,,,
CTU_ACER_0257,CTU_Acero_2022_2026,36,The Employer shall not gather or keep record of non-academic or non-employment related activities or information.,HARD,deontic:prohibition|deontic:obligation,2,,,,,,
CTU_ACER_0258,CTU_Acero_2022_2026,36,"If the management of the operation of the charter school or network is acquired by, transferred to, or assigned to another person or entity, then the Employer shall provide each bargaining unit employee a copy of their personnel file.",HARD,deontic:obligation,2,,,,,,
CTU_ACER_0224,CTU_Acero_2022_2026,34,The Employer shall apply Acero’s Student Code of Conduct.,HARD,deontic:obligation,2,,,,,,
CTU_ACER_0259,CTU_Acero_2022_2026,37,"ARTICLE 14 - EFFECTIVE DATE AND DURATION This Agreement is effective on August 1st, 2022 and shall expire July 31st, 2026.",HARD,deontic:obligation,2,,,,,,
CTU_ACER_0260,CTU_Acero_2022_2026,37,"However, up to one sixty (60) day extension shall be granted if requested.",HARD,deontic:obligation,2,,,,,,
CTU_ACER_0262,CTU_Acero_2022_2026,38,A 5% COLA increase in the 2022-2023 school year shall apply to each step.,HARD,deontic:obligation,2,,,,,,
CTU_ACER_0246,CTU_Acero_2022_2026,35,Bargaining unit members shall receive training on student discipline policies and procedures including training on suspension and expulsion of students.,HARD,deontic:obligation,2,,,,,,
CTU_ACER_0244,CTU_Acero_2022_2026,35,"To foster staff compliance with Campus Safety Plans, the Employer or the Employer's designee shall provide annual training related to the Plan.",HARD,deontic:obligation,2,,,,,,
CTU_ACER_0265,CTU_Acero_2022_2026,38,"Instructional Teaching Staff who hold a Bilingual or LBS1 endorsement during the term of this Agreement shall receive a stipend in the amount of $2,000.00 annually.",HARD,deontic:obligation,2,,,,,,
CTU_ACER_0243,CTU_Acero_2022_2026,35,"The bargaining unit member shall also have access to a clean sink, which may be located in a separate space (e.g., a restroom).",HARD,deontic:obligation|deontic:permission,2,,,,,,
CTU_ACER_0229,CTU_Acero_2022_2026,34,"The request must contain the specific dates and times that the bargaining unit member wishes to access the building, as well as the reason(s) why access is required.",HARD,deontic:obligation,2,,,,,,
CTU_ACER_0230,CTU_Acero_2022_2026,34,"The immediate supervisor retains the sole discretion to approve or deny a request, but such approval of such a request shall not be unreasonably withheld.",HARD,deontic:prohibition|deontic:obligation,2,,,,,,
CTU_ACER_0231,CTU_Acero_2022_2026,34,"Parking: The Employer shall, in collaboration with the Union, support efforts to facilitate the creation of additional off-street parking and/or obtain permits at no cost to the members for onstreet parking proximate to each school.",HARD,deontic:obligation,2,,,,,,
CTU_ACER_0232,CTU_Acero_2022_2026,34,This shall include working with the appropriate alderman or city of Chicago department to implement this Article.,HARD,deontic:obligation,2,,,,,,
CTU_ACER_0233,CTU_Acero_2022_2026,34,"Student Medications: No bargaining unit member may be required by the Employer to provide or administer medication to students or be disciplined for the refusal to do so (with the exception of medication required to be administered to a student consistent with the Illinois Epinephrine Injector Act, 410 ILCS 27, et seq.).",SOFT,deontic:permission,2,,,,,,
CTU_ACER_0234,CTU_Acero_2022_2026,34,The Employer shall be responsible for designating nonbargaining unit members to administer medication.,HARD,deontic:obligation,2,,,,,,
CTU_ACER_0228,CTU_Acero_2022_2026,34,"Building Access: Should bargaining unit members require access to the school building they are assigned during periods in which the building is closed, they may submit in advance a request to access the building to their immediate supervisor or building administrator.",SOFT,deontic:preference|deontic:permission,2,,,,,,
CTU_ACER_0235,CTU_Acero_2022_2026,34,Bargaining unit members shall only administer medication to a student on a voluntary basis and if appropriate training has been provided.,HARD,deontic:obligation,2,,,,,,
CTU_ACER_0236,CTU_Acero_2022_2026,34,All administration of medication shall be in accordance with a documented plan from the student’s medical provider.,HARD,deontic:obligation,2,,,,,,
CTU_ACER_0237,CTU_Acero_2022_2026,34,Ventilation: The Employer shall maintain the currently owned HEPA Air Purifiers and portable indoor air quality monitors.,HARD,deontic:obligation,2,,,,,,
CTU_ACER_0227,CTU_Acero_2022_2026,34,Bargaining unit employees who are responsible for directly working with students who have mobility issues and/or ADA accommodations shall receive notice and/or training of an established emergency plan for said student(s) within two weeks of the need arising.,HARD,deontic:obligation,2,,,,,,
CTU_ACER_0238,CTU_Acero_2022_2026,34,"Should the current HEPA Air Purifiers malfunction, the Employer shall not be obligated to provide a replacement.",HARD,deontic:prohibition|deontic:obligation|deontic:preference,2,,,,,,
CTU_ACER_0239,CTU_Acero_2022_2026,34,"Doors and Locks: To ensure the safety of all bargaining unit members and students, classroom entry points shall be lockable, and the teacher and other appropriate staff shall have a key.",HARD,deontic:obligation,2,,,,,,
CTU_ACER_0240,CTU_Acero_2022_2026,35,Windows: The Employer shall exert its best efforts to work with the campus PSCs to provide window coverings.,HARD,deontic:obligation,2,,,,,,
CTU_ACER_0226,CTU_Acero_2022_2026,34,The training shall be inclusive of consistent language used to notify staff and students of emergencies.,HARD,deontic:obligation,2,,,,,,
CTU_ACER_0241,CTU_Acero_2022_2026,35,"Threat Assessment Team: The Employer shall implement a threat assessment procedure which creates a threat assessment team, consistent with the Illinois School Safety Drill Act, 105 ILCS 128/1 et seq.",HARD,deontic:obligation,2,,,,,,
CTU_ACER_0242,CTU_Acero_2022_2026,35,"The break time should, if possible, be taken concurrently with other break periods already provided.",SOFT,deontic:preference,2,,,,,,
CTU_ACER_0263,CTU_Acero_2022_2026,38,"A 3% COLA increase in school years 2023-2024, 2024-2025, and 2025-2026 shall apply to each step annually.",HARD,deontic:obligation,2,,,,,,
CTU_ACER_0261,CTU_Acero_2022_2026,37,Further extensions may be granted by agreement of both Parties.,SOFT,deontic:permission,2,,,,,,
CTU_ACER_0266,CTU_Acero_2022_2026,38,"In order to receive the stipend for holding an LBS1 endorsement, the Instructional Teaching Staff member must actually be employed as a Special Education Teacher. 2.",HARD,deontic:obligation,2,,,,,,
CTU_ACER_0282,CTU_Acero_2022_2026,40,Tuition Reimbursement The employer shall continue its current tuition reimbursement practice.,HARD,deontic:obligation,2,,,,,,
CTU_ACER_0267,CTU_Acero_2022_2026,38,Apprentices and Non-Instructional Staff shall receive a 5.5% pay increase for the 2022-2023 school year.,HARD,deontic:obligation,2,,,,,,
CTU_ACER_0285,CTU_Acero_2022_2026,40,"The Employer’s extracurricular programming, and extra duties assigned to any bargaining unit member as a result of such programming, shall be set by the Professional Solutions Committee and the Employer.",HARD,deontic:obligation,2,,,,,,
CTU_ACER_0221,CTU_Acero_2022_2026,33,"All staff shall be informed, as soon as practicable, of any lifethreatening occurrence (e.g., gunshots fired) in the vicinity of the school building that the Employer is made aware of.",HARD,deontic:obligation,2,,,,,,
CTU_ACER_0286,CTU_Acero_2022_2026,40,The Parties acknowledge that such duties may be assigned outside the workday or beyond the work year restrictions set forth in Article 17.,SOFT,deontic:permission,2,,,,,,
CTU_ACER_0287,CTU_Acero_2022_2026,40,"Without limiting the Employer’s right to assign similar duties to individuals outside the bargaining unit, the Employer shall pay to any bargaining unit member entitled to compensation under this Section the following amounts: Return to Table of Contents 40",HARD,deontic:obligation,2,,,,,,
CTU_ACER_0288,CTU_Acero_2022_2026,41,Case Manager Stipends Full-Time Case Managers shall be placed on the salary schedule laid out in Section A in accordance with years of employment with the Employer.,HARD,deontic:obligation,2,,,,,,
CTU_ACER_0290,CTU_Acero_2022_2026,41,"Leadership Stipend The Employer shall have the discretion of identifying bargaining unit members to assume additional leadership responsibilities aligned with the particular School and Network mission, vision, and strategic plan.",HARD,deontic:obligation,2,,,,,,
CTU_ACER_0291,CTU_Acero_2022_2026,41,"New Hire and Referral Bonuses The Employer shall have the discretion to offer a one-time signing bonus of up to $5,000 for candidates and may also offer referral bonuses at its discretion.",HARD,deontic:obligation|deontic:permission,2,,,,,,
CTU_ACER_0220,CTU_Acero_2022_2026,33,"Information: The Employer shall, within a reasonable time frame, provide any information, not privileged or exempt from disclosure, requested by the Union pertaining to the health and safety of bargaining unit members.",HARD,deontic:obligation,2,,,,,,
CTU_ACER_0292,CTU_Acero_2022_2026,42,"Health Insurance Health benefits established under the 2016-18 labor contract will continue to be provided under the previously established plan design (including newly-established plans), and the employee’s contribution to the premium shall not exceed 20% for the length of the contract.",HARD,deontic:prohibition|deontic:obligation,2,,,,,,
CTU_ACER_0293,CTU_Acero_2022_2026,42,"Similarly, the Parties further agree that future rule-making, regulations and guidance promulgated by the IRS, DOL and HHS under the Patient Protection and Affordable Care Act (“PPACA”), effective on or after January 1, 2015, or other regulations that may affect the Employer’s obligations.",SOFT,deontic:permission,2,,,,,,
CTU_ACER_0219,CTU_Acero_2022_2026,33,"The Employer shall comply with any reasonable request for information in the possession of the Employer relating to the incident or the persons involved, and shall act in appropriate ways as liaison between the bargaining unit member, local law enforcement and the courts.",HARD,deontic:obligation,2,,,,,,
CTU_ACER_0218,CTU_Acero_2022_2026,33,"Assault: Bargaining unit members shall immediately report cases of assault or attacks suffered in connection with their employment to the Employer, and, in emergency circumstances posing imminent risk of bodily harm, to local law enforcement.",HARD,deontic:obligation,2,,,,,,
CTU_ACER_0217,CTU_Acero_2022_2026,33,"The Joint Labor Management Committee shall be responsible for reviewing any unsafe, hazardous, unhealthy, or potentially dangerous working conditions that are believed to exist at two or more campuses for the purpose of providing recommendations to the Employer.",HARD,deontic:obligation,2,,,,,,
CTU_ACER_0295,CTU_Acero_2022_2026,42,The Employer agrees to participate in a CTU-ACTS healthcare committee that shall meet no less than two times a year to explore possibilities to secure healthcare savings.,HARD,deontic:obligation,2,,,,,,
CTU_ACER_0216,CTU_Acero_2022_2026,33,"Professional Solutions Committees shall be responsible for reviewing any unsafe, hazardous, unhealthy, or potentially dangerous working conditions that are believed to exist at a campus, as well as the Employer’s response to any reported conditions, for the purpose of providing recommendations to the Employer.",HARD,deontic:obligation,2,,,,,,
CTU_ACER_0296,CTU_Acero_2022_2026,42,The Employer shall provide healthcare coverage for bargaining unit members granted leave according to the Employer’s group health insurance plan.,HARD,deontic:obligation,2,,,,,,
CTU_ACER_0283,CTU_Acero_2022_2026,40,"Payroll Calendar Upon request, the Employer shall provide the Union and/or bargaining unit members with a payroll calendar for the school year.",HARD,deontic:obligation,2,,,,,,
CTU_ACER_0284,CTU_Acero_2022_2026,40,"After School Stipends The Employer shall pay a stipend to any bargaining unit member who volunteers to perform duties in connection with the Employer’s extracurricular programming, provided such duties are not otherwise contractually required of the bargaining unit member.",HARD,deontic:obligation,2,,,,,,
CTU_ACER_0281,CTU_Acero_2022_2026,40,G. 401(K) Plan The employer shall match member contributions of up to seven percent (7%) for the 20222023 school year and up to eight percent (8%) for each year thereafter of pay for any bargaining unit member who does not participate in the Chicago Teachers Pension Fund and who contributes to a qualified 401(K) plan.,HARD,deontic:obligation,2,,,,,,
CTU_ACER_0275,CTU_Acero_2022_2026,39,The Employer shall recognize at least two,HARD,deontic:obligation,2,,,,,,
CTU_ACER_0268,CTU_Acero_2022_2026,38,"Beginning with the 20232024 school year, Apprentices and Non-Instructional Staff shall be placed on the below compensation schedule based upon their years of service or 2022-2023 salary amount, whichever is greater.",HARD,deontic:obligation,2,,,,,,
CTU_ACER_0269,CTU_Acero_2022_2026,38,Employees with an Associate’s degree shall be placed in Lane 1.,HARD,deontic:obligation,2,,,,,,
CTU_ACER_0270,CTU_Acero_2022_2026,38,"Employees with a Bachelor’s degree, or higher, shall be placed in Lane 2.",HARD,deontic:obligation,2,,,,,,
CTU_ACER_0271,CTU_Acero_2022_2026,38,Evidence of degree must be submitted to the Human Resources Department.,HARD,deontic:obligation,2,,,,,,
CTU_ACER_0272,CTU_Acero_2022_2026,38,"Current employees who do not hold an Associate’s or Bachelor’s degree (or higher) shall be placed in Lane 1. [See Appendix B for compensation schedules for 2023-2024, 2024-2025, and 2025-2026 school years] The attached schedules do not include 8% pension pickup (7% for 2022-2023 school year).",HARD,deontic:obligation,2,,,,,,
CTU_ACER_0273,CTU_Acero_2022_2026,39,Advancement on the Salary Schedule At the beginning of the 2022-2023 school year and each following school year returning Staff shall advance one step on the salary schedule.,HARD,deontic:obligation,2,,,,,,
CTU_ACER_0280,CTU_Acero_2022_2026,40,"The Employer shall abide by the Illinois Pension Code with respect to employer contributions to the Chicago Teachers’ Pension Fund (“CTPF”) for licensed teachers, paraprofessionals, and other licensed staff.",HARD,deontic:obligation,2,,,,,,
CTU_ACER_0274,CTU_Acero_2022_2026,39,New Instructional Teaching Staff The Employer shall have the sole discretion to place new Instructional Teaching Staff at whatever step it deems appropriate.,HARD,deontic:obligation,2,,,,,,
CTU_ACER_0276,CTU_Acero_2022_2026,39,New Instructional Teaching Staff shall be placed in the lane commensurate with their educational attainment.,HARD,deontic:obligation,2,,,,,,
CTU_ACER_0223,CTU_Acero_2022_2026,34,Bargaining unit members shall be notified of any changes made to the Student Code of Conduct during the school year.,HARD,deontic:obligation,2,,,,,,
CTU_ACER_0222,CTU_Acero_2022_2026,33,"Access to Policies: The Employer shall provide bargaining unit members with access to electronic versions of polices related to health and safety, including the Student Code of Conduct, the School Visitor Policy, and Mandated Reporting.",HARD,deontic:obligation,2,,,,,,
CTU_ACER_0278,CTU_Acero_2022_2026,39,"Instructional Support Staff and Non-Instructional Staff The employer shall have the sole discretion to place new, Non-Instructional staff, at whatever step it deems appropriate.",HARD,deontic:obligation,2,,,,,,
CTU_ACER_0279,CTU_Acero_2022_2026,40,"For qualifying bargaining unit members, the employer shall contribute seven percent (7%) for the 2022-2023 school year and eight percent (8%) each year thereafter of any qualifying bargaining unit employee's share of their pension contribution to Chicago Teachers Pension Fund.",HARD,deontic:obligation,2,,,,,,
CTU_ACER_0430,CTU_Acero_2022_2026,59,"(5) minutes of transition time built into the schedule between classes, lunch, recess, etc. unless otherwise determined by the PSC or scheduling committee. 2.",UNCLEAR,exception,1,,,,,,
CTU_ACER_0435,CTU_Acero_2022_2026,60,"(5) minutes of transition time built into the schedule between classes, lunch, advisory, etc. unless otherwise determined by the PSC or scheduling committee.",UNCLEAR,exception,1,,,,,,
CTU_ACER_0590,CTU_Acero_2022_2026,74,No more than 15 students when all students spend less than 20% of their day in the special education setting (LRE 1).,UNCLEAR,threshold,1,,,,,,
CTU_ACER_0796,CTU_Acero_2022_2026,101,"Once an unsatisfactory rating of 2.0 or lower is issued, a notice can be issued to bargaining unit member and the Union at least 48 hours prior to the meeting. b.",UNCLEAR,threshold,1,,,,,,
CTU_ACER_0592,CTU_Acero_2022_2026,74,No more than 10 students when at least one student in the class spends between 21-60% of his/her day in the special education setting (LRE 2).,UNCLEAR,threshold,1,,,,,,
CTU_ACER_0802,CTU_Acero_2022_2026,101,"Notwithstanding the duty to make a good faith effort to incorporate any remedial actions proposed by the bargaining unit member, the Employer has the final decision on the contents and implementation of the remediation plan. 7.",UNCLEAR,exception,1,,,,,,
CTU_ACER_0402,CTU_Acero_2022_2026,55,The alternative format will be approved for use provided that it includes all required content for lesson plans.,UNCLEAR,exception,1,,,,,,
CTU_ACER_0024,CTU_Acero_2022_2026,10,"Use of the e-mail system under this section remains subject to all restrictions set forth in the Employer's policies, including its policies regarding unlawful harassment, acceptable use of technology, and the professional code of conduct. 3.",UNCLEAR,exception,1,,,,,,
CTU_ACER_0782,CTU_Acero_2022_2026,100,Second Step Remediation Plan (45-90 days) c.,UNCLEAR,threshold,1,,,,,,
CTU_ACER_0388,CTU_Acero_2022_2026,54,"(1) fifty (50) minute period each day, except on Wednesdays due to abbreviated schedules in which case the planning period will be equal in number of minutes to the number of minutes in every other period, unless otherwise determined by the campus Professional Solutions Committee (PSC) and ratified by the waiver procedure.",UNCLEAR,exception,1,,,,,,
CTU_ACER_0692,CTU_Acero_2022_2026,91,Recommendations concerning the appropriate weight (except when weights have already been described in this Article) to assign student performance and growth in determining summative ratings for Instructional Staff performance; 2.,UNCLEAR,exception,1,,,,,,
CTU_ACER_0781,CTU_Acero_2022_2026,100,First Step Remediation Plan (45-90 days) b.,UNCLEAR,threshold,1,,,,,,
CTU_ACER_0623,CTU_Acero_2022_2026,80,"(2) times per year, unless otherwise mutually agreed upon by all participants. 3.",UNCLEAR,exception,1,,,,,,
CTU_ACER_0302,CTU_Acero_2022_2026,43,Short-term disability benefits and eligibility requirements are subject to the terms of the plan.,UNCLEAR,exception,1,,,,,,
CTU_ACER_0304,CTU_Acero_2022_2026,43,Long-term disability benefits and eligibility requirements are subject to the terms of the plan.,UNCLEAR,exception,1,,,,,,
CTU_ACER_0112,CTU_Acero_2022_2026,21,"(4) bargaining unit members at the school the opportunity to participate in the hiring committee, except in case of emergency hires, including the opportunity to review resumes and participate in interviews with prospective candidates.",UNCLEAR,exception,1,,,,,,
CTU_ACER_0305,CTU_Acero_2022_2026,43,"Student Enrollment The Parties agree to make a joint effort to increase enrollment at Acero, subject to Article 19, Class Size.",UNCLEAR,exception,1,,,,,,
CTU_ACER_0294,CTU_Acero_2022_2026,42,"Infertility, abortion, and gender affirming care coverage will be provided subject to the terms of Acero’s group health insurance plan and the employee’s selected plan.",UNCLEAR,exception,1,,,,,,
CTU_ACER_0685,CTU_Acero_2022_2026,90,"If any provision of this Agreement or application thereof to any party is declared invalid, illegal, or unenforceable for any reason by a court of competent jurisdiction, such invalidity, illegality, or unenforceability does not affect other provisions or applications of the Agreement, which can be given effect without the invalid application or provision, and to this end the provisions of this Agreement are severable, unless otherwise provided for by law.",UNCLEAR,exception,1,,,,,,
CTU_ACER_0317,CTU_Acero_2022_2026,44,"(1) hour increments, provided that the bargaining unit member secures an appropriate replacement.",UNCLEAR,exception,1,,,,,,
CTU_ACER_0541,CTU_Acero_2022_2026,68,"When school is not in session, IT Technicians are to work 7.5 hours, exclusive of a thirty (30) minute lunch period.",UNCLEAR,threshold,1,,,,,,
CTU_ACER_0721,CTU_Acero_2022_2026,94,"(5) days of the first semester or the last thirty (30) days of the final semester, unless otherwise agreed upon by the Parties.",UNCLEAR,exception,1,,,,,,
CTU_ACER_0331,CTU_Acero_2022_2026,46,"In the event that a Non-Instructional bargaining unit member’s workspace is unavailable for one or more consecutive workdays on non-instructional days, the Employer will notify said bargaining unit member no later than 12 hours prior to the start of the workday and suggest alternative places for work.",UNCLEAR,threshold,1,,,,,,
CTU_ACER_0664,CTU_Acero_2022_2026,85,"(b) is subject to dismissal for reasons set forth in Articles 9, 25 or 31 of this Agreement.",UNCLEAR,exception,1,,,,,,
CTU_ACER_0350,CTU_Acero_2022_2026,48,Paid Parental Leave (subject to the below); ii.,UNCLEAR,exception,1,,,,,,
CTU_ACER_0061,CTU_Acero_2022_2026,15,"(Bargaining unit members will be given first opportunity to fill such positions if qualified, but the economic terms of this Agreement will not be binding on such contracted employees); • To determine class size, class staffing and assignment, class schedules, academic calendar year, hours and places of instruction, student assessment policies and parent engagement policies, except as explicitly agreed to in writing by the Parties; • To make and implement decisions concerning use and staffing of experimental or pilot programs and decisions concerning use of technology to deliver educational programs and services and staffing to provide the technology; and • To take action relative to immediate safety issues on any matter in the event of an emergency (as such is deemed an emergency by the Employer in its reasonable exercise of judgment).",UNCLEAR,exception,1,,,,,,
CTU_ACER_0058,CTU_Acero_2022_2026,14,"ARTICLE 5 - MANAGEMENT RIGHTS The Employer retains all powers and authority to direct, manage and control its campuses, except to the extent that any such power or authority is expressly contrary to any provision of this Agreement or applicable law.",UNCLEAR,exception,1,,,,,,
CTU_ACER_0369,CTU_Acero_2022_2026,50,"(3) floating holidays annually to be scheduled at their discretion, subject to operational and staffing needs.",UNCLEAR,exception,1,,,,,,
CTU_ACER_0370,CTU_Acero_2022_2026,52,"Work Year For the 2022-2023 school year, and unless otherwise set forth in this Article 17, all bargaining unit members will work up to one hundred ninety (190) days to include up to one hundred and seventy-nine (179) days of instruction, with no less than six",UNCLEAR,exception,1,,,,,,
CTU_ACER_0372,CTU_Acero_2022_2026,52,"For the 2023-2024 school year, and unless otherwise set forth in this Article 17, all bargaining unit members will work up to one hundred and eighty-nine (189) days to include up to one hundred and seventy-eight (178) days of instruction, with no less than six",UNCLEAR,exception,1,,,,,,
CTU_ACER_0373,CTU_Acero_2022_2026,52,"Beginning with the 2024-2025 school year, and unless otherwise set forth in this Article 17, all bargaining unit members will work up to one hundred eighty-eight (188) days to include up to one hundred and one hundred and seventy-seven (177) days of instruction, with no less than six",UNCLEAR,exception,1,,,,,,
CTU_ACER_0769,CTU_Acero_2022_2026,98,"The noninstructional bargaining unit member and their supervisor will meet again between June 1 and July 15 of each year for an annual summative performance review, after this meeting, the bargaining unit member will be assigned a summative performance rating for the school year within 48 hours of meeting with the Employer.",UNCLEAR,threshold,1,,,,,,
CTU_ACER_0447,CTU_Acero_2022_2026,61,"The Employer will exert its best efforts to provide draft schedules/caseloads for the following school year to Special Education Teachers prior to the last school day in the preceding school year, with the understanding that this is subject to change. h.",UNCLEAR,exception,1,,,,,,
CTU_ACER_0194,CTU_Acero_2022_2026,30,The Union has the right to cancel the initial interview and is allowed another 24 hours’ time to find an agreeable time to meet when the union representative can be present.,UNCLEAR,threshold,1,,,,,,
CTU_ACER_0059,CTU_Acero_2022_2026,14,"The Employer, in exercising its powers and authority, will consider input from bargaining unit members, and any committees created by this Agreement, but all final decisions will rest with the Employer except as explicitly otherwise set forth in this Agreement.",UNCLEAR,exception,1,,,,,,
