sentence_id,source_doc,page_num,raw_text,predicted_type,signals,confidence_score,is_constraint,constraint_type,entities,threshold,exception,notes
UTLA_LAU_0147,UTLA_LAUSD_2022_2025,39,"If the other party at any time desires a copy of the transcript, it must share equally the cost of the reporter and transcription. 21.0 Grievance Files: The District's Office of Staff Relations shall maintain a file of all grievance records and communications separate from the personnel files of the grievant(s), and grievance documents and decisions shall not be included in the personnel file unless it is reasonably necessary or appropriate to do so. 22.0 No Reprisals: There shall be no reprisal against an employee for utilizing these grievance procedures or for assisting a grievant pursuant to these procedures. 23.0 Special Grievance Procedure for Non-Unit Members: The District shall make a grievance procedure available to part-time Adult Education teachers who are assigned fewer than 10 hours per week and to day-to-day substitutes who were paid for fewer than 100 days during the preceding year.",HARD,deontic:prohibition|deontic:obligation|deontic:obligation|threshold|exception,4,,,,,,
UTLA_LAU_0842,UTLA_LAUSD_2022_2025,134,"The employee must have rendered satisfactory certificated service for at least seven consecutive years (of at least 130 full days of paid time) immediately preceding the effective date of the leave, not more than two of which may be in substitute status, unless the District in its discretion waives such requirement; c.",HARD,deontic:obligation|deontic:permission|threshold|exception,4,,,,,,
UTLA_LAU_0788,UTLA_LAUSD_2022_2025,128,"Starting and ending dates may be adjusted by the District to meet educational program needs, except in the case of the starting date for a child care leave which begins immediately after pregnancy leave or family care and medical leave. 11.3 Child care leaves of limited duration have return rights as provided in Section 3.0 of this Article. 12.0 Illness (Paid): An employee shall be granted a leave of absence because of illness, or injury, or quarantine of the employee. 12.1 Subject to the restrictions specified in Article XIX, each employee shall accrue 0.05 hour of full-pay illness absence credit for each hour for which salary is received in a certificated assignment except for Auxiliary Teacher, Replacement Teacher, an assignment for which a lump-sum payment is or could be received, or salary received for sabbatical leave. 12.2 At the beginning of the pay period immediately preceding July 1, each active employee (excluding substitute and temporary) who is under contract (including temporary contract) for a full school year, who has accrued fewer than the number of full-pay illness absence hours equivalent to 100 days shall be credited with the number of half-pay illness absence days which, when added to the accrued full-pay illness absence days equals the equivalent to 100 days of full and half-pay illness absence days. 2022-2025 UTLA Contract 110",HARD,deontic:obligation|deontic:permission|threshold|exception,4,,,,,,
UTLA_LAU_0565,UTLA_LAUSD_2022_2025,99,"If mediation occurs but does not result in resolution of the issue(s), the unit member or the Union may proceed pursuant to Article V (Grievance Procedure), provided that a grievance must be filed directly at Step Two within 15 days of the conclusion of mediation.",HARD,deontic:obligation|deontic:permission|threshold|exception,4,,,,,,
UTLA_LAU_0760,UTLA_LAUSD_2022_2025,125,"Applications for informal permissive absences in excess of five days shall be made to the immediate administrator and must be approved by the appropriate Local District Administrator or branch/division head. 5.1 For continuous programs (Year-round, Early Education Centers, etc.), the deadline for leave applications, unless otherwise provided, shall be April 15 for all leaves commencing during the period July 1 through December 31 and November 15 for all leaves commencing during the period January 1 through June 30. 6.0 Notification Requirements: Unless otherwise provided in this Article, an employee who intends to be absent for 20 working days or less must make every reasonable effort to notify the appropriate substitute office not later than 6:30 a.m. on the day of absence and notify the school or section to which assigned not later than 30 minutes before the schedule begins on the day of absence.",HARD,deontic:obligation|deontic:obligation|threshold|exception,4,,,,,,
UTLA_LAU_0568,UTLA_LAUSD_2022_2025,99,"If mediation does not result in resolution of the issue(s), the Union may proceed pursuant to Article V (Grievance Procedure), provided that a grievance must be filed directly at Step Two within 15 days of the conclusion of mediation.",HARD,deontic:obligation|deontic:permission|threshold|exception,4,,,,,,
UTLA_LAU_0230,UTLA_LAUSD_2022_2025,52,"Such meetings are not to exceed 3 hours each day total unless a majority of the involved faculty consents. 4.5 Required Orientation In-Service for Teachers: Pursuant to California Code of Regulations 80026.5, classroom teachers serving on a fulltime emergency permit shall attend two",HARD,deontic:obligation|threshold|exception,4,,,,,,
UTLA_LAU_0235,UTLA_LAUSD_2022_2025,53,"Article IX – Hours, Duties, and Work Year be conducted by QED-C trained personnel or other personnel using QED-C developed modules in District-wide, cluster, complex, or school meetings. 5.0 Duty-Free Lunch: Each employee shall, except in emergencies or special situations requiring intensive supervision, be entitled to a duty-free lunch period of not less than thirty (30) minutes, as scheduled by the site administrator. 5.1 The normal elementary lunch break shall be not less than 30 minutes and not more than 45 minutes (of which 30 minutes are duty free).",HARD,deontic:obligation|threshold|exception,4,,,,,,
UTLA_LAU_0931,UTLA_LAUSD_2022_2025,145,"These employees will still be eligible to take the remainder of their individual 12 week allotment for family care leave for a purpose other than the birth, placement for adoption, or foster care of a child. 24.8 Compensation and Benefits: The Family Care and Medical Leave/Absence shall be an unpaid leave and for all purposes treated comparably to other unpaid leaves except that the District will continue to provide the health and welfare benefits as provided in Article XVI during the Family Care Leave/Absence to an employee who is otherwise eligible for such benefits.",HARD,deontic:obligation|threshold|exception,4,,,,,,
UTLA_LAU_0921,UTLA_LAUSD_2022_2025,143,"This leave runs concurrently with any other leave the District offers for which the employee is qualified, except that family care and medical leave granted for the birth or adoption of a child or placement of a child for foster care must be concluded within 12 months of that birth or adoption or placement for foster care. d.",HARD,deontic:obligation|threshold|exception,4,,,,,,
UTLA_LAU_0258,UTLA_LAUSD_2022_2025,58,"As an exception, and to be known as ""Flexible C Basis,” the 204 days of assignment for employees in year-round schools may occur at any time from July 1 to June 30, inclusive, provided that, notwithstanding any other provision to the contrary, the annual hours of paid holidays and related benefits are commensurate with those for the regular C Basis.",SOFT,deontic:permission|threshold|exception,4,,,,,,
UTLA_LAU_0256,UTLA_LAUSD_2022_2025,57,"As an exception, and to be known as ""Flexible B Basis"", the 221 days of assignment for employees in year-round schools may occur at any time from July 1 to June 30, inclusive, provided that, notwithstanding any other provision to the contrary, the annual hours of paid holidays and related benefits are commensurate with those for the regular B Basis. 2022-2025 UTLA Contract 39",SOFT,deontic:permission|threshold|exception,4,,,,,,
UTLA_LAU_1466,UTLA_LAUSD_2022_2025,225,"(2) days shall be allowed an hourly rate employee assigned for a total of 40 hours or less per pay period in one or more class codes except in the following case: If a winter holiday period exceeds ten days and January 1 falls on Sunday or Monday, such employee, if regularly assigned on Monday, shall receive holiday pay for the number of hours assigned on Monday, January 1 or Monday, January 2. 6.0 Vacation Allowance for A Basis Employees: An employee assigned on an A basis and compensated at a pay period rate shall earn vacation for active service in a regular assignment or in an assignment as a temporary adviser, acting employee or as a substitute assigned on an A basis in the same or another class than that of the regular assignment.",HARD,deontic:obligation|threshold|exception,4,,,,,,
UTLA_LAU_1467,UTLA_LAUSD_2022_2025,225,"Assignment to active service means all of the time for which pay is received, except sabbatical. 6.1 An employee who has served less than 19 years shall earn .06897 hour of vacation for each hour assigned to active service; beginning with the first pay period of the school year after an employee has served 19 school years the employee shall earn .07663 hour of vacation for each hour assigned to active service.",HARD,deontic:obligation|threshold|exception,4,,,,,,
UTLA_LAU_1661,UTLA_LAUSD_2022_2025,256,"The complaint procedure referenced in Article V, Section 23.0 is available to non-unit members for alleged violations by the District of Board Rules and/or administrative rules. 1.2 The District shall furnish UTLA annually, upon request, with a list (or lists) of Adult Education assignments (class title, days and hours), listed by name, employee number, work location, and classification codes (including funding source and employment status of each unit member). 2.0 Employment Contracts: Adult Education funded employees who are assigned more than eighteen hours per week are covered either by probationary or permanent contract status. 2.1 DACE teachers in out-of-classroom positions are subject to the 5-year limit described in Article IX-A, Section 9.0 3.0 All non-CTE certificated employees assigned to teach more than 18 hours per week shall work under a Probationary or Permanent contract.",HARD,deontic:obligation|threshold|exception,4,,,,,,
UTLA_LAU_0243,UTLA_LAUSD_2022_2025,54,"If, however, in a combined elementary-secondary program the teacher remains in a situation which is equivalent to the regular elementary pattern, he or she shall be covered by the basic elementary rules; those teachers in that program who remain covered by the secondary rules shall not have their supervision duties increased as a result of the relief granted to the elementary teachers. 7.3 Elementary Supervision Time: Except as provided below, the District shall assign personnel other than classroom teachers to perform regularly scheduled non-classroom supervision duties (such as supervision of grounds and bus arrivals/departure) during recess or lunch, or during the period of time following the 10 minute preparation period at the end of the school day.",HARD,deontic:prohibition|deontic:obligation|threshold|exception,4,,,,,,
UTLA_LAU_0564,UTLA_LAUSD_2022_2025,99,"If the District does not agree to mediation, the unit member or the Union may proceed pursuant to Article V (Grievance Procedure), provided that a grievance must be filed at Step One within 15 days of the District’s decision.",HARD,deontic:obligation|deontic:permission|threshold|exception,4,,,,,,
UTLA_LAU_0861,UTLA_LAUSD_2022_2025,136,"Return rights to the previous work site shall be the same as for sabbatical leaves. 17.0 Personal Leave (Unpaid): An unpaid leave shall be granted to a permanent employee for a period not to exceed 52 consecutive calendar weeks, except as provided below, for a specific personal reason satisfactory to the District, including but not limited to the following: a.",HARD,deontic:obligation|threshold|exception,4,,,,,,
UTLA_LAU_1448,UTLA_LAUSD_2022_2025,221,"(c) loss of eligibility, shall be given the opportunity to convert, at the employee's expense, to a permanent form of insurance (other than term insurance) pursuant to the provisions of the plan. 9.0 COBRA: Pursuant to the Consolidated Omnibus Budget Reconciliation Act (COBRA) and comparable State law, eligible employees or dependents may have continuation of coverage for a given period of time at their own expense under the District's health, dental and vision care plans in the event of termination of coverage due to one of the following causes: Death of covered employee, termination of covered employee (under certain conditions) or reduction in covered employee's hours of employment, divorce or legal separation of the covered employee, or a dependent child ceasing to be eligible for coverage as a dependent child under the District's health and welfare plans. 9.1 The monthly premium for continued coverage shall be determined at the time of eligibility and shall be subject to change; however, the premium charged to employees will not exceed 102 percent of the premium paid by the District for active employees and/or dependents in a comparable status.",HARD,deontic:obligation|deontic:permission|threshold|exception,4,,,,,,
UTLA_LAU_1998,UTLA_LAUSD_2022_2025,308,"If a workspace becomes unavailable during the semester, the itinerant employee shall be notified no less than 24 hours in advance except in unforeseen circumstances, and be provided an alternative workspace.",HARD,deontic:obligation|threshold|exception,4,,,,,,
UTLA_LAU_0908,UTLA_LAUSD_2022_2025,141,"This reduced workload leave is granted pursuant to Education Code Sections 22713 and 44922. 22.2 The period of service and leave under Section 21.0 or 22.0 may qualify for salary step advancement under Section 16.0 of Article XIV, and shall qualify for regular health/welfare benefits under Article XVI, Health and Welfare. 23.0 Disability Leave or Absence: An unpaid disability leave or absence will be granted on request to a probationary or permanent employee who has been awarded State Teachers' Retirement Disability benefits for up to 39 months from the effective date of the disability benefits, or until the effective date of service retirement, whichever is first, subject to the following conditions: a.",HARD,deontic:obligation|deontic:permission|threshold|exception,4,,,,,,
UTLA_LAU_0438,UTLA_LAUSD_2022_2025,81,"Section 7801, and have been employed by the District for at least 10 years, the period between evaluations may, in the joint discretion of the evaluator and the employee, be extended beyond the two-year period so that the evaluation may be made once in a three, four, or five-year period, subject to the following limitations: a.",SOFT,deontic:permission|threshold|exception,4,,,,,,
UTLA_LAU_0514,UTLA_LAUSD_2022_2025,93,"Except in compelling circumstances, the employee shall be furnished a copy within 30 days of the District's receipt of the document.",HARD,deontic:obligation|threshold|exception,4,,,,,,
UTLA_LAU_0801,UTLA_LAUSD_2022_2025,130,"An employee absent for more than 20 consecutive working days shall be required to submit a formal leave request and an ""Attending Physician Statement"" form. 12.10 If a permanent employee resigns and returns within 39 months of the last date of paid service to permanent status, the number of hours for which the employee was entitled to full-pay illness absence shall be restored, unless such had been transferred to another agency or used in computation of retirement allowance.",HARD,deontic:obligation|threshold|exception,4,,,,,,
UTLA_LAU_0913,UTLA_LAUSD_2022_2025,142,"Article XII – Leaves and Absences Fair Employment and Housing Commission and the United States Department of Labor.) An unpaid Family Care and Medical Leave/Absence shall be granted, to the extent of and subject to the restrictions as set forth below, to an employee who has been employed for at least 12 months and who has served for 130 workdays during the 12 months immediately preceding the effective date of the leave.",HARD,deontic:obligation|threshold|exception,4,,,,,,
UTLA_LAU_0911,UTLA_LAUSD_2022_2025,141,"A substitute or temporary employee who receives disability benefits shall be deemed unavailable for service, while receiving such benefits, for up to 39 months unless a separation from service is requested by the employee. d.",HARD,deontic:obligation|threshold|exception,4,,,,,,
UTLA_LAU_0515,UTLA_LAUSD_2022_2025,93,The document shall not be either placed in the personnel file or retained by the District unless it is reasonably determined that the allegations have some substance or plausibility.,HARD,deontic:prohibition|deontic:obligation|exception,3,,,,,,
UTLA_LAU_0511,UTLA_LAUSD_2022_2025,92,No more than 5% of the funds may be expended for administration expenses. g.,SOFT,deontic:permission|threshold,3,,,,,,
UTLA_LAU_1852,UTLA_LAUSD_2022_2025,287,"Mentors are exempt from displacement during their Mentor service and, except in compelling circumstances, shall be subject to only one transfer during any one Mentor term at the initiation of the District to meet Mentor Program needs. 2022-2025 UTLA Contract 269",HARD,deontic:obligation|exception,3,,,,,,
UTLA_LAU_0508,UTLA_LAUSD_2022_2025,91,"Employee members of the Panel shall receive an annual stipend of $4,300, subject to reduction by the Panel in the event of funding shortages. d.",HARD,deontic:obligation|exception,3,,,,,,
UTLA_LAU_1618,UTLA_LAUSD_2022_2025,250,"Article XX – Summer/Winter/Intersession-Intervention/Extended Learning Program Sessions 7.0 Salary: Summer session and multitrack school intersession teachers who are paid on a pay period rate during the regular school year shall be paid at a rate equal to 1.09224 times their scheduled hourly rate as subject to the compensation restoration formulas set forth in appendix F and Article XIV, Section 1.0. unless otherwise stated in 13.0 below. a.",HARD,deontic:obligation|exception,3,,,,,,
UTLA_LAU_1429,UTLA_LAUSD_2022_2025,219,No application is necessary to obtain this benefit. 5.4 Eligible employees may enroll in the employee-paid life insurance plan without evidence of insurability provided that a completed application is received by the District’s Health Insurance Section no later than sixty (60) days from the date the employee is first eligible.,SOFT,deontic:permission|exception,3,,,,,,
UTLA_LAU_1294,UTLA_LAUSD_2022_2025,199,Salary point credit for repeat coursework shall not be allowed unless five,HARD,deontic:prohibition|deontic:obligation|exception,3,,,,,,
UTLA_LAU_0734,UTLA_LAUSD_2022_2025,121,"Whenever a school becomes newly eligible for the salary differential program, the eligible employees shall immediately become subject to the salary differential, consistent with the above pro-ration rules. 5.0 The District and the UTLA Article XXX Bilingual Subcommittee shall continue to discuss issues and concerns related to the Master Plan including classroom organization. 2022-2025 UTLA Contract 103",HARD,deontic:obligation|exception,3,,,,,,
UTLA_LAU_0902,UTLA_LAUSD_2022_2025,140,"In the case of non-classroom, health and human services employees, the total number of approved leaves shall not exceed the maximum of 10% of the full-time equivalent positions in the classification.",HARD,deontic:prohibition|deontic:obligation|threshold,3,,,,,,
UTLA_LAU_0252,UTLA_LAUSD_2022_2025,56,"Article IX – Hours, Duties, and Work Year affected employees and UTLA shall be consulted with respect to any such variations prior to implementation and approval of a majority of the faculty shall be obtained. 10.0 Work Year: Employees may be assigned or reassigned to any of the following bases of assignment, provided that such change in assignment basis shall not be made for the purpose of depriving employees of holiday or accrued vacation benefits: 2022-2025 UTLA Contract 38",HARD,deontic:prohibition|deontic:obligation|deontic:permission|exception,3,,,,,,
UTLA_LAU_1859,UTLA_LAUSD_2022_2025,289,"Subject to the foregoing, the fact that various Mentor services are provided shall stand as evidence that the District has provided part of its required program of assistance under Section 5.0 of Article X, but shall not satisfy all of the District's obligations under said section. 7.5 A reasonable effort shall be made to schedule, for the Mentor and the Mentor's assigned mentees, a common conference period in secondary schools and a common recess and lunch period in elementary schools, provided that such a schedule does not adversely affect the school's instructional program or negatively impact other employees. 8.0 Pay: 8.1 Mentor Teachers shall receive an annual stipend of $4,398 ($2,199 per semester) in addition to their regular salary.",HARD,deontic:prohibition|deontic:obligation|exception,3,,,,,,
UTLA_LAU_0937,UTLA_LAUSD_2022_2025,145,"The period of the Family Care and Medical Leave/Absence shall not be considered a break in service, and the employee's seniority date shall not be affected by the time spent on leave. 24.10 Return Rights: An employee returning from a Family Care and Medical Leave/Absence shall be returned to the same or comparable position from which on leave and the same location from which the leave was taken, except that the employee may be transferred if such a transfer would have been made had the employee been on duty. 2022-2025 UTLA Contract 127",HARD,deontic:prohibition|deontic:obligation|deontic:permission|exception,3,,,,,,
UTLA_LAU_1274,UTLA_LAUSD_2022_2025,196,"The committee shall also study ways to best utilize NBC teachers, including having NBC teachers serve as teacher mentors, The committee shall provide recommendations to the Superintendent within 12 months of the Agreement’s adoption. 38.0 Competitive Compensation and Budget Recommendations Panel: The parties share an interest in attracting and retaining a well-qualified and equitably compensated work force.",HARD,deontic:obligation|threshold,3,,,,,,
UTLA_LAU_1619,UTLA_LAUSD_2022_2025,250,"Employees assigned to full-time (6 or 8 hour) positions, such as extended school year program and development centers, shall be paid at their regular hourly rates. b.",HARD,deontic:obligation|threshold,3,,,,,,
UTLA_LAU_1849,UTLA_LAUSD_2022_2025,287,"Some are to be assigned in each of the District's regions, but 75% shall be assigned to the regions with the greatest concentrations of new/inexperienced teachers. 6.1 Newly appointed Mentors shall be subject to the following assignment procedures: a.",HARD,deontic:obligation|exception,3,,,,,,
UTLA_LAU_0270,UTLA_LAUSD_2022_2025,60,"Continuation Schools: Except in compelling circumstances necessitating confidentiality, continuation high school teachers shall, as soon as practicable, be advised of the reasons a new enrollee is being referred to the school. f.",HARD,deontic:obligation|exception,3,,,,,,
UTLA_LAU_1623,UTLA_LAUSD_2022_2025,250,"Holidays that fall within the summer session shall be unassigned and unpaid days/hours unless the employee is paid for the holiday as part of the regular basic assignment, e.g., Martin Luther King, Jr.",HARD,deontic:obligation|exception,3,,,,,,
UTLA_LAU_1834,UTLA_LAUSD_2022_2025,284,This provision shall not be subject to the grievance process of Article V. 2022-2025 UTLA Contract 266,HARD,deontic:prohibition|deontic:obligation|exception,3,,,,,,
UTLA_LAU_0922,UTLA_LAUSD_2022_2025,144,"Article XII – Leaves and Absences the employee's need for leave, the employee shall give at least 30 days notice.",HARD,deontic:obligation|threshold,3,,,,,,
UTLA_LAU_0923,UTLA_LAUSD_2022_2025,144,"If less than 30 days, the employee must provide the immediate supervisor with as much advance notice as possible but, at the least, within one or two days of learning of the need for the leave, or as soon as practicable, whichever is earlier.",HARD,deontic:obligation|threshold,3,,,,,,
UTLA_LAU_0739,UTLA_LAUSD_2022_2025,123,"All other employees, except for those excluded in Section 2.0 below may qualify for absences but not leaves.",SOFT,deontic:permission|exception,3,,,,,,
UTLA_LAU_1861,UTLA_LAUSD_2022_2025,289,"Mentors also shall normally not be permitted to receive an auxiliary teaching period assignment, except when program needs indicate a special need for such services and approval has been obtained from the Cluster Administrator. 8.3 Released time and pay for Selection Committee activities shall be continued consistent with the practice in effect during the 1985-86 school year. 9.0 Miscellaneous: 9.1 The District shall make a reasonable effort to minimize and standardize paperwork and reporting obligations related to the Mentor Program.",HARD,deontic:obligation|exception,3,,,,,,
UTLA_LAU_1287,UTLA_LAUSD_2022_2025,197,"The parties agree that this section 38.0 (1 through and including 10) shall terminate automatically as of June 30, 2011, unless the parties expressly agree in writing to renew it through successor negotiations. 2022-2025 UTLA Contract 179",HARD,deontic:obligation|exception,3,,,,,,
UTLA_LAU_0262,UTLA_LAUSD_2022_2025,59,"(2) If a nurse's scheduled duty-free 30 minute lunch break is interrupted for emergencies or special situations (see Section 5.0 above), compensatory time shall be granted or the lunch period extended so that the situation is handled in an equitable manner.",HARD,deontic:obligation|threshold,3,,,,,,
UTLA_LAU_0269,UTLA_LAUSD_2022_2025,60,"Medical Procedures: No employee shall be requested or required to perform any medical procedure on a student (such as intermittent catheterization, injections, suctioning or drainage), except for a School Nurse or person otherwise trained and qualified. e.",HARD,deontic:obligation|deontic:prohibition|exception,3,,,,,,
UTLA_LAU_0925,UTLA_LAUSD_2022_2025,144,"Whenever possible, if the need for leave is foreseeable due to a planned medical treatment or supervision, the employee must make a reasonable effort, subject to the approval of the health care provider, to schedule the treatment or supervision to avoid disruption to the operation of the District's educational program. 24.5 Medical Certification - Family: For leaves/absences to care for a child, spouse or parent, as defined in 24.1, who has a serious health condition, the employee must submit to the immediate administrator or, if applying for a formal leave must attach to the leave application, certification from the health care provider which includes",HARD,deontic:obligation|exception,3,,,,,,
UTLA_LAU_0519,UTLA_LAUSD_2022_2025,93,"In the event of a later formal disciplinary action, the document if challenged should not be deemed valid or established unless and until so proven under the normal ""for cause"" standard. 2.1 Employees shall be permitted to ""live down"" or ""work off"" a pre-disciplinary document by the passage of a period of four years without a recurrence of the same or similar conduct (unless a shorter period is agreed to by the parties).",HARD,deontic:obligation|deontic:preference|exception,3,,,,,,
UTLA_LAU_1434,UTLA_LAUSD_2022_2025,219,"The application for such enrollment, however, must be received by the Health Insurance Section within thirty (30) days of the acquisition of such dependent(s).  Newborn children of the employee are automatically covered for the first thirty days following birth, provided that an application for dependent coverage is received by the health Insurance Section before the end of the thirty (30) day period. 5.5 For an employee whose spouse/domestic partner has other insurance coverage, reimbursement will be limited to the maximum percentage allowed by the higher individual policy.",HARD,deontic:obligation|exception,3,,,,,,
UTLA_LAU_0264,UTLA_LAUSD_2022_2025,59,(1) Resource Specialist teachers shall not be assigned to teach or cover regular or Special Day Classes except in emergency situations of a non-recurring nature or as part of a plan to provide additional non-classroom time pursuant to Section 8.0 of this Article.,HARD,deontic:prohibition|deontic:obligation|exception,3,,,,,,
UTLA_LAU_1624,UTLA_LAUSD_2022_2025,250,Day. 8.0 Hours and Duties: Summer session/intersession teachers shall report to work each day at least ten (10) minutes before their first class begins.,HARD,deontic:obligation|threshold,3,,,,,,
UTLA_LAU_0924,UTLA_LAUSD_2022_2025,144,These advance notice requirements shall not be applicable in the event of unforeseeable circumstances or emergencies.,HARD,deontic:prohibition|deontic:obligation|exception,3,,,,,,
UTLA_LAU_1794,UTLA_LAUSD_2022_2025,278,"Nothing herein shall preclude recourse to the grievance procedure for matters which are otherwise grievable under Article X, Evaluation and Discipline. 2.0 Ownership of Materials and Publications: Unless otherwise provided by a separate contract, the respective rights of an employee and the District as to ownership of materials and publications developed by the employee are to depend upon the origins of the material in question, as follows: a.",HARD,deontic:obligation|exception,3,,,,,,
UTLA_LAU_0246,UTLA_LAUSD_2022_2025,54,"(4) For teachers who have a ""T+"" or coordinatorship differential which covers the supervision duties (provided that, in such cases, the District shall not impose new supervision duties which are unrelated to the purpose of the coordinatorship);",HARD,deontic:prohibition|deontic:obligation|exception,3,,,,,,
UTLA_LAU_1445,UTLA_LAUSD_2022_2025,221,"In the event of the employee's loss of eligibility, in which case coverage shall terminate at the close of the enrollment year, except for the District-paid life insurance plan, which shall terminate coverage on the date of loss of eligibility; and e.",HARD,deontic:obligation|exception,3,,,,,,
UTLA_LAU_1260,UTLA_LAUSD_2022_2025,195,Home School Teachers shall be entitled to the same benefits and contract provisions as teachers in the K-12 program except as provided herein. c.,HARD,deontic:obligation|exception,3,,,,,,
UTLA_LAU_1441,UTLA_LAUSD_2022_2025,220,"An officer of UTLA on leave pursuant to Article IV, Section 3.0 shall not be subject to the maximum eighteen (18) month period for direct payments but may continue enrollment by making proper payment(s) to the plan in which enrolled for the period of the leave. 7.0 Termination of Enrollment: The enrollment of an employee shall terminate: a.",HARD,deontic:prohibition|deontic:obligation|deontic:permission|exception,3,,,,,,
UTLA_LAU_1699,UTLA_LAUSD_2022_2025,260,"A Part-Time leave may be granted on a year-by-year basis subject to school schedules, availability of classes, and approval by the principal and the Division of Adult and Career Education (DACE). b.",SOFT,deontic:permission|exception,3,,,,,,
UTLA_LAU_0957,UTLA_LAUSD_2022_2025,149,(1) in multi-track schools both participants must be from the same school unless no such person is available;,HARD,deontic:obligation|exception,3,,,,,,
UTLA_LAU_1444,UTLA_LAUSD_2022_2025,220,"Upon termination of employment, in which case coverage shall terminate at the close of the month in which the employment termination was effective, except for District paid life-insurance in which case coverage shall terminate on the date the employee ceases to be employed; 2022-2025 UTLA Contract 202",HARD,deontic:obligation|exception,3,,,,,,
UTLA_LAU_0960,UTLA_LAUSD_2022_2025,149,(4) in secondary programs both participants must have the appropriate secondary subject matter experience unless no such person is available. 2022-2025 UTLA Contract 131,HARD,deontic:obligation|exception,3,,,,,,
UTLA_LAU_1607,UTLA_LAUSD_2022_2025,247,"Each applicant shall be notified in writing as to assignment (or non-assignment) to a summer session. 2.0 Eligibility: Teaching Experience: Except for elementary teachers applying for all intervention/Extended Learning Programs, at time of application employees must be in permanent or probationary status, must have the appropriate credential, and must have taught as a regular classroom teacher or as a summer session or multitrack school intersession teacher in the subject field for which they apply. ""Subject fields"" shall, for purposes of this Article, be as 2022-2025 UTLA Contract 229",HARD,deontic:obligation|deontic:obligation|exception,3,,,,,,
UTLA_LAU_0536,UTLA_LAUSD_2022_2025,95,"The recipient of such notice of disciplinary action shall be permitted to file a written statement in response to the Notice, which shall be attached to all copies of the Notice retained by the District. 4.0 Disciplinary Grievances: Notices of Unsatisfactory Service or Act are subject to grievance under Article V.",HARD,deontic:obligation|exception,3,,,,,,
UTLA_LAU_0723,UTLA_LAUSD_2022_2025,119,Article XI-A – Urban Classroom Teacher Program (UCTP) 7.1 The lump-sum salary differential will be paid effective the date the UCTP Commitment was signed. 7.2 No substitute or contract teacher serving in a pool shall receive the UCTP salary differential unless the teacher meets all other requirements of this section 2022-2025 UTLA Contract 101,HARD,deontic:obligation|exception,3,,,,,,
UTLA_LAU_0938,UTLA_LAUSD_2022_2025,146,"While this Plan is described in terms of ""days"", in its implementation and computation of payments the District will utilize the current payroll system of accounting for illness accrual and absence by ""hours."" 2.0 Eligibility: Any active district employee who earns illness leave benefits during the school year (from July 1 through June 30) and is paid for at least 400 hours during the school year, shall participate in the Plan.",HARD,deontic:obligation|threshold,3,,,,,,
UTLA_LAU_1603,UTLA_LAUSD_2022_2025,247,Applicants must be available to serve at least 50% of the entire session.,HARD,deontic:obligation|threshold,3,,,,,,
UTLA_LAU_0720,UTLA_LAUSD_2022_2025,117,Duties and responsibilities shall be equitably distributed and subject to the test of reasonableness and may be revised from time to time.,HARD,deontic:obligation|deontic:permission|exception,3,,,,,,
UTLA_LAU_0543,UTLA_LAUSD_2022_2025,95,The District shall not be permitted to have a student witness testify at an arbitration hearing unless the Union has been provided a reasonable opportunity to interview the witness at a time reasonably prior to the date of the hearing.,HARD,deontic:prohibition|deontic:obligation|exception,3,,,,,,
UTLA_LAU_0719,UTLA_LAUSD_2022_2025,117,The additional duties and responsibilities shall involve 2.5 hours of service per week and to total 88.5 hours per year.,HARD,deontic:obligation|threshold,3,,,,,,
UTLA_LAU_0545,UTLA_LAUSD_2022_2025,95,"If the interview is not done jointly, the Union's interview shall be in the presence of a non-involved person acceptable to both the Union and District, who would be authorized to control or terminate the interview in the event of improper conduct of the interviewer.",HARD,deontic:obligation|exception,3,,,,,,
UTLA_LAU_0717,UTLA_LAUSD_2022_2025,117,"In addition to the regular evaluation process, which determines whether or not an employee ""meets or exceeds"" District standards, UCTP participants are subject to evaluations (which may or may not be conducted in conjunction with the regular evaluation process) to determine whether the employee has ""successfully"" performed as indicated above.",SOFT,deontic:restriction|deontic:permission|exception,3,,,,,,
UTLA_LAU_0975,UTLA_LAUSD_2022_2025,152,"(i) to the extent that they may qualify for personal leaves of absence under Article XII, Section 17.0, or (ii) to the extent that they may resign with right to reinstate to an opening within 39 months, pursuant to applicable law. c.",SOFT,deontic:permission|threshold,3,,,,,,
UTLA_LAU_1451,UTLA_LAUSD_2022_2025,222,"Accordingly, it is expressly understood that all such matters, as well as any other questions or issues relating to COBRA, are excluded from the grievance and arbitration provisions of Article V (Grievance Procedures). 10.0 Miscellaneous Provisions: 10.1 If any premium is refunded by a Plan carrier/administrator, it shall be retained by the District, unless it is the result of a direct payment made by an employee in which case it shall be refunded to the employee.",HARD,deontic:obligation|exception,3,,,,,,
UTLA_LAU_1262,UTLA_LAUSD_2022_2025,195,Time required to be utilized for participation in IEPs and conferencing with the student’s regular school teacher shall be paid their regular rate subject to availability of Chanda Smith funds. 35.3 Part-time Home School Teachers (Non-contract employees) Home School Teachers not interested in an assignment as a contract employee shall remain hourly but only if they are District retirees.,HARD,deontic:obligation|exception,3,,,,,,
UTLA_LAU_1879,UTLA_LAUSD_2022_2025,293,This Option 1 shall apply unless the principal and Chapter Chair agree that Option 2 or 3 is preferable.,HARD,deontic:obligation|exception,3,,,,,,
UTLA_LAU_0951,UTLA_LAUSD_2022_2025,149,"The parties agree that the Plan is subject to modification to achieve this goal, and that, if necessary, the District may substitute for Section 5.0's requirement of placing funds in an investment pool, a requirement that deferred incentive payments be subject to a growth factor without a requirement that the payments be set aside for the employee in any particular manner. 9.0 Contingency: The above plan shall be implemented for the 2000-01, 2001-02, and 2002-03 school years.",HARD,deontic:obligation|deontic:permission|exception,3,,,,,,
UTLA_LAU_0530,UTLA_LAUSD_2022_2025,94,"However, this right shall not extend to routine conferences or to any conferences conducted under the evaluation procedures of this Article except for a final conference involving an overall ""Below Standard"" rating. f.",HARD,deontic:prohibition|deontic:obligation|exception,3,,,,,,
UTLA_LAU_0939,UTLA_LAUSD_2022_2025,146,"No employee shall be permitted to participate in both this plan and the Substitute Pay Pool Reserve Program. 3.0 Computation of Annual Incentive Payments: The maximum possible number of days subject to the Plan's annual incentive payments shall be equal to the number of illness days (hours) actually earned by the employee during the school year or ten (10) days, whichever is less.",HARD,deontic:obligation|deontic:prohibition|exception,3,,,,,,
UTLA_LAU_1267,UTLA_LAUSD_2022_2025,195,"Teachers must work in the classroom for a minimum of 60% of the day - - or, four periods in a secondary school to earn 100% of the 15% increase in compensation.",HARD,deontic:obligation|threshold,3,,,,,,
UTLA_LAU_0747,UTLA_LAUSD_2022_2025,123,"All other employees, including substitutes, may qualify for certain paid or unpaid absences with no right to return, but are not eligible for leaves except for family care and medical leave, if eligible. 2.1 Subject to the restrictions specified in Article XIX, a day-today substitute or temporary employee may be paid for certain absences as specified in this Article, provided the employee was serving and not released at the close of the working day immediately preceding the day for which paid absence is requested; and the paid absence shall cease with either the return to service of the absent employee whom the day-to-day substitute was replacing or with the end of the projected assignment, whichever occurs first.",HARD,deontic:obligation|deontic:permission|exception,3,,,,,,
UTLA_LAU_0941,UTLA_LAUSD_2022_2025,146,The funds remaining in the substitute accounts for each of the following school years: 2004-05 and 2005-06 shall be allocated as an incentive payment subject to negotiations which shall commence with in ten working days from the date the substitute account balance for the above year is determined.,HARD,deontic:obligation|exception,3,,,,,,
UTLA_LAU_0942,UTLA_LAUSD_2022_2025,147,"Article XII-A – Attendance Incentive Plan Career Accrual as of Payment for any Incentive Day Annual Close of School Year for Current Year Maximum Illness leave use reduced 10% for all employees: Less than 50 days: $25 $250 50 to 99 days: 30 300 100 to 149 days: 40 400 150 + days: 50 500 Illness leave use reduced 20% for all employees: Less than 50 days: $40 $400 50 to 99 days: 60 600 100 to 149 days: 70 700 150 + days: 80 800 Illness leave use reduced 50% for all employees: Less than 50 days: $ 80 $ 800 50 to 99 days: 100 1,000 100 to 149 days: 130 1,300 150 + days: 150 1,500 Those employees whose full time assignment is less than six hours per day shall receive a pro-rata portion of the above incentive payments.",HARD,deontic:obligation|threshold,3,,,,,,
UTLA_LAU_0239,UTLA_LAUSD_2022_2025,53,"Preparation periods scheduled during the first period of the instructional day are to be distributed equitably among the staff over a period of time. 7.0 Elementary Preparation Period: Each regular elementary classroom teacher shall be provided with a daily period of preparation of 27 minutes within the minimum on-site obligation (17 minutes before school, 10 minutes after school).",HARD,deontic:obligation|threshold,3,,,,,,
UTLA_LAU_0238,UTLA_LAUSD_2022_2025,53,"Preparation periods are to be used for professional duties including preparation for class and conferences with parents, students and staff members; during the preparation period the employee shall not be expected to perform supervisory or classroom teaching functions except as reasonably needed to provide such services during school related activities, during emergencies, or when replacement or auxiliary pay is received pursuant to Article XIV, Sections 25.0 and 28.0.",HARD,deontic:prohibition|deontic:obligation|exception,3,,,,,,
UTLA_LAU_0943,UTLA_LAUSD_2022_2025,147,"Those whose regular rate is lower will have a lesser proportionate payment formula. 4.0 Annual Cash Payment to Employee: Half of the annual incentive payment resulting from the above calculations shall be paid to the employee as a cash payment (subject to legally required deductions) following the end of the school year that the payment relates to. 5.0 Annual Payment to Attendance Incentive Reserve Fund: Half of the annual incentive payment will be placed in an account established for the employee in the Attendance Incentive Reserve Fund (""the Reserve Fund"").",HARD,deontic:obligation|exception,3,,,,,,
UTLA_LAU_0236,UTLA_LAUSD_2022_2025,53,Any lunch break longer than 45 minutes shall require agreement between the site administrator and a majority of the staff.,HARD,deontic:obligation|threshold,3,,,,,,
UTLA_LAU_0944,UTLA_LAUSD_2022_2025,148,"Article XII-A – Attendance Incentive Plan 6.0 Eventual Distribution of Reserve Fund Payments and Earnings: Following retirement or separation from District employment, the employee's accumulated share of the Reserve Fund shall be distributed to the employee, subject to legally required deductions and the deduction provisions of Section 7.0 below. 7.0 Deductions from Employee's Reserve Fund Account: Prior to distribution of an employee's accumulated share of the Reserve Fund following retirement or separation from District employment, the District Reserve Fund shall deduct from the employee's account balance an amount calculated as follows: For each of the employee's final three years of active District employment (including paid leaves but excluding unpaid leaves) there shall be a deduction made for each day utilized that year for illness and personal necessity in excess of the employee's individual annual maximum as described in 3.0 above.",HARD,deontic:obligation|exception,3,,,,,,
UTLA_LAU_1266,UTLA_LAUSD_2022_2025,195,The additional compensation shall be implemented in the following manner: Each qualified employee in permanent or probationary status shall receive compensation at their daily rate for actually working a number of additional days/hours equal to 71/2% of their work year ( 92 hours) and shall also receive a differential of 71/2% per year for a total of 15% increase in compensation above their base rate.,HARD,deontic:obligation|threshold,3,,,,,,
UTLA_LAU_0946,UTLA_LAUSD_2022_2025,148,"Any such deductions will be returned to the District. 7.1 Attendance Incentive Plan Penalty Clause: All participants who have a separation date of July 1, 1997 and thereafter, may be subject to AIP penalty.",SOFT,deontic:permission|exception,3,,,,,,
UTLA_LAU_1872,UTLA_LAUSD_2022_2025,291,In the event of any change in the size of a council the basic 5050 ratio shall be maintained.,HARD,deontic:obligation|exception,3,,,,,,
UTLA_LAU_1874,UTLA_LAUSD_2022_2025,292,"Small Schools--are defined as follows, and shall have the size of school leadership council indicated, unless the principal and Chapter Chair jointly determine that a larger or smaller council is appropriate: Size of School Size of Council 6 or fewer teachers 6 (3 teacher reps) 7-15 teachers 8 (4 teacher reps) 16-25 teachers 12 (6 teacher reps) When the Council is limited to 6 positions, the principal, UTLA Chapter Chair and parent/community representative shall determine whether the sixth seat is to go to a student representative or to a representative of the classified employees. e.",HARD,deontic:obligation|exception,3,,,,,,
UTLA_LAU_0226,UTLA_LAUSD_2022_2025,52,"These meetings should not, except in special circumstances or emergencies, exceed one hour in duration.",SOFT,deontic:preference|exception,3,,,,,,
UTLA_LAU_0949,UTLA_LAUSD_2022_2025,148,The assets of the Fund shall be subject to the customary controls and procedures of the Los Angeles County Treasurer's office.,HARD,deontic:obligation|exception,3,,,,,,
UTLA_LAU_1876,UTLA_LAUSD_2022_2025,292,"When there are 3 or less teachers at a center the size of the council will be determined by the site administrator and the Chapter Chair (council cochairs), subject to the 50-50 ratio; in the event the co-chairs cannot reach agreement on the size or composition of the Council, the dispute shall be submitted to the co-chairs of the Central Council for resolution. f.",HARD,deontic:obligation|exception,3,,,,,,
UTLA_LAU_1426,UTLA_LAUSD_2022_2025,218,"No other dependents or family members are eligible for coverage, except that disabled children who meet the disability standards of the plan(s) and who have been enrolled prior to age nineteen (19) or, who were first enrolled as eligible full-time students prior to the disabling condition, may continue to be covered beyond age nineteen (19). c.",SOFT,deontic:permission|exception,3,,,,,,
UTLA_LAU_0306,UTLA_LAUSD_2022_2025,64,"Dispute Resolution Procedure (Elementary Grade Assignments For Permanent Teachers): If differences arise as the result of the site administrator’s assignments of permanent teachers (but not as the result of the assignment of non-permanent teachers, whose assignments are not subject to any dispute resolution or grievance procedure) pursuant to subsections c and d immediately above, the determination as to whether the assignment was inappropriate shall be handled under the procedures of Article V-A. g.",HARD,deontic:obligation|exception,3,,,,,,
UTLA_LAU_0300,UTLA_LAUSD_2022_2025,63,Such grade level assignments of non-permanent teachers shall be for a period of two years unless the site administrator subsequently determines with documentation that any specific assignment does not meet educational program needs or the site administrator and the teacher otherwise agree.,HARD,deontic:obligation|exception,3,,,,,,
UTLA_LAU_1729,UTLA_LAUSD_2022_2025,266,"(2) for a period of time which exceeds one month, a referral may be made to the Workload/Caseload committee unless otherwise prohibited or inconsistent with applicable law or the Modified Consent Decree.",SOFT,deontic:permission|exception,3,,,,,,
UTLA_LAU_1397,UTLA_LAUSD_2022_2025,214,"Part-time contract employees described in Article XIII, Section 1.3 and new employees hired effective July 1, 1993 or later working one half-time with the other one-half time covered by a leave under Article XII, Section 21.1 may be eligible to receive a District contribution to the health and welfare benefits package that is prorated to the hours of contract service (e.g., a half-time teacher receives 3/6ths or 50 percent of the contribution cost for the full health and welfare benefits package); however, in order to receive the benefit of the prorated contribution, the employee must contribute the balance of the full cost. d.",HARD,deontic:obligation|deontic:permission|threshold,3,,,,,,
UTLA_LAU_1360,UTLA_LAUSD_2022_2025,211,"Proposed changes in the existing kinds and levels of benefits shall be submitted as recommendations to the Board of Education, which shall thereafter be subject to the provisions set forth in section 2.1 below. e.",HARD,deontic:obligation|exception,3,,,,,,
UTLA_LAU_1359,UTLA_LAUSD_2022_2025,211,"Authority - - Subject to the terms of subsection g. below, the Committee shall have the sole and exclusive right, and duty, to design the Health and Welfare programs of the District, within the cost parameters of the District budget established for that purpose and in effect at the time.",HARD,deontic:obligation|exception,3,,,,,,
UTLA_LAU_1679,UTLA_LAUSD_2022_2025,258,"Counseling, registration, and orientation classes (STEP classes) shall not be subject to this provision. 2022-2025 UTLA Contract 240",HARD,deontic:prohibition|deontic:obligation|exception,3,,,,,,
UTLA_LAU_1678,UTLA_LAUSD_2022_2025,258,"Alleged violations of the procedures set forth in section C. above are subject to the grievance procedure of Article V; the substance of the assignment decision is not. 5.0 The District has committed to replace tenured Adult Education positions which are lost due to attrition (resignation, retirement, death) provided that funding to DACE is equal to or greater than the available funding for the previous year and there is documented student need (e.g., increased enrollment, individualized student plans) in the subject area(s) for the positions. 5.1 Adult Education Preparation Time: Beginning with the 20232024 school year, DACE teachers shall be assigned the equivalent of one",HARD,deontic:obligation|exception,3,,,,,,
UTLA_LAU_1676,UTLA_LAUSD_2022_2025,258,"Dispute Resolution Procedure (Adult Education Class Assignments For Permanent Teachers): In the case of a dispute as to the assignment of a permanent adult education teacher to a position (but not as the result of the assignment of non-permanent teachers, whose assignments are not subject to any dispute resolution or grievance procedure), the dispute shall be resolved solely pursuant to the procedures of Article V-A, subject to the following: The Joint Panel charged with resolving the dispute under Article V-A shall have the authority to overrule a site administrator’s adult teacher’s assignment to a position only upon a specific finding that the positions is arbitrary and capricious.",HARD,deontic:obligation|exception,3,,,,,,
UTLA_LAU_0834,UTLA_LAUSD_2022_2025,133,"Except as in I., above, and (1), below, The total number of days allowed in one school year for personal necessity absence shall not exceed six days per school year for a probationary, permanent or provisional contract employee, or subject to the restrictions specified in Article XIX, three days per school year for a day-to-day substitute employee.",HARD,deontic:prohibition|deontic:obligation|exception,3,,,,,,
UTLA_LAU_0778,UTLA_LAUSD_2022_2025,127,"To be eligible for the leave, an employee does not have to have worked 1,250 hours in the previous 12 months, but must have been employed for 12 months by the District. a.",HARD,deontic:obligation|threshold,3,,,,,,
UTLA_LAU_1352,UTLA_LAUSD_2022_2025,210,"At such time as any state or national legislation is enacted into law that appears to impact the reserve set forth in section 2(d) above, the impact and implementation thereof, if any, shall be subject to the management and control of the HBC through its regular “recommendation process” and the negotiations process set forth herein. 2.0 Plan Revisions Through the District-wide Health Benefits Committee: A District-wide Health Benefits Committee shall be formed. a.",HARD,deontic:obligation|exception,3,,,,,,
UTLA_LAU_1351,UTLA_LAUSD_2022_2025,210,Such reserve shall be subject to the management and control of the HBC through its regular “recommendation process” and the negotiations process set forth herein. e.,HARD,deontic:obligation|exception,3,,,,,,
UTLA_LAU_1745,UTLA_LAUSD_2022_2025,268,Additional compensation shall not be provided under a or b above when the prescribed ratio is exceeded during transition from one activity to another for periods of up to 20 minutes. 2022-2025 UTLA Contract 250,HARD,deontic:prohibition|deontic:obligation|threshold,3,,,,,,
UTLA_LAU_0380,UTLA_LAUSD_2022_2025,72,"Only a failure or refusal to provide the reasons upon request shall be grievable. 12.0 Uniform Staffing Procedure for Itinerant Assignments: Dependent on the administrative structure of the itinerant department, the District shall provide itinerant employees with a tentative list of available positions or programs/regions/Local Districts/administrative/supervisory areas prior to the distribution of the preference form, however the parties acknowledge that the tentative list is based on projections and therefore subject to change.",HARD,deontic:obligation|exception,3,,,,,,
UTLA_LAU_0461,UTLA_LAUSD_2022_2025,84,"While the entire evaluation cycle is an inherently collaborative and reflective process, the written “reflection” elements of the evaluation cycle are to be considered voluntary and optional for the employee. 6.0 Final Evaluation Report: Not less than 30 calendar days before the last regularly scheduled school day of the employee’s scheduled work year in which the evaluation takes place, the evaluator shall prepare and issue the Final Evaluation Report in which the employee’s overall performance and progress toward objectives is evaluated.",HARD,deontic:obligation|threshold,3,,,,,,
UTLA_LAU_0775,UTLA_LAUSD_2022_2025,127,"This is the only exception to the general rule that paid leaves may only be taken from active status. 10.3 Physician Certifications: A pregnant employee shall be permitted to continue on active duty until such date as she and her physician determine that she must absent herself due to pregnancy disability, provided that she can and does continue to perform the full duties and responsibilities of her position.",HARD,deontic:obligation|deontic:obligation|deontic:permission|exception,3,,,,,,
UTLA_LAU_1671,UTLA_LAUSD_2022_2025,258,"To qualify for a year of longevity service, the individual must have served at least 380 hours during that school year excluding summer school. b.",HARD,deontic:obligation|threshold,3,,,,,,
UTLA_LAU_1346,UTLA_LAUSD_2022_2025,209,"It is jointly acknowledged and agreed that cost containment and related potential Plan changes must continue to be a high priority for the coming years. 1.1 The District shall fully fund the employee health and welfare benefits for calendar year 2007 by increasing its contractual contribution to cover the actual costs of the current plans, up to but not to exceed $803.4 million, subject to fluctuation in participants as set forth herein.",HARD,deontic:obligation|deontic:obligation|exception,3,,,,,,
UTLA_LAU_0371,UTLA_LAUSD_2022_2025,70,"Claimed violations of the above five-year limitation rules and procedures shall be handled solely under the Alternative Grievance Procedures of Article V-A. 10.0 Five-Year Out-of-Classroom Assignment Limitations at NonSchool Sites: Subject to the exceptions set forth below, all employees who are assigned to nonschool positions within the bargaining unit (excluding librarians, counselors, nurses and personnel paid on the Support Services Salary Schedule), shall not 2022-2025 UTLA Contract 52",HARD,deontic:prohibition|deontic:obligation|exception,3,,,,,,
UTLA_LAU_0847,UTLA_LAUSD_2022_2025,134,The employee shall reimburse the District for the cost of the sabbatical salary and benefits in the event of non-compliance with any of 2022-2025 UTLA Contract 116,HARD,deontic:obligation|exception,3,,,,,,
UTLA_LAU_0848,UTLA_LAUSD_2022_2025,135,"Article XII – Leaves and Absences the sabbatical regulations except for reason of death or physical or mental disability. 15.1 Sabbatical leave applications shall be filed by April 15, and once approved under paragraph 15.0 c. shall be considered on a priority basis; if more employees request sabbatical leaves for any school year than there are funds budgeted, the employees with the most complete semesters served in the District (or served since the last sabbatical, whichever is applicable) shall be granted the leave.",HARD,deontic:obligation|exception,3,,,,,,
UTLA_LAU_0825,UTLA_LAUSD_2022_2025,132,"If the employee continues to receive temporary disability indemnity, the employee shall be paid for any illness and vacation benefits which, when added to the temporary disability indemnity, will result in a payment of not more than full normal salary. 13.2 An employee absent under this section shall remain within the State of California unless the District authorizes the travel outside the State. 14.0 Personal Necessity Leaves or Absence (Paid): Subject to the limits set forth below, an employee shall be granted a paid personal necessity leave when the gravity of the situations described below require the personal attention of the employee during assigned hours of service: a.",HARD,deontic:obligation|exception,3,,,,,,
UTLA_LAU_0821,UTLA_LAUSD_2022_2025,131,Determination whether the injury is disabling beyond the 60 day period shall be made in the reasonable medical judgment of the employee health coordinator.,HARD,deontic:obligation|threshold,3,,,,,,
UTLA_LAU_1341,UTLA_LAUSD_2022_2025,207,"Evidence of satisfactory completion of the employment must be submitted at its conclusion. 19.4 Except in the case of an employee who is on leave of absence, the employment required in an educational work experience project must be undertaken and completed during the summer vacation period or during the off-track periods (excluding paid vacation time). 19.5 Two consecutive weeks of approved employment shall be the minimum period of employment for an educational work experience project.",HARD,deontic:obligation|deontic:obligation|exception,3,,,,,,
UTLA_LAU_0816,UTLA_LAUSD_2022_2025,131,"If the employee was physically injured during an act or acts of violence related to and during the performance of assignment duties, then the leave of absence may be extended beyond the initial 60 day period.",SOFT,deontic:permission|threshold,3,,,,,,
UTLA_LAU_1383,UTLA_LAUSD_2022_2025,213,Any agreements reached shall reduced to writing and subject to normal ratification procedures.,HARD,deontic:obligation|exception,3,,,,,,
UTLA_LAU_0429,UTLA_LAUSD_2022_2025,80,"Also, employees who have been made aware of the fact that they are under investigation are obligated to avoid any direct or indirect contact with potential witnesses or any other conduct affecting the integrity of the investigation, and may be reassigned due to failure to do so. 3.0 Notice of Reasons for Temporary Reassignment Pending Investigation: In the event of a temporary reassignment to a different school (or to home), the employee shall within three",HARD,deontic:obligation|deontic:permission|exception,3,,,,,,
UTLA_LAU_1702,UTLA_LAUSD_2022_2025,261,"However, if the reason that the employee has not served on the Hourly Rate Schedule for more than 39 months is that the employee was serving in a non-classroom position within the Adult Program, then the employee shall be restored to his or her previous higher step.",HARD,deontic:obligation|threshold,3,,,,,,
UTLA_LAU_1703,UTLA_LAUSD_2022_2025,261,"This last sentence becomes effective 30 days from the adoption of this Agreement, prospectively; an employee disadvantaged by the prior rule shall be re-rated at their previous higher step (plus step advancements earned after return to the Hourly Rate Schedule) effective 30 days from the adoption of this Agreement, but there shall be no retroactive pay relating to any prior time. 2022-2025 UTLA Contract 243",HARD,deontic:obligation|threshold,3,,,,,,
UTLA_LAU_0426,UTLA_LAUSD_2022_2025,79,"Subject to the foregoing, the fact that various Instructional Coach services are provided shall stand as evidence that the District has provided part of its required program of assistance under Section 5.0 of Article X, but shall not satisfy the District’s obligations under said section. 2022-2025 UTLA Contract 61",HARD,deontic:prohibition|deontic:obligation|exception,3,,,,,,
UTLA_LAU_0802,UTLA_LAUSD_2022_2025,130,"Any other employee who resigns or is otherwise terminated and returns within 12 calendar months of the last date of paid service, shall be restored the number of hours of full-pay illness absence to which entitled, unless such has been transferred to another agency. 12.11 Catastrophic Illness Leave Program: Eligible employees may apply to receive full-pay illness donations through the District’s Program of Donation for Catastrophic Illness and abide by its terms and conditions.",HARD,deontic:obligation|deontic:permission|exception,3,,,,,,
UTLA_LAU_0423,UTLA_LAUSD_2022_2025,79,"Program Evaluation: Because the Instructional Coach program is an integral part of the District's overall Professional Development effort, the evaluation of the Instructional Coach program, and its methods, utilization, focus and effectiveness (including the training and preparation of the Coaches, as well as the training programs provided by the Coaches) shall be subject to review, consideration and recommendations by the Professional Development Advisory Committee pursuant to Article IX-B, Section 3.0.",HARD,deontic:obligation|exception,3,,,,,,
UTLA_LAU_0797,UTLA_LAUSD_2022_2025,129,Pay for absence shall not be made in increments of less than .3 hours (18 minutes). 12.8 An employee who is absent shall be required to certify the reason for absence.,HARD,deontic:prohibition|deontic:obligation|threshold,3,,,,,,
UTLA_LAU_1707,UTLA_LAUSD_2022_2025,262,"Compensation under this section shall not exceed $1,250 per semester. 3.0 In accordance with California Education Code Section 56195.8 (c), the maximum class caseload for an RSP teacher shall be 28. 4.0 IEP Meetings: Except in unusual circumstances, IEP meetings shall be held at the student’s local school of attendance. 4.1 IEP Rights: Release Time/Substitute Coverage: a.",HARD,deontic:prohibition|deontic:obligation|exception,3,,,,,,
UTLA_LAU_0796,UTLA_LAUSD_2022_2025,129,"The amount of illness absence taken in any pay period shall not be in excess of the illness absence accumulated by the close of the pay period immediately preceding the illness absence, except as provided in paragraph 12.3.",HARD,deontic:prohibition|deontic:obligation|exception,3,,,,,,
UTLA_LAU_0795,UTLA_LAUSD_2022_2025,129,"Further illness absence shall be non-paid absence, unless the employee requests use of any accrued vacation.",HARD,deontic:obligation|exception,3,,,,,,
UTLA_LAU_1386,UTLA_LAUSD_2022_2025,213,"Notwithstanding the provisions of any negotiated contract between the parties (the District and all unions/associations), or the status of negotiations between the District and each individual union/association, if the statutory impasse process is exhausted, and agreement is not reached over the subject of health and welfare benefits, and if the District imposes its last best offer, all parties to this agreement shall have the right to engage in and respond to lawful concerted activities.",HARD,deontic:obligation|exception,3,,,,,,
UTLA_LAU_1711,UTLA_LAUSD_2022_2025,263,"Release time will be provided for Itinerants, for whom there are no available substitutes. 5.0 Special Education Facilities: When locating and utilizing classrooms and facilities for Special Education, the District shall make a reasonable effort to integrate students with disabilities in the general education program. 6.0 Special Education Moving Assistance: In case of required change in teaching location and/or room assignment for SDP teachers and RST's, during the school year, the District shall provide reasonable assistance for moving heavy equipment and supplies. 7.0 In the event of an unforeseen emergency impacting another special education instructional program, whenever possible, the administrator will consult the affected teacher at least twenty-four (24) hours before temporarily reassigning a paraprofessional from an assigned classroom.",HARD,deontic:obligation|exception,3,,,,,,
UTLA_LAU_0792,UTLA_LAUSD_2022_2025,129,This requirement shall be waived in the event of the employee's death or physical or mental disability. 12.6 Unused full-pay illness absence credit shall be cumulative from year to year without limitation.,HARD,deontic:obligation|exception,3,,,,,,
UTLA_LAU_0441,UTLA_LAUSD_2022_2025,81,"Because the Education Code (Section 44664) makes these evaluation-frequency decisions entirely discretionary and individualized, any decision to grant, deny or withdraw consent shall not be subject to the grievance procedures of this Agreement.",HARD,deontic:prohibition|deontic:obligation|exception,3,,,,,,
UTLA_LAU_0411,UTLA_LAUSD_2022_2025,78,"The goal of Instructional Coaches is to increase the opportunity for success of teachers and students by demonstrating, teaching and inspiring excellence in the profession. 2.0 Qualifications, Duties, Assignment Basis and Compensation: The Bulletin periodically issued by the Division of Instruction regarding Instructional Coaches shall continue to be subject to review and revision through discussions between UTLA staff and the District's Office of Labor Relations, as in the past.",HARD,deontic:obligation|exception,3,,,,,,
UTLA_LAU_0409,UTLA_LAUSD_2022_2025,77,Two existing bargaining unit members shall continue in their current positions working with the National Board Certification (NBC) program and Point Credit/New Teacher Academy until expiration of their five-year term unless extended by mutual agreement.,HARD,deontic:obligation|exception,3,,,,,,
UTLA_LAU_0444,UTLA_LAUSD_2022_2025,82,"Employees newly assigned to a school later than the last workday of the eighth week of the Fall term shall not be subject to evaluation that year, except in situations where the employee does not have permanent status or has received a below-standard evaluation in the previous academic year. 4.0 Establishment of Objectives: a.",HARD,deontic:prohibition|deontic:obligation|exception,3,,,,,,
UTLA_LAU_0814,UTLA_LAUSD_2022_2025,131,"When the employee files the report of injury or illness, the site administrator shall notify the UTLA Chapter Chairperson of the reported injury unless the employee requests that the matter not be so disclosed.",HARD,deontic:obligation|exception,3,,,,,,
UTLA_LAU_0468,UTLA_LAUSD_2022_2025,85,"Evaluation forms shall not be considered a public record. 6.3 Grievances: Evaluations are not subject to the grievance procedures of Article V, except when the final overall evaluation is ""Below Standard."" However, if the overall evaluation is “Exceeds Standards” or ""Meets Standards"" but there is a significant disparity between that rating and the negative comments on the form, the evaluation shall be subject to the grievance procedure on the same basis as it would have been had the overall rating been Below Standard.",HARD,deontic:prohibition|deontic:obligation|exception,3,,,,,,
UTLA_LAU_0469,UTLA_LAUSD_2022_2025,85,"Expedited arbitration procedures will be utilized when the threshold issue of ""significant disparity"" is submitted to a preliminary hearing for determination as to whether the case is subject to the grievance procedure (see Article V, Sections 13.0 and 15.0). 6.4 The final overall evaluation rating of “Meets Standards” shall not be treated as the equivalent of “Below Standard” for purposes of accountability as described in other parts of this article or other parts of this Agreement.",HARD,deontic:prohibition|deontic:obligation|exception,3,,,,,,
UTLA_LAU_0749,UTLA_LAUSD_2022_2025,124,"Article XII – Leaves and Absences 3.0 Rights Upon Return: Any employee returning from the leaves listed in this section of one calendar year or less shall be returned to the location from which leave was taken, except that the employee may be transferred pursuant to Article XI, Transfers, if such a transfer would have been made had the employee been on duty.",HARD,deontic:obligation|deontic:permission|exception,3,,,,,,
UTLA_LAU_0331,UTLA_LAUSD_2022_2025,66,Any claims alleging violation of the above procedures shall be subject to the alternate grievance procedures of Article V-A. 5.0 Required Elections of School-site Coordinators and Deans: Elections for the positions of full time coordinator or dean shall be conducted in the late spring prior to the preparation of the matrix of classes pursuant to Sections 6.0 and 7.0 below.,HARD,deontic:obligation|exception,3,,,,,,
UTLA_LAU_1789,UTLA_LAUSD_2022_2025,277,"The administrator shall as soon as possible, and no later than 24 hours prior to the proposed appearance, approve or disapprove the guest speaker, after considering the following factors: a. competency of the proposed speaker to address the proposed subject, including the speaker's experience, training and expertise; b. the educational value of the proposed program or address; and c. whether the proposed presentation, in the context of the teacher's overall instructional program, is consistent with the standards of Academic Freedom and Responsibility contained in Section 1.0 above.",HARD,deontic:obligation|threshold,3,,,,,,
UTLA_LAU_1790,UTLA_LAUSD_2022_2025,277,"If the proposed guest speaker meets all of the criteria of 1.0 and 1.1 except 1.0 c., the proposed presentation may nonetheless be approved if the overall presentation in question adequately presents the opposing points of view (e.g., by providing a balancing advocate speaker, film, etc.). 1.2 Appeal Procedure: If lesson content (including instructional materials, publications, videotapes, films, graphics, etc.) or a proposed guest speaker is the subject of a challenge or complaint to the site administrator by a student, parent, administrator or other person, the teacher shall be given appropriate notice and a reasonable opportunity to respond.",HARD,deontic:obligation|deontic:permission|exception,3,,,,,,
UTLA_LAU_0880,UTLA_LAUSD_2022_2025,138,"Unless the employee is an official representative of the organization or is participating as a workshop leader or speaker at the conference or convention, the attendance must not necessitate assignment of a substitute for the employee or the payment of replacement teacher salary; c.",HARD,deontic:prohibition|deontic:obligation|exception,3,,,,,,
UTLA_LAU_0488,UTLA_LAUSD_2022_2025,87,"Because of the significant role played by teachers and UTLA in the PAR process, no disputes or claims relating to the decisions or actions of the PAR Panel or of Consulting Teachers shall be subject to the grievance and arbitration provisions of this Agreement. 10.0 PAR Program Description: There are three service components of the PAR program: a.",HARD,deontic:obligation|exception,3,,,,,,
UTLA_LAU_0490,UTLA_LAUSD_2022_2025,88,"Subject to the funding and priorities described above, the level of support provided to Participating Teachers shall be:",HARD,deontic:obligation|exception,3,,,,,,
UTLA_LAU_0320,UTLA_LAUSD_2022_2025,65,"Elected chairpersons are subject to removal only for cause, and disputes arising from such removals shall be subject to expedited arbitration the same as suspensions. 3.2 Department Chairs shall, as a minimum, have the right to consult with, and make recommendations to, the site administrator or designee with respect to allocation of the department's budget funds, establishment of the department's class offerings, assignments of department members to specific classes, and balancing department classes pursuant to Article XVIII, Section 4.0 (Class Size). 2022-2025 UTLA Contract 47",HARD,deontic:obligation|exception,3,,,,,,
UTLA_LAU_1798,UTLA_LAUSD_2022_2025,279,"Article XXV – Academic Freedom and Responsibility 3.0 Determination of Grades: The grade to be given to any individual student shall be determined in the good faith professional judgment of the teacher and shall not be changed by the District except in situations of clerical or mechanical mistake, fraud, bad faith, incompetency, or failure to comply with the then-current District grading policies, procedures and criteria adopted in accordance with Education Code Sections 49066 and 49067.* A grade shall not be changed for any of the above reasons unless the responsible teacher has, to the extent practical,",HARD,deontic:prohibition|deontic:obligation|exception,3,,,,,,
UTLA_LAU_1799,UTLA_LAUSD_2022_2025,279,"Claimed violations of this section are subject to the grievance procedures of Article V. 4.0 Academic Freedom and Ethnic Studies: Teachers shall be supported and provided with ongoing resources, support and curriculum in order to successfully implement Ethnic Studies and culturally and linguistically responsive pedagogy.",HARD,deontic:obligation|exception,3,,,,,,
UTLA_LAU_0316,UTLA_LAUSD_2022_2025,65,"Except in shortage fields as provided below, Chairpersons shall be required to have permanent status and in secondary schools shall be required to possess a regular credential in their subject field unless there are no candidates fitting these qualifications.",HARD,deontic:obligation|exception,3,,,,,,
UTLA_LAU_0754,UTLA_LAUSD_2022_2025,124,"No employee shall be eligible for a permissive leave from the District who has had three semesters of permissive leave during the six semesters immediately preceding the requested leave, except as provided in Section 11.0, 17.0 and 21.0.",HARD,deontic:obligation|deontic:prohibition|exception,3,,,,,,
UTLA_LAU_1310,UTLA_LAUSD_2022_2025,201,"In addition, salary point credit may be granted for university credit awarded for student teaching pursuant to an accredited teacher preparation program. 6.0 No Credit for Study Used to Meet Minimum Requirements: Except as otherwise provided, units completed prior to earning a Bachelor’s degree are not eligible for salary point credit.",SOFT,deontic:permission|exception,3,,,,,,
UTLA_LAU_0888,UTLA_LAUSD_2022_2025,139,"In the case of nonclassroom health and human services employees, the total number of approved half-time leaves shall not exceed a maximum of 10% of the full-time equivalent positions in the classification.",HARD,deontic:prohibition|deontic:obligation|threshold,3,,,,,,
UTLA_LAU_0753,UTLA_LAUSD_2022_2025,124,"Employees returning from leaves other than as provided above may be subject to transfer pursuant to Article XI. 4.0 Restrictions: An unpaid leave or absence may not be converted to a paid leave or absence, except in the case of pregnancy disability as provided in Section 10.2 of this Article.",SOFT,deontic:restriction|deontic:permission|exception,3,,,,,,
UTLA_LAU_1308,UTLA_LAUSD_2022_2025,201,"For example, a course for which a university awards one semester unit, but which has only twelve (12) contact hours, will be credited as .8 semester units for salary advancement purposes. 4.0 Point Credit for Study Completed Prior to Effective Date of Assignment: Point credit may be allowed for successful completion of Professional Development point project courses (“P” and “NA Approved) prior to the effective date of assignment to the Preparation Salary Table provided that the employee concerned either: a.",SOFT,deontic:permission|exception,3,,,,,,
UTLA_LAU_0495,UTLA_LAUSD_2022_2025,89,"Also, National Board Certified teachers may be utilized as part of this same pool, as part of their 92-hour obligation, subject to whatever NBC assignment procedures are in effect at the time. 12.0 PAR Consulting Teacher Qualifications and Selection Criteria: a.",SOFT,deontic:permission|exception,3,,,,,,
UTLA_LAU_0308,UTLA_LAUSD_2022_2025,64,(1) Assignments to leadership classes and all athletic assignments shall not be subject to any dispute resolution procedure.,HARD,deontic:prohibition|deontic:obligation|exception,3,,,,,,
UTLA_LAU_0307,UTLA_LAUSD_2022_2025,64,"Dispute Resolution Procedure (Secondary Class Assignments For Permanent Teachers): In the case of a dispute as to the assignment of a permanent secondary teacher to classes (but not as the result of the assignment of non-permanent teachers, whose assignments are not subject to any dispute resolution or grievance procedure), the dispute shall be resolved solely pursuant to the procedures of Article V-A, subject to the following:",HARD,deontic:obligation|exception,3,,,,,,
UTLA_LAU_0551,UTLA_LAUSD_2022_2025,96,"(vi) Exchange of track assignments or exchange days; or (vii) Auxiliary periods and other auxiliary services involving extra-pay for extra work, but excluding coaching and activity assignments. 6.0 Suspension or Reassignment Due to Mental Incompetence: The District shall, in cases of employee incompetence caused by mental illness, follow the appropriate statutory procedures.",HARD,deontic:obligation|exception,3,,,,,,
UTLA_LAU_1638,UTLA_LAUSD_2022_2025,251,"The posting and notice requirements of Section 3.0 and Sections 7.0 Salary and 8.0 Hours, Duties shall apply to intersession. 11.0 Special Grievance Provision: Any employee who wishes to seek back pay due to a claimed violation of the selection and assignment rules of this Article must file a formal grievance under Article V within five",HARD,deontic:obligation|deontic:obligation|threshold,3,,,,,,
UTLA_LAU_1788,UTLA_LAUSD_2022_2025,277,"They shall request approval by the site administrator as soon as possible or, in unusual circumstances, no later than 48 hours prior to the proposed appearance.",HARD,deontic:obligation|threshold,3,,,,,,
UTLA_LAU_1787,UTLA_LAUSD_2022_2025,277,"ARTICLE XXV ACADEMIC FREEDOM AND RESPONSIBILITY 1.0 Lesson Content: In the investigation, presentation and interpretation of facts and ideas within the prescribed course of study, teachers shall be free to examine, present and responsibly discuss various points of view in an atmosphere of open inquiry, provided that the instruction, material, or discussion: a. is appropriate to the age and maturity level of the students; b. is related to and consistent with the prescribed curriculum, course of study, and textbook/materials for the class in question; and c. is a fair and balanced academic presentation of various points of view consistent with accepted standards of professional responsibility, rather than advocacy, personal opinion, bias or partisanship. 1.1 Guest Speakers: Teachers may invite guest speakers to address their classes.",HARD,deontic:obligation|deontic:permission|exception,3,,,,,,
UTLA_LAU_1338,UTLA_LAUSD_2022_2025,207,"For employees hired on-or-before June 30th, 1986, the point value shall be one salary point for each week of travel, not more than 16 salary points shall be accumulated for educational travel during the entire service of the employee. 19.0 Point Credit For Educational Work Experience Projects: Point credit shall be granted for point projects which include employment provided the employment provides a substantial increase in the employee's skill, knowledge, or understanding of the work, is in an approved business enterprise and is in a practical arts field which will lead to salable skills for students. 19.1 The Career Development office shall convene a committee including the District work experience adviser to render advice and guidance in the establishment and administration of standards and procedures relating to point projects which include employment.",HARD,deontic:obligation|threshold,3,,,,,,
UTLA_LAU_0875,UTLA_LAUSD_2022_2025,138,"(2) After request is made for service limited to ten consecutive days and, if denied, a paid absence shall be granted for up to 20 working days subject to exceptions as may be determined by the District. d.",HARD,deontic:obligation|deontic:permission|exception,3,,,,,,
UTLA_LAU_1335,UTLA_LAUSD_2022_2025,206,Fractional credit for less than the required attendance is not authorized. 18.0 Salary Point Credit for Educational Travel Projects: Salary point credit shall be allowed for educational travel subject to the following conditions: a.,HARD,deontic:obligation|exception,3,,,,,,
UTLA_LAU_0358,UTLA_LAUSD_2022_2025,69,(2) A certificated SIS Coordinator in Adult School shall be subject to confirmation elections. 7.0 Dean Election Procedure at School Sites a.,HARD,deontic:obligation|exception,3,,,,,,
UTLA_LAU_1333,UTLA_LAUSD_2022_2025,206,"To qualify for credit, participants must not miss more than two class hours in a fifteen-hour class, except that a participant may be excused by the Administrator, Professional Development Programs, to perform necessary emergency duties for the District.",HARD,deontic:prohibition|deontic:obligation|deontic:permission|exception,3,,,,,,
UTLA_LAU_1332,UTLA_LAUSD_2022_2025,205,"Several classes or meetings requiring fewer than fifteen class hours may be combined to constitute a one point Professional Development Project provided that the time totals fifteen hours and all other requirements are met. 17.0 (Effective April 26, 2005) Salary Point Credit for Participation in Professional Development Point Project Classes: Qualified employees may receive salary point credit for satisfactory participation in Professional Development Point Project Classes on the basis of one salary point for fifteen 2022-2025 UTLA Contract 187",SOFT,deontic:permission|exception,3,,,,,,
UTLA_LAU_0353,UTLA_LAUSD_2022_2025,69,The coordinator selected will serve for up to two years except that the initial term shall be limited to one year. d.,HARD,deontic:obligation|exception,3,,,,,,
UTLA_LAU_0863,UTLA_LAUSD_2022_2025,136,"To serve as a State Legislator--such leave shall be renewed annually during tenure of office, the above limitation notwithstanding; g.",HARD,deontic:obligation|exception,3,,,,,,
UTLA_LAU_0351,UTLA_LAUSD_2022_2025,68,The coordinator who is selected will serve for up to two years except that the initial term shall be limited to one year.,HARD,deontic:obligation|exception,3,,,,,,
UTLA_LAU_0349,UTLA_LAUSD_2022_2025,68,"If the nonconfirmed candidate received 40% - 50% of the votes, that candidate and other interested candidates may submit statements of interest within 24 hours in a single-track school.",SOFT,deontic:permission|threshold,3,,,,,,
UTLA_LAU_0865,UTLA_LAUSD_2022_2025,137,"Paragraphs a, c and d above are not subject to these deadlines. 18.0 Government Order Leaves (Commissions, Military, Witness, and Jury Service) 18.1 Paid leave shall be granted for service on a Commission on Professional Competence established pursuant to the Education Code. 18.2 An appropriate military leave/absence shall be granted to any qualified employee in accordance with the provisions of the Education Code and Military and Veterans Code. 18.3 A paid leave shall be granted to allow an employee to appear, in response to a subpoena duly served, when other than a litigant",HARD,deontic:obligation|exception,3,,,,,,
UTLA_LAU_0347,UTLA_LAUSD_2022_2025,68,The site administrator then need not declare the position vacant or submit a new nomination for up to two years (except that a coordinator’s first term shall be limited to one year.),HARD,deontic:obligation|exception,3,,,,,,
UTLA_LAU_1774,UTLA_LAUSD_2022_2025,273,"In no case shall the District reimbursement exceed $1000, except that the Board of Education may, upon application (see f. 2022-2025 UTLA Contract 255",HARD,deontic:obligation|deontic:permission|exception,3,,,,,,
UTLA_LAU_0765,UTLA_LAUSD_2022_2025,125,"The appropriate required credential or permit held at the time the leave was granted must be maintained, or the leave terminates and the employee is subject to termination.",HARD,deontic:obligation|exception,3,,,,,,
UTLA_LAU_1776,UTLA_LAUSD_2022_2025,274,Items damaged beyond repair or stolen shall be reimbursed at the actual value of such items (subject to the limitations herein) determined as of the time of the loss including normal allowances for depreciation. c.,HARD,deontic:obligation|exception,3,,,,,,
UTLA_LAU_0764,UTLA_LAUSD_2022_2025,125,Notification requirements for an approved family care and medical leave shall be in accordance with Section 24.4 of this Article and Government Code Section 12945.2. 7.0 Cancellation of Leave: A request by an employee for cancellation of a leave or for cancellation of a request for a leave shall be granted unless an employee other than a day-to-day substitute has been assigned to fill the employee's position at the site.,HARD,deontic:obligation|exception,3,,,,,,
UTLA_LAU_1326,UTLA_LAUSD_2022_2025,205,"Completing and submitting all required records and forms, including course evaluations by participants. 14.0 Size of Point Project Classes: Professional Development Point Project Classes shall be organized on the basis of 15 or more participants, unless otherwise determined by the Division of Instructional Services or the office or school funding the class. 15.0 Fees for Point Projects: Employees enrolled in Professional Development Point Projects are not required to pay a fee as a condition of enrollment.",HARD,deontic:obligation|exception,3,,,,,,
UTLA_LAU_0479,UTLA_LAUSD_2022_2025,86,"Any such substitute who receives a less than satisfactory reevaluation shall not be granted a probationary contract. 8.2 Evaluation of Limited Term Personnel: Limited term personnel, such as non-tenured adult Education teachers, are subject to evaluation at any time; however, a teacher shall have the right to be evaluated upon request at the end of the assignment.",HARD,deontic:prohibition|deontic:obligation|exception,3,,,,,,
UTLA_LAU_1657,UTLA_LAUSD_2022_2025,255,"NOTE: For Year Round Schools, the number of weeks and or hours per day may vary, however, the number of auxiliary hours may not exceed a total of 10 hours per session. 15.0 For any training required of these programs, the teacher will be compensated at X-bases (10thly hourly rate). 2022-2025 UTLA Contract 237",SOFT,deontic:restriction|deontic:permission|threshold,3,,,,,,
UTLA_LAU_1653,UTLA_LAUSD_2022_2025,254,"For year-round schools, the number of weeks and or hours per day may vary, however, the number of auxiliary hours may not exceed a total of 10 hours per session. 13.2 Mandatory Student Summer School/Multitrack School Intersession/Intervention Selection - Elementary: All conditions for selection described above shall apply in addition to the following: Single track calendar sites with less than the specified number of eligible students will be combined within local District and treated as a single, local site. 2022-2025 UTLA Contract 236",HARD,deontic:obligation|deontic:restriction|deontic:permission|threshold,3,,,,,,
UTLA_LAU_1321,UTLA_LAUSD_2022_2025,203,"Because it is a joint Committee, all of its decisions pursuant to sections 8.3 and 8.4 shall be considered final and binding, and not subject to grievance/arbitration procedures. 9.0 Provision for Professional Development Point Projects: Provision by the District for in-service education shall include Professional Development Point Project classes.",HARD,deontic:obligation|exception,3,,,,,,
UTLA_LAU_1906,UTLA_LAUSD_2022_2025,297,"Agenda items and supporting documents may be submitted by any committee member, at least 24 hours prior to preparation of the agenda. 2.7 Meetings: Members of the local councils could expect to attend the equivalent of two one-hour meetings per month.",SOFT,deontic:permission|threshold,3,,,,,,
UTLA_LAU_1257,UTLA_LAUSD_2022_2025,194,A contract teacher shall not be paid for service to the third student unless a reasonable effort had been made to contact that student/parent. e.,HARD,deontic:prohibition|deontic:obligation|exception,3,,,,,,
UTLA_LAU_0552,UTLA_LAUSD_2022_2025,96,"Disputes concerning such matters are not subject to the grievance procedures of Article V. 7.0 Arrest Procedures: Whenever an employee is to be arrested at the school site, the site administrator shall request the police to conduct the arrest at a time and place least visible to the students and staff. 8.0 Procedures Relating to Alleged Child Abuse: When a charge of child abuse is made against an employee and results in the filing of an official Suspected Child Abuse Report, the following procedures are applicable: 2022-2025 UTLA Contract 78",HARD,deontic:obligation|exception,3,,,,,,
UTLA_LAU_1149,UTLA_LAUSD_2022_2025,181,The employee must have been paid on the Hourly Rate Schedule for 156 hours during the previous school year.,HARD,deontic:obligation|threshold,3,,,,,,
UTLA_LAU_0079,UTLA_LAUSD_2022_2025,31,If this warrant covers several pay periods a deduction shall be made for each pay period. 4.1 Unless the employee has,HARD,deontic:obligation|exception,3,,,,,,
UTLA_LAU_1154,UTLA_LAUSD_2022_2025,181,"(2) consecutive school years.) The candidate must accrue 734 hours including hours paid as an adult education substitute and complete 30 hours of staff development, in two years.",HARD,deontic:obligation|threshold,3,,,,,,
UTLA_LAU_1539,UTLA_LAUSD_2022_2025,237,"Upon request, a Substitute working in a long-term assignment and/or a Substitute who has worked at least 100 days in each of the two preceding years shall be allowed to participate in District Professional Development Training on a space-available basis where funding is available or not required. 2.0 Incentive Plan: Incentive Plan substitutes serve in schools of particular need, as determined by the District, and thereby qualify for the daily incentive pay rate (Section 1.0c above).",HARD,deontic:obligation|threshold,3,,,,,,
UTLA_LAU_0076,UTLA_LAUSD_2022_2025,31,"UTLA agrees to hold the District harmless against any claims or liabilities arising out of any such adjustments. 2.0 Remitted to UTLA: A deposit approximating the amount of dues so deducted shall be remitted to UTLA on payday, and the reconciled amount will be supplied to UTLA within 30 days after the deductions are made, together with a list of affected employees. 3.0 Exclusive to UTLA: Payroll deductions for membership dues from employees shall be exclusive on behalf of UTLA, and no dues deductions are to be made on behalf of any other employee organization as defined in Government Code 3540.1(d). 4.0 Agency Fee/Dues Obligation: ""Commencing within thirty (30) days of employees initial employment, throughout the term of this Agreement, each employee (as defined in Article I of this Agreement) is required as a condition of continued employment either:",HARD,deontic:obligation|threshold,3,,,,,,
UTLA_LAU_1538,UTLA_LAUSD_2022_2025,236,"Such employees shall be entitled to step advancement on that schedule if qualified, but substitutes serving in place of employees paid on the Children’s Center/Development Center Salary Table shall be paid not more than $139.37 per day effective July 1, 2004, except as provided in Section 2.0b. 2022-2025 UTLA Contract 218",HARD,deontic:obligation|exception,3,,,,,,
UTLA_LAU_1151,UTLA_LAUSD_2022_2025,181,(1) Step Advancement for Teachers working less than 18 hours per week: Those teachers assigned less than 18 hours per week may complete the requirements in one school year or use the two,SOFT,deontic:permission|threshold,3,,,,,,
UTLA_LAU_0073,UTLA_LAUSD_2022_2025,31,Such an authorization shall continue in effect unless revoked in writing by the employee.,HARD,deontic:obligation|exception,3,,,,,,
UTLA_LAU_1150,UTLA_LAUSD_2022_2025,181,"Effective July 1, 2002, the employee must have been paid on the hourly rate schedule for 734 hours and completed the required professional development training, during the previous school year.",HARD,deontic:obligation|threshold,3,,,,,,
UTLA_LAU_0668,UTLA_LAUSD_2022_2025,110,"Where necessary, displacements shall be made to accommodate applicants on the two Continuous Service Ranked Eligible Lists, except at UCTP locations.",HARD,deontic:obligation|exception,3,,,,,,
UTLA_LAU_0081,UTLA_LAUSD_2022_2025,31,"The amount of agency fee to be charged shall be determined by UTLA, subject to applicable law; it shall therefore be an amount not to exceed the normal periodic membership dues, initiation fee and general assessments 2022-2025 UTLA Contract 13",HARD,deontic:obligation|exception,3,,,,,,
UTLA_LAU_0069,UTLA_LAUSD_2022_2025,30,"These committee appointment provisions do not apply to operational working groups whose activities are part of each of the group members’ regular assigned jobs. 10.0 Meetings: Participants in any administrative Region-wide or District-wide meetings of employee representatives other than UTLA designates, called or sponsored by the District, shall not discuss interpretations of the Agreement, proposed changes to the Agreement, or alleged violations of the Agreement. 11.0 Recruiting Table: The District shall provide UTLA space for a recruiting table adjacent to the central Personnel Office at a location which is readily accessible to employment applicants and new hires, subject to Fire Marshal directives. 12.0 Consultation Rights: The District shall, upon request of the President of UTLA, or designee, meet and consult with UTLA regarding the subject matters specified in Government Code Section 3543.2.",HARD,deontic:prohibition|deontic:obligation|exception,3,,,,,,
UTLA_LAU_2017,UTLA_LAUSD_2022_2025,311,"If either party believes in good faith that an amendment to the Agreement is required or appropriate, the issue or subject matter shall be submitted to the District for public notice (“sunshining”) pursuant to the EERA and District procedures, subject to 6(c) below. c.",HARD,deontic:obligation|exception,3,,,,,,
UTLA_LAU_0066,UTLA_LAUSD_2022_2025,30,"Except as otherwise provided in this agreement, if the District decides that unit members are to be invited to serve on any committees (described below) that are District-wide or Local District-wide in scope and subject matter, it shall notify UTLA and specify the background and experience required for the committee. b.",HARD,deontic:obligation|exception,3,,,,,,
UTLA_LAU_1493,UTLA_LAUSD_2022_2025,228,"The rate at which vacation allowances are paid will be the employee's current rate. 6.5 Vacation Payment Upon Termination of Service: Except as set forth in 6.2.d with respect to employees' 1994 accrual bank, on separation from service, the dollar value of the employee's vacation balance shall be paid as a lump-sum at the employee's salary rate at the time of such separation. 6.6 Vacation Upon Change in Basis of Assignment: An employee changed from another basis must take accumulated vacation before completion of the A basis assignment except where it is impossible or impracticable to do so.",HARD,deontic:obligation|deontic:obligation|exception,3,,,,,,
UTLA_LAU_2019,UTLA_LAUSD_2022_2025,311,"By way of example only, such procedures could be modified to allow the District and UTLA to jointly submit an issue, interest or subject matter to the Board at one meeting, and have the “sunshine” process completed at the subsequent meeting. 2.7 The Joint Committee shall not be authorized to discuss or enter into agreements concerning Health and Welfare and compensation. 2.8 The parties agree that this section (2.0 through and including 2.8) shall terminate automatically as of June 30, 2022, unless the parties expressly agree in writing to renew it through successor negotiations. 3.0 Negotiations for Successor Agreement: Negotiations for a successor agreement shall commence at the request of either party at any time after April 1, 2022. 4.0 Pre-July 1 Changes: The District and UTLA are aware of the individual employee annual contract year which begins on July 1 and ends on June 30 of each year, pursuant to the Education Code and applicable case law.",HARD,deontic:prohibition|deontic:obligation|exception,3,,,,,,
UTLA_LAU_0063,UTLA_LAUSD_2022_2025,29,One representative Itinerant Chapter Chair or Substitute Chapter Chair shall also have the right to make appropriate brief announcements within the first 45 minutes of such meetings or at least 15 minutes prior to the end of the meeting if such meeting is less than an hour in length.,HARD,deontic:obligation|threshold,3,,,,,,
UTLA_LAU_1076,UTLA_LAUSD_2022_2025,168,Each employee with less than a full-time assignment shall receive the same fraction of full salary for the position which the fraction of assignment bears to full-time assignment except as provided for certain part-time summer school employees.,HARD,deontic:obligation|exception,3,,,,,,
UTLA_LAU_0665,UTLA_LAUSD_2022_2025,110,"However, eligibility rank is subject to revision to comply with Section 1.2 of this Article. 13.5 Seventy-five applicants shall be transferred from category",HARD,deontic:obligation|exception,3,,,,,,
UTLA_LAU_1155,UTLA_LAUSD_2022_2025,181,"(2) Staff Development Plan Completion Requirement for Step Advancement: Effective July 1, 2002, the employee must have been paid on the adult hourly rate schedule for 734 hours including hours paid as an adult education substitute.",HARD,deontic:obligation|threshold,3,,,,,,
UTLA_LAU_1540,UTLA_LAUSD_2022_2025,237,"The District shall solicit substitutes to participate in the plan, but may reasonably limit the number so that participants can expect to be assigned each day of their availability except under unusual circumstances such as pupil-free days. a.",HARD,deontic:obligation|deontic:permission|exception,3,,,,,,
UTLA_LAU_1041,UTLA_LAUSD_2022_2025,163,"Within each status the individual(s) with the earliest seniority date shall be made offers of re-employment first except that, as between individuals who have the same seniority date, they shall be re-employed in the inverse order of their termination; b.",HARD,deontic:obligation|exception,3,,,,,,
UTLA_LAU_1484,UTLA_LAUSD_2022_2025,227,"(1) Notwithstanding the foregoing provisions and in order to facilitate a complete transition from an unlimited vacation accrual system to the above-described 18 pay period vacation cap system, the District shall for each employee employed by the District as of the ratification of this agreement and approval by the Board, calculate the employee's total accrued vacation as of June 30, 1994 (the ""1994 accrual bank"").",HARD,deontic:obligation|exception,3,,,,,,
UTLA_LAU_1043,UTLA_LAUSD_2022_2025,163,"Individuals re-employed from the Re-employment List shall be placed in the status to which they would have been entitled but for the termination, provided however, that time spent on said List shall not be counted toward eligibility for permanent status; they shall have restored their initial seniority dates as defined herein. 9.0 Special Services Salary Table - Termination or Reassignment: Employees serving in other than substitute status in positions paid on the Special Services Salary Table shall be subject to termination or reassignment to a lower class, if such exists, due to a reduction in force as follows: a.",HARD,deontic:prohibition|deontic:obligation|exception,3,,,,,,
UTLA_LAU_0680,UTLA_LAUSD_2022_2025,112,"At that time, these teachers will be reassigned in accordance with Article XI, Sections 7.0b and 16.0e. 15.0 Transfer Assignment Priority: Except where otherwise provided in the Agreement, teachers shall be transferred to schools with known vacant positions (Article XI, Section 12.0) for which they are qualified by credential, subject field(s), grade level (K-6) and skills, in the following group order of priority: a.",HARD,deontic:obligation|exception,3,,,,,,
UTLA_LAU_0108,UTLA_LAUSD_2022_2025,35,"All time limits and grievance steps may be shortened, extended or waived, but only by mutual written agreement. 6.0 ""Day"" Defined: A ""day"" for purposes of this Article is defined as any day of the calendar year except Saturdays, Sundays, and legal or school holidays. 2022-2025 UTLA Contract 17",SOFT,deontic:permission|exception,3,,,,,,
UTLA_LAU_1046,UTLA_LAUSD_2022_2025,164,"Such employees will displace employees with lower seniority in that classification, provided that such displacement shall not result in the termination from District employment of an employee who has greater District seniority. 9.1 Employees terminated under this Section may be reemployed in the former higher class as follows: a.",HARD,deontic:prohibition|deontic:obligation|deontic:permission|exception,3,,,,,,
UTLA_LAU_0679,UTLA_LAUSD_2022_2025,111,"Time spent on leaves shall be counted toward this exemption, except time spent on formal leaves of absence as the result of an unprovoked act of violence (Special Physical Injury Leave) or a bonafide Industrial Injury or Illness Leave that does not exceed 60 working days. 13.12 No transfer shall be made under this section which causes a school on the receiving end of a transfer adverse affects Rodriguez compliance. 14.0 Temporary Assignments: 14.1 Any personnel, including but not limited to District-Wide Transfer List teachers and contract pool teachers, who are assigned to a given location in order to fill in (directly or indirectly) for a teacher who is on leave with a right to return (sabbatical, illness less than one year, industrial injury) shall not, by virtue of such temporary assignment, gain status as a regular member of that school's staff for purposes of future assignment, bumping rights, or the like. 14.2 Teachers on the District-Wide Transfer List (See Section 7.0) may be assigned on a temporary basis to vacancies at schools with staff selection rights until the end of the semester, or equivalent period of time in multi2022-2025 UTLA Contract 93",HARD,deontic:prohibition|deontic:obligation|deontic:permission|exception,3,,,,,,
UTLA_LAU_0677,UTLA_LAUSD_2022_2025,111,"In such cases the employee will be advised at the time of offer that the assignment is temporary in nature. 13.11 An eligible teacher transferred pursuant to this section shall not be subject to involuntary displacement from the new assignment for three school years, except those teachers in temporary assignments made under 14.10 above.",HARD,deontic:prohibition|deontic:obligation|exception,3,,,,,,
UTLA_LAU_1050,UTLA_LAUSD_2022_2025,164,"Such service shall not include any substitute service which was later deemed to be probationary or qualifying service. 10.0 Reduction-in-Force for Counselor, Elementary School: In the event of a reduction-in-force in the classification of Elementary School Counselor, such employee shall be terminated from that class and reassigned according to the provisions of Sections 9.0 and 9.1. 11.0 Reduction-in-Force for Secondary Counselors: a.",HARD,deontic:prohibition|deontic:obligation|exception,3,,,,,,
UTLA_LAU_1550,UTLA_LAUSD_2022_2025,238,"Non-Incentive Plan substitutes may be assigned to participating schools, but only after all available incentive substitutes have been assigned. 3.0 Day-to-Day Substitutes, Extended: Any day-to-day substitute who serves for more than 20 consecutive working days in the same general education assignment or sixteen (16) consecutive working days in a special education assignment in place of the same absent employee or in the same unfilled position, in regular K-12, shall be classified as a Day-to-day Substitute, Extended employee and shall be paid the Incentive Plan substitute daily rate as provided in Section 1.0b and c above retroactive to the beginning date of the assignment.",HARD,deontic:obligation|deontic:permission|threshold,3,,,,,,
UTLA_LAU_0607,UTLA_LAUSD_2022_2025,104,The decision shall be final and not subject to further appeal or to the grievance procedures of Article V.,HARD,deontic:obligation|exception,3,,,,,,
UTLA_LAU_0086,UTLA_LAUSD_2022_2025,32,"Any employee utilizing this religious exemption status, who requests UTLA to utilize the grievance/arbitration provisions on the employee's behalf, shall be subject to charges by UTLA for the reasonable cost of using such procedures. 4.3 Implementation dates: Any of the above-described payment obligations applicable to employees shall be processed by the District with the payroll immediately following the effective date of the payment requirement, provided that the information is on file with the Payroll Branch by the deadline for filing time reports. 2022-2025 UTLA Contract 14",HARD,deontic:obligation|exception,3,,,,,,
UTLA_LAU_1993,UTLA_LAUSD_2022_2025,308,"Unless mutually agreed to by the parties, the District shall not allow non-PPS credentialed employees (e.g. ""advisors"") to perform counseling duties.",HARD,deontic:prohibition|deontic:obligation|exception,3,,,,,,
UTLA_LAU_1547,UTLA_LAUSD_2022_2025,238,"Incentive Plan substitutes will be called for assignment pursuant to Section 5.3 of this Article, except that a limited number (at the District's discretion) of the participants with five-days-per- week availability may be assigned in advance on a daily basis to schools for service at those sites or be reassigned to other nearby schools as determined by the District.",SOFT,deontic:permission|exception,3,,,,,,
UTLA_LAU_1487,UTLA_LAUSD_2022_2025,228,Vacation shall not be taken before the close of the pay period in which the employee has completed the number of hours corresponding to 130 days of active certificated service in the District; b.,HARD,deontic:prohibition|deontic:obligation|threshold,3,,,,,,
UTLA_LAU_0094,UTLA_LAUSD_2022_2025,34,"The final determination shall apply to all such grievants. 1.3 The respondent in any grievance shall be the District itself rather than any individual administrator. 1.4 Unless the parties mutually agree to the contrary, the filing or pendency of a grievance shall not delay or interfere with any District action while the grievance is being processed.",HARD,deontic:prohibition|deontic:obligation|exception,3,,,,,,
UTLA_LAU_0093,UTLA_LAUSD_2022_2025,34,"Claimed violations of Article VII (Non-Discrimination), are to be handled under appropriate statutory and/or judicial procedures rather than under this grievance procedure; however, claims of discrimination based upon UTLA affiliation are subject to this grievance procedure. 1.2 If the same or essentially the same grievance is filed by more than one employee, then one grievant may process the grievance under this Article on behalf of the other involved grievants.",SOFT,deontic:permission|exception,3,,,,,,
UTLA_LAU_1164,UTLA_LAUSD_2022_2025,183,"For employees whose base salaries are set by the Early Education Center or Development Center Salary Tables, a maximum of one schedule advancement will be allowed for each 52-week period for non-permanent employees (e.g., from March to March of the following year) or each 26-week period for permanent employees, (e.g., from November to May) measured from the effective date of the employee’s initial allocation, or last schedule advancement, or eligibility for advancement, except for allocation to Development Center Schedules 14 or 15, or Early Education Center Schedules 18 or 19. d.",SOFT,deontic:permission|exception,3,,,,,,
UTLA_LAU_2002,UTLA_LAUSD_2022_2025,308,"Employees shall also have equal access to on-site parking spaces, except that parking spaces are to be reserved as follows: a.",HARD,deontic:obligation|exception,3,,,,,,
UTLA_LAU_1160,UTLA_LAUSD_2022_2025,181,An exception shall be made to the above requirements and step advancement shall be granted to an employee who received salary for at least 90% of the number of hours required for such advancement when the failure to receive salary for the required number of hours was as 2022-2025 UTLA Contract 163,HARD,deontic:obligation|threshold,3,,,,,,
UTLA_LAU_1533,UTLA_LAUSD_2022_2025,236,Continuity Rate Increase: Substitutes who serve in place of employees paid on the preparation Salary Table shall have their rates of pay increased by one hour of pro-rated pay per day effective the first day following the completion of service equivalent to 130 days during the school year. e.,HARD,deontic:obligation|threshold,3,,,,,,
UTLA_LAU_1495,UTLA_LAUSD_2022_2025,228,"A substitute shall be provided for any such employee provided that the services of a substitute are necessary and approval for the substitute is given by the appropriate superintendent. 6.7 Lump-Sum Payment for Accumulated Vacation Upon Change from Vacation-Earning to Non-Vacation Earning Assignment Basis: An employee who ceases to earn vacation because the employee moves from a vacation-earning to a non-vacation-earning Assignment Basis shall be paid the dollar value of any accumulated vacation as a lump-sum payment, provided the 2022-2025 UTLA Contract 210",HARD,deontic:obligation|exception,3,,,,,,
UTLA_LAU_1141,UTLA_LAUSD_2022_2025,179,"(2) A year of vocational experience used for either the learning period or step placement, as set forth in paragraph ""d"" of this section, shall be cumulative over one or more calendar years and shall consist of 250 days.",HARD,deontic:obligation|threshold,3,,,,,,
UTLA_LAU_2079,UTLA_LAUSD_2022_2025,367,Nurses 7-hour day) $52.79326 $60.25417 Substitutes who serve in place of employees paid on the preparation Salary Table shall have their rates of pay increased by one hour of pro-rated pay per day effective the first day following the completion of service equivalent to 130 days during the school year.,HARD,deontic:obligation|threshold,3,,,,,,
UTLA_LAU_2052,UTLA_LAUSD_2022_2025,324,"SUMMER SCHOOL/INTERSESSION Base Hourly Rate 6-Hour Day 4-Hour Day 3-Hour Day Daily Base Rate $39.88774 $239.33 $159.55 $119.66 Day-to-Day Substitute, $53.83020 $322.98 $215.32 $161.49 Extended Rate These rates shall only apply when service is in place of a contract employee assigned during Summer School/Intersession (Status 3) and paid from Fund 7 or Fund W.",HARD,deontic:obligation|threshold,3,,,,,,
UTLA_LAU_1519,UTLA_LAUSD_2022_2025,234,"If the parties are unable to resolve the dispute informally during the abeyance period, UTLA shall be allowed to resume the grievance process. 5.4 College Readiness: District shall provide a college counselor or college adviser to every high school with at least 900 students as follows: a.",HARD,deontic:obligation|threshold,3,,,,,,
UTLA_LAU_0024,UTLA_LAUSD_2022_2025,24,"Accordingly, no grievances may be filed under this Article, except under Section 2.0 hereof. 2022-2025 UTLA Contract 6",SOFT,deontic:permission|exception,3,,,,,,
UTLA_LAU_1121,UTLA_LAUSD_2022_2025,177,"In order to receive rating-in credit for a degree, the degree must have been granted or there must be satisfactory evidence that all requirements for the degree were completed and of eligibility to receive the degree prior to the effective date of election. 14.0 Approved Experience: New contract employees assigned to positions paid on the Preparation Salary (T and L) Tables shall be allowed credit for the types of paid experiences which are listed below, for the purpose of allocation to the salary schedule, provided that proof of such experience has been submitted, and that no more than one year of credit may be granted for experience acquired during any one school year.",HARD,deontic:obligation|deontic:obligation|deontic:permission|exception,3,,,,,,
UTLA_LAU_1105,UTLA_LAUSD_2022_2025,174,"When an employee serves as a substitute in a class having a lower maximum rate, the salary shall be as provided in Article XIX. 10.0 Transfer to the Preparation, Early Education Center, or Development Center Salary Table: In case of a reduction-in-force as a result of which an employee is reduced to a class paid on the Preparation, Early Education Center or Development Center Salary Table, other than upon return from substitute or temporary service in the higher class, the employee's salary shall be determined as follows: a.",HARD,deontic:obligation|exception,3,,,,,,
UTLA_LAU_0017,UTLA_LAUSD_2022_2025,23,"In the event that there is a conflict between the retained rights of the District under this Article and the rights of UTLA or employees as set forth elsewhere in this Agreement, the provisions of the other Articles of this Agreement shall prevail. 2.0 Consultation Rights: Certain of the rights of the District set forth in this Article are subject to the consultation rights of UTLA under Section 3543.2 of the Government Code.",HARD,deontic:obligation|exception,3,,,,,,
UTLA_LAU_2075,UTLA_LAUSD_2022_2025,359,"A Basis annualized = 261 paid days or equivalent hours; 2,088 hours annual. *To qualify for the first career increment, the teacher must have been paid on the maximum pay scale group (PS Group 27) and pay scale level (PS Level 1014) for five qualifying years.",HARD,deontic:obligation|threshold,3,,,,,,
UTLA_LAU_0015,UTLA_LAUSD_2022_2025,22,"However, in the event of a conflict between the terms of this Agreement and any District policies, rules, regulations or procedures, the terms of this Agreement shall prevail. 4.0 Separability and Savings: If any provision of this Agreement should be held invalid by operation of law or by any tribunal of competent jurisdiction, the remainder of this Agreement or the application of such provision as to persons or circumstances other than those as to which it has been held invalid or as to which compliance with or enforcement of has been restrained, shall not be affected thereby.",HARD,deontic:prohibition|deontic:obligation|deontic:preference|exception,3,,,,,,
UTLA_LAU_0012,UTLA_LAUSD_2022_2025,22,"Any other subjects which UTLA and the District may mutually agree to negotiate. 1.1 Revisions to the Agreement: As a result of negotiations pursuant to Section 1.0 above, the District and UTLA may change or supplement any provisions of this Agreement by mutual written agreement; accordingly, no employee shall be deemed to have a vested right to retain any provision of this Agreement. 2.0 Effect Upon Individual Contracts: Any individual contract between the District and an employee dealing with services covered by this Agreement shall be subject to and consistent with the terms and conditions of this Agreement.",HARD,deontic:obligation|deontic:prohibition|deontic:permission|exception,3,,,,,,
UTLA_LAU_1140,UTLA_LAUSD_2022_2025,179,"A year of experience shall be defined as paid service for at least 130 days during a school year for school experience or 170 days during a calendar year for other experience, with the following exceptions:",HARD,deontic:obligation|threshold,3,,,,,,
UTLA_LAU_0644,UTLA_LAUSD_2022_2025,107,"When a vacancy occurs between the first day of the fall semester and the last day of the spring semester, it shall be filled with the understanding that the employee who accepts the assignment is subject to transfer at the end of the school year if there is a current transfer application request on file by an employee with a higher priority according to the above rules. 9.6 An employee who is successful in obtaining a transfer may not submit another transfer application request for three",HARD,deontic:obligation|deontic:restriction|deontic:permission|exception,3,,,,,,
UTLA_LAU_1108,UTLA_LAUSD_2022_2025,175,"A current or former probationary or permanent employee returning within 39 months from the last day for which salary was received, who is being assigned (under other than a reduction-in-force) to a class paid on the Preparation, Early Education Center or Development Center Salary Table from a class paid on another pay period rate salary schedule, shall b e placed either on the step and schedule the employee would have been entitled to had the employee been paid on the Preparation, Early Education Center or Development Center Salary Table for all service on the other salary schedule, or under Section 7.0, whichever is to the employee's advantage. 11.0 Allocation to an H ourly Rate Salary Schedule: An employee who has not formerly served in a class paid on the Hourly Rate Schedule shall be allocated to the first step.",HARD,deontic:obligation|threshold,3,,,,,,
UTLA_LAU_2085,UTLA_LAUSD_2022_2025,387,Nurses 7-hour day) $54.90603 $62.66434 Substitutes who serve in place of employees paid on the preparation Salary Table shall have their rates of pay increased by one hour of pro-rated pay per day effective the first day following the completion of service equivalent to 130 days during the school year.,HARD,deontic:obligation|threshold,3,,,,,,
UTLA_LAU_2086,UTLA_LAUSD_2022_2025,387,"SUMMER SCHOOL/INTERSESSION Base Hourly Rate 6-Hour Day 4-Hour Day 4-Hour Day Daily Base Rate $44.43687 $266.62 $177.75 $177.75 Day-to-Day Substitute, Extended Rate $59.97056 $359.82 $239.88 $239.88 Nurse Daily Base Rate $55.14335 $330.86 $220.57 $220.57 Nurse Day-to-Day Sub, Extended Rate $68.44450 $410.67 $273.78 $273.78 These rates shall only apply when service is in place of a contract employee assigned during Summer School/Intersession (Status 4) and paid from Fund 7 or Fund W.",HARD,deontic:obligation|threshold,3,,,,,,
UTLA_LAU_1109,UTLA_LAUSD_2022_2025,175,"When an employee who formerly served in a class paid on the Hourly Rate Schedule is reassigned to such schedule within 39 months, allocation shall be made to the employee's former step and any step advancement earned but not granted shall be allowed.",HARD,deontic:obligation|threshold,3,,,,,,
UTLA_LAU_2091,UTLA_LAUSD_2022_2025,407,Nurses 7-hour day) $56.55321 $64.54427 Substitutes who serve in place of employees paid on the preparation Salary Table shall have their rates of pay increased by one hour of pro-rated pay per day effective the first day following the completion of service equivalent to 130 days during the school year.,HARD,deontic:obligation|threshold,3,,,,,,
UTLA_LAU_1110,UTLA_LAUSD_2022_2025,175,"If such reassignment is more than 39 months from the last date for which salary was received in the class, allocation shall be made to the first step of the schedule. 12.0 Step Placement for Junior Reserve Officer Training Corps Employees: If the combined military retirement pay plus the District salary of a JROTC program employee is less than the active duty pay and allowances which such employee would receive if ordered to active duty for the same span of time as the annual District assignment, the employee shall be allocated to the step of the appropriate schedule for the class to which assigned which will provide an amount equal to or next above the minimum required amount.",HARD,deontic:obligation|threshold,3,,,,,,
UTLA_LAU_2097,UTLA_LAUSD_2022_2025,427,Nurses 7-hour day) $58.81534 $67.12604 Substitutes who serve in place of employees paid on the preparation Salary Table shall have their rates of pay increased by one hour of pro-rated pay per day effective the first day following the completion of service equivalent to 130 days during the school year.,HARD,deontic:obligation|threshold,3,,,,,,
UTLA_LAU_2051,UTLA_LAUSD_2022_2025,324,"Employees Serving in place of Preparation Salary Table employees: Effective Dec. 1, 2022 Regular Subs Resident Subs Daily Base Rate $219.12 $249.91 Base Hourly Rate (6-hour day) $36.51921 $42.90122 Daily Incentive Plan Rate $295.71 Base Hourly Rate (6-hour day) $49.28422 Day-to-Day Substitute, Extended Rate $295.71 Base Hourly Rate (6-hour day) $49.28422 Substitutes who serve in place of employees paid on the preparation Salary Table shall have their rates of pay increased by one hour of pro-rated pay per day effective the first day following the completion of service equivalent to 130 days during the school year.",HARD,deontic:obligation|threshold,3,,,,,,
UTLA_LAU_1520,UTLA_LAUSD_2022_2025,234,Beginning with the 2023-2024 School Year – The District shall provide a college counselor or college adviser to every school listed in Appendix X with at least 900 students. b.,HARD,deontic:obligation|threshold,3,,,,,,
UTLA_LAU_2049,UTLA_LAUSD_2022_2025,323,"In accordance with Section 44462 of the Education Code, a teacher whose services are authorized by an internship credential may be paid seven-eighths of the rate to which entitled rounded to the nearest dollar, unless the training program in question requires the full rate.",SOFT,deontic:permission|exception,3,,,,,,
UTLA_LAU_1097,UTLA_LAUSD_2022_2025,173,"Except as provided in Section c below, the maximum ratingin schedule placement shall be Schedule 22.",HARD,deontic:obligation|exception,3,,,,,,
UTLA_LAU_0052,UTLA_LAUSD_2022_2025,28,"Site-based eight hour chapter chairperson may, with prior approval of the site administrator and when their duties reasonably permit, alter their work schedule by reporting to work not to exceed 30 minutes early, and leaving work not to exceed a corresponding 30 minutes early, for the purpose of attending UTLA Area and House meetings. 8.2 With regard to local site decisions which are reflected in the following documents forwarded to Local District or central District offices: local school budgets under the purview of committees on which UTLA members are eligible to participate, changes in daily school schedules, school-based waiver applications, and school conversions, the following procedures shall apply: a.",HARD,deontic:obligation|deontic:permission|threshold,3,,,,,,
UTLA_LAU_0050,UTLA_LAUSD_2022_2025,28,"The election results shall be binding for the school year unless a majority requests a new election, or unless a new Chapter Chair is designated.",HARD,deontic:obligation|exception,3,,,,,,
UTLA_LAU_0630,UTLA_LAUSD_2022_2025,106,"The applicant shall certify that all information contained in the application is true and correct to the best of the applicant's knowledge. 9.0 Employee Initiated Transfers - Employees Time-reported from central or regional locations: Any permanent Health and Human Services employee assigned from the central office, Local District office, service center or nursing services area, who has served in paid status for at least 130 days each year for three consecutive years at the same central or regional location from which transfer is sought may apply for a transfer. 9.1 A limit of two locations may be requested.",HARD,deontic:obligation|deontic:permission|threshold,3,,,,,,
UTLA_LAU_0048,UTLA_LAUSD_2022_2025,28,A proposed plan may also permit release of the Chapter Chair from instructional duties subject to the following additional conditions:,SOFT,deontic:permission|exception,3,,,,,,
UTLA_LAU_1132,UTLA_LAUSD_2022_2025,178,Fifteen semester hours shall be equivalent to 25 weeks of trade experience.,HARD,deontic:obligation|threshold,3,,,,,,
UTLA_LAU_1131,UTLA_LAUSD_2022_2025,178,"College units, which are consistent with the subject trade named on the credential, shall be allowed for the learning period on the basis of 30 semester hours coursework equivalent to 50 weeks of trade experience.",HARD,deontic:obligation|threshold,3,,,,,,
UTLA_LAU_0043,UTLA_LAUSD_2022_2025,27,The Chapter Chair shall also have the right to make appropriate brief announcements within the first 45 minutes of such meetings or at least 15 minutes prior to the end of the meeting if such meeting is less than an hour in length. j.,HARD,deontic:obligation|threshold,3,,,,,,
UTLA_LAU_0041,UTLA_LAUSD_2022_2025,27,"Have the right to inspect non-exempt public records maintained at the work site which relate to administration of this Agreement, and shall have the right to receive, upon request and within a reasonable time not to exceed 5 working days, a copy of up to 50 pages of such documents at no cost each school year.",HARD,deontic:obligation|threshold,3,,,,,,
UTLA_LAU_2037,UTLA_LAUSD_2022_2025,316,"The applicable record of student progress and achievement, as referred to in the preceding paragraph a, shall be considered and commented upon in the Final Evaluation Form under the “Support for Student Learning” Area of Evaluation, (unless they clearly fall within a different Area of Evaluation), and may also be noted/discussed in the Comments area of the “Overall Evaluations” section of the Final Evaluation Form. c.",HARD,deontic:obligation|deontic:permission|exception,3,,,,,,
UTLA_LAU_1093,UTLA_LAUSD_2022_2025,172,"Former extended day-to-day substitute, Restore* Restore* Restore* Restore* Restore* Restore* University Intern, Individualized Intern, or or or or or or District Intern, temporary contract, Rate-in Rate-in Rate-in Rate-in Rate-in Rate-in provisional, pre-intern waiver, probationary or permanent employees who return after 39 months effective 7-185 or thereafter may be restored or ratein (See Section 15.2) 4.",SOFT,deontic:permission|threshold,3,,,,,,
UTLA_LAU_0038,UTLA_LAUSD_2022_2025,26,"Administration shall not schedule required meetings of employees after school on Wednesday in order to avoid conflict with UTLA meetings, except in compelling circumstances or when a majority of the affected employees consent. e.",HARD,deontic:prohibition|deontic:obligation|exception,3,,,,,,
UTLA_LAU_0037,UTLA_LAUSD_2022_2025,26,"Have the exclusive right to coordinate UTLA meetings, which may be held in school buildings at times before or after the school day or during employees' duty free lunch period, subject to availability of facilities and provided that there is no interference with other scheduled duties or events.",SOFT,deontic:permission|exception,3,,,,,,
UTLA_LAU_0036,UTLA_LAUSD_2022_2025,26,"When an employee reports an injury or assault and files the required written report, the site administrator shall notify the Chapter Chair of the reported injury unless the employee requests that the matter not be so disclosed. c.",HARD,deontic:obligation|exception,3,,,,,,
UTLA_LAU_0634,UTLA_LAUSD_2022_2025,106,"All applications shall be valid for one year only unless withdrawn, changed, or renewed by the applicant.",HARD,deontic:obligation|exception,3,,,,,,
UTLA_LAU_1521,UTLA_LAUSD_2022_2025,234,Beginning with the 2024-2025 School Year – The District shall provide a college counselor or college adviser to all high schools with at least 900 students not included in,HARD,deontic:obligation|threshold,3,,,,,,
UTLA_LAU_2042,UTLA_LAUSD_2022_2025,321,"MA Degree DR Degree C Basis (6 hour) 584 1,168 0.47696 0.95402 C Basis (8 hour) 584 1,168 0.35772 0.71552 B Basis (6 hour) 632 1,265 0.47696 0.95402 B Basis (8 hour) 632 1,265 0.35772 0.71552 E Basis (6 hour) 670 1,339 0.47696 0.95402 E Basis (8 hour) 670 1,339 0.35772 0.71552 A Basis 747 1,494 0.35772 0.71552 Maximum Rates With Career Increments: First Career Increment (completed 27T14)* Pay Scale Group C1, Pay Scale Level 15-19 1st CI & MA 1st CI & DR C Basis 95,003 95,587 96,171 7,916.92 B Basis 102,920 103,552 104,185 8,576.67 A Basis 121,604 122,351 123,098 10,133.64 Second Career Increment (after 5 yrs on first CI) Pay Scale Group C2, Pay Scale Level 20-24 2nd CI & MA 2nd CI & DR C Basis 95,729 96,313 96,897 7,977.39 B Basis 103,706 104,338 104,971 8,642.19 A Basis 122,533 123,280 124,027 10,211.08 Third Career Increment (after 5 yrs on second CI) Pay Scale Group C3, Pay Scale Level 25-29 3rd CI & MA 3rd CI & DR C Basis 98,262 98,846 99,430 8,188.47 B Basis 106,450 107,082 107,715 8,870.84 A Basis 125,775 126,522 127,269 10,481.23 Fourth Career Increment (after 5 yrs on third CI) Pay Scale Group C4, Pay Scale Level 30+ 4th CI & MA 4th CI & DR C Basis 99,918 100,502 101,086 8,326.52 B Basis 108,245 108,877 109,510 9,020.39 A Basis 127,895 128,642 129,389 10,657.95 An employee with a master's degree and a doctorate, or equivalent degree, shall receive the doctoral differential only.",HARD,deontic:obligation|threshold,3,,,,,,
UTLA_LAU_0031,UTLA_LAUSD_2022_2025,25,Such released time shall be limited to 25 days per year for any individual employee.,HARD,deontic:obligation|threshold,3,,,,,,
UTLA_LAU_1178,UTLA_LAUSD_2022_2025,185,Service rendered previous to a break in service that was greater than 39 months shall not be considered. 23.2 Special Services Salary Table: a.,HARD,deontic:prohibition|deontic:obligation|threshold,3,,,,,,
UTLA_LAU_1161,UTLA_LAUSD_2022_2025,182,"Article XIV – Salaries the result of an illness or injury which arose out of and in the course of employment with the District and which qualifies under the worker's compensation laws of the State. 17.0 Schedule Placement or Advancement on the Preparation Salary (T and L) Tables (Schedule 20 through 27): In order to qualify for a schedule placement (except as provided in Section 8.0 of this Article) or advancement on the Preparation Salary (T and L) Tables, the employee must possess the requisite total number of points according to the following schedule: Points in Excess Points in Excess of Minimum of Minimum Schedule Requirements Schedule Requirements 21 14 25 70 22 28 26 84 23 42 27 98 24 56 The study on which the points are based must qualify under Article XV, Section 1.0.",HARD,deontic:obligation|exception,3,,,,,,
UTLA_LAU_1579,UTLA_LAUSD_2022_2025,243,"After a period equivalent to six working months, substitutes on the standby list may be returned to a higher priority, provided that an Inadequate Service Report was not received during that period. 4.8 Upon request, substitutes shall be advised of their rank on the calling priority list. 4.9 Each school shall post and distribute to teachers a copy of its substitute name-request list (preferred substitute list) and a copy of the list of off-track teachers (if any) available to substitute during their off-track periods.",HARD,deontic:obligation|deontic:permission|exception,3,,,,,,
UTLA_LAU_0687,UTLA_LAUSD_2022_2025,113,"However, when a vacancy occurs between the first week of the semester and the end of the school year, and that vacancy is filled without regard to the above priorities, the employee assigned to the vacant position shall be considered an interim assignment and subject to transfer. 16.0 School Closures, Reconfigurations, Boundary Changes and Other Actions Which Result in Movement of Groups of Students: The intention of this Section is to provide principles and rules to deal with the teacher assignment and reassignment effects of District decisions to move students as a group from one school site to another as a result of school reconfiguration (closures, boundary changes, etc.).",HARD,deontic:obligation|exception,3,,,,,,
UTLA_LAU_1919,UTLA_LAUSD_2022_2025,298,"Subject to the approval of the existing Local School Leadership Councils, elections of secondary, elementary, non-certificated employees, and parent/community representatives for each year's term of office at single track common calendar 90/30 schools shall be conducted before September 23.",HARD,deontic:obligation|exception,3,,,,,,
UTLA_LAU_0131,UTLA_LAUSD_2022_2025,38,"If not utilized, the party shall not be precluded from raising its arbitrability defenses (or breach of confidentiality claim) at the regular hearing, provided that it gives the other party ten days' notice of its intention to do so.",HARD,deontic:prohibition|deontic:obligation|exception,3,,,,,,
UTLA_LAU_0990,UTLA_LAUSD_2022_2025,155,"Such employees may exercise any transfer rights they may have under the Agreement or will be transferred to a vacancy at a school within the geographic area in which the present school is located, or if no such vacancy exists then to a vacancy in an adjoining area, or if no vacancy exists in an adjoining area then to a vacancy in some other area. 5.0 Charter School Leave (Unpaid), in General: Qualified employees (see Article XII, Section 2.0) shall, upon written request and subject to the conditions set forth below, be granted an unpaid leave of absence to work for a Conversion Charter School: a.",HARD,deontic:obligation|deontic:permission|exception,3,,,,,,
UTLA_LAU_0132,UTLA_LAUSD_2022_2025,38,"Moreover, both UTLA and the District shall retain all rights they have under law to pursue issues relating to arbitrability of a grievance. 14.0 Scheduling Hearings and Decisions: A hearing shall be scheduled within sixty days from selection of the arbitrator, but shall not be scheduled during the summer or off-track time except by mutual agreement.",HARD,deontic:prohibition|deontic:obligation|exception,3,,,,,,
UTLA_LAU_1921,UTLA_LAUSD_2022_2025,298,"Local schools may lengthen the terms of membership (from one year to two years) on Local School Leadership Council, subject to the following procedures:",SOFT,deontic:permission|exception,3,,,,,,
UTLA_LAU_0134,UTLA_LAUSD_2022_2025,38,"Arbitrators who fail to meet this deadline for decision shall, unless the parties have mutually extended the deadline, be deemed ineligible for selection for new cases until such time as the decision is submitted. 15.0 Expedited Proceedings: Grievances which have been processed through the required steps and which involve primarily issues of fact, such as below standard evaluations or notices of unsatisfactory service, shall be submitted to expedited arbitration.",HARD,deontic:obligation|exception,3,,,,,,
UTLA_LAU_1023,UTLA_LAUSD_2022_2025,161,"The District shall determine the teaching or service fields in which a Reduction in Force shall be effected, or, alternatively, the District shall determine to effect a Reduction in Force of all probationary employees except those in ""shortage fields"" as reasonably defined by the District.",HARD,deontic:obligation|exception,3,,,,,,
UTLA_LAU_1587,UTLA_LAUSD_2022_2025,244,Article XIX – Substitute Employees Those who serve a full day shall be time-reported for the same number of hours as the employee for whom they are substituting. 6.1 Service for less than a full day will be compensated proportionately unless the late arrival is due to a late call from the substitute unit which does not permit the substitute to reach the school before class begins.,HARD,deontic:obligation|exception,3,,,,,,
UTLA_LAU_1958,UTLA_LAUSD_2022_2025,303,"Recitation of these and related laws herein is for reference only and not for purposes of incorporation into the Agreement. 1.5 The District shall provide Safe School Plans (Volume I and II) to each school to be made readily available (subject to confidentiality requirements) to all unit members, including but not limited to placement of copies in the school office and faculty lounge and access via the LAUSD website.",HARD,deontic:obligation|exception,3,,,,,,
UTLA_LAU_0993,UTLA_LAUSD_2022_2025,156,"Return from Leave: Upon expiration of any employee’s charter school leave, the employee shall (upon timely notice as provided above) have the right to return to a position in the District, unless the employee’s service would have otherwise been terminated.",HARD,deontic:obligation|exception,3,,,,,,
UTLA_LAU_0584,UTLA_LAUSD_2022_2025,101,District identified disabled teachers assigned to facilities designed for the purpose of accommodating a District identified disability will not be displaced except where the teacher may be displaced to another facility which may reasonably accommodate the identified disability. e. [Hold] f.,SOFT,deontic:permission|exception,3,,,,,,
UTLA_LAU_0563,UTLA_LAUSD_2022_2025,99,The District’s decision not to agree to mediation shall be final and not subject to further review. c.,HARD,deontic:obligation|exception,3,,,,,,
UTLA_LAU_0173,UTLA_LAUSD_2022_2025,45,"This shall occur within 30 calendar days of receipt of the proposed plan, subject to the scheduling of School Site Council meetings.",HARD,deontic:obligation|exception,3,,,,,,
UTLA_LAU_0144,UTLA_LAUSD_2022_2025,39,"The California law on final and binding arbitration awards between a school district and an employee organization shall be applicable to such a decision. 19.1 A final and binding award which determined the merits of a dispute shall be conclusive on the grievant(s) the District and UTLA in any subsequent proceedings, including disciplinary and termination proceedings. 19.2 Unless otherwise indicated in this Agreement, this grievance procedure is to be the employees' and UTLA's sole and final remedy for any claimed breach of this Agreement. 20.0 Expenses: All fees and expenses of the arbitrator shall be shared equally by UTLA and the District.",HARD,deontic:obligation|exception,3,,,,,,
UTLA_LAU_0171,UTLA_LAUSD_2022_2025,43,"Any employee engaging in any strike, slowdown, or other work stoppage during the term of this Agreement shall be subject to discipline or termination under applicable law. 1.1 Disputes arising under this Article are to be handled according to appropriate judicial proceedings rather than the grievance procedures of Article V. 2022-2025 UTLA Contract 25",HARD,deontic:obligation|exception,3,,,,,,
UTLA_LAU_1014,UTLA_LAUSD_2022_2025,160,"ARTICLE XIII GRANTING OF PROBATIONARY CONTRACTS, REDUCTION IN FORCE AND REASSIGNMENT, AND RESIGNATION/REINSTATEMENT 1.0 Granting of Probationary Contracts: Except as expressly limited hereinafter, the District shall determine the teaching or service fields in which probationary contracts shall be granted, the number of such contracts to be granted, and the employees who qualify in the teaching or service fields. 1.1 If an opening or vacancy is caused by either",HARD,deontic:obligation|exception,3,,,,,,
UTLA_LAU_1011,UTLA_LAUSD_2022_2025,159,"By virtue of having accepted a charter school leave of absence, each employee on such leave shall be deemed to have consented to such required disclosure and sharing of information and documents, with the understanding that the District may utilize such information for administrative or statutory proceedings to the same extent (and subject to the same contractual and legal restraints) as if the conduct in question had occurred during active District employment. 10.0 Re-affiliation of a Conversion Charter School With the District: If a Charter School chooses to return to the District either as a regular school or as a dependent or affiliated charter school within the District, continuing employees of the re-affiliating school (including employees hired by the Conversion Charter School while it was independent of the District) shall be permitted to become District employees assigned to the site if they are properly credentialed, have had positive evaluations, and a position exists at the school.",HARD,deontic:obligation|deontic:permission|exception,3,,,,,,
UTLA_LAU_1585,UTLA_LAUSD_2022_2025,243,Time should be reported to the nearest tenth of an hour (6 minutes) from the time instruction begins.,SOFT,deontic:preference|threshold,3,,,,,,
UTLA_LAU_1945,UTLA_LAUSD_2022_2025,300,"The nominees who received the greatest number of votes are to be declared elected, with the two who receive the next greatest number of votes elected as alternates, except that in no event shall there be fewer parents* than the following (depending upon size of the Council): 2022-2025 UTLA Contract 282",HARD,deontic:obligation|exception,3,,,,,,
UTLA_LAU_0700,UTLA_LAUSD_2022_2025,115,"After norm date (fourth week), teachers assigned to receiving schools shall be considered part of the regular faculty of receiving school, and subject to all terms and conditions which apply to the faculty at the receiving school.",HARD,deontic:obligation|exception,3,,,,,,
UTLA_LAU_1931,UTLA_LAUSD_2022_2025,299,"Nominees are not subject to any residency or employment requirement, but in order to qualify for the minimum guarantee for parents as provided below, they must meet the definition of parent as provided above. *As defined in a.I above.",HARD,deontic:obligation|exception,3,,,,,,
UTLA_LAU_1217,UTLA_LAUSD_2022_2025,190,Service in place of a teacher who is absent for attendance at a conference or convention shall not qualify for additional salary unless a substitute is authorized by the District.,HARD,deontic:prohibition|deontic:obligation|exception,3,,,,,,
UTLA_LAU_1934,UTLA_LAUSD_2022_2025,300,(2) The certificated employee shall be subject to the results of the contractual parent election process outlined in this article.,HARD,deontic:obligation|exception,3,,,,,,
UTLA_LAU_1941,UTLA_LAUSD_2022_2025,300,For this purpose the voter sign-in sheets shall be subject to review by any interested person.,HARD,deontic:obligation|exception,3,,,,,,
UTLA_LAU_1461,UTLA_LAUSD_2022_2025,224,"X No holiday benefits. 2.0 Holiday Pay - Substitute Employee Reassigned as a Probationary or Permanent Employee: A substitute employee, with substitute status only or on leave from permanent status to a substitute in the related class, who is assigned as a probationary or permanent certificated employee on the same basis immediately following a legal or school holiday shall receive holiday pay at the substitute salary rate, provided the employee served either on the last day of the assignment of a regular employee preceding the holiday or on the first day of the assignment following the holiday and provided the holiday is one of the employee's assigned days. 3.0 Payment for Holidays: An employee shall receive pay in a regular assignment (or in an assignment in lieu of the regular assignment as a temporary adviser, acting employee, or as a substitute in a higher class than that of the regular assignment) for holidays listed in Rule 1101 and for other holidays authorized by the Board of Education which are part of the employee's regularly assigned days, subject to the following conditions and exceptions: a.",HARD,deontic:obligation|exception,3,,,,,,
UTLA_LAU_0572,UTLA_LAUSD_2022_2025,100,"ARTICLE XI - Transfers 5.0 Voluntary Teacher-Initiated Transfer Program: All appropriately credentialed probationary or permanent teachers are eligible to apply to any school (including year-round schools or magnets) in the district where the transfer, Rodriguez compliance, Bilingual Master Plan needs of the receiving or sending school or the instructional program needs of the sending school (except for transfers to Magnet Schools, where the sending school may delay such transfer until the end of the current semester/track or until a suitable replacement is assigned, whichever occurs first).",SOFT,deontic:permission|exception,3,,,,,,
UTLA_LAU_1210,UTLA_LAUSD_2022_2025,189,"Registration advisers shall be assigned by the immediate administrator and shall be limited, except schools in the Division of Adult and Occupational Education, to permanent or probationary staff members assigned to the schools who shall be directly involved with registration and programming; b.",HARD,deontic:obligation|exception,3,,,,,,
UTLA_LAU_1026,UTLA_LAUSD_2022_2025,161,"If the District determines to effect a Reduction in Force of all probationary employees except shortage field employees, it shall exempt all or some employees presently serving in any of the identified shortage fields, and if it exempts all presently serving employees in a shortage field, it may exempt some or all employees authorized by credential to serve in such shortage field.",HARD,deontic:obligation|deontic:permission|exception,3,,,,,,
UTLA_LAU_1476,UTLA_LAUSD_2022_2025,226,"Such requests shall be made to the employee's site administrator as early as possible, and normally not less than 30 days before the requested date.",HARD,deontic:obligation|threshold,3,,,,,,
UTLA_LAU_0595,UTLA_LAUSD_2022_2025,103,"Any teachers placed on the list pursuant to any other provisions of this agreement. 7.5 Contract Waivers: All teachers who are awarded probationary contracts which include a waiver statement are subject to an initial assignment to meet District needs and are thereafter subject, by reason of the statement, to one transfer to meet District needs. 8.0 Medical or Hardship Exemptions - General: Employees transferred administratively or involuntarily, including those assigned from the District-wide List, may file an application for exemption from mandatory transfer based upon hardship or medical grounds.",SOFT,deontic:permission|exception,3,,,,,,
UTLA_LAU_1557,UTLA_LAUSD_2022_2025,239,"The District shall solicit substitutes to participate in the program, but may reasonably limit the number so that participants can expect to be assigned each day of their availability except under unusual circumstances such as pupil-free days.",HARD,deontic:obligation|deontic:permission|exception,3,,,,,,
UTLA_LAU_1038,UTLA_LAUSD_2022_2025,163,Changes in class size or norm tables as indicated in Article XVIII. 7.0 Re-employment List: Terminated probationary and permanent employees shall be placed on a District Re-employment List for a period of 39 months from the last day of paid contract service with the District.,HARD,deontic:obligation|threshold,3,,,,,,
UTLA_LAU_0712,UTLA_LAUSD_2022_2025,117,(3) year service requirement for return rights except for formal leaves of absence as the result of an unprovoked act of violence (Special Physical Injury Leave) or a bona fide industrial accident or industrial illness leave that does not exceed 60 working days shall be counted toward the service requirement. e.,HARD,deontic:obligation|exception,3,,,,,,
UTLA_LAU_1455,UTLA_LAUSD_2022_2025,222,The employee must have accumulated a minimum of 20 years of qualifying service; b.,HARD,deontic:obligation|threshold,3,,,,,,
UTLA_LAU_0187,UTLA_LAUSD_2022_2025,47,"Once the initial full faculty is identified, assignments to classes etc. shall be made in compliance with Article IX. 5.0 Protection of Employee Rights: Subject to the provisions of this Article, and unless otherwise agreed to by UTLA and the District, all provisions, rights, obligations, duties, and other requirements set forth in the Agreement shall be applicable to approved SLCs as separate schools, including but not limited to uniform staffing procedures (Art.",HARD,deontic:obligation|exception,3,,,,,,
UTLA_LAU_0982,UTLA_LAUSD_2022_2025,153,UTLA shall then be granted not less than 30 days in which to submit comments and/or recommendations to the Board of Education concerning the charter application; and d.,HARD,deontic:obligation|threshold,3,,,,,,
UTLA_LAU_1233,UTLA_LAUSD_2022_2025,191,"In the event of an error in favor of an employee, the District shall be limited in its retroactive recovery against the employee to a three-year period dating from the discovery of the error. 30.1 Salary Overpayments: For cases in which the amount and circumstances are such that it is probable that the employee was unaware of a salary overpayment, $200 per pay period will be the normal limit on repayment deductions.",HARD,deontic:obligation|exception,3,,,,,,
UTLA_LAU_0683,UTLA_LAUSD_2022_2025,113,"Teachers newly hired. 15.1 Nothing in this Transfer Assignment Priority Section (15.0 et seq.) is intended to supersede or amend other transfer provisions of the Agreement, except where there is a conflict, in which case this section shall prevail. 15.2 Generally, annual assignment and placement of teachers in accordance with the above priorities will be conducted simultaneously in all geographic areas.",HARD,deontic:obligation|exception,3,,,,,,
UTLA_LAU_0116,UTLA_LAUSD_2022_2025,36,"For claims of a payroll or other salary error, the 30 day time limit runs from discovery of the alleged error, but any recovery payment cannot relate back more than three years prior to the grievance filing. 8.1 The grievance must be presented in writing to the immediate administrator by completing the UTLA-District Grievance form.",HARD,deontic:obligation|threshold,3,,,,,,
UTLA_LAU_1588,UTLA_LAUSD_2022_2025,244,"Substitutes who are assigned for less than a full teaching day, but were not so informed at the time of the assignment offer (and it was not otherwise apparent) shall be entitled to a full day's pay, provided that they perform other duties as assigned for the balance of the workday.",HARD,deontic:obligation|exception,3,,,,,,
UTLA_LAU_1559,UTLA_LAUSD_2022_2025,239,"Day-to-day substitutes will be placed, upon request, on a calling list within the Calling Area but are subject to assignment to any school within the Calling Area and also, when necessary, may be assigned to any school in an adjacent calling area.",SOFT,deontic:permission|exception,3,,,,,,
UTLA_LAU_1180,UTLA_LAUSD_2022_2025,186,The employee must have served for at least 14 school years during which step advance requirements were met.,HARD,deontic:obligation|threshold,3,,,,,,
UTLA_LAU_1968,UTLA_LAUSD_2022_2025,304,"Except in situations requiring immediate action for environmental, health, safety, or violence prevention reasons, the District shall, prior to implementation of new or revised policies and rules, discuss them in this Committee. 3.2 It is the intent of the parties that the Committee forward recommendations, if any, to the District and the Union regarding mitigation strategies and courses of action to address issues of concern as determined by the Committee with regard to environmental health, safety and violence prevention.",HARD,deontic:obligation|exception,3,,,,,,
UTLA_LAU_1187,UTLA_LAUSD_2022_2025,187,The employee is subject to all of the requirements of Section 23.1 above. 24.0 Salary Differentials: A salary differential may be paid in addition to the employee's regular salary because of,SOFT,deontic:permission|exception,3,,,,,,
UTLA_LAU_1029,UTLA_LAUSD_2022_2025,162,"Ties shall be broken by using the seniority number as described in Article XI, Section 6.2. 4.0 Notices of Termination: A probationary employee subject to termination shall be provided written notice thereof at least fourteen (14) calendar days prior to such termination.",HARD,deontic:obligation|exception,3,,,,,,
UTLA_LAU_0555,UTLA_LAUSD_2022_2025,98,"ARTICLE XI TRANSFERS 1.0 Transfer Defined: As used throughout this Agreement, the term ""transfer"" refers to a change of a contract employee's assigned school or time reporting location to another school or location, without changing the employee's classification of employment. 1.1 Types of Transfers: Generally, transfers are either teacher initiated (voluntary) or administrative (normally involuntary and District-initiated). 1.2 Limitations: Teacher-initiated transfers from any one school site in any school year may, at the discretion of the District, be limited to 10% of the employees, or three employees, whichever is greater. 1.3 Compliance with SB 1665 (Scott Bill): Notwithstanding any other provision of this Agreement: a.",SOFT,deontic:permission|exception,3,,,,,,
UTLA_LAU_0591,UTLA_LAUSD_2022_2025,102,"After one calendar year, the displaced Special Education teacher who was so reassigned shall have return rights to a Special Education opening at the site for which the teacher is qualified. 6.1 Displacement – Non school-based Support Service Personnel and Driver Safety Instructors: In any situation where a unit of geographic area or office-based support service personnel or Driver Safety Instructors is deemed over-staffed, displacement and transfer to another geographic area or office shall be by District seniority unless the responsible administrator determines that a special need exists analogous to 6.0c. 6.2 District Seniority Number: The seniority number for each employee includes a six digit number representing the year, month and day (660912 = September 12, 1966) on which the employee began probationary employment.",HARD,deontic:obligation|exception,3,,,,,,
UTLA_LAU_1399,UTLA_LAUSD_2022_2025,214,"For those employees obtaining eligibility under the previous school year hours, the enrollment year shall be from September through August.",HARD,deontic:obligation,2,,,,,,
UTLA_LAU_1503,UTLA_LAUSD_2022_2025,230,"If the increase is sufficient to create three positions, two will be assigned after one monthly reporting period and the third will be assigned if the enrollment is sustained through the second monthly reporting period. 1.3 Teachers provided by the requirements of this Article may be assigned to non-register carrying positions to perform teaching functions such as individual or small group instruction or ""team teaching,"" and also be counted in computing average class sizes for norming purposes, in the following circumstances: a.",SOFT,deontic:permission,2,,,,,,
UTLA_LAU_1458,UTLA_LAUSD_2022_2025,223,"The Extended Special Medical Leave may be renewed annually and, if continued until retirement under STRS/PERS, will permit the employee to qualify for District-paid insurance plans upon receipt of retirement allowances. 10.6 STRS Counseling: The District intends to renew its agreement to provide District office space to STRS representatives who will be available for retirement counseling and workshops.",SOFT,deontic:permission,2,,,,,,
UTLA_LAU_1388,UTLA_LAUSD_2022_2025,213,"Open enrollment shall not occur until a new plan design is adopted by the parties (the District and all unions and associations) pursuant to completion of the procedures described above, (or exhaustion of the impasse process, if applicable). a.",HARD,deontic:prohibition|deontic:obligation,2,,,,,,
UTLA_LAU_1400,UTLA_LAUSD_2022_2025,215,"In order to remain eligible, the employee must be in paid status within the assignment basis.",HARD,deontic:obligation,2,,,,,,
UTLA_LAU_1449,UTLA_LAUSD_2022_2025,221,"The continuation coverage shall be the same as the coverage available to continuing employees, regardless of the employee's health at the time. 9.2 It shall be the responsibility of the employee or the 2022-2025 UTLA Contract 203",HARD,deontic:obligation,2,,,,,,
UTLA_LAU_1460,UTLA_LAUSD_2022_2025,224,"ARTICLE XVII HOLIDAYS AND VACATION 1.0 Holidays: The basis of assignment (see Article IX, Section 9) for employees shall determine the holidays for which they receive pay according to the provisions of Sections 2.0 and 3.0.",HARD,deontic:obligation,2,,,,,,
UTLA_LAU_1401,UTLA_LAUSD_2022_2025,215,"However, an employee in an unpaid status who later receives compensation from the District for the unpaid period shall be entitled to reimbursement of direct premium payments made which correspond to the period for which such compensation is allowed.",HARD,deontic:obligation,2,,,,,,
UTLA_LAU_1502,UTLA_LAUSD_2022_2025,230,"If the subsequent increase is sufficient to create two additional positions, one additional teacher shall be assigned after one monthly enrollment report period, and the second shall be assigned if the requisite enrollment is sustained through the second monthly enrollment reporting period.",HARD,deontic:obligation,2,,,,,,
UTLA_LAU_1440,UTLA_LAUSD_2022_2025,220,"(1) year by making direct payments of the appropriate premiums by check or money order payable to the plan and sent to the Health Insurance Section. 6.3 With respect to employees who decline to make the above continuation payments, coverage shall be terminated and they shall not be eligible to re-enroll in a plan until returning to active service in an eligible assignment and, with respect to the employee-paid life insurance plan, submitting evidence of good health acceptable to the plan.",HARD,deontic:prohibition|deontic:obligation,2,,,,,,
UTLA_LAU_1509,UTLA_LAUSD_2022_2025,232,"On July 1, 2023, class size in academic classes (TK12) in schools listed in Appendix X shall be reduced by 1 in both average and maximum from the table in section 2.0 above. b.",HARD,deontic:obligation,2,,,,,,
UTLA_LAU_1450,UTLA_LAUSD_2022_2025,222,"At the time of eligibility for continuation coverage, and upon such notification, an election form shall be provided by the District. 9.3 COBRA shall be administered pursuant to federal law, and all decisions and rules with respect to eligibility, premium costs, qualification for benefits, and level of benefits shall be in accordance with published federal government guidelines.",HARD,deontic:obligation,2,,,,,,
UTLA_LAU_1402,UTLA_LAUSD_2022_2025,215,"To obtain such reimbursement, the employee shall file application therefore with the District's Health Insurance Section. f.",HARD,deontic:obligation,2,,,,,,
UTLA_LAU_1403,UTLA_LAUSD_2022_2025,215,"In situations where employees are married to one another and are covered by the same plan with one listed as a dependent, the dependent shall not, upon divorce or upon the retirement or death of the spouse, lose any rights the employee would otherwise have had as an eligible employee or retired employee. g.",HARD,deontic:prohibition|deontic:obligation,2,,,,,,
UTLA_LAU_1459,UTLA_LAUSD_2022_2025,223,The District and UTLA shall cooperatively discuss with STRS the nature of those services. 10.7 Section 12.5 Plan: The District will continue the IRS Section 125 Plan at no expense to the District. 2022-2025 UTLA Contract 205,HARD,deontic:obligation,2,,,,,,
UTLA_LAU_1442,UTLA_LAUSD_2022_2025,220,"For failure of the employee to make direct payment as provided under Sections 8.0 and 9.0, in which case coverage shall terminate at the close of the month for which the last premium was paid; b.",HARD,deontic:obligation,2,,,,,,
UTLA_LAU_1506,UTLA_LAUSD_2022_2025,231,"After norm date: Without regard to space availability, in order to avoid the disruption of a school organization, teacher(s) may be assigned temporarily (i.e., until next norm date) to perform non registercarrying classroom teaching functions in classes or departments exceeding the expected class size. 1.4 The class size restrictions of this Article are intended to establish minimum standards, and not to preclude or affect any existing or future improvements in these standards which result in lower class sizes or the utilization of ""off-norm"" or special program positions. 1.5 Class Size Arbitration Procedures: If a violation of this Article is established through the arbitration process, the arbitration panel shall have authority, to consider all reasonable and practical options, up to and including the assignment of additional teachers to meet the class size requirements of this Article, but shall not have authority to award any monetary relief beyond any expressly delineated in this article. 1.6 If a violation of this Article is established through the arbitration process, the arbitration panel shall have authority to require the assignment of additional teachers to be utilized consistent with Section 1.3 of this article, but shall not have authority to award any monetary relief. 2.0 Class Size Averages & Maximums for: Grade Class Size Class Size Type of School Levels Averages Maximums PHBAO TK-3 24.00 27 (Predominantly Hispanic, Black, Asian, & Other Non-Anglo) PHBAO 4-5",HARD,deontic:prohibition|deontic:obligation|deontic:permission,2,,,,,,
UTLA_LAU_1453,UTLA_LAUSD_2022_2025,222,"The Plan may, in its discretion, condition payment upon execution by the Member, the Member's estate, parent or legal guardian of an agreement",SOFT,deontic:permission,2,,,,,,
UTLA_LAU_1389,UTLA_LAUSD_2022_2025,213,"Pending the completion of procedures/negotiations/impasse for new plan adoption, employees shall remain in their current plans. b.",HARD,deontic:obligation,2,,,,,,
UTLA_LAU_1507,UTLA_LAUSD_2022_2025,232,"(6) 7-8 29.5 33 All Other Magnet 9-12 29.5 33 * In order to be considered magnet class in a magnet center, a class must contain more than 75% magnet students 2.1 Academic classes are those in English Language Arts, Math, Social Studies, Science, and Foreign Language.",HARD,deontic:obligation,2,,,,,,
UTLA_LAU_1505,UTLA_LAUSD_2022_2025,231,"Where space is not available for classroom use, teacher(s) may be assigned to perform non registercarrying classroom teaching functions to work with students in classes or departments exceeding expected class size. b.",SOFT,deontic:permission,2,,,,,,
UTLA_LAU_1504,UTLA_LAUSD_2022_2025,230,"From the start of a semester or term and through norm date: Where space is available for classroom use, priority shall be given to 2022-2025 UTLA Contract 212",HARD,deontic:obligation,2,,,,,,
UTLA_LAU_1390,UTLA_LAUSD_2022_2025,213,"Pending completion of procedures/negotiations/impasse for new plan adoption, the District shall temporarily assume the costs attributable to the written plan design.",HARD,deontic:obligation,2,,,,,,
UTLA_LAU_1387,UTLA_LAUSD_2022_2025,213,"Accordingly, the “no strike/no lockout” provisions of the respective collective bargaining agreements shall be suspended. 7.",HARD,deontic:obligation,2,,,,,,
UTLA_LAU_1456,UTLA_LAUSD_2022_2025,222,"The employee must suffer from a physical condition of a permanent debilitating, irreversible nature so as to make continuation of 2022-2025 UTLA Contract 204",HARD,deontic:obligation,2,,,,,,
UTLA_LAU_1500,UTLA_LAUSD_2022_2025,230,"As used in this Article, the term ""teacher"" or ""position"" refers to a full time equivalent (FTE) classroom teacher or position. 1.1 For purposes of compliance with this Article, teacher assignments are to be adjusted as of ""norm date."" As of ""norm date ""the number of teachers to be assigned to a school shall be based upon the number of students listed in the teacher Allocation Tables and the staffing requirements of this Article. 1.2 For purposes of compliance with this Article, teacher assignments are to be adjusted subsequent to norm date as follows: a.",HARD,deontic:obligation,2,,,,,,
UTLA_LAU_1391,UTLA_LAUSD_2022_2025,214,"Article XVI – Health and Welfare welfare benefits shall be recovered retroactively to the applicable January 1st as part of negotiations over total compensation, in the manner described in sections 1.0 and 1.1 above. 3.0 Eligibility for Plans: Eligibility requirements for employees and dependents shall be as provided in the applicable plan and also as follows: a.",HARD,deontic:obligation,2,,,,,,
UTLA_LAU_1446,UTLA_LAUSD_2022_2025,221,"For District-paid life insurance, upon the employee's loss of eligibility or termination of employment, in which case coverage shall terminate on the date the employee ceases to be eligible or employed. 7.1 With respect to hospital-medical plan coverage, if the employee's participation is terminated at the plan's request for other than nonpayment of premium, the employee may enroll in another of the District's hospital and medical plans by making proper application to the District's Health Insurance Section. 8.0 Conversion of Enrollment: With respect to the hospitalmedical plans, an employee who is enrolled in a plan for at least two",HARD,deontic:obligation|deontic:permission,2,,,,,,
UTLA_LAU_1392,UTLA_LAUSD_2022_2025,214,"Every employee who is assigned half-time or more of a fulltime assignment in one class, in a status other than substitute, temporary, extra, exchange or relief, shall be eligible to enroll in a plan.",HARD,deontic:obligation,2,,,,,,
UTLA_LAU_1393,UTLA_LAUSD_2022_2025,214,"The percentage of assignment shall be determined pursuant to Article XIV, Section 1.1.",HARD,deontic:obligation,2,,,,,,
UTLA_LAU_1508,UTLA_LAUSD_2022_2025,232,"Non-academic classes are all electives, excluding Physical Education and activity classes such as Band and Drill Team. 2.2 Schools not falling within the categories above shall maintain class size averages and class size maximums consistent with schools governed by the Student Integration Program (Desegregated/Receiver schools). 2.3 Class Size Reduction a.",HARD,deontic:obligation,2,,,,,,
UTLA_LAU_1394,UTLA_LAUSD_2022_2025,214,For employees attaining eligibility under this paragraph the enrollment year shall be January through December. b.,HARD,deontic:obligation,2,,,,,,
UTLA_LAU_1395,UTLA_LAUSD_2022_2025,214,"Employees who do not qualify under the preceding paragraph, but who in the previous school year were in paid status for the equivalent of 100 or more full days as a result of any one assignment or any combination of assignments in certificated service shall be eligible to enroll in a plan.",HARD,deontic:obligation,2,,,,,,
UTLA_LAU_1443,UTLA_LAUSD_2022_2025,220,"At the request of an employee, in which case coverage shall terminate at the close of the month in which the request was submitted; c.",HARD,deontic:obligation,2,,,,,,
UTLA_LAU_1396,UTLA_LAUSD_2022_2025,214,"For employees attaining eligibility under this paragraph, the enrollment year shall be September through August. c.",HARD,deontic:obligation,2,,,,,,
UTLA_LAU_1457,UTLA_LAUSD_2022_2025,223,"The procedures of Article XI governing ""Medical Appeals"" shall govern determinations to be made under this section. d.",HARD,deontic:obligation,2,,,,,,
UTLA_LAU_1447,UTLA_LAUSD_2022_2025,221,"(c) termination of employment, shall be given the opportunity to exercise the right of conversion of such individual coverage as provided by the plan, at the employee's expense.",HARD,deontic:obligation,2,,,,,,
UTLA_LAU_1454,UTLA_LAUSD_2022_2025,222,"All disputes regarding coverage and benefits are to be resolved under the plan's own grievance procedures rather than under Article V of this Agreement. 10.3 UTLA shall be furnished with a copy of the current Plans and Plan summaries; the District shall notify UTLA of any proposed Plan changes promptly upon receiving notification of same from the carriers. 10.4 [Reserved] 10.5 Extended Medical Leave: Employees shall receive an extension of the ""Continuation of Enrollment"" (see 6.0) by qualifying for an Extended Special Medical Leave under the following conditions: a.",HARD,deontic:obligation,2,,,,,,
UTLA_LAU_1398,UTLA_LAUSD_2022_2025,214,"Adult Education personnel (except those mentioned below) are eligible to enroll in the full health and welfare program if assigned for one hundred and twenty (120) hours per pay period in one class code other than substitute or temporary, or have been in paid status in one or more class codes for 1200 hours during the previous school year.",UNCLEAR,threshold|exception,2,,,,,,
UTLA_LAU_1501,UTLA_LAUSD_2022_2025,230,"At an elementary school, an increase in enrollment at the school which is sufficient to create an additional position, and which is sustained through two monthly enrollment reporting periods, shall cause an additional teacher to be assigned.",HARD,deontic:obligation,2,,,,,,
UTLA_LAU_1432,UTLA_LAUSD_2022_2025,219,"Employees participating in the employee-paid life insurance plan may also purchase spouse, domestic partner and/or dependent children coverage.",SOFT,deontic:permission,2,,,,,,
UTLA_LAU_1439,UTLA_LAUSD_2022_2025,220,"Coverage for substitute employees who are unavailable for work for any reason shall not be provided. 6.2 With respect to the employee-paid life insurance plan, employees who receive no salary or who receive insufficient salary to permit deduction of the required premium after all other deductions are made may continue coverage for a period not to exceed one",HARD,deontic:prohibition|deontic:obligation|deontic:permission,2,,,,,,
UTLA_LAU_1475,UTLA_LAUSD_2022_2025,226,Nothing in 6.2.a or 6.2.(1) shall prevent an employee from making additional/revised vacation requests during the school year.,HARD,deontic:obligation,2,,,,,,
UTLA_LAU_1416,UTLA_LAUSD_2022_2025,216,This must include a minimum of twentyfive (25) consecutive years of service with the District immediately prior to retirement. g.,HARD,deontic:obligation,2,,,,,,
UTLA_LAU_1417,UTLA_LAUSD_2022_2025,216,"In order to maintain coverage, the retiree must continue to receive an STRS/PERS allowance and must enroll in those parts of Medicare for which eligible. h.",HARD,deontic:obligation,2,,,,,,
UTLA_LAU_1491,UTLA_LAUSD_2022_2025,228,An employee who has accrued vacation in excess of that which could be earned in 18 pay periods shall be directed by the immediate administrator to commence the use of the excess vacation credit within two pay periods. e.,HARD,deontic:obligation,2,,,,,,
UTLA_LAU_1490,UTLA_LAUSD_2022_2025,228,Vacations shall be taken at a time which the employee’s immediate administrator determines will not disrupt the center or school operations.,HARD,deontic:obligation,2,,,,,,
UTLA_LAU_1489,UTLA_LAUSD_2022_2025,228,"No vacation or part thereof shall be taken at a lesser rate than one hour at a time, regardless of the nature of the assignment, nor shall a part-time assignment be changed for vacation purposes; and d.",HARD,deontic:obligation,2,,,,,,
UTLA_LAU_1418,UTLA_LAUSD_2022_2025,216,"Employees on ""Continuation of Enrollment"" pursuant to Section 6.0 below shall, if otherwise qualifying under this section, be eligible for coverage under the District paid insurance plans upon receiving an STRS/PERS retirement allowance. 5.0 Enrollment: For the hospital-medical, dental and vision care plans, an unenrolled employee eligible for enrollment may submit application for enrollment in a plan at any time.",HARD,deontic:obligation|deontic:permission,2,,,,,,
UTLA_LAU_1419,UTLA_LAUSD_2022_2025,216,"However, an employee who has previously been enrolled in a plan during the current enrollment year must, upon reenrollment in that same enrollment year, select the same plan.",HARD,deontic:obligation,2,,,,,,
UTLA_LAU_1452,UTLA_LAUSD_2022_2025,222,"If any injury or illness is caused or alleged to be caused by any act or omission of a third party, payments will be made according to the terms of the Plan for the services of physicians, hospitals and other providers; however, the Plan Member must reimburse the Plan for any amount paid by the Plan, up to the amount of any settlement or judgment the Member, the Member's estate, parent or legal guardian receives from or on behalf of the third party on account of such injury or illness.",HARD,deontic:obligation,2,,,,,,
UTLA_LAU_1488,UTLA_LAUSD_2022_2025,228,The amount of vacation taken in any pay period shall not be in excess of the vacation credit accumulated by the close of the pay period immediately preceding the pay period in which the vacation occurs; c.,HARD,deontic:prohibition|deontic:obligation,2,,,,,,
UTLA_LAU_1435,UTLA_LAUSD_2022_2025,219,An employee whose spouse/domestic partner is also a District employee may mutually agree to be covered as both an employee and as a dependent within the same plan.,SOFT,deontic:permission,2,,,,,,
UTLA_LAU_1486,UTLA_LAUSD_2022_2025,228,Article XVII – Holidays and Vacation 6.3 Time for Taking Vacation: Vacation may be taken under the following conditions: a.,SOFT,deontic:permission,2,,,,,,
UTLA_LAU_1477,UTLA_LAUSD_2022_2025,226,"(1) An employee that is prevented or prohibited from taking vacation during a period previously scheduled by the employee and approved by the employee's appropriate administrator shall be permitted to exceed the vacation cap amount for the school year in question, and shall be granted a preference the following year in scheduling vacation so as to assure the employee's ability to schedule sufficient vacation to reduce the employee's accumulation below the vacation cap amount.",HARD,deontic:obligation,2,,,,,,
UTLA_LAU_1420,UTLA_LAUSD_2022_2025,216,Such an employee must wait until the next open enrollment period to effect a change of plans.,HARD,deontic:obligation,2,,,,,,
UTLA_LAU_1421,UTLA_LAUSD_2022_2025,216,"The District shall process applications so as to make coverage effective on the earliest practicable date consistent with the plan provisions, and in no case shall this be later than the first day of the calendar month following the receipt of the completed application. 5.1 Eligible dependents may be enrolled by the employee in the hospital-medical, dental, and vision care plans at any time provided.",HARD,deontic:obligation|deontic:permission,2,,,,,,
UTLA_LAU_1422,UTLA_LAUSD_2022_2025,217,"Newborn children of the employee are automatically covered for the first thirty days following birth, provided that an application for dependent coverage is received by the Health Insurance Section before the end of the 30 day period.",UNCLEAR,threshold|exception,2,,,,,,
UTLA_LAU_1485,UTLA_LAUSD_2022_2025,227,"(2) In order to encourage employees to draw from their 1994 accrual bank (and thereby reduce the District's current unfunded vacation liability), should an employee utilize any vacation from their 1994 accrual bank during the employee's employment with the District, that vacation shall be paid out at the employee's current salary rate at the time the vacation is utilized. 2022-2025 UTLA Contract 209",HARD,deontic:obligation|deontic:preference,2,,,,,,
UTLA_LAU_1478,UTLA_LAUSD_2022_2025,226,Seniority shall determine the vacation schedule when pending employee requests conflict.,HARD,deontic:obligation,2,,,,,,
UTLA_LAU_1479,UTLA_LAUSD_2022_2025,226,"However, a senior employee's subsequent request shall not supplant the approved schedule of a less senior employee.",HARD,deontic:prohibition|deontic:obligation,2,,,,,,
UTLA_LAU_1424,UTLA_LAUSD_2022_2025,217,"In such cases, the required documentation for adoption or legal guardianship must be provided. a.",HARD,deontic:obligation,2,,,,,,
UTLA_LAU_1425,UTLA_LAUSD_2022_2025,217,A domestic partner of the same or opposite sex of an eligible employee may be covered as a dependent if all of the following criteria are met.,SOFT,deontic:permission,2,,,,,,
UTLA_LAU_1427,UTLA_LAUSD_2022_2025,218,"The employee must submit LAUSD Form DP2.0, “Statement 2022-2025 UTLA Contract 200",HARD,deontic:obligation,2,,,,,,
UTLA_LAU_1428,UTLA_LAUSD_2022_2025,219,"Article XVI – Health and Welfare of Disenrollment or Termination of Domestic Partnership.” The coverage for a domestic partner shall end on the last day of the month in which the relationship and/or living arrangement terminates and/or for which either party is no longer eligible for coverage. 5.3 For the District-paid life insurance plan, all eligible employees are automatically covered.",HARD,deontic:obligation,2,,,,,,
UTLA_LAU_1483,UTLA_LAUSD_2022_2025,227,Such requests shall not be unreasonably denied.,HARD,deontic:prohibition|deontic:obligation,2,,,,,,
UTLA_LAU_1430,UTLA_LAUSD_2022_2025,219,Employees not submitting applications during the period specified above may enroll by providing evidence of good health acceptable to the plan.,SOFT,deontic:permission,2,,,,,,
UTLA_LAU_1431,UTLA_LAUSD_2022_2025,219,Application for the employeepaid life insurance shall be processed to provide coverage at the earliest date consistent with the plan provided and payroll deduction schedules.,HARD,deontic:obligation,2,,,,,,
UTLA_LAU_1433,UTLA_LAUSD_2022_2025,219,Dependents eligible pursuant to 5.1 above may be enrolled without evidence of insurability in the following circumstances:  An application for such coverage is made simultaneously with the employee’s initial enrollment.  The eligible dependents are acquired after the point of initial enrollment by the employee.,SOFT,deontic:permission,2,,,,,,
UTLA_LAU_1481,UTLA_LAUSD_2022_2025,227,The District shall be permitted (but not required) to schedule and require employees to take vacation under the following circumstances:,HARD,deontic:obligation,2,,,,,,
UTLA_LAU_1415,UTLA_LAUSD_2022_2025,216,"For New Employees hired on or after April 1, 2009, years of qualifying service and age must total at least eighty-five (85) in order to qualify for retiree health benefits.",HARD,deontic:obligation,2,,,,,,
UTLA_LAU_1474,UTLA_LAUSD_2022_2025,226,Reasonable reasons for denial shall include but not be limited to:,HARD,deontic:obligation,2,,,,,,
UTLA_LAU_1404,UTLA_LAUSD_2022_2025,215,"(b) above and are in paid status for the month of May shall maintain their healthcare benefits through August without the requirement of being in paid status during the months of June, July and August.",HARD,deontic:obligation|deontic:permission,2,,,,,,
UTLA_LAU_1436,UTLA_LAUSD_2022_2025,219,"A married couple who both work for the District or domestic partners who both work for the District may include their qualifying children on their individual policies, and such children may also be covered more than once within the same plan. 5.6 Once each year there shall be an open enrollment period during which an enrolled employee may change hospital-medical benefits plans, 2022-2025 UTLA Contract 201",HARD,deontic:obligation|deontic:permission,2,,,,,,
UTLA_LAU_1463,UTLA_LAUSD_2022_2025,225,(1) An employee on a sabbatical leave of absence shall receive the same rate of pay for a holiday occurring during the leave as is received for other working days in such period; and,HARD,deontic:obligation,2,,,,,,
UTLA_LAU_1499,UTLA_LAUSD_2022_2025,230,"If a delay is anticipated in obtaining a regularly assigned teacher, the position shall be filled on a temporary basis. c.",HARD,deontic:obligation,2,,,,,,
UTLA_LAU_1405,UTLA_LAUSD_2022_2025,215,"Substitute employees who are eligible for the subsequent plan year (September through August) shall not be required to be in paid status for the month of August. 4.0 Retirement Benefit Coverage: Qualified employees who retire from the District receiving an STRS/PERS allowance for either age or disability shall be eligible to continue District-paid hospital/medical, dental and vision coverage in which the employee was enrolled at the time of retirement.",HARD,deontic:prohibition|deontic:obligation,2,,,,,,
UTLA_LAU_1407,UTLA_LAUSD_2022_2025,215,"The following shall not count toward, but shall not constitute a break in the service requirement:",HARD,deontic:prohibition|deontic:obligation,2,,,,,,
UTLA_LAU_1408,UTLA_LAUSD_2022_2025,215,The employee must meet the following requirements: a.,HARD,deontic:obligation,2,,,,,,
UTLA_LAU_1498,UTLA_LAUSD_2022_2025,230,"In interpreting and applying the class size restrictions of this Article, only ""active"" enrollment shall be considered. b.",HARD,deontic:obligation,2,,,,,,
UTLA_LAU_1409,UTLA_LAUSD_2022_2025,215,(5) consecutive years of qualifying service immediately prior to retirement shall be required in order to qualify for retiree health benefits for the life of the retiree. b.,HARD,deontic:obligation,2,,,,,,
UTLA_LAU_1497,UTLA_LAUSD_2022_2025,229,The lump-sum payment shall be at the salary rate of the employee's last vacation earning assignment. 6.8 Vacation - Substitute Status: Nothing in this Article shall be held to entitle persons with substitute status only to vacation privileges. 2022-2025 UTLA Contract 211,HARD,deontic:obligation,2,,,,,,
UTLA_LAU_1496,UTLA_LAUSD_2022_2025,229,"If the employee makes no request for lump-sum payment, the payment shall be made at the end of the school year following the school year in which the employee ceased to earn vacation.",HARD,deontic:obligation,2,,,,,,
UTLA_LAU_1480,UTLA_LAUSD_2022_2025,226,(2) Any relief from the vacation cap amount as set forth in part 6.2 above must be preapproved in writing by the superintendent or designee. 2022-2025 UTLA Contract 208,HARD,deontic:obligation,2,,,,,,
UTLA_LAU_1464,UTLA_LAUSD_2022_2025,225,(2) An employee on a military leave of absence entitled to compensation under Article XII shall only receive pay for the portion of the holiday period needed to meet the total time for which compensation is required by law; b.,HARD,deontic:obligation,2,,,,,,
UTLA_LAU_1410,UTLA_LAUSD_2022_2025,215,"For employees hired on or after March 11, 1984, but prior to July 1, 1987, ten (10) consecutive years of qualifying service immediately prior to retirement shall be required in order to qualify for retiree health benefits for the life of the retiree. 2022-2025 UTLA Contract 197",HARD,deontic:obligation,2,,,,,,
UTLA_LAU_1494,UTLA_LAUSD_2022_2025,228,Any such approved accumulated vacation may be taken while assigned to a position on another basis.,SOFT,deontic:permission,2,,,,,,
UTLA_LAU_1411,UTLA_LAUSD_2022_2025,216,"For employees hired on or after July 1, 1987, but prior to June 1, 1992, fifteen (15) consecutive years of qualifying service immediately prior to retirement shall be required, or ten (10) consecutive years immediately prior to retirement plus an additional ten (10) years which are not consecutive. d.",HARD,deontic:obligation,2,,,,,,
UTLA_LAU_1465,UTLA_LAUSD_2022_2025,225,"If the last day of the employee's assignment basis is a holiday and the employee has been in paid status during any portion of the last working day preceding the holiday. 3.1 As of July 1, 2001: Adult Education employees may combine hours in different classifications in order to qualify for holiday pay as follows: No pay for a holiday period exceeding two",SOFT,deontic:permission,2,,,,,,
UTLA_LAU_1468,UTLA_LAUSD_2022_2025,225,"An employee who has served sufficient time during a school year to be eligible for step advancement shall be deemed to have served a school year for the purpose of this subsection. 6.2 No employee shall be permitted to accrue vacation in an amount greater than that which the employee earned in the preceding 18 pay periods in which the employee was in paid status (the employee's ""vacation cap amount"").",HARD,deontic:obligation|deontic:prohibition,2,,,,,,
UTLA_LAU_1469,UTLA_LAUSD_2022_2025,225,"Once an employee has accrued vacation in an amount equal to the employee's vacation cap amount, the employee shall cease to accrue vacation 2022-2025 UTLA Contract 207",HARD,deontic:obligation,2,,,,,,
UTLA_LAU_1470,UTLA_LAUSD_2022_2025,226,"Consistent with the 18 pay period vacation cap amount set forth in 6.2, each employee shall by April 30 of each school year provide to the employee's appropriate administrator a written vacation usage schedule for the following school year, and which schedules vacation for the school year in an amount necessary to assure the employee will not exceed the vacation cap amount.",HARD,deontic:obligation,2,,,,,,
UTLA_LAU_1492,UTLA_LAUSD_2022_2025,228,"Vacation may be interrupted or terminated in order to begin illness leave, bereavement leave, jury duty leave or military leave. 6.4 Amount of Vacation - Rate of Allowance - Effect of Change in Status: The amount of vacation actually earned and only that amount shall be available, regardless of changes in status.",HARD,deontic:obligation|deontic:permission,2,,,,,,
UTLA_LAU_1471,UTLA_LAUSD_2022_2025,226,The vacation days identified by the employee in the submitted vacation schedule shall be scheduled in a manner consistent with the provisions of 6.3 below. b.,HARD,deontic:obligation,2,,,,,,
UTLA_LAU_1472,UTLA_LAUSD_2022_2025,226,"By May 30 of each school year, the appropriate administrator shall provide a written acknowledgment either approving the employee's submitted vacation schedule for the following school year, or disapproving the submitted schedule and providing a basis in writing for that denial.",HARD,deontic:obligation|deontic:permission,2,,,,,,
UTLA_LAU_1412,UTLA_LAUSD_2022_2025,216,"For employees hired on or after June 1, 1992 but prior to March 1, 2007, years of qualifying service and age must total at least eighty (80) in order to qualify for retiree health benefits.",HARD,deontic:obligation,2,,,,,,
UTLA_LAU_1438,UTLA_LAUSD_2022_2025,220,Coverage for an employee on an unpaid leave of absence for illness or industrial injury/illness shall continue for one year after which termination of coverage shall be processed and a conversion plan offered.,HARD,deontic:obligation,2,,,,,,
UTLA_LAU_1437,UTLA_LAUSD_2022_2025,220,"The District’s Health Insurance Section shall establish an announce the date of said open enrollment period. 6.0 Continuation of Enrollment: With respect to the hospitalmedical, dental and vision care plans, if an employee is in an unpaid status and not eligible for District contribution, the employee may arrange for continuance of enrollment under COBRA (see 9.0 - 9.3 below.) 6.1 With respect to the District-paid life insurance plan, coverage for an employee on an unpaid leave of absence other than for illness or industrial injury/illness shall not be provided until such time as the employee returns to active service in an eligible assignment.",HARD,deontic:prohibition|deontic:obligation|deontic:permission,2,,,,,,
UTLA_LAU_1413,UTLA_LAUSD_2022_2025,216,"For employees who have a break in service, this must include at least ten (10) consecutive years immediately prior to retirement. e.",HARD,deontic:obligation,2,,,,,,
UTLA_LAU_1414,UTLA_LAUSD_2022_2025,216,"For employees hired on or after March 1, 2007, but prior to April 1, 2009, shall be required to have a minimum of fifteen (15) consecutive years of service with the District immediately prior to retirement, in concert with the “Rule of 80” eligibility requirement (section 4.0",HARD,deontic:obligation,2,,,,,,
UTLA_LAU_1473,UTLA_LAUSD_2022_2025,226,Timely submitted vacation schedules (as well as any subsequent or revised vacation request) shall not be unreasonably denied.,HARD,deontic:prohibition|deontic:obligation,2,,,,,,
UTLA_LAU_1385,UTLA_LAUSD_2022_2025,213,"If the parties have not reached a tentative agreement by October 1st, the parties shall jointly declare the existence of an impasse pursuant to Government Code section 3548 and shall immediately proceed with statutory impasse procedures (mediation, factfinding). c.",HARD,deontic:obligation,2,,,,,,
UTLA_LAU_0001,UTLA_LAUSD_2022_2025,4,ASSIGNMENTS 43 1.0 General 43 2.0 Uniform Staffing Procedures For All K-12 Schools 43 2.1 Staffing Procedures After Initial Selection Through The Fifth Week of School or Track 46 2.2 Staffing Procedures After Norm Day 47 3.0 Department and Grade Level Chairpersons 47 4.0 Determination of Whether There Shall Be Coordinator or Dean Positions at School Sites 48 5.0 Required Elections of School-site Coordinators and Deans 48 5.1 Job Description and Eligibility for School-Site Election of Coordinators and Deans 49 6.0 Coordinator Selection Procedure at School Sites 50 7.0 Dean Election Procedure at School Sites 51 8.0 Filling Vacancies After Norm Day 52 9.0 Five-Year Out-Of-Classroom Assignment Limitations at School Sites 52 10.0 Five-Year Out-Of-Classroom Assignment Limitations at Non-School Sites 52 2022- 2025 UTLA Contract,HARD,deontic:obligation,2,,,,,,
UTLA_LAU_1384,UTLA_LAUSD_2022_2025,213,The increased cost of any agreed upon plan shall be an increase in employee total compensation and shall be accounted for in negotiations with each union in the manner described in sections 1.0 and 1.1above. b.,HARD,deontic:obligation,2,,,,,,
UTLA_LAU_1219,UTLA_LAUSD_2022_2025,190,A replacement teacher must be assigned to the same school as the absent employee or to a pool location.,HARD,deontic:obligation,2,,,,,,
UTLA_LAU_1216,UTLA_LAUSD_2022_2025,190,"Such pay shall be paid monthly, as worked.",HARD,deontic:obligation,2,,,,,,
UTLA_LAU_1215,UTLA_LAUSD_2022_2025,190,All teachers who possess the appropriate certification are authorized to render replacement service under the conditions described in this Section and shall be paid additional salary for such service at the rate of their regular scheduled tenthly rate.,HARD,deontic:obligation,2,,,,,,
UTLA_LAU_1213,UTLA_LAUSD_2022_2025,189,The period during which registration time may be utilized shall be determined by the District. 2022-2025 UTLA Contract 171,HARD,deontic:obligation|deontic:permission,2,,,,,,
UTLA_LAU_1212,UTLA_LAUSD_2022_2025,189,They shall not be entitled to pay for holidays or other absence benefits; and c.,HARD,deontic:prohibition|deontic:obligation,2,,,,,,
UTLA_LAU_1211,UTLA_LAUSD_2022_2025,189,Registration advisers shall be paid at their regular scheduled tenthly pay period rate for the time actually served.,HARD,deontic:obligation,2,,,,,,
UTLA_LAU_1209,UTLA_LAUSD_2022_2025,189,The time allocated to schools may be converted to substitute days and hours of advisory time for appropriate employees: a.,SOFT,deontic:permission,2,,,,,,
UTLA_LAU_1208,UTLA_LAUSD_2022_2025,189,The District shall establish the necessary administrative procedures for the processing of such demonstration teacher assignments and the review and checking of all timesheets incidental thereto. 27.0 Registration Advisers: Registration time may be allocated to schools by the District.,HARD,deontic:obligation|deontic:permission,2,,,,,,
UTLA_LAU_1207,UTLA_LAUSD_2022_2025,189,Compensation for service rendered as a demonstration teacher shall be paid after the close of the semester in which the service is rendered.,HARD,deontic:obligation,2,,,,,,
UTLA_LAU_1206,UTLA_LAUSD_2022_2025,189,Assignment as an auxiliary teacher may be terminated at any time. 26.0 Demonstration Teachers: Employees who are assigned as demonstration teachers for the purpose of providing observation by designated students in teacher-training institutions of the development of a teaching and learning situation setting forth a designated technique for a specific subject shall receive an assignment differential for such service.,HARD,deontic:obligation|deontic:permission,2,,,,,,
UTLA_LAU_1205,UTLA_LAUSD_2022_2025,189,Auxiliary teachers shall be paid only for time actually served.,HARD,deontic:obligation,2,,,,,,
UTLA_LAU_1204,UTLA_LAUSD_2022_2025,189,They shall be assigned on the appropriate basis and shall be paid at the hourly rate derived from their regular scheduled tenthly pay period rate.,HARD,deontic:obligation,2,,,,,,
UTLA_LAU_1203,UTLA_LAUSD_2022_2025,189,"The differential is not a part of the employee's regular pay period salary rate and does not count toward retirement, tenure, or salary upon promotion. 24.1 When the activity for which a salary differential has been received is discontinued, employees receiving such differential shall be continued on the salary schedule at their regular rate including Degree and Career Increment Differentials, but excluding any other salary differential. 25.0 Auxiliary Teachers: An auxiliary teacher is a secondary school teacher or JROTC Instructor assigned to teach one additional regular class period each day.",HARD,deontic:obligation,2,,,,,,
UTLA_LAU_1202,UTLA_LAUSD_2022_2025,189,"An employee who is temporarily assigned to a Non-School Assignment, Preparation Table may be granted a Temporary Adviser Differential.",SOFT,deontic:permission,2,,,,,,
UTLA_LAU_1200,UTLA_LAUSD_2022_2025,188,"Such assignments shall be made by the District Nursing Service Branch on a rotational basis (see Appendix E, Section 10.6). e.",HARD,deontic:obligation,2,,,,,,
UTLA_LAU_1199,UTLA_LAUSD_2022_2025,188,A Specialist Nurse Differential shall be paid to a school nurse who has successfully completed a specialist nurse training program and who is assigned to a health appraisal team to perform designated duties that supplement the regular duties for a school nurse.,HARD,deontic:obligation,2,,,,,,
UTLA_LAU_1198,UTLA_LAUSD_2022_2025,188,"Such differentials may also be assigned by the principal for coordinatorships in the areas of audiovisual, counseling, early childhood, ESL, gifted, health, library/media, reading, special education, student government, subject field or grade level leadership (department or grade level chairpersons), work experience, or with the approval of the Local District Superintendent, other activities related to the operation of the school.",SOFT,deontic:permission,2,,,,,,
UTLA_LAU_1197,UTLA_LAUSD_2022_2025,188,A coordinating differential may be assigned each semester by the principal or the Interscholastic Athletics Office to an employee for school coordinating service in interscholastic athletics or league coordinating service in interscholastic athletics.,SOFT,deontic:permission,2,,,,,,
UTLA_LAU_1196,UTLA_LAUSD_2022_2025,188,An athletics differential may be assigned each season by a senior high school principal to an employee for service as an interscholastic athletic coach; and 3) Coordinating Differential.,SOFT,deontic:permission,2,,,,,,
UTLA_LAU_1195,UTLA_LAUSD_2022_2025,187,"An activity assignment differential may be assigned each semester or season by the principal to an employee for service in the areas of choral music, drama, drill team, instrumental 2022-2025 UTLA Contract 169",SOFT,deontic:permission,2,,,,,,
UTLA_LAU_1194,UTLA_LAUSD_2022_2025,187,Assignments differentials may be paid for the following functions:,SOFT,deontic:permission,2,,,,,,
UTLA_LAU_1193,UTLA_LAUSD_2022_2025,187,The number and type of assignment differentials allocated to each location shall be determined by the District.,HARD,deontic:obligation,2,,,,,,
UTLA_LAU_1192,UTLA_LAUSD_2022_2025,187,The responsibilities of the assignment and the rate of pay shall be agreed upon in writing by the responsible administrator and the employee before the assignment begins.,HARD,deontic:obligation,2,,,,,,
UTLA_LAU_1191,UTLA_LAUSD_2022_2025,187,The assignment must involve working with students or performing duties specifically related to the assignment beyond the scheduled workday.,HARD,deontic:obligation,2,,,,,,
UTLA_LAU_1218,UTLA_LAUSD_2022_2025,190,Replacement service shall be in accordance with the following provisions: a.,HARD,deontic:obligation,2,,,,,,
UTLA_LAU_1220,UTLA_LAUSD_2022_2025,190,The replacement service must be for class instruction or library media teacher service.,HARD,deontic:obligation,2,,,,,,
UTLA_LAU_1189,UTLA_LAUSD_2022_2025,187,Nothing in this Section shall preclude an employee from performing such responsibilities and/or activities without receiving a differential. a.,HARD,deontic:obligation,2,,,,,,
UTLA_LAU_1221,UTLA_LAUSD_2022_2025,190,The total number of hours in all pays period rate replacement assignments for any one employee shall not exceed twelve per pay period.,HARD,deontic:prohibition|deontic:obligation,2,,,,,,
UTLA_LAU_1247,UTLA_LAUSD_2022_2025,193,"Credit for tenure purposes shall be granted retroactive to July 1, 1998 or later, as applicable.",HARD,deontic:obligation,2,,,,,,
UTLA_LAU_1246,UTLA_LAUSD_2022_2025,193,"Typically, this program will result in an increase in take-home pay for STRS members. 35.0 Home School Teachers (Contract Employees) Effective July 1, 2000, qualified Home School Teachers shall be offered a contract and assigned as follows: a.",HARD,deontic:obligation,2,,,,,,
UTLA_LAU_1245,UTLA_LAUSD_2022_2025,193,"(5) hours even if the last day was not a full 24-hour day. 34.0 Employer ""Pick-up"" of Employee Contributions to State Teachers' Retirement System (STRS): The District shall implement the provisions of Section 414",HARD,deontic:obligation,2,,,,,,
UTLA_LAU_1244,UTLA_LAUSD_2022_2025,193,"Article XIV – Salaries 33.0 Mileage: Mileage reimbursement shall be paid at the Internal Revenue Service established standard business rate for all miles driven in District Service, effective July 1, 2015 33.1 Student Interaction Program Camp Counselors: Such personnel shall receive an additional hour of pay at their regular hourly rate for each day they are assigned at the camp site for a 24-hour period, and if they serve the entire camp week at the camp site they shall receive five",HARD,deontic:obligation,2,,,,,,
UTLA_LAU_1243,UTLA_LAUSD_2022_2025,192,"The District shall hold open all Payroll Inquiry phone lines on the morning after the pay warrants are due at the site for the purpose of receiving reports of payroll errors from time-reporting personnel. 32.0 Payday: The Friday payday procedures shall be retained. 32.1 Annualized Pay: There shall be a restructuring of various payroll practices so that pay will, as soon as a major payroll re-programming is completed (at the earlier feasible January 1 or July 1) be annualized and paid in twelve (12) equal monthly installments (including supplemental and differential pay, as appropriate, minimizing retroactive and manual adjustment).",HARD,deontic:obligation,2,,,,,,
UTLA_LAU_1241,UTLA_LAUSD_2022_2025,192,Any portion of an Emergency Pay Allowance may be recovered against future salary warrants if the District later determines that the employee was not entitled to keep the payment.,SOFT,deontic:permission,2,,,,,,
UTLA_LAU_1240,UTLA_LAUSD_2022_2025,192,Those warrants not picked up by the employee shall be mailed to the employee that same day.,HARD,deontic:obligation,2,,,,,,
UTLA_LAU_1239,UTLA_LAUSD_2022_2025,192,Payroll Branch shall issue the Emergency Pay Allowance for approximately the amount of the error and have it prepared for pickup at the Payroll Branch between 3:30 and 5:00 p.m. of the same working day the error is reported to the Payroll Branch.,HARD,deontic:obligation,2,,,,,,
UTLA_LAU_1238,UTLA_LAUSD_2022_2025,192,"Recovery of temporary disability overpayments is handled separately from the above repayment provisions. 31.0 Payroll Errors - Prompt Correction: If the District fails to issue a scheduled regular pay warrant, or makes an error of $100 or more due to problems involving assignment, time reporting, payroll processing or the like, the employee may request an Emergency Pay Allowance for the amount of the estimated payroll error.",SOFT,deontic:permission,2,,,,,,
UTLA_LAU_1237,UTLA_LAUSD_2022_2025,192,"In such cases, however, the District will notify the employee and work out a suitable recovery payment schedule which may be as much as the entire amount within one pay period.",SOFT,deontic:permission,2,,,,,,
UTLA_LAU_1236,UTLA_LAUSD_2022_2025,192,"Where the amount and circumstances are such that the employee knew or should have known that there was an overpayment, the recovery payment will be as much as the entire amount.",SOFT,deontic:preference,2,,,,,,
UTLA_LAU_1235,UTLA_LAUSD_2022_2025,192,Article XIV – Salaries termination of paid status or may be larger than $200 per pay period if necessary to recover the full overpayment within a two-year period.,SOFT,deontic:permission,2,,,,,,
UTLA_LAU_1234,UTLA_LAUSD_2022_2025,191,"However, in such cases the repayment may be accelerated upon 2022-2025 UTLA Contract 173",SOFT,deontic:permission,2,,,,,,
UTLA_LAU_1232,UTLA_LAUSD_2022_2025,191,"The payment of salary shall be pro-rated according to the following table: Number of Weeks of Service Fractional Part of Training As a Training Teacher Teachers Salary to be Paid Nine or less per semester one-half More than nine per semester one Three or less per summer session one-half More than three per summer session one 29.3 The District shall establish the necessary administrative procedures for the processing of such assignments and the review and checking of all timesheets incidental thereto. 30.0 Payroll Errors - Limitations Upon Recovery: Any payroll or other salary errors claimed by an employee against the District in a timely manner as provided in the grievance procedure of Article V, shall be corrected retroactively up to a maximum of three years from the date of claim.",HARD,deontic:obligation,2,,,,,,
UTLA_LAU_1231,UTLA_LAUSD_2022_2025,191,"In no case shall the compensation paid for the service of training teachers exceed the established salary rate per semester unit. 29.2 For the purpose of pro-rating the salary to employees who render service as training teachers during a part of a semester or a part of an intersession, where one regular training teacher replaces another training teacher, the teacher having the longer assignment shall be paid.",HARD,deontic:obligation,2,,,,,,
UTLA_LAU_1230,UTLA_LAUSD_2022_2025,191,"A semester unit in elementary schools, and junior and senior high schools during the summer session equals approximately six weeks of direct supervision and instruction per student candidate for sixty minutes per day. 29.1 In cases where the training teacher has more than one student teacher assigned at any one time, the amount received by the training teacher shall be increased proportionately.",HARD,deontic:obligation,2,,,,,,
UTLA_LAU_1228,UTLA_LAUSD_2022_2025,191,Article XIV – Salaries 29.0 Training Teacher: Employees who are assigned as training teachers for the purpose of the direct supervision and instruction of the classroom teaching of student candidates for teaching credentials shall receive an assignment differential for such service.,HARD,deontic:obligation,2,,,,,,
UTLA_LAU_1227,UTLA_LAUSD_2022_2025,190,The rate of pay for replacement service for an absent hourly rate teacher shall be the replacement teacher's regular hourly rate. 2022-2025 UTLA Contract 172,HARD,deontic:obligation,2,,,,,,
UTLA_LAU_1226,UTLA_LAUSD_2022_2025,190,The rate of pay for replacement service for an absent pay period rate teacher shall be the replacement teacher's hourly rate derived from their regular scheduled tenthly pay period rate.,HARD,deontic:obligation,2,,,,,,
UTLA_LAU_1225,UTLA_LAUSD_2022_2025,190,"A secondary, secondary special education, or adult education teacher shall receive one hour's pay for each class hour of teaching for an absent teacher; e.",HARD,deontic:obligation,2,,,,,,
UTLA_LAU_1224,UTLA_LAUSD_2022_2025,190,An elementary level teacher shall receive one hour's pay for each 30 pupil-hours of replacement service rendered with regular elementary students or one hour's pay for each 15 pupil-hours of replacement service rendered with special education students.,HARD,deontic:obligation,2,,,,,,
UTLA_LAU_1223,UTLA_LAUSD_2022_2025,190,"However, such limits on replacement service may be exceeded when, in the judgment of the principal, special needs of the school so indicate; b.",SOFT,deontic:permission,2,,,,,,
UTLA_LAU_1222,UTLA_LAUSD_2022_2025,190,The total number of hours in all hourly rate replacement assignments for any one employee shall not exceed twelve per pay period.,HARD,deontic:prohibition|deontic:obligation,2,,,,,,
UTLA_LAU_1190,UTLA_LAUSD_2022_2025,187,An assignment differential may be granted to school-based employees because of additional duties which are related to the basic assignment but which require service in addition to the duties of the regular position.,SOFT,deontic:permission,2,,,,,,
UTLA_LAU_1188,UTLA_LAUSD_2022_2025,187,"Such differentials may be computed on a pay period, seasonal, semester, session, quarterly, daily, or an hourly basis, but payment will be made in a lump-sum following the end of a season or semester, or as an additive following the end of a regular pay period, as determined by the District.",SOFT,deontic:permission,2,,,,,,
UTLA_LAU_1382,UTLA_LAUSD_2022_2025,213,"Article XVI – Health and Welfare recommendation, the parties shall commence coordinated negotiations (the District and all unions/associations) over the subject of plan design and benefit costs for the applicable calendar year.",HARD,deontic:obligation,2,,,,,,
UTLA_LAU_1146,UTLA_LAUSD_2022_2025,180,"For all other purposes, including status, tenure and seniority date, the employee shall be treated as a new hire. 16.0 Step Advancement: An employee not on the maximum step of the schedule shall receive a step advancement effective at the beginning of the employee's regular annual assignment basis in accordance with the following: a.",HARD,deontic:obligation,2,,,,,,
UTLA_LAU_1144,UTLA_LAUSD_2022_2025,180,The original seniority date is not restored. 15.1 A former employee who re-enters service in a higher class within a 39- month period from the last date of paid service shall be restored to the appropriate rate for the former schedule in accordance with the above procedures.,HARD,deontic:obligation,2,,,,,,
UTLA_LAU_1143,UTLA_LAUSD_2022_2025,179,"(See Sections 4.0 and 7.0 of this Article and Appendix E, Section 3.b) 15.0 Return to Service - Salary Restoration: A former employee who re-enters service within a 39-month period from the last date of paid service on the same or equivalent salary table shall have restoration as provided in Section 7.0.",HARD,deontic:obligation,2,,,,,,
UTLA_LAU_1142,UTLA_LAUSD_2022_2025,179,"(3) (Effective April 26, 2005) Qualifying experience involving prior service shall be limited to assignments of one semester or more.",HARD,deontic:obligation,2,,,,,,
UTLA_LAU_1139,UTLA_LAUSD_2022_2025,179,"To receive credit, previous experience must have occurred during the twenty-three years immediately preceding the election for which rating-in is provided. m.",HARD,deontic:obligation,2,,,,,,
UTLA_LAU_1138,UTLA_LAUSD_2022_2025,179,"To receive credit under sections a, b, d, e, f, g, h, i, and j, experience must have occurred after possession of an earned bachelor's degree. l.",HARD,deontic:obligation,2,,,,,,
UTLA_LAU_1137,UTLA_LAUSD_2022_2025,178,No such credit shall be given for adult education experience on any date for which day school experience is given. 2022-2025 UTLA Contract 160,HARD,deontic:obligation,2,,,,,,
UTLA_LAU_1136,UTLA_LAUSD_2022_2025,178,Credit for librarian experience in approved private libraries may not exceed five years. g.,SOFT,deontic:restriction|deontic:permission,2,,,,,,
UTLA_LAU_1135,UTLA_LAUSD_2022_2025,178,"For purposes of this section, this may include District Interns contracted in subject fields limited to math, science, English, and special education. f.",SOFT,deontic:permission,2,,,,,,
UTLA_LAU_1134,UTLA_LAUSD_2022_2025,178,"To receive such credit, the applicant must have a degree in the shortage field and be contracted as a probationary employee in the designated shortage field.",HARD,deontic:obligation,2,,,,,,
UTLA_LAU_1133,UTLA_LAUSD_2022_2025,178,The maximum number of units equated as trade experience shall not exceed 60 semester hours.,HARD,deontic:prohibition|deontic:obligation,2,,,,,,
UTLA_LAU_1130,UTLA_LAUSD_2022_2025,178,"Such learning period shall consist of an apprenticeship, a recognized equivalent occupational or collegiate level preparation, or a combination thereof.",HARD,deontic:obligation,2,,,,,,
UTLA_LAU_1129,UTLA_LAUSD_2022_2025,178,The experience must have occurred after completion of an approved four-year learning period.,HARD,deontic:obligation,2,,,,,,
UTLA_LAU_1128,UTLA_LAUSD_2022_2025,177,"(3) Special Education experience must also have been at work sites or in programs that were state certified, provided instructional rather than custodial care, or were receiver schools for public school students under provisions of Public Law 94-142. 2022-2025 UTLA Contract 159",HARD,deontic:obligation,2,,,,,,
UTLA_LAU_1127,UTLA_LAUSD_2022_2025,177,"(2) Additionally, pre-school or other early childhood education experience must have been in state accredited, state or federal approved, or Early Education Center permit programs; and",HARD,deontic:obligation,2,,,,,,
UTLA_LAU_1126,UTLA_LAUSD_2022_2025,177,"(1) All non-day school paid experience must reflect a direct relationship to teaching, provide evidence of the use of skills applicable to teaching, and have been full-time or the equivalent, to receive salary credit not to exceed five years;",HARD,deontic:obligation,2,,,,,,
UTLA_LAU_1125,UTLA_LAUSD_2022_2025,177,Non-Day School Certificated Experience may be granted for employees hired in shortage fields under the following conditions:,SOFT,deontic:permission,2,,,,,,
UTLA_LAU_1123,UTLA_LAUSD_2022_2025,177,"Credit may be granted for District experience, including substitute service, during the year in which rating-in is effective.",SOFT,deontic:permission,2,,,,,,
UTLA_LAU_1122,UTLA_LAUSD_2022_2025,177,"(Effective April 26, 2005) Qualifying experience involving prior service shall be limited to assignments of one semester or more.",HARD,deontic:obligation,2,,,,,,
UTLA_LAU_1120,UTLA_LAUSD_2022_2025,176,"If the supplemental claim is filed after four calendar months from the election date, the allocation shall become effective at the beginning of the employee's next pay period following the filing date. 2022-2025 UTLA Contract 158",HARD,deontic:obligation,2,,,,,,
UTLA_LAU_1119,UTLA_LAUSD_2022_2025,176,Allocation to a higher step and/or schedule or allowance of a degree differential on the basis of a properly filed supplemental claim shall be retroactive to the effective date of election if the claim is filed within four calendar months of such date.,HARD,deontic:obligation,2,,,,,,
UTLA_LAU_1118,UTLA_LAUSD_2022_2025,176,"A new employee who has filed a rating-in claim may file additional supplemental rating-in claims for coursework and/or experience acquired prior to initial employment; however, such claims will be evaluated in accordance with provisions in effect at the time the claims are filed.",SOFT,deontic:permission,2,,,,,,
UTLA_LAU_1117,UTLA_LAUSD_2022_2025,176,"If an employee has filed a rating-in claim, subsequent ratingins shall be based upon records on file in the Salary Allocation Unit. e.",HARD,deontic:obligation,2,,,,,,
UTLA_LAU_1116,UTLA_LAUSD_2022_2025,176,"If an employee files a protest of the evaluation of a rating-in claim and additional credit is allowed, any salary adjustment shall be retroactive to the effective date of an allowance based on the original claims. d.",HARD,deontic:obligation,2,,,,,,
UTLA_LAU_1145,UTLA_LAUSD_2022_2025,180,"Such employee shall then be allocated for the new higher class in accordance with provisions for assignment to a higher class. 15.2 A former employee who re-enters service after a 39-month period from the last date of paid service on the same or equivalent salary schedule shall be rated-in in accordance with Section 7.0 of this Article; a former employee who returns after a 39-month period effective 7-1-85 or thereafter may, in the discretion of the District, rate-in or have step and schedule restored, but shall not be eligible to have the career increment restored.",HARD,deontic:prohibition|deontic:obligation|deontic:permission,2,,,,,,
UTLA_LAU_1147,UTLA_LAUSD_2022_2025,180,The employee must have been paid for service or for leave on the employee's current or higher schedule for the number of hours corresponding to 130 full-time days during the previous school year.,HARD,deontic:obligation,2,,,,,,
UTLA_LAU_1185,UTLA_LAUSD_2022_2025,186,"To be eligible for a career increment the employee must have met step advancement requirements for five years while allocated to the maximum step and schedule of the Early Education Center Salary Table, or a higher rate while not paid on the Early Education Center Salary Table.",HARD,deontic:obligation,2,,,,,,
UTLA_LAU_1148,UTLA_LAUSD_2022_2025,180,"If experience is aggregated pursuant to this section, any surplus days of experience (i.e., hours in excess of the number needed for a two-year aggregate of 130 full-time days) may not be aggregated or carried over to apply for any 2022-2025 UTLA Contract 162",SOFT,deontic:restriction|deontic:permission,2,,,,,,
UTLA_LAU_1183,UTLA_LAUSD_2022_2025,186,The employee must have completed two staff development credits meeting the multicultural requirement as described in Section 22.0 f.,HARD,deontic:obligation,2,,,,,,
UTLA_LAU_1182,UTLA_LAUSD_2022_2025,186,The employee must have served five school years on the top rate of either a Special Services Salary Table Schedule or the top rate of the Preparation Salary Table (or a combination of both) and during each of the five years must have been paid for the number of hours required for step advance.,HARD,deontic:obligation,2,,,,,,
UTLA_LAU_1181,UTLA_LAUSD_2022_2025,186,Years of service outside the District which are creditable for rating-in step placement purposes (maximum of five) shall count toward the 14-year requirement; c.,HARD,deontic:obligation,2,,,,,,
UTLA_LAU_1179,UTLA_LAUSD_2022_2025,185,"To be eligible for the first career increment, the employee must be serving under a credential requiring a baccalaureate degree; 2022-2025 UTLA Contract 167",HARD,deontic:obligation,2,,,,,,
UTLA_LAU_1177,UTLA_LAUSD_2022_2025,185,"To be eligible for the fourth career increment, the employee must have been paid on the third career increment for five years while meeting step advance requirements. f.",HARD,deontic:obligation,2,,,,,,
UTLA_LAU_1176,UTLA_LAUSD_2022_2025,185,"To be eligible for the third career increment, the employee must have been paid on the second career increment for five years while meeting step advance requirements. e.",HARD,deontic:obligation,2,,,,,,
UTLA_LAU_1175,UTLA_LAUSD_2022_2025,185,"To be eligible for the second career increment, the employee must have been paid on the first career increment for five years while meeting step advance requirements. d.",HARD,deontic:obligation,2,,,,,,
UTLA_LAU_1174,UTLA_LAUSD_2022_2025,185,"If the required courses on multicultural understanding are completed after the above five-year period, the effective date of the first career increment shall be determined under the contractual provisions governing the effective date of schedule advancement. c.",HARD,deontic:obligation,2,,,,,,
UTLA_LAU_1173,UTLA_LAUSD_2022_2025,185,"To be eligible for the first career increment, the employee must have met step advancement requirements for five years while allocated to the maximum (steps 10 - 14) on Schedule 27 of the Preparation Salary Table, or a higher rate while not paid on the Preparation Salary Table, provided the employee has met the multicultural requirement of Section 22.0 above. b.",HARD,deontic:obligation,2,,,,,,
UTLA_LAU_1172,UTLA_LAUSD_2022_2025,185,"The above units may also be used to meet the point total for schedule advancement. 23.0 Eligibility for Career Increments: An employee being paid on the maximum step of the Special Services Salary Table or the maximum step and schedule of the Preparation Salary Table, Early Education Center Salary Table or Development Center Salary Table is eligible for a career increment as soon as the requirements set out below are met.",SOFT,deontic:permission,2,,,,,,
UTLA_LAU_1171,UTLA_LAUSD_2022_2025,185,Multicultural Understanding coursework must pertain to a minority group represented in the District student enrollment.,HARD,deontic:obligation,2,,,,,,
UTLA_LAU_1170,UTLA_LAUSD_2022_2025,185,The remaining two units must be completed prior to any subsequent schedule advancement.,HARD,deontic:obligation,2,,,,,,
UTLA_LAU_1169,UTLA_LAUSD_2022_2025,184,"Satisfactory evidence that the degree has been granted or that all requirements have been met and that the employee is eligible to receive the degree must be filed according to the time limits and other point regulations. 22.0 Courses on Multicultural Understanding Required: To qualify for a schedule advancement on the Preparation, Early Education Center or Development Center Salary Table, the employee must have completed a 2022-2025 UTLA Contract 166",HARD,deontic:obligation,2,,,,,,
UTLA_LAU_1167,UTLA_LAUSD_2022_2025,184,"In order to receive a degree differential, the degree must have been granted, or there must be satisfactory evidence that all requirements for the degree have been completed and of eligibility to receive the degree. 21.0 Eligibility for Degree Differential: An employee on the Preparation, Early Education Center, Development Center, or Special Services Salary Table is eligible for a degree differential under the following conditions: a.",HARD,deontic:obligation,2,,,,,,
UTLA_LAU_1166,UTLA_LAUSD_2022_2025,184,"Article XIV – Salaries 20.3 The date that a point application is filed is the date that it is received in the Salary Allocation Unit, or if sent by the United States mail addressed to the Human Resources Division, the date that it is post-marked. 20.4 The same requirements for completion of study, filing of proper application form, and effective date of differential shall apply to the degree and Specialist Nurse differential as for schedule advancement.",HARD,deontic:obligation,2,,,,,,
UTLA_LAU_1165,UTLA_LAUSD_2022_2025,183,Advancements may occur as set forth in this section provided the multicultural requirements of Section 22.0 are satisfied. 20.1 For employees paid on the Preparation Salary,SOFT,deontic:permission,2,,,,,,
UTLA_LAU_1162,UTLA_LAUSD_2022_2025,182,"(L) Table. 18.0 Schedule Advancement - Early Education Center and Development Center Salary Tables: In order to qualify for a schedule advancement on their respective salary tables, Early Education Center Teachers and Development Center Teachers must meet requirements according to the following: Advancement to Schedule Requirements EE DC 16 12 14 points above minimum requirements 17 13 28 points above minimum requirements 18 14 bachelor's degree - 15 possession of a California restricted severely handicapped credential (applicable only to Development Center Teachers) 19 - possession of a California elementary or early childhood teaching credential (applicable only to Early Education Center Teachers) 2022-2025 UTLA Contract 164",HARD,deontic:obligation,2,,,,,,
UTLA_LAU_1159,UTLA_LAUSD_2022_2025,181,"Time on exchange, position, member of legislative body, military, organization and paid leaves shall count as paid time in the class from which on leave provided the employee furnishes the Controlling Division verification of time spent on such leaves. e.",HARD,deontic:obligation,2,,,,,,
UTLA_LAU_1158,UTLA_LAUSD_2022_2025,181,Paid time while on leave to serve full-time in another class paid on the same or higher schedule or an hourly rate shall also count as paid time in the class from which on leave. d.,HARD,deontic:obligation,2,,,,,,
UTLA_LAU_1157,UTLA_LAUSD_2022_2025,181,"Refer to the Staff Development Plan dated May 9, 2002. c.",SOFT,deontic:permission,2,,,,,,
UTLA_LAU_1156,UTLA_LAUSD_2022_2025,181,"In addition, staff development documentation must be completed and submitted to the Adult Personnel Unit by June 16.",HARD,deontic:obligation,2,,,,,,
UTLA_LAU_1153,UTLA_LAUSD_2022_2025,181,(The candidate may not carry over hours from Year One if advancement is not accomplished in the declared two,SOFT,deontic:restriction|deontic:permission,2,,,,,,
UTLA_LAU_1152,UTLA_LAUSD_2022_2025,181,"Under the two-school year option, the candidate for advancement in Year One must declare in Year One which two",HARD,deontic:obligation,2,,,,,,
UTLA_LAU_1248,UTLA_LAUSD_2022_2025,193,Home School Teachers shall accept a minimum of three and up to five students as assigned by the District consistent with Section 35.1 below.,HARD,deontic:obligation,2,,,,,,
UTLA_LAU_1249,UTLA_LAUSD_2022_2025,193,Home School Teachers shall receive an illness hours credit projection based on working one-half time but shall earn illness hours credit proportionate to the actual hours assigned for the school year. c.,HARD,deontic:obligation,2,,,,,,
UTLA_LAU_1250,UTLA_LAUSD_2022_2025,194,Home School Teachers shall select at least one primary assignment and two or more adjacent assignment area(s).,HARD,deontic:obligation,2,,,,,,
UTLA_LAU_1353,UTLA_LAUSD_2022_2025,210,Composition -- Each union shall be entitled to one,HARD,deontic:obligation,2,,,,,,
UTLA_LAU_1349,UTLA_LAUSD_2022_2025,210,"In light of the foregoing, the parties agree that if the number of participants (based on current eligibility/coverage criteria) increases above the number used to project the $803.4 million cost, the District shall fully fund any costs associated with the increase in the number of participants in an amount above the $803.4 million initially projected. d.",HARD,deontic:obligation,2,,,,,,
UTLA_LAU_1348,UTLA_LAUSD_2022_2025,210,Therefore it is understood and agreed by the parties that the actual cost for calendar year 2007 may be higher or lower than the $803.4 million amount as a result of an increase in the number of participants (based on current eligibility/coverage criteria) or a decrease in the number of participants (based on current eligibility/coverage criteria) compared to the number of participants on which the $803.4 million projection was based. c.,SOFT,deontic:permission,2,,,,,,
UTLA_LAU_1347,UTLA_LAUSD_2022_2025,209,"All negotiated agreements between the District and all unions/associations shall be modified to establish the negotiations process, as set forth herein, as the exclusive forum in which the subject of health and welfare costs are discussed, following Health Benefits Committee (hereafter “HBC”) discussion and recommendations regarding plan design. a.",HARD,deontic:obligation,2,,,,,,
UTLA_LAU_1345,UTLA_LAUSD_2022_2025,208,No point credit shall be granted for District employment. 2022-2025 UTLA Contract 190,HARD,deontic:obligation,2,,,,,,
UTLA_LAU_1344,UTLA_LAUSD_2022_2025,208,"Article XV – Salary Point Credit week. 19.6 The employment portion of an educational work experience project shall not include any time during which other study used for point credit is undertaken. 19.7 An approved business enterprise, within the meaning of this section, must be a bona fide and established organization.",HARD,deontic:prohibition|deontic:obligation|deontic:obligation,2,,,,,,
UTLA_LAU_1343,UTLA_LAUSD_2022_2025,207,There shall be no fractional credit granted for fractional parts of a 2022-2025 UTLA Contract 189,HARD,deontic:obligation,2,,,,,,
UTLA_LAU_1342,UTLA_LAUSD_2022_2025,207,Employment must be for the standard workweek for the particular trade or occupation.,HARD,deontic:obligation,2,,,,,,
UTLA_LAU_1340,UTLA_LAUSD_2022_2025,207,Establishment of maximum point values for educational work experience projects undertaken on leaves of absence. 19.2 Written approval on the official application form must be obtained prior to commencement of the employment portion of the project. 19.3 No point credit shall be given for participation in a point project involving employment until the entire project is satisfactorily completed.,HARD,deontic:obligation|deontic:obligation,2,,,,,,
UTLA_LAU_1339,UTLA_LAUSD_2022_2025,207,"The committee shall have authority to revise the point value and study requirements of projects in instances where, of necessity, the employment conditions are changed during the progress of the employment; prior approval of such change must be obtained; and c.",HARD,deontic:obligation|deontic:obligation,2,,,,,,
UTLA_LAU_1337,UTLA_LAUSD_2022_2025,207,"Article XV – Salary Point Credit shall be one salary point credit for each two weeks of travel, and a career maximum accumulation shall be seven salary points for educational travel.",HARD,deontic:obligation,2,,,,,,
UTLA_LAU_1336,UTLA_LAUSD_2022_2025,206,"A final written report is submitted by the employee to the immediate administrator for approval and forwarded to the Salary Allocation Office, the report must include:",HARD,deontic:obligation,2,,,,,,
UTLA_LAU_1334,UTLA_LAUSD_2022_2025,206,All missed work must be completed on an independent assignment basis.,HARD,deontic:obligation,2,,,,,,
UTLA_LAU_1331,UTLA_LAUSD_2022_2025,205,"For the purposes of this Section, Language Acquisition Classes shall be designated as classes which require outside study and shall be granted point credit accordingly. 16.1 Professional Development Point Project Classes may be scheduled from one to six units of salary point credit.",HARD,deontic:obligation|deontic:permission,2,,,,,,
UTLA_LAU_1330,UTLA_LAUSD_2022_2025,205,Credit for classes that do not require outside study or preparation shall be allowed on the basis of one salary point for each thirty hours of satisfactory completion.,HARD,deontic:obligation,2,,,,,,
UTLA_LAU_1329,UTLA_LAUSD_2022_2025,205,Outside study and preparation shall equal two hours for each class hour.,HARD,deontic:obligation,2,,,,,,
UTLA_LAU_1328,UTLA_LAUSD_2022_2025,205,The number of class hours scheduled for each class meeting shall be determined by the Division of Instructional Services.,HARD,deontic:obligation,2,,,,,,
UTLA_LAU_1327,UTLA_LAUSD_2022_2025,205,"Participants may be required to purchase materials to be used in connection with the point project in which they are enrolled. 16.0 (Effective April 26, 2005) Course Requirements for Professional Development Point Project Classes: Professional Development Point Project Classes shall be offered on the basis of fifteen contact hours for one salary point credit.",HARD,deontic:obligation|deontic:permission,2,,,,,,
UTLA_LAU_1325,UTLA_LAUSD_2022_2025,204,Participants in such courses may elect to receive either direct salary point credit or unit credit on payment of a fee to the cooperating college or university. 12.0 Selection and Payment of Instructors for Professional Development Point Project Classes: Instructors for Professional Development Point Project Classes must have an appropriate credential and be approved by the Division of Instructional Services. 12.1 Instructors of Professional Development Point Project Classes shall be paid at an appropriate professional expert rate as determined by the Division of Instructional Services or accept double salary point credit as provided in 13.2 below. 12.2 Instructors of Professional Development Point Project Classes may choose to accept double salary point credit in lieu of salary but will not receive double salary point credit for teaching the same course more than once. 12.3 Responsibility for instruction of a Professional Development Point Project Class may be distributed between several persons provided each person assumes full leadership for at least four class hours of a course. 13.0 Responsibility of Instructors of Professional Development Point Project Classes: Responsibilities of instructors of Professional Development Point Project Classes shall include: 2022-2025 UTLA Contract 186,HARD,deontic:obligation|deontic:obligation|deontic:permission,2,,,,,,
UTLA_LAU_1324,UTLA_LAUSD_2022_2025,204,Provision may be made by the Division of Instructional Services to offer courses in cooperation with institutions of higher learning.,SOFT,deontic:permission,2,,,,,,
UTLA_LAU_1323,UTLA_LAUSD_2022_2025,204,"It shall be the responsibility of the Joint Salary Point Credit to insure that Professional Development Point Project Classes are planned with the involvement of the employees concerned and to meet their inservice education needs. 10.1 Professional Development Point Project Classes may be sponsored on a district-wide basis by recognized employee organizations in cooperation with the Division of Instructional Services. 11.0 Responsibility for Conducting Professional Development Point Project Classes: It shall be the policy of the District whenever feasible to conduct Professional Development Point Project Classes that are consistent with District instructional priorities, needs and legal mandates.",HARD,deontic:obligation|deontic:permission,2,,,,,,
UTLA_LAU_1322,UTLA_LAUSD_2022_2025,204,"Article XV – Salary Point Credit serving or planning to serve and will be intended to provide for a substantial increase in employees' skill, knowledge, and understanding of their current or planned assignment. 10.0 Planning and Scheduling Professional Development Point Project Classes Responsibility: The Division of Instructional Services shall be responsible for authorizing Professional Development Point Project Classes scheduled for employees.",HARD,deontic:obligation,2,,,,,,
UTLA_LAU_1320,UTLA_LAUSD_2022_2025,203,"When the Joint Salary Point Credit Committee exercises these rights it shall immediately inform, in writing, the Director of Salary Allocation Office of its decision(s).",HARD,deontic:obligation,2,,,,,,
UTLA_LAU_1319,UTLA_LAUSD_2022_2025,203,"Review and development of recommendations to the District and UTLA with respect to simplifying and clarifying the rating-in and salary advancement process, and/or development of an alternative salary compensation model for teachers. 8.4 The Joint Salary Committee may also, in the exercise of its approval rights, impose reductions in credit or suspend or cancel approval of previously-approved classes if the Committee determines that a program or course does not meet requirements and should not receive the full unit value claimed by the provider.",SOFT,deontic:preference|deontic:permission,2,,,,,,
UTLA_LAU_1350,UTLA_LAUSD_2022_2025,210,"(c) other savings such as Medicare Part D reimbursement, the parties agree that any unspent monies (the difference between $803.4 million and actual costs) shall be placed in a reserve fund to defray the future costs of health benefits.",HARD,deontic:obligation,2,,,,,,
UTLA_LAU_1354,UTLA_LAUSD_2022_2025,210,The District shall be an official member of the HBC; the District and each union shall have one vote apiece.,HARD,deontic:obligation,2,,,,,,
UTLA_LAU_1251,UTLA_LAUSD_2022_2025,194,The Home School Teacher’s initial assignment shall be made in a requested primary geographic assignment area by seniority whenever reasonably possible and in a manner designed to minimize driving time.,HARD,deontic:obligation,2,,,,,,
UTLA_LAU_1355,UTLA_LAUSD_2022_2025,210,"The District shall provide resource staff as determined by the Committee, and shall provide adequate paid release time for those Committee members who are employees of the District. b.",HARD,deontic:obligation,2,,,,,,
UTLA_LAU_1381,UTLA_LAUSD_2022_2025,212,"If the Board rejects the revised consensus HBC recommendation or if the HBC is unable to arrive at a revised consensus recommendation by June 1, the following procedure shall apply: a.",HARD,deontic:obligation,2,,,,,,
UTLA_LAU_1380,UTLA_LAUSD_2022_2025,212,(2) shall then apply. 6.,HARD,deontic:obligation,2,,,,,,
UTLA_LAU_1379,UTLA_LAUSD_2022_2025,212,"If the HBC reaches consensus on a revised plan recommendation (i.e., there are no “minority plans”), this recommendation shall be forwarded to the Board for adoption.",HARD,deontic:obligation,2,,,,,,
UTLA_LAU_1378,UTLA_LAUSD_2022_2025,212,The HBC shall reconsider and potentially revise its plan design recommendation based on the above. b.,HARD,deontic:obligation,2,,,,,,
UTLA_LAU_1377,UTLA_LAUSD_2022_2025,212,The Board shall give guidance to the HBC as to what actions it believes should be taken. a.,HARD,deontic:obligation|deontic:preference,2,,,,,,
UTLA_LAU_1376,UTLA_LAUSD_2022_2025,212,"(c) above, the issue of plan design shall be referred back to the HBC.",HARD,deontic:obligation,2,,,,,,
UTLA_LAU_1375,UTLA_LAUSD_2022_2025,212,"If this occurs, the new plan shall be implemented in accordance with section 2.1",HARD,deontic:obligation,2,,,,,,
UTLA_LAU_1374,UTLA_LAUSD_2022_2025,212,"Following presentation of majority and minority plans to the Board for consideration, the Board shall take action to adopt one of the following three options: a.",HARD,deontic:obligation,2,,,,,,
UTLA_LAU_1373,UTLA_LAUSD_2022_2025,212,"If the HBC does not reach consensus, (i.e., even if 2/3 of HBC members endorse a plan,), both a majority plan recommendation (the plan that garnered at least a 2/3 HBC vote) and minority plan recommendation(s) (i.e., from any organization that did not vote for the 2/3 majority plan recommendation) shall be presented to Board. 4.",HARD,deontic:obligation,2,,,,,,
UTLA_LAU_1372,UTLA_LAUSD_2022_2025,212,The increased cost of benefits shall be an increase in employee total compensation and shall be accounted for in negotiations with each union in the manner described in sections 1.0 and 1.1 above. 3.,HARD,deontic:obligation,2,,,,,,
UTLA_LAU_1371,UTLA_LAUSD_2022_2025,212,"If the Board approves HBC’s recommendations, the “new” plan shall be implemented in accordance with the established health plan year.",HARD,deontic:obligation,2,,,,,,
UTLA_LAU_1370,UTLA_LAUSD_2022_2025,212,"If there is HBC consensus, such recommendations shall be submitted to the Board.",HARD,deontic:obligation,2,,,,,,
UTLA_LAU_1369,UTLA_LAUSD_2022_2025,211,By May 1 - HBC recommendation(s) to School Board (“Board”). 1.,SOFT,deontic:permission,2,,,,,,
UTLA_LAU_1368,UTLA_LAUSD_2022_2025,211,The following procedure and timeline shall apply annually: a.,HARD,deontic:obligation,2,,,,,,
UTLA_LAU_1367,UTLA_LAUSD_2022_2025,211,"Such replacement plan must be designed to fit within the District's budget established for this purpose, as described in sections 1.0, 1.1 and 2.0c and d above. h.",HARD,deontic:obligation,2,,,,,,
UTLA_LAU_1366,UTLA_LAUSD_2022_2025,211,"Effective no later than January 1 of any Plan year, the Union shall have the option of informing (in writing) the District and the other unions participating in the Committee of the Union's intent to remove its pro-rata share of District Health and Welfare Plan expenditures and separately negotiate with the District regarding a replacement plan to become implemented the following January 1 for this unit.",HARD,deontic:obligation,2,,,,,,
UTLA_LAU_1365,UTLA_LAUSD_2022_2025,211,Benefit Eligibility -- During the term of this Agreement there shall be no changes in the eligibility requirements for District Benefits (see Section 3.0 below). g.,HARD,deontic:obligation,2,,,,,,
UTLA_LAU_1363,UTLA_LAUSD_2022_2025,211,No contract shall be for more than one,HARD,deontic:obligation,2,,,,,,
UTLA_LAU_1362,UTLA_LAUSD_2022_2025,211,The Committee shall review all existing contracts prior to expiration.,HARD,deontic:obligation,2,,,,,,
UTLA_LAU_1361,UTLA_LAUSD_2022_2025,211,The Committee may investigate the creation during the term of this Agreement of a joint Employer Health and Welfare Trust.,SOFT,deontic:permission,2,,,,,,
UTLA_LAU_1358,UTLA_LAUSD_2022_2025,210,Any recommended changes to the existing kinds and levels of benefits shall require a 2/3 vote of the members present and voting. 2022-2025 UTLA Contract 192,HARD,deontic:obligation,2,,,,,,
UTLA_LAU_1357,UTLA_LAUSD_2022_2025,210,"If a consensus decision cannot be reached, then in the alternative, each union and the District shall have one",HARD,deontic:obligation,2,,,,,,
UTLA_LAU_1356,UTLA_LAUSD_2022_2025,210,Decision Making -- Consensus shall be used in all Committee deliberations.,HARD,deontic:obligation,2,,,,,,
UTLA_LAU_1318,UTLA_LAUSD_2022_2025,203,"Development and approval of related blocks of study for teachers, to be identified as “Professional Domains of Study”, which shall be pre-approved for salary point credit. f.",HARD,deontic:obligation,2,,,,,,
UTLA_LAU_1317,UTLA_LAUSD_2022_2025,203,Review and pre-approval of a limited list of institutions form which the District will accept distance or on-line learning courses (correspondence based courses shall remain ineligible for salary point credit). d.,HARD,deontic:obligation,2,,,,,,
UTLA_LAU_1511,UTLA_LAUSD_2022_2025,233,"On July 1, 2024, class size in academic classes (TK12) in schools listed in Appendix X shall be reduced by an additional",HARD,deontic:obligation,2,,,,,,
UTLA_LAU_1316,UTLA_LAUSD_2022_2025,202,Meetings shall be held once per month and an additional ½ day (evening) as required; such meetings are to occur on non-instructional time to the extent possible.,HARD,deontic:obligation,2,,,,,,
UTLA_LAU_1283,UTLA_LAUSD_2022_2025,197,The reports shall be posted on the LAUSD’s and UTLA’s websites and may also be distributed via other means as determined by each party.,HARD,deontic:obligation|deontic:permission,2,,,,,,
UTLA_LAU_1282,UTLA_LAUSD_2022_2025,197,"These reports shall summarize the issues addressed by the Panel during the period and the resolution thereof, if any.",HARD,deontic:obligation,2,,,,,,
UTLA_LAU_1281,UTLA_LAUSD_2022_2025,197,The Panel shall issue written reports three times a year.,HARD,deontic:obligation,2,,,,,,
UTLA_LAU_1279,UTLA_LAUSD_2022_2025,197,"The Parties will agree to a neutral, third party facilitator for this group (should have expertise in school finance). g.",SOFT,deontic:preference,2,,,,,,
UTLA_LAU_1278,UTLA_LAUSD_2022_2025,197,UTLA and LAUSD shall each appoint four members within two weeks of ratification of the agreement. f.,HARD,deontic:obligation,2,,,,,,
UTLA_LAU_1277,UTLA_LAUSD_2022_2025,196,"These recommendations will need to be based on a multiyear projection that may include items such as budget re-prioritization, Certificated allocations, budget allotment formulas, 2022-2025 UTLA Contract 178",SOFT,deontic:permission,2,,,,,,
UTLA_LAU_1276,UTLA_LAUSD_2022_2025,196,The Panel may make recommendations on reallocating current resources and allocating new revenues in order to meet the funding requirements noted in #3 above.,SOFT,deontic:permission,2,,,,,,
UTLA_LAU_1275,UTLA_LAUSD_2022_2025,196,The Panel must also provide data on the amount of additional funds needed to attain each of these data points. d.,HARD,deontic:obligation,2,,,,,,
UTLA_LAU_1273,UTLA_LAUSD_2022_2025,196,"Acknowledging the needs of the District’s high needs schools, the committee shall also discuss and recommend strategies for incentivizing greater placement of NBC teachers at such schools.",HARD,deontic:obligation,2,,,,,,
UTLA_LAU_1272,UTLA_LAUSD_2022_2025,196,One additional committee member may be appointed by mutual agreement of the committee.,SOFT,deontic:permission,2,,,,,,
UTLA_LAU_1271,UTLA_LAUSD_2022_2025,196,"The District and UTLA agree to meet and negotiate regarding any position for which the NBPTS creates an NBC after the expiration of this agreement. 37.1 NBC Steering Committee: Implementation issues, such as professional duties, shall be determined by a committee composed of an equal number of representatives appointed by UTLA and the District.",HARD,deontic:obligation,2,,,,,,
UTLA_LAU_1270,UTLA_LAUSD_2022_2025,196,This program shall be available to employees serving in a position which is currently eligible for the NBC pursuant to current NBPTS requirements.,HARD,deontic:obligation,2,,,,,,
UTLA_LAU_1269,UTLA_LAUSD_2022_2025,196,The District and UTLA shall jointly explore whether this compensation is STRS creditable.,HARD,deontic:obligation,2,,,,,,
UTLA_LAU_1265,UTLA_LAUSD_2022_2025,195,"This section does not apply to regular contract teachers who serve in additional assignments as home teachers; such employees are assigned to the classification of Supplemental Home Teachers and paid the hourly rates comparable to Section 25.0, Auxiliary Teachers. 36.0 Night Continuation High School (Regular Program) Teachers: Regular program teachers (including continuation high school teachers) who teach additional hours in the Night Continuation High School program shall be paid at their regular hourly rate and shall accrue holiday and illness pay on a pro-rata basis. 37.0 National Board Certification (NBC): The District has agreed to establish a program for payment of additional compensation to UTLArepresented permanent employees who work directly with students on a daily basis in a classroom setting who obtain National Board Certification (NBC) from the National Board for Professional Teaching Standards (NBPTS).",HARD,deontic:obligation,2,,,,,,
UTLA_LAU_1264,UTLA_LAUSD_2022_2025,195,Such retired Home Teachers shall be paid their regular tenthly hourly rate on X basis.,HARD,deontic:obligation,2,,,,,,
UTLA_LAU_1263,UTLA_LAUSD_2022_2025,195,The classification of Extended Substitute-Home Teacher shall cover these non-contract retired employees who are assigned home teaching responsibilities.,HARD,deontic:obligation,2,,,,,,
UTLA_LAU_1259,UTLA_LAUSD_2022_2025,195,A full-time assignment shall consist of five days a week of five hours of actual teaching and one conference/preparation period per day. b.,HARD,deontic:obligation,2,,,,,,
UTLA_LAU_1258,UTLA_LAUSD_2022_2025,194,No assignment/reassignment shall be made if there is a reasonable determination by the District that it would be detrimental to the student’s education. 2022-2025 UTLA Contract 176,HARD,deontic:obligation,2,,,,,,
UTLA_LAU_1256,UTLA_LAUSD_2022_2025,194,"If the teacher is unable to contact the student or parent within that time period, the teacher shall be assigned another student, if available.",HARD,deontic:obligation,2,,,,,,
UTLA_LAU_1255,UTLA_LAUSD_2022_2025,194,"When a teacher receives the assignment of a new student, the teacher shall make a reasonable effort to contact the student/parent within three",HARD,deontic:obligation,2,,,,,,
UTLA_LAU_1254,UTLA_LAUSD_2022_2025,194,The teacher given the temporary assignment shall be given the opportunity to be reassigned to another student in the requested primary/adjacent areas as soon as an available student is identified. d.,HARD,deontic:obligation,2,,,,,,
UTLA_LAU_1253,UTLA_LAUSD_2022_2025,194,"Whenever there are not enough students to maintain the minimum three-student assignment in the primary or selected adjacent areas, a special temporary assignment shall be made.",HARD,deontic:obligation,2,,,,,,
UTLA_LAU_1252,UTLA_LAUSD_2022_2025,194,"Whenever a Home School Teacher is assigned a student or students in a requested adjacent area, the Home School Teacher may request from the supervisor that those students be reassigned to another Home School Teacher who has indicated the same assignment area as a primary assignment area.",SOFT,deontic:permission,2,,,,,,
UTLA_LAU_1284,UTLA_LAUSD_2022_2025,197,"There shall also be public meetings at which the Panel and the neutral facilitator will report on the work of the Panel to the Superintendent and his cabinet, a member or members of the Board of Education and the UTLA President and other officers.",HARD,deontic:obligation,2,,,,,,
UTLA_LAU_1285,UTLA_LAUSD_2022_2025,197,"The public meetings shall occur at least twice, but not more than three",HARD,deontic:obligation,2,,,,,,
UTLA_LAU_1286,UTLA_LAUSD_2022_2025,197,The parties may agree to coordinate the reporting and presentation provisions of this section with those of the Joint Living Contract committee. i.,SOFT,deontic:permission,2,,,,,,
UTLA_LAU_1302,UTLA_LAUSD_2022_2025,200,"In all cases, coursework that reflects a grade of “D” or below (including “no credit”, “unsatisfactory” or “No Pass”) shall not be eligible for salary point credit. 3.0 Unit of Measurement for a Salary Point: For purposes of allocation to and advancement on the Preparation Salary Table, a salary point shall be",HARD,deontic:prohibition|deontic:obligation,2,,,,,,
UTLA_LAU_1315,UTLA_LAUSD_2022_2025,202,Committee decisions shall be made by consensus.,HARD,deontic:obligation,2,,,,,,
UTLA_LAU_1314,UTLA_LAUSD_2022_2025,202,"All study must be completed within one year of the date of the committee’s approval. 8.2 Joint District/UTLA Salary Point Credit Committee: (Effective April 26, 2005) The Joint District/UTLA Salary Point Credit Committee shall be comprised of eight members; the composition of the committee shall be four",HARD,deontic:obligation|deontic:obligation,2,,,,,,
UTLA_LAU_1313,UTLA_LAUSD_2022_2025,202,"Department of Education or the Accredited Institutions of Post Secondary Education published by the American Council on Education. 7.1 All other requirements for salary point credit will be evaluated by the District Salary Allocation Office. 8.0 Credit for Study in Schools Other than Accredited Institutions of Higher Learning: Salary point credit may be granted for study in organizations other than accredited institutions of higher learning provided such study meets requirements of Articles XIV and XV, and meets the guidelines of the Joint Salary Point Credit Committee, and is pre-approved by that committee. 8.1 (Effective April 26, 2005) Study undertaken in “nonaccredited” (NA) institutions subsequent to the employee’s placement on the Preparation Salary Table for which point credit is requested must have been preapproved by the Joint Salary Point Credit Committee.",HARD,deontic:obligation|deontic:permission,2,,,,,,
UTLA_LAU_1312,UTLA_LAUSD_2022_2025,202,"Article XV – Salary Point Credit Allocation Office. 7.0 Point Credit for Study in Accredited Institutions of Higher Learning: (Effective April 26, 2005) Salary point credit shall be allowed as provided in Section 3.0 for lower division, upper division, and graduate study in an accredited institution of higher learning, provided it meets all of the criteria set forth in this Article.",HARD,deontic:obligation,2,,,,,,
UTLA_LAU_1311,UTLA_LAUSD_2022_2025,201,"However, if these units otherwise count towards an earned graduate degree or teaching credential, salary point credit may be granted in accordance with the requirements of this Article.",SOFT,deontic:permission,2,,,,,,
UTLA_LAU_1309,UTLA_LAUSD_2022_2025,201,"Prior to the enrollment in a project had filed with the District an official acceptance of an offer of employment for a certificated position. 5.0 No Credit During Paid Time: Salary Point Credit shall not be granted for any point projects, study or travel undertaken during LAUSD paid time.",HARD,deontic:prohibition|deontic:obligation,2,,,,,,
UTLA_LAU_1307,UTLA_LAUSD_2022_2025,201,"(This section shall not apply to courses offered in accredited institution of higher learning as described in Article XV, Section 7.0) 3.2 Credit for coursework which does not meet the minimum standard requirement for contact hours with the instructor or the requirement for outside preparation, will be pro-rated for salary advancement purposes provided it meets all of the requirements of this Article.",HARD,deontic:prohibition|deontic:obligation,2,,,,,,
UTLA_LAU_1306,UTLA_LAUSD_2022_2025,201,"In all cases, the distance learning program must offer the employee opportunities to interact with the instructor.",HARD,deontic:obligation,2,,,,,,
UTLA_LAU_1305,UTLA_LAUSD_2022_2025,201,Other nonpreparation type courses and workshops may be considered for credit on the basis of thirty class hours for one salary point. 3.1 Distance Learning: Distance learning is defined as alternative deliveries of instruction other than strictly face-to-face contact with the instructor.,SOFT,deontic:permission,2,,,,,,
UTLA_LAU_1304,UTLA_LAUSD_2022_2025,200,Quarter units awarded by some institutions of higher education in place of semester units shall be computed as the equivalent of two-thirds of a semester unit.,HARD,deontic:obligation,2,,,,,,
UTLA_LAU_1301,UTLA_LAUSD_2022_2025,200,"All coursework must have a grade of “C of better or show the equivalent of a passing grade (e.g., “satisfactory”, or “pass”) in order to receive credit.",HARD,deontic:obligation,2,,,,,,
UTLA_LAU_1288,UTLA_LAUSD_2022_2025,198,"ARTICLE XV SALARY POINT CREDIT 1.0 Requirements for Salary Point Credit on the Preparation Salary Table: After placement on the Preparation Salary Table, employees shall be entitled to earn salary point credit as provided in this Article.",HARD,deontic:obligation,2,,,,,,
UTLA_LAU_1300,UTLA_LAUSD_2022_2025,200,"This list will be retained in the Salary Allocation Office. 2.0 Basis for Salary Point Allowance: Salary point credit shall be allowed an employee for approved study satisfactorily completed after meeting the minimum rating-in requirements established in Article XIV, Sections 3.0 and 3.1. a.",HARD,deontic:obligation,2,,,,,,
UTLA_LAU_1299,UTLA_LAUSD_2022_2025,200,"In an effort to avoid appeals, the District shall prepare and maintain a list of course examples in various subject areas which generally qualify for credit or which qualify for credit based upon special needs of the District at any given time.",HARD,deontic:obligation,2,,,,,,
UTLA_LAU_1298,UTLA_LAUSD_2022_2025,200,"The joint panel shall maintain a record of its decisions, and its decisions regarding relevance of training as defined in Section 1.1, above, will be accorded precedential value. d.",HARD,deontic:obligation,2,,,,,,
UTLA_LAU_1296,UTLA_LAUSD_2022_2025,200,The employee or the District may request that the joint panel reconsider its decision by submitting a written response to the panel within thirty days of receiving the decision.,SOFT,deontic:permission,2,,,,,,
UTLA_LAU_1295,UTLA_LAUSD_2022_2025,200,"When a denial of training credit is based upon the District’s determination that the training fails to satisfy the standards set forth in this Article, employees and new hires may appeal the denial of training credit to a joint panel consisting of two certificated employees selected by UTLA and two administrators selected by the District.",SOFT,deontic:permission,2,,,,,,
UTLA_LAU_1293,UTLA_LAUSD_2022_2025,198,Coursework must meet all established guidelines specified in the Agreement and request for salary point credit must be submitted on appropriate District forms. 2022-2025 UTLA Contract 180,HARD,deontic:obligation,2,,,,,,
UTLA_LAU_1292,UTLA_LAUSD_2022_2025,198,"For Point Project Courses offered by non-accredited institutions, the “NA Approved” form is used. “P” and “NA Approved” courses must be reviewed and approved by the Joint LAUSD/UTLA Salary Point Credit Committee prior to the beginning of the course. 1.2 Salary Point Credit Guidelines: The following guidelines will apply to all coursework: a.",HARD,deontic:obligation,2,,,,,,
UTLA_LAU_1291,UTLA_LAUSD_2022_2025,198,Appropriate documentation must be filed with the Salary Allocation Office.,HARD,deontic:obligation,2,,,,,,
UTLA_LAU_1290,UTLA_LAUSD_2022_2025,198,The coursework must also enhance the employee's knowledge of the subject(s) taught as well as increase the methodology skills associated with teaching those subjects.,HARD,deontic:obligation,2,,,,,,
UTLA_LAU_1289,UTLA_LAUSD_2022_2025,198,"(Effective April 26, 2005) In order to qualify for salary point credit, coursework must be directly related to the subjects commonly taught in the District (pre-K through grade 12) or the coursework must be completed as part of a broader accredited education program such as First Aid or CPR.",HARD,deontic:obligation,2,,,,,,
UTLA_LAU_1510,UTLA_LAUSD_2022_2025,232,(a) above shall be reduced by 1 in both average and maximum from the numbers in section 2.0 above. 2022-2025 UTLA Contract 214,HARD,deontic:obligation,2,,,,,,
UTLA_LAU_1591,UTLA_LAUSD_2022_2025,244,"This procedure shall not be applicable to substitutes serving in extended substitute assignment status. 7.1 Job Cancellation: Substitutes who have accepted assignments through the Subfinder, or subsequent replacement system, shall be given the opportunity to work the hours accepted if the assignment is cancelled less than one hour prior to the start of the assignment. 8.0 Duties: A substitute is expected to perform in a competent manner all of the regular instructional duties of the absent teacher and other duties reasonably assigned by the principal.",HARD,deontic:prohibition|deontic:obligation,2,,,,,,
UTLA_LAU_1512,UTLA_LAUSD_2022_2025,233,(c) above shall be reduced by an additional one,HARD,deontic:obligation,2,,,,,,
UTLA_LAU_1882,UTLA_LAUSD_2022_2025,293,Council size shall depend upon the school's size as follows: 2022-2025 UTLA Contract 275,HARD,deontic:obligation,2,,,,,,
UTLA_LAU_1894,UTLA_LAUSD_2022_2025,294,The local councils shall have the following functions and responsibilities: 2022-2025 UTLA Contract 276,HARD,deontic:obligation,2,,,,,,
UTLA_LAU_1893,UTLA_LAUSD_2022_2025,294,"Alternates shall be permitted to attend and participate in any council deliberations, and may vote if their regular representative(s) are absent. 2.4 Functions And Responsibilities: The local school leadership councils shall consider all points of view and shall solicit the advice and counsel of parent organizations, other employee groups and all other interested parties.",HARD,deontic:obligation|deontic:permission,2,,,,,,
UTLA_LAU_1892,UTLA_LAUSD_2022_2025,294,"In year-round schools, additional alternates may be selected so that there can be a full complement of representatives for each category for any one time.",SOFT,deontic:permission,2,,,,,,
UTLA_LAU_1891,UTLA_LAUSD_2022_2025,294,Administrators and Chapter Chairs shall designate one alternate.,HARD,deontic:obligation,2,,,,,,
UTLA_LAU_1890,UTLA_LAUSD_2022_2025,294,"Meetings should be held a minimum of once every two months. 2.3 Alternates: There shall be two ""alternate"" Council members elected designated for the categories of teacher, parent/community representative, student, and classified.",HARD,deontic:obligation|deontic:preference,2,,,,,,
UTLA_LAU_1889,UTLA_LAUSD_2022_2025,294,Adult Education elections of faculty representatives shall be conducted at the annual organizational meeting which is conducted before the Fall term. 2.2 Itinerant Personnel in Health and Human Services and Special Education Local District Advisory Committee Each Region Superintendent or designee shall establish a meeting schedule with representatives of itinerant personnel selected by UTLA in Health and Human Services and Special Education in each local district in order to participate in and make recommendations regarding local district issues and concerns.,HARD,deontic:obligation,2,,,,,,
UTLA_LAU_1888,UTLA_LAUSD_2022_2025,294,"Similarly, students and parents/community shall have one vote each, without regard to number of instructional hours.",HARD,deontic:obligation,2,,,,,,
UTLA_LAU_1887,UTLA_LAUSD_2022_2025,294,"For purposes of voting by teachers, each teacher employed within the adult school/center shall have one vote, without regard to number of hours assigned.",HARD,deontic:obligation,2,,,,,,
UTLA_LAU_1886,UTLA_LAUSD_2022_2025,294,"However, parents of students concurrently enrolled in the regular K-12 and adult programs, shall also be eligible to vote and serve as community representatives on the Adult Education Council.",HARD,deontic:obligation,2,,,,,,
UTLA_LAU_1885,UTLA_LAUSD_2022_2025,294,"In the Adult Education programs, adult students shall be eligible to vote for the community council seats, and a student candidate shall be guaranteed at least one of the community seats on each Council (see Section 2.9e for the mechanics of this guarantee).",HARD,deontic:obligation,2,,,,,,
UTLA_LAU_1884,UTLA_LAUSD_2022_2025,294,"Occupational Centers, Skill Centers, and Business/Industry Center shall, for purposes of community voter eligibility, be deemed District-wide.",HARD,deontic:obligation,2,,,,,,
UTLA_LAU_1883,UTLA_LAUSD_2022_2025,294,Article XXVII - Shared Decision Making -fewer than 500 students 8 -from 500-1000 12 -from 1001-1500 14 -more than 1500 16 For purposes of community voting the election area shall be the high school attendance zone within which the Adult Education school is situated.,HARD,deontic:obligation,2,,,,,,
UTLA_LAU_1881,UTLA_LAUSD_2022_2025,293,"Adult Education-- (Includes Occupational Centers, Skill Centers, and Business/Industry Center)--a Leadership Council shall be formed for each administrative unit which shall encompass all locations, branches and offices which report to that school's or center's principal.",HARD,deontic:obligation,2,,,,,,
UTLA_LAU_1795,UTLA_LAUSD_2022_2025,278,"If the materials were developed by the employee in the course of performing regular duties, but were not specifically required or specifically assigned as a part of the job, the materials are to be owned by the employee, but the District shall be deemed a licensee (without fee) for purposes of internal District use only (e.g., classroom teacher, in furtherance of regular planning obligations, develops lesson plans which turn out to have value to other teachers and to the District). c.",HARD,deontic:obligation,2,,,,,,
UTLA_LAU_1880,UTLA_LAUSD_2022_2025,293,"If a situation involves a common site and also happens to involve the same Chapter Chair serving both programs, the Chapter Chair may serve on both or may designate an alternate to serve on one. h. [Itinerant employees--initially may vote proportionately at assigned schools (see Section 2.2 below); future status will be determined in ongoing discussions between District and UTLA.] i.",SOFT,deontic:permission,2,,,,,,
UTLA_LAU_1878,UTLA_LAUSD_2022_2025,293,"There shall be coordination of common issues and concerns between this Council and the Council serving the other school(s) on the site, and joint meetings conducted with respect to subjects which require a common approach.",HARD,deontic:obligation,2,,,,,,
UTLA_LAU_1877,UTLA_LAUSD_2022_2025,293,In such cases the rules of size and composition shall be as provided in paragraphs a. through d. above.,HARD,deontic:obligation,2,,,,,,
UTLA_LAU_1875,UTLA_LAUSD_2022_2025,292,"Children Centers--When there are more than 3 teachers at a center, the rules for small schools shall apply.",HARD,deontic:obligation,2,,,,,,
UTLA_LAU_1873,UTLA_LAUSD_2022_2025,291,The number of members of local school leadership councils (including the principal and UTLA Chapter Chair who shall serve as cochairs of the Council) shall be as follows: 2022-2025 UTLA Contract 273,HARD,deontic:obligation,2,,,,,,
UTLA_LAU_1871,UTLA_LAUSD_2022_2025,291,"All elections of Council members shall be jointly supervised by the principal and UTLA Chapter Chair, and the applicable procedures are set forth in Sections 2.8 and 2.9 below.",HARD,deontic:obligation,2,,,,,,
UTLA_LAU_1870,UTLA_LAUSD_2022_2025,291,"In secondary schools, the student leadership class shall either select the student representative to the Council, or may establish the process by which the student representative is determined.",HARD,deontic:obligation|deontic:permission,2,,,,,,
UTLA_LAU_1869,UTLA_LAUSD_2022_2025,291,Only parents and community members and noncertificated District employees (including TA's) shall be eligible for election to the positions allocated to parents and community.,HARD,deontic:obligation,2,,,,,,
UTLA_LAU_1868,UTLA_LAUSD_2022_2025,291,On the councils the number of parent/community representatives shall be as follows: Council Size Number of Positions 16 5 14 5 12 4 8 2 6 1 Such representatives should be elected specifically to serve on the Council.,HARD,deontic:obligation|deontic:preference,2,,,,,,
UTLA_LAU_1867,UTLA_LAUSD_2022_2025,291,"The number of members of each local council shall be determined in accordance with the table set forth below. 50% of the Council shall be comprised of the UTLA Chapter Chair and certificated employees elected by the certificated bargaining unit employees at the site; the other 50% shall be comprised of the principal, elected parent/community representatives, an elected non-certificated employee representative and, at the secondary level, a student representative.",HARD,deontic:obligation,2,,,,,,
UTLA_LAU_1866,UTLA_LAUSD_2022_2025,291,"ARTICLE XXVII SHARED DECISION MAKING 1.0 General: This Article addresses a critical issue in local school governance: ""shared decision making""--which refers to how certain local policy decisions are made at the school site, taking into consideration the respective interests, roles and responsibilities of the site administrator, the faculty, the parents/community, students, and other employees. 2.0 Shared Decision Making--Local School Leadership Councils 2.1 Composition: Local school leadership councils shall be established to perform the functions described in Section 2.0.",HARD,deontic:obligation,2,,,,,,
UTLA_LAU_1865,UTLA_LAUSD_2022_2025,290,"The threemember UTLA Subcommittee (see Article XXX) may also participate in all such meetings. 9.4 The Mentor Teacher Article XXX Subcommittee shall continue to meet to discuss and evaluate the implementation of the 1995-97 siteSelected Mentor Teacher Pilot Program and by April 15, 1997 shall make recommendations regarding such program for the 1997-98 school year. 2022-2025 UTLA Contract 272",HARD,deontic:obligation|deontic:permission,2,,,,,,
UTLA_LAU_1895,UTLA_LAUSD_2022_2025,295,"For purposes of this paragraph, ""schedule"" shall include, but not be limited to, a determination by the Council of what activities shall take place.",HARD,deontic:obligation,2,,,,,,
UTLA_LAU_1896,UTLA_LAUSD_2022_2025,295,The Council shall not have authority over the scheduling of school activities and events mandated by the Board of Education.,HARD,deontic:prohibition|deontic:obligation,2,,,,,,
UTLA_LAU_1897,UTLA_LAUSD_2022_2025,296,"While variations and experimental situations will continue to require approval of a majority of the staff, per Article IX.9.0, LSLC shall initiate and put forth the recommended schedule for the vote.",HARD,deontic:obligation,2,,,,,,
UTLA_LAU_1898,UTLA_LAUSD_2022_2025,296,"The local council shall not be obliged to act in the designated areas, and may delegate its authority to existing school committees if it believes they are functioning satisfactorily. c.",HARD,deontic:prohibition|deontic:obligation|deontic:permission,2,,,,,,
UTLA_LAU_1926,UTLA_LAUSD_2022_2025,299,Voter Eligibility for parent/community elections shall be based upon any one of the following criteria:,HARD,deontic:obligation,2,,,,,,
UTLA_LAU_1925,UTLA_LAUSD_2022_2025,299,"(5) Schools must at all times comply with the guarantees of the minimum number of parents as per Section 2.9e, below. 2.9 Election Procedures for Parent/Community Representatives: a.",HARD,deontic:obligation,2,,,,,,
UTLA_LAU_1924,UTLA_LAUSD_2022_2025,298,(4) Any elected members must be able to complete their full term of office. 2022-2025 UTLA Contract 280,HARD,deontic:obligation,2,,,,,,
UTLA_LAU_1923,UTLA_LAUSD_2022_2025,298,"(3) Procedures for implementation must be reduced to writing and published prior to any new elections, and a copy retained for public information in the school office.",HARD,deontic:obligation,2,,,,,,
UTLA_LAU_1922,UTLA_LAUSD_2022_2025,298,"(2) In order to achieve staggered terms, a plan may include a phase-in period whereby some positions are initially one year and others are two-years.",SOFT,deontic:permission,2,,,,,,
UTLA_LAU_1920,UTLA_LAUSD_2022_2025,298,Multitrack year-round schools' elections must be held and finalized prior to July 31.,HARD,deontic:obligation,2,,,,,,
UTLA_LAU_1918,UTLA_LAUSD_2022_2025,298,"However, schools which wish to conduct elections on Back-to-School night may delay the elections until that date.",SOFT,deontic:permission,2,,,,,,
UTLA_LAU_1917,UTLA_LAUSD_2022_2025,298,Elections for each year's term of office shall be as follows: Secondary teachers' elections are to be in May before the secondary master schedule is established; elementary teacher elections are to be in late spring after assignments for the next year have been tentatively set.,HARD,deontic:obligation|deontic:permission,2,,,,,,
UTLA_LAU_1916,UTLA_LAUSD_2022_2025,298,"Election notices shall be posted and distributed among the employees at the site, and mailed to the homes of off-track employees. d.",HARD,deontic:obligation,2,,,,,,
UTLA_LAU_1915,UTLA_LAUSD_2022_2025,298,Nominations shall be either submitted by the nominee or with the written consent of the nominee. c.,HARD,deontic:obligation,2,,,,,,
UTLA_LAU_1914,UTLA_LAUSD_2022_2025,298,The nomination process shall be open to all eligible voters assigned to the site.,HARD,deontic:obligation,2,,,,,,
UTLA_LAU_1913,UTLA_LAUSD_2022_2025,297,"(2) Non-certificated representatives shall be elected on an ""at large"" basis, with all noncertificated employees (including TA's) regularly assigned to the site having an equal vote. 2022-2025 UTLA Contract 279",HARD,deontic:obligation,2,,,,,,
UTLA_LAU_1912,UTLA_LAUSD_2022_2025,297,"Secret ballot elections shall be conducted for the certificated and non-certificated employee seats, following similar procedures.",HARD,deontic:obligation,2,,,,,,
UTLA_LAU_1911,UTLA_LAUSD_2022_2025,297,"All meetings of the local councils shall be exempt from the faculty meeting limitations of Article IX, Section 4.2 2.8 Election Procedures for Employee Representatives: a.",HARD,deontic:obligation,2,,,,,,
UTLA_LAU_1910,UTLA_LAUSD_2022_2025,297,"Meetings of Leadership Councils in Adult Education and Children Centers shall be scheduled at a mutually convenient time, and if there is no time mutually convenient to the Council members then the meetings shall be held at alternating times to meet the convenience of the teacher and community representatives. d.",HARD,deontic:obligation,2,,,,,,
UTLA_LAU_1909,UTLA_LAUSD_2022_2025,297,"At the elementary level, at least one of the monthly meetings may be scheduled during the 30-minute duty-free period. c.",SOFT,deontic:permission,2,,,,,,
UTLA_LAU_1908,UTLA_LAUSD_2022_2025,297,Alternate meetings shall be scheduled during such period.,HARD,deontic:obligation,2,,,,,,
UTLA_LAU_1907,UTLA_LAUSD_2022_2025,297,"At the secondary level, the local school shall, insofar as practical, schedule teacher members of the local Council so as to provide a common preparation period.",HARD,deontic:obligation,2,,,,,,
UTLA_LAU_1905,UTLA_LAUSD_2022_2025,297,The site administrator shall ensure that all policy decisions of the Local School Leadership Council are reduced to writing and communicated to all staff and school community. 2.6 Agenda: An agenda shall be prepared by the co-chairs of the Council and distributed at least five working days prior to each council meeting.,HARD,deontic:obligation,2,,,,,,
UTLA_LAU_1904,UTLA_LAUSD_2022_2025,297,"With respect to procedures governing voting matters, Robert's Rules of Order shall be applicable to issues not addressed herein.",HARD,deontic:obligation,2,,,,,,
UTLA_LAU_1903,UTLA_LAUSD_2022_2025,296,The vote required shall be a majority of those 2022-2025 UTLA Contract 278,HARD,deontic:obligation,2,,,,,,
UTLA_LAU_1902,UTLA_LAUSD_2022_2025,296,"In order to be resolved by vote at the meeting in the event consensus fails, the meeting agenda (see Section 2.6 below) must have identified the proposed action with sufficient particularity that the Council members could have, prior to the meeting, meaningfully consulted with all interested parties with respect to the specific action under consideration, as provided in Section 2.4 above.",HARD,deontic:obligation,2,,,,,,
UTLA_LAU_1901,UTLA_LAUSD_2022_2025,296,Only if consensus cannot be reached shall decisions on the matters set forth in Section 2.4b be made by majority vote.,HARD,deontic:obligation,2,,,,,,
UTLA_LAU_1900,UTLA_LAUSD_2022_2025,296,"The site administrator shall maintain an up-to-date file containing all District memoranda, directives and bulletins governing Local School Leadership Council activities and make it available to the Chapter Chair upon request. 2.5 Decisions: The attainment of consensus whenever possible shall be a primary goal.",HARD,deontic:obligation,2,,,,,,
UTLA_LAU_1899,UTLA_LAUSD_2022_2025,296,"These local school leadership councils are expected (but not required--see above) to supplant the previous local school planning committees dealing with lottery funds, student discipline, staff development or any other matters listed in b. above; however, the new council shall not supplant other existing councils and committees which operate in subject matters beyond those listed in b. above (e.g.",HARD,deontic:prohibition|deontic:obligation,2,,,,,,
UTLA_LAU_1864,UTLA_LAUSD_2022_2025,290,Members of this committee shall be elected by their Mentor peers in their Region/Unit/Division.,HARD,deontic:obligation,2,,,,,,
UTLA_LAU_1863,UTLA_LAUSD_2022_2025,290,"Article XXVI – Mentor Teacher Program 9.2 In order to maintain continuity of instruction when Mentors or Selection Committee members are on released time, the District will make a special effort to honor substitute name requests. 9.3 A Mentor Teacher Advisory committee shall exist, comprised of two members from each region (one elementary and one secondary), Senior High Division, and Special Education Division.",HARD,deontic:obligation,2,,,,,,
UTLA_LAU_1862,UTLA_LAUSD_2022_2025,289,The Mentor Teacher Program Unit shall meet with the Mentor Teacher Article XXX Subcommittee to review and/or develop forms and record keeping obligations related to the Mentor Teacher Program and to review and/or develop training programs for the Mentor Teacher Program. 2022-2025 UTLA Contract 271,HARD,deontic:obligation,2,,,,,,
UTLA_LAU_1825,UTLA_LAUSD_2022_2025,283,"The CSSC shall be composed of sixteen (16) members, with eight",HARD,deontic:obligation,2,,,,,,
UTLA_LAU_1823,UTLA_LAUSD_2022_2025,283,"ARTICLE XXV-C COMMUNITY SCHOOLS 1.0 A Community Schools Steering Committee (CSSC) shall be maintained to support implementation, expansion, and maintenance of the Community Schools program.",HARD,deontic:obligation,2,,,,,,
UTLA_LAU_1822,UTLA_LAUSD_2022_2025,282,"No provision of this article shall be interpreted to discourage or inhibit parents, students, community members, or community organizations from actively advocating in support of effective implementation, expansion, and maintenance of the Black Student Achievement Plan. 3.0 Auxiliary Period: In high schools designated by the District as group 1 or group 2 BSAP schools, an auxiliary period shall be provided in order to implement an African American Studies course. 2022-2025 UTLA Contract 264",HARD,deontic:obligation,2,,,,,,
UTLA_LAU_1821,UTLA_LAUSD_2022_2025,282,"The co-chairs, with the support of staff, shall set the schedule of meetings, agendas, etc. c.",HARD,deontic:obligation,2,,,,,,
UTLA_LAU_1820,UTLA_LAUSD_2022_2025,282,The 14 member BSAPSC shall be co-chaired by one appointee from the District and one appointee from UTLA.,HARD,deontic:obligation,2,,,,,,
UTLA_LAU_1819,UTLA_LAUSD_2022_2025,282,"The appointment /re-appointment date shall be June 1 of each year, starting June 1, 2023. b.",HARD,deontic:obligation,2,,,,,,
UTLA_LAU_1818,UTLA_LAUSD_2022_2025,282,"(3) of the appointees by both parties shall be from community organizations named in the “Strategic Priorities for Elevating and Advancing Black Student Success” LAUSD Board Resolution adopted on February 9, 2021.",HARD,deontic:obligation,2,,,,,,
UTLA_LAU_1817,UTLA_LAUSD_2022_2025,282,"The BSAPSC shall be composed of fourteen (14) members, with seven",HARD,deontic:obligation,2,,,,,,
UTLA_LAU_1816,UTLA_LAUSD_2022_2025,282,"The BSAP addresses the need for culturally responsive curriculum and instruction as the classroom norm, fosters partnerships with community based organizations with proven track records of success within the Black community and provides increased staffing support to address the academic and socialemotional needs of Black students. 2.0 Recommendations regarding the District-wide implementation, expansion and maintenance of the Black Student Achievement Plan program shall be made by the BSAP Steering Committee (BSAPSC): a.",HARD,deontic:obligation,2,,,,,,
UTLA_LAU_1815,UTLA_LAUSD_2022_2025,281,(3) times per school year and shall study and make recommendations on the following issues: a.,HARD,deontic:obligation,2,,,,,,
UTLA_LAU_1814,UTLA_LAUSD_2022_2025,281,This task force shall meet no less than three,HARD,deontic:obligation,2,,,,,,
UTLA_LAU_1813,UTLA_LAUSD_2022_2025,281,Investigate methods for expanding Ethnic Studies course offerings that may include gender specific courses and sexual identity.,SOFT,deontic:permission,2,,,,,,
UTLA_LAU_1812,UTLA_LAUSD_2022_2025,280,"The goals of the professional development shall include but will not be limited to focus on pedagogical practices, content knowledge and be community responsive. 2022-2025 UTLA Contract 262",HARD,deontic:obligation,2,,,,,,
UTLA_LAU_1811,UTLA_LAUSD_2022_2025,280,The Ethnic Studies Committee shall have the following responsibilities: 1.,HARD,deontic:obligation,2,,,,,,
UTLA_LAU_1810,UTLA_LAUSD_2022_2025,280,The committee shall function under the direction of the Division of Instruction and will meet a minimum of three,HARD,deontic:obligation,2,,,,,,
UTLA_LAU_1809,UTLA_LAUSD_2022_2025,280,(5) members of the committee shall be appointed by UTLA and five,HARD,deontic:obligation,2,,,,,,
UTLA_LAU_1808,UTLA_LAUSD_2022_2025,280,"The LAUSD-UTLA Ethnic Studies Committee: The LAUSD-UTLA Ethnic Studies Committee shall be comprised of members of the Division of Instruction, UTLA members, school site District administrators and community members.",HARD,deontic:obligation,2,,,,,,
UTLA_LAU_1807,UTLA_LAUSD_2022_2025,280,"Prior to the start of the next academic year, the district shall provide UTLA an inventory of all required assessments that will be administered in the coming academic year. 4.0 LAUSD-UTLA Ethnic Studies Committee: a.",HARD,deontic:obligation,2,,,,,,
UTLA_LAU_1806,UTLA_LAUSD_2022_2025,280,The district shall notify the committee of any and all new required assessments no less than ninety (90) days before any additional assessment is administered.,HARD,deontic:obligation,2,,,,,,
UTLA_LAU_1805,UTLA_LAUSD_2022_2025,280,"The committee shall be charged with reviewing the purpose of assessments, types of assessments and the evidence-based use of assessments in the instructional program.",HARD,deontic:obligation,2,,,,,,
UTLA_LAU_1804,UTLA_LAUSD_2022_2025,280,"These positions should include representatives of elementary, secondary and special student populations.",SOFT,deontic:preference,2,,,,,,
UTLA_LAU_1803,UTLA_LAUSD_2022_2025,280,The committee shall be comprised of four,HARD,deontic:obligation,2,,,,,,
UTLA_LAU_1802,UTLA_LAUSD_2022_2025,280,These committees shall be given specific tasks and objectives with parties’ commitment to work in a collaborative manner to accomplish them. 2.0 Curricula: Teachers shall have the opportunity to give input into the curriculum and pedagogy including the incorporation of SEL. 3.0 LAUSD/UTLA District Assessment Committee: A joint District-UTLA committee shall meet at least four,HARD,deontic:obligation,2,,,,,,
UTLA_LAU_1801,UTLA_LAUSD_2022_2025,279,"The LAUSD-UTLA Ethnic Studies Committee (Article XXV-A, Section 4.0) may provide input regarding these resources. 2022-2025 UTLA Contract 261",SOFT,deontic:permission,2,,,,,,
UTLA_LAU_1800,UTLA_LAUSD_2022_2025,279,"Teachers shall be supported and provided with ongoing resources, professional development opportunities, and curriculum to successfully implement Ethnic Studies.",HARD,deontic:obligation,2,,,,,,
UTLA_LAU_1797,UTLA_LAUSD_2022_2025,278,"Subsequent use and ownership shall depend upon the nature of the resulting material/publication produced by the employee pursuant to a, b and c above. 2022-2025 UTLA Contract 260",HARD,deontic:obligation,2,,,,,,
UTLA_LAU_1824,UTLA_LAUSD_2022_2025,283,The Community Schools Steering Committee (CSSC) shall further work to expand the number of Community Schools in the District and the CSSC shall determine a process by which schools apply to begin the Community Schools Transformational Process.,HARD,deontic:obligation,2,,,,,,
UTLA_LAU_1826,UTLA_LAUSD_2022_2025,283,"(8) appointed by the District, and shall be co-chaired by one appointee from each entity.",HARD,deontic:obligation,2,,,,,,
UTLA_LAU_1860,UTLA_LAUSD_2022_2025,289,"These stipends shall not be counted as salary or wages for State Teachers' Retirement System (STRS) purposes. 8.2 Mentors may not receive a coordinating, coaching or activity differential, but may participate in the Urban Classroom Teacher Program (UCTP) and the Bilingual Classroom Teacher Program (BCTP).",HARD,deontic:prohibition|deontic:obligation|deontic:restriction|deontic:permission,2,,,,,,
UTLA_LAU_1827,UTLA_LAUSD_2022_2025,283,"By June 30, 2025, the CSSC shall produce an assessment of the Community Schools transformation process at district Community Schools and provide recommendations.",HARD,deontic:obligation,2,,,,,,
UTLA_LAU_1858,UTLA_LAUSD_2022_2025,289,Article XXVI – Mentor Teacher Program 7.3 The District shall provide an opportunity for the Mentor Teacher Article XXX Subcommittee to participate in the development of a duties statement for Mentor Teachers who do not have mentees to serve. 7.4 Mentors are not to participate in the evaluation of teachers.,HARD,deontic:obligation,2,,,,,,
UTLA_LAU_1857,UTLA_LAUSD_2022_2025,288,"For example, Mentors should not be expected to conduct workshops designed for veteran teachers.",SOFT,deontic:preference,2,,,,,,
UTLA_LAU_1855,UTLA_LAUSD_2022_2025,288,"However, any teaching demonstrations in the classroom of the new/inexperienced teacher shall be by mutual agreement of the teachers and shall not be ordered by the administrator; c.",HARD,deontic:prohibition|deontic:obligation,2,,,,,,
UTLA_LAU_1854,UTLA_LAUSD_2022_2025,288,"Mentor Teacher duties may include, but not be limited to, the following examples of services to new/inexperienced teachers: a.",SOFT,deontic:permission,2,,,,,,
UTLA_LAU_1853,UTLA_LAUSD_2022_2025,288,"Transferred Mentors shall have return rights to their original geographic region, including those whose Mentor status is lost due to curtailment or elimination of the Mentor Program. 7.0 Duties and Responsibilities: In general, the Mentor is to provide advice, help secure materials, ease the new/inexperienced teachers' transition into the District, share information about all aspects of staff development, and provide orientation to new/inexperienced teachers. 7.1 Mentor Teacher duties and schedules shall be determined on an individual basis in conjunction with their principal and the Cluster Leader or designee.",HARD,deontic:obligation,2,,,,,,
UTLA_LAU_1851,UTLA_LAUSD_2022_2025,287,Mentors who are transferred after reporting for duty to their previous assignment shall be permitted to use up to one day of released time to accommodate the relocation. d.,HARD,deontic:obligation,2,,,,,,
UTLA_LAU_1850,UTLA_LAUSD_2022_2025,287,"However, when there is no opening in a school with an unusually large number of new/inexperienced teachers, displacement may occur in accordance with Article XI, Section 6.0. c.",SOFT,deontic:permission,2,,,,,,
UTLA_LAU_1848,UTLA_LAUSD_2022_2025,287,"Removal from Mentor status for ""cause"" will be governed by the same standards as removal from the Urban Classroom Teacher Program, i.e., a teacher who meets or exceeds the regular performance standards for teachers could nonetheless be removed from mentor status because Mentor functions were not ""successfully"" performed. 6.0 Assignments of Mentors: Mentor Teachers must serve wherever needed by the District.",HARD,deontic:obligation,2,,,,,,
UTLA_LAU_1847,UTLA_LAUSD_2022_2025,287,"If an employee is removed from Mentor status for ""cause"" during the course of a three-year term, the removal shall be grievable.",HARD,deontic:obligation,2,,,,,,
UTLA_LAU_1846,UTLA_LAUSD_2022_2025,286,"They may apply for re-appointment, using the appropriate application process. 2022-2025 UTLA Contract 268",SOFT,deontic:permission,2,,,,,,
UTLA_LAU_1845,UTLA_LAUSD_2022_2025,286,Mentors shall be appointed for a term of three consecutive years.,HARD,deontic:obligation,2,,,,,,
UTLA_LAU_1844,UTLA_LAUSD_2022_2025,286,Applicants shall also have the right at any time to view any non-confidential documents in their Mentor Application files. 5.0 Term of Mentor Service: a.,HARD,deontic:obligation,2,,,,,,
UTLA_LAU_1843,UTLA_LAUSD_2022_2025,286,"Possesses additional qualifications pertaining to training and experience, professional qualities, professional growth, and human relations skills. 4.1 Application screening procedures for the Mentor Teacher Program shall be consistent with applicable guidelines. 4.2 A person completing the non-confidential reference form for a Mentor applicant shall concurrently provide a copy to the applicant.",HARD,deontic:obligation,2,,,,,,
UTLA_LAU_1841,UTLA_LAUSD_2022_2025,286,Article XXVI – Mentor Teacher Program 3.2 Selection Committee Members shall follow the uniform procedures (Selection Committee Guidelines).,HARD,deontic:obligation,2,,,,,,
UTLA_LAU_1840,UTLA_LAUSD_2022_2025,285,The Board shall appoint from among the nominees submitted by the Committees. 2022-2025 UTLA Contract 267,HARD,deontic:obligation,2,,,,,,
UTLA_LAU_1839,UTLA_LAUSD_2022_2025,285,"If unable to serve the entire term, they shall be replaced with the applicant who received the next highest vote in the election for that seat.",HARD,deontic:obligation,2,,,,,,
UTLA_LAU_1838,UTLA_LAUSD_2022_2025,285,All committee members shall serve three year terms.,HARD,deontic:obligation,2,,,,,,
UTLA_LAU_1837,UTLA_LAUSD_2022_2025,285,"Classroom teachers serving on committees must have not less than ten years of teaching experience, and shall be elected in separate elections by the teachers from their region, grade level or division.",HARD,deontic:obligation|deontic:obligation,2,,,,,,
UTLA_LAU_1836,UTLA_LAUSD_2022_2025,285,"The District reserves the right to terminate or modify the Program at any time in response to State-imposed changes, but shall promptly negotiate with UTLA the effects of such decisions. 2.0 Budget: If the State reduces its support funding below the present minimum amount of $2,000 per Mentor, or if the District wishes to provide supplemental funding, the parties shall reopen this section for renegotiation (without it counting as one of the limited annual reopeners). 3.0 Mentor Selection Committees: In each of the District's geographic regions, there will be an elementary selection committee.",HARD,deontic:obligation,2,,,,,,
UTLA_LAU_1835,UTLA_LAUSD_2022_2025,285,It is recognized that this Program is not to be regarded as a definitive identification of the District’s most outstanding teachers; the limited State funds allocated to the District for the Mentor Program preclude recognition of many outstanding teachers serving in the District. 1.1 It is understood that the Program is funded primarily by special State support and that the District must comply with the State requirements governing the Program.,HARD,deontic:obligation,2,,,,,,
UTLA_LAU_1833,UTLA_LAUSD_2022_2025,284,"The focus of local council activity shall be upon establishment of local policy and planning direction rather than day-to-day administration or execution of policy and plans. 5.0 Charter Co-Location: In accordance with Article XIX, Section 8.0, schools designated by the District as Community Schools shall be provided, to the extent allowable by law, additional consideration when determining Proposition 39 colocation offers.",HARD,deontic:obligation,2,,,,,,
UTLA_LAU_1832,UTLA_LAUSD_2022_2025,283,Councils in Alternative Schools shall have the scope of their decision-making determined by 2022-2025 UTLA Contract 265,HARD,deontic:obligation,2,,,,,,
UTLA_LAU_1831,UTLA_LAUSD_2022_2025,283,"In addition, all determinations shall be consistent with applicable laws, regulations, and collective bargaining agreements.",HARD,deontic:obligation,2,,,,,,
UTLA_LAU_1830,UTLA_LAUSD_2022_2025,283,"However, future additional District restrictions upon local discretion in the above areas may be imposed only by action of the Board of Education.",SOFT,deontic:permission,2,,,,,,
UTLA_LAU_1828,UTLA_LAUSD_2022_2025,283,"The CSSC will receive collaborative support from the Community Schools Initiative Director, the LAUSD and UTLA Coaches, and from UNITE-LA. 2.0 Community Schools Additional Certificated FTE: Schools designated by the District as Community Schools shall be provided an additional certificated FTE (e.g., Community School Coordinator) in support of students. 3.0 Appropriate Workspace: In accordance with Article XXXI, Section 2.0 of this agreement, Community School Coordinators shall be provided an appropriate workspace which shall be private and confidential when necessitated by the nature of the work. 4.0 In addition to the functions and responsibilities listed in Article XXVII, Section 2.4, the LSLC at each Community School shall have decision making purview over the following matters: a.",HARD,deontic:obligation,2,,,,,,
UTLA_LAU_1927,UTLA_LAUSD_2022_2025,299,"(4) For schools which do not have a designated attendance area (e.g., magnet programs), their election area shall be the high school attendance area within which the magnet is situated;",HARD,deontic:obligation,2,,,,,,
UTLA_LAU_1928,UTLA_LAUSD_2022_2025,299,"(5) When pupils are transported to the school from another attendance area (e.g., PWT or CAP receiving) the election area for categories 2, 3 and 4 above shall be expanded to include those from the sending school area;",HARD,deontic:obligation,2,,,,,,
UTLA_LAU_1930,UTLA_LAUSD_2022_2025,299,"Nominations: Are to be submitted in writing two working days prior to the election, or may be submitted from the floor at the election meeting.",SOFT,deontic:permission,2,,,,,,
UTLA_LAU_2028,UTLA_LAUSD_2022_2025,314,"Teacher-initiated data, such as that indicated in paragraph f below, shall be provided to the evaluating administrator by the teacher.",HARD,deontic:obligation,2,,,,,,
UTLA_LAU_2026,UTLA_LAUSD_2022_2025,313,"In addition, other data measurements of student progress will also be considered for inclusion in the objectives and related strategies of employees for whom STP-based data is available, and shall also serve as a substitute for STP-related goals and objectives in the case of employees for whom STP data is not available, both as outlined in subparts d, f and g below.",HARD,deontic:obligation,2,,,,,,
UTLA_LAU_2025,UTLA_LAUSD_2022_2025,313,"In addition to such measurements as may be identified and included by the principal/evaluator, the teacher may identify, and have included, one or two such measurements of student progress that meet the above standards.",SOFT,deontic:permission,2,,,,,,
UTLA_LAU_2024,UTLA_LAUSD_2022_2025,313,"Academic Growth Over Time (“AGT”) is a STP-related data source, intended by the District to assist in the interpretation of State test results by measuring individual or school performance by comparing student test results to the results that normally would be statistically predicted for similarly-situated students (based on the students’ past test performance and a variety of demographic characteristics). 1.1 Data and Measurements of Student Progress: The studentprogress data outlined in subparts a, b, c and d below, together with such objectives and strategies as may be driven by or influenced by such data, shall be treated as part of the evaluation process for all employees for whom such data is available, and included in the initial planning sheets as appropriate.",HARD,deontic:obligation|deontic:permission,2,,,,,,
UTLA_LAU_2023,UTLA_LAUSD_2022_2025,313,"APPENDIX B 2012 EVALUATION PROCEDURES SUPPLEMENT TO ARTICLE X 1.0 Student Achievement/Progress Data Use in Initial Planning: The initial planning sheets and initial planning conferences to establish employee performance objectives and strategies for the year shall, in addition to the usual content under Section 4.1 of Article X, include a review, discussion, and incorporation of multiple measures of student achievement and progress toward District-adopted and State-adopted standards, including most significantly the current State-mandated test program and its annual reported test results.",HARD,deontic:obligation,2,,,,,,
UTLA_LAU_2022,UTLA_LAUSD_2022_2025,311,"(a) the District shall set forth its intent prior to the completion of negotiations even though the parties may not be at impasse at that time, and",HARD,deontic:obligation|deontic:restriction|deontic:permission,2,,,,,,
UTLA_LAU_2021,UTLA_LAUSD_2022_2025,311,Such Board action stating its intent shall be deemed effective as though fully implemented prior to July 1.,HARD,deontic:obligation,2,,,,,,
UTLA_LAU_2020,UTLA_LAUSD_2022_2025,311,"It is the intention of the District and UTLA that the continuation of this Agreement past July 1 shall not make its terms a part of the individual annual contracts for the following school year so long as the Board, by formal action prior to July 1, sets forth any changes which it intends to implement (absent subsequent agreement with UTLA to the contrary).",HARD,deontic:prohibition|deontic:obligation,2,,,,,,
UTLA_LAU_2018,UTLA_LAUSD_2022_2025,311,"Upon ratification of this article, the District shall immediately pursue modification to its public notice procedures whereby issues and subjects arising out of Committee discussions can be “sunshined” as quickly as possible while still complying with the EERA.",HARD,deontic:obligation,2,,,,,,
UTLA_LAU_2016,UTLA_LAUSD_2022_2025,311,"The Committee shall, as soon as possible, determine if an issue or subject matter to be discussed or already under discussion would, upon resolution, require an amendment to the Agreement. b.",HARD,deontic:obligation,2,,,,,,
UTLA_LAU_2015,UTLA_LAUSD_2022_2025,311,"Article XXXII – Term of Agreement 2.6 The Committee shall be authorized to reach agreements on memoranda of understanding (MOUs), sideletters of agreement, and tentative agreements to amend the negotiated collective bargaining Agreement (“Agreement”). a.",HARD,deontic:obligation,2,,,,,,
UTLA_LAU_2014,UTLA_LAUSD_2022_2025,310,"The public meetings shall occur at least twice, but not more than four",HARD,deontic:obligation,2,,,,,,
UTLA_LAU_2013,UTLA_LAUSD_2022_2025,310,"There shall also be public meetings at which the Joint Committee and the neutral facilitator will report on the work of the Joint Committee to the Superintendent and his cabinet, a member or members of the Board of Education and the UTLA President and other officers.",HARD,deontic:obligation,2,,,,,,
UTLA_LAU_2012,UTLA_LAUSD_2022_2025,310,"These reports shall summarize the issues addressed by the Joint Committee each quarter and the resolution thereof, if any.",HARD,deontic:obligation,2,,,,,,
UTLA_LAU_2011,UTLA_LAUSD_2022_2025,310,"The initial training session shall include Joint Committee appointees, the Superintendent, UTLA President, senior-level District staff from the Office of the Superintendent and other UTLA officers and staff, as deemed appropriate by the parties. 2.4 All Joint Committee training and meetings shall be facilitated by a neutral facilitator chosen by the parties. 2.5 The Joint Committee shall issue quarterly written reports.",HARD,deontic:obligation,2,,,,,,
UTLA_LAU_2010,UTLA_LAUSD_2022_2025,310,"Such skills may include interest-based problem solving, collaborative decision making and effective communication techniques.",SOFT,deontic:permission,2,,,,,,
UTLA_LAU_2009,UTLA_LAUSD_2022_2025,310,Additional “experts” may be invited by either party to attend meetings as dictated by need and subject matter. 2.3 The Joint Committee shall participate in joint training(s) designed to familiarize and equip the parties with skills to enable them to engage in effective problem-solving.,HARD,deontic:obligation|deontic:permission,2,,,,,,
UTLA_LAU_2008,UTLA_LAUSD_2022_2025,310,"The District and UTLA agree to establish a Joint Committee for identifying items that, after initial discussions, the parties decide are appropriate for negotiations or consultation during the life of this Agreement. 2.1 The primary purpose of this Joint Committee shall be to resolve problems that may arise from time to time over administration of the current contract and/or other issues which the parties agree should be addressed and resolved during the term of this Agreement. 2.2 The Joint Committee shall be composed of eight",HARD,deontic:obligation|deontic:preference|deontic:permission,2,,,,,,
UTLA_LAU_2007,UTLA_LAUSD_2022_2025,310,"This Agreement shall remain in full force and effect, pursuant to its terms, to and including June 30, 2025 and thereafter shall remain in effect on a day-today basis until terminated by either party upon ten (10) days’ written notice. 2.0 Negotiations During Life of Agreement.",HARD,deontic:obligation,2,,,,,,
UTLA_LAU_2006,UTLA_LAUSD_2022_2025,310,"It shall become effective upon final Board adoption, excepting those provisions which specify that they are to be made effective at a different date.",HARD,deontic:obligation,2,,,,,,
UTLA_LAU_2005,UTLA_LAUSD_2022_2025,310,ARTICLE XXXII TERM OF AGREEMENT 1.0 This Agreement shall be for a term of three,HARD,deontic:obligation,2,,,,,,
UTLA_LAU_2004,UTLA_LAUSD_2022_2025,309,"Certificated bargaining unit members shall not be expected to do the regular cleaning work typically done by custodial staff. 4.0 If an Early Education Center teacher is assigned during the students' rest period, such period shall be treated the same as the elementary preparation period.",HARD,deontic:prohibition|deontic:obligation,2,,,,,,
UTLA_LAU_2003,UTLA_LAUSD_2022_2025,308,"No more than two spaces in elementary, three spaces in secondary, and three spaces in adult schools shall be reserved for staff 2022-2025 UTLA Contract 290",HARD,deontic:obligation,2,,,,,,
UTLA_LAU_2001,UTLA_LAUSD_2022_2025,308,"If a resolution cannot be determined at the school site, the District shall also provide an appeal process at the local district level to resolve any on-going disputes. 3.0 Access to School Facilities: Employees shall have equal access to all telephones, restrooms, lounges and lunch areas with the understanding that such access rights must be exercised in a reasonable manner.",HARD,deontic:obligation|deontic:obligation,2,,,,,,
UTLA_LAU_2000,UTLA_LAUSD_2022_2025,308,If there is no agreement a recommendation may be brought to the LSLC for discussion.,SOFT,deontic:permission,2,,,,,,
UTLA_LAU_1999,UTLA_LAUSD_2022_2025,308,"If a concern arises over itinerant assigned space, the Chapter Chair, impacted itinerant bargaining unit member, and Principal shall meet to determine a solution.",HARD,deontic:obligation,2,,,,,,
UTLA_LAU_2027,UTLA_LAUSD_2022_2025,314,All administratively-initiated data to be utilized in this process shall be provided to the teacher by the evaluating administrator.,HARD,deontic:obligation,2,,,,,,
UTLA_LAU_2029,UTLA_LAUSD_2022_2025,314,"Group STP Results: In order to include the context in which individual teacher STP results may occur in any individual situation, STP results are also to be reviewed and considered at the school for the applicable subject matter/grade levels/ departments/school-level as part of the initial planning process. c.",SOFT,deontic:permission,2,,,,,,
UTLA_LAU_1996,UTLA_LAUSD_2022_2025,308,"For Counselors, PSAs, PSWs, Community School Coordinators and School Psychologists, this workspace shall be private and confidential when necessitated by the nature of the work.",HARD,deontic:obligation,2,,,,,,
UTLA_LAU_2030,UTLA_LAUSD_2022_2025,314,"Currently-Assigned Students’ Previous STP Results: The STP results of the teacher’s currently-assigned students in the classrooms of their previous teachers, especially as indicated by those students’ yearto-year STP results and content strand data from the preceding year, shall also be reviewed and considered in the formulation of the teacher’s performance objectives and related strategies to be reflected in the initial planning sheets.",HARD,deontic:obligation,2,,,,,,
UTLA_LAU_2094,UTLA_LAUSD_2022_2025,421,"I.) Pay Scale Group C4, Pay Scale Level 30+ 4th CI & MA 4th CI & DR C Basis 112,916 113,500 114,084 9,409.69 B Basis 122,326 122,958 123,591 10,193.83 A Basis 144,532 145,279 146,026 12,044.36 An employee with a master's degree and a doctorate, or equivalent degree, shall receive the doctoral differential only.",HARD,deontic:obligation,2,,,,,,
UTLA_LAU_2092,UTLA_LAUSD_2022_2025,409,"(Cont'd) 2024-2025 DIFFERENTIAL SALARY RATES Salary differentials may be paid for additional assignments or responsibilities per semester, season, pay period, or as otherwise noted.",SOFT,deontic:permission,2,,,,,,
UTLA_LAU_2088,UTLA_LAUSD_2022_2025,401,"I.) Pay Scale Group C4, Pay Scale Level 30+ 4th CI & MA 4th CI & DR C Basis 108,573 109,157 109,741 9,047.78 B Basis 117,621 118,253 118,886 9,801.76 A Basis 138,973 139,720 140,467 11,581.12 An employee with a master's degree and a doctorate, or equivalent degree, shall receive the doctoral differential only.",HARD,deontic:obligation,2,,,,,,
UTLA_LAU_2083,UTLA_LAUSD_2022_2025,381,"I.) Pay Scale Group C4, Pay Scale Level 30+ 4th CI & MA 4th CI & DR C Basis 105,411 105,995 106,579 8,784.25 B Basis 114,195 114,827 115,460 9,516.27 A Basis 134,926 135,673 136,420 11,243.81 An employee with a master's degree and a doctorate, or equivalent degree, shall receive the doctoral differential only.",HARD,deontic:obligation,2,,,,,,
UTLA_LAU_2080,UTLA_LAUSD_2022_2025,369,"(Cont'd) 2023-2024 DIFFERENTIAL SALARY RATES Salary differentials may be paid for additional assignments or responsibilities per semester, season, pay period, or as otherwise noted.",SOFT,deontic:permission,2,,,,,,
UTLA_LAU_2076,UTLA_LAUSD_2022_2025,361,"I.) Pay Scale Group C4, Pay Scale Level 30+ 4th CI & MA 4th CI & DR C Basis 101,357 101,940.48 102,524.68 8,446.39 B Basis 109,803 110,435.12 111,068.12 9,150.26 A Basis 129,736 130,483.32 131,230.32 10,811.36 An employee with a master's degree and a doctorate, or equivalent degree, shall receive the doctoraral differential only.",HARD,deontic:obligation,2,,,,,,
UTLA_LAU_2071,UTLA_LAUSD_2022_2025,342,"An employee with a master's degree and a doctorate, or equivalent degree, shall receive the doctoral differential only.",HARD,deontic:obligation,2,,,,,,
UTLA_LAU_2070,UTLA_LAUSD_2022_2025,339,"I.) Pay Scale Group C4, Pay Scale Level 30+ 4th CI & MA 4th CI & DR C Basis 98,404.56 98,988.36 99,572.56 8,200.38 B Basis 106,605.00 107,237.00 107,870.00 8,883.75 A Basis 125,957.64 126,704.64 127,451.64 10,496.47 An employee with a master's degree and a doctorate, or equivalent degree, shall receive the doctoral differential only.",HARD,deontic:obligation,2,,,,,,
UTLA_LAU_2065,UTLA_LAUSD_2022_2025,335,Anemployeereassignedtoaclassallocatedtoahigherpayscalegroupthanthatofthe employee's former class shall be allocated to the next higher rate on such higher pay scale group.,HARD,deontic:obligation,2,,,,,,
UTLA_LAU_2059,UTLA_LAUSD_2022_2025,328,Employees must be assigned and delivering service to Waivered to Basic or Dual Language students.,HARD,deontic:obligation,2,,,,,,
UTLA_LAU_2058,UTLA_LAUSD_2022_2025,328,"(Cont'd) 2022-2023 DIFFERENTIAL SALARY RATES Salary differentials may be paid for additional assignments or responsibilities per semester, season, pay period, or as otherwise noted.",SOFT,deontic:permission,2,,,,,,
UTLA_LAU_2057,UTLA_LAUSD_2022_2025,327,"In 2007, SAP, consolidated both 0806 and 0811 into one job code (0806) but Adult Ed Substitutes (0811) hired after 2001 should be paid on Step A of the current published 0811 rate. **Effective July 1, 2019, the District and UTLA reached an agreement to establish an additional Salary Step 5, 1.1% above the Salary Step 4.",SOFT,deontic:preference,2,,,,,,
UTLA_LAU_2055,UTLA_LAUSD_2022_2025,326,"AsofMarch1,2011themaximumpayscalelevelandpayscalegroupoftheCTableis19C20forpurposesofthecareerincrement.Toqualifyforthecareerincrement,the teacher must have been paid on the maximum pay scale group (PS Group 19C) and pay scale level (PS Level 6-10) for five qualifying years. 2022-2023 Development Center/Early Education Center Degree Differentials Notes: 1.",HARD,deontic:obligation,2,,,,,,
UTLA_LAU_2050,UTLA_LAUSD_2022_2025,323,"Categorical Limited Contract teachers are paid on Pay Scale Group 20 only, Pay Scale Level 1 - 10. *To qualify for the first career increment, the teacher must have been paid on the maximum pay scale group (PS Group 27) and pay scale level (PS Level 10-14) for five qualifying years.",HARD,deontic:obligation,2,,,,,,
UTLA_LAU_2047,UTLA_LAUSD_2022_2025,323,"I.) Pay Scale Group C4, Pay Scale Level 30+ 4th CI & MA 4th CI & DR C Basis 94,620 95,204 95,788 7,884.98 B Basis 102,505 103,137 103,770 8,542.07 A Basis 121,113 121,860 122,607 10,092.76 An employee with a master's degree and a doctorate, or equivalent degree, shall receive the doctoral differential only.",HARD,deontic:obligation,2,,,,,,
UTLA_LAU_2041,UTLA_LAUSD_2022_2025,319,APPENDIX Los Angeles Unified School District Board Approved INSTRUCTIONAL SCHOOL CALENDAR 2023-2024 6/20/2023 JULY AUGUST SEPTEMBER MO TU WE TH FR MO TU WE TH FR MO TU WE TH FR 3 4 5 6 7 1 2 3 4 1 10 11 12 13 14 7 8 9 10 11 4 5 6 7 8 17 18 19 20 21 14 15 16 17 18 11 12 13 14 15 24 25 26 27 28 21 22 23 24 25 18 19 20 21 22 31 28 29 30 31 25 26 27 28 29 OCTOBER NOVEMBER DECEMBER MO TU WE TH FR MO TU WE TH FR MO TU WE TH FR 2 3 4 5 6 1 2 3 1 9 10 11 12 13 6 7 8 9 10 4 5 6 7 8 16 17 18 19 20 13 14 15 16 17 11 12 13 14 15 23 24 25 26 27 20 21 22 23 24 18 19 20 21 22 30 31 27 28 29 30 25 26 27 28 29 JANUARY FEBRUARY MARCH MO TU WE TH FR MO TU WE TH FR MO TU WE TH FR 1 2 3 4 5 1 2 1 8 9 10 11 12 5 6 7 8 9 4 5 6 7 8 15 16 17 18 19 12 13 14 15 16 11 12 13 14 15 22 23 24 25 26 19 20 21 22 23 18 19 20 21 22 29 30 31 26 27 28 29 25 26 27 28 29 APRIL MAY JUNE MO TU WE TH FR MO TU WE TH FR MO TU WE TH FR 1 2 3 4 5 1 2 3 3 4 5 6 7 8 9 10 11 12 6 7 8 9 10 10 11 12 13 14 15 16 17 18 19 13 14 15 16 17 17 18 19 20 21 22 23 24 25 26 20 21 22 23 24 24 25 26 27 28 29 30 27 28 29 30 31 07/04/23. . . . . . . . . . .,SOFT,deontic:permission,2,,,,,,
UTLA_LAU_2040,UTLA_LAUSD_2022_2025,317,"This Committee is a mediatory body rather than a decisionmaking body, though it also retains the ability to make confidential recommendations to disputants, to District management and to their appointing entities, and also may contract with a respected neutral to make recommendations.",SOFT,deontic:permission,2,,,,,,
UTLA_LAU_2039,UTLA_LAUSD_2022_2025,317,"The District and UTLA shall each appoint three members to serve on a six-member PAR/PAS (Performance Appraisal System) Steering Committee, chosen based on their broad experience with the District's academic programs, school operations, the operations/ functions of the performance evaluation system and initiatives, the applicable labor Agreements, and sound principles of dispute resolution, consensusbuilding, cooperative labor relations, and mediation.",HARD,deontic:obligation,2,,,,,,
UTLA_LAU_2038,UTLA_LAUSD_2022_2025,316,"Non-instructional, non-school-based employees, such as Health and Human Services employees, shall continue to be evaluated under Article X and are not covered by this Article. 3.0 Confidentiality of Individualized STP/AGT Test Results: STP/AGT scoring reports that are linked to names of individual employees shall be treated as a confidential personnel record, due in part to their use in the employee performance evaluation system.",HARD,deontic:obligation,2,,,,,,
UTLA_LAU_2036,UTLA_LAUSD_2022_2025,316,The areas of evaluation and assessment tools indicated in Section 4.1 of Article X shall continue to be used in determining each individual’s overall multi-measured performance evaluation.,HARD,deontic:obligation,2,,,,,,
UTLA_LAU_2035,UTLA_LAUSD_2022_2025,315,"School-Level Non-STP-Based Goals for Pupil Progress and Achievement: Performance objectives and strategies may be developed to reflect individual and group roles in District and School-wide priorities and areas of focus, and methods of measuring such efforts.",SOFT,deontic:permission,2,,,,,,
UTLA_LAU_2034,UTLA_LAUSD_2022_2025,315,Examples of such supplemental/alternative data sources may include the following:,SOFT,deontic:permission,2,,,,,,
UTLA_LAU_2033,UTLA_LAUSD_2022_2025,314,"Individual AGT Results: Individual AGT scores (as distinguished from the school-level AGT results) are to be used solely to give perspective and to assist in reviewing the past STP results of the teacher, and shall neither form the basis for any performance objectives/strategies nor be used in the final evaluation. 2022 - 2025 UTLA Contract 296",HARD,deontic:obligation,2,,,,,,
UTLA_LAU_2032,UTLA_LAUSD_2022_2025,314,"School-level AGT data and reports may also influence, or be adapted into the objectives of employees for whom there are no STP results but whose services still contribute to improved progress of students as measured by school-level reports such as those mentioned above. e.",SOFT,deontic:permission,2,,,,,,
UTLA_LAU_2031,UTLA_LAUSD_2022_2025,314,"School-Level Results: School-level STP (see paragraph b above) and school-level AGT data/reports (and other school-level data such as API) relating to the performance of all teachers at the school whose assigned students participate in the same STP subject matter tests as the individual teacher, shall also be reviewed and considered in the establishment of the individual teacher’s performance objectives and related strategies, as reflected in the initial planning sheets.",HARD,deontic:obligation,2,,,,,,
UTLA_LAU_1997,UTLA_LAUSD_2022_2025,308,The site administrator shall identify and assign a workspace for the semester for each itinerant employee and publish that location in a manner accessible to all employees.,HARD,deontic:obligation,2,,,,,,
UTLA_LAU_1995,UTLA_LAUSD_2022_2025,308,"Any advisory program to be implemented by the District must be agreed upon by both UTLA and the District. 2.0 Workspace: Each itinerant bargaining unit member shall be assigned an appropriate workspace at school sites to meet the requirements of the assignment, including but not limited to room and restroom keys, a workstation, access to copiers,updated computers or a laptop along with internet access, secure storage space and necessary assessment materials.",HARD,deontic:obligation|deontic:obligation,2,,,,,,
UTLA_LAU_1932,UTLA_LAUSD_2022_2025,300,"Article XXVII - Shared Decision Making Certificated Employees of the District Nominations: Certificated employees with a child enrolled at a District school other than the school to which they are assigned, may nominate themselves to serve as a parent at their child’s school with the following provisions:",SOFT,deontic:permission,2,,,,,,
UTLA_LAU_1964,UTLA_LAUSD_2022_2025,304,"Allegations of such discrimination/retaliation may be processed according to the policies/procedures referenced in section 1.7 above, or through Article V (Grievance Procedure) and not under section 7.0 of this Article.",SOFT,deontic:permission,2,,,,,,
UTLA_LAU_1962,UTLA_LAUSD_2022_2025,303,"The District shall make available to UTLA and every site, via the LAUSD website, information, rules and templates related to the California Administrative Code, Title 8, Section 3203 requirements regarding an Injury and Illness Prevention Program (lausd-oehs.org). 1.8 The District shall make available to UTLA and every site via the LAUSD website all reports, correction notices deficiency notices, or “selfcertified corrections” resulting from an OEHS inspection (lausd-oehs.org). 1.9 The District shall provide reasonable packing and moving assistance to any employee who is required by OEHS to vacate his/her classroom or worksite. 2022-2025 UTLA Contract 285",HARD,deontic:obligation,2,,,,,,
UTLA_LAU_1961,UTLA_LAUSD_2022_2025,303,"The quick reference guide shall be tailored to that site. 1.6 In addition to the Special Grievance Procedures contained in section 7.0 of this Article, other avenues of inquiry, complaint and appeal regarding health and safety issues exist in the District.",HARD,deontic:obligation,2,,,,,,
UTLA_LAU_1960,UTLA_LAUSD_2022_2025,303,A “quick reference guide” to Volume II of the Safe School Plan shall be distributed to all unit members at each site as soon as the Plans have been updated for that year.,HARD,deontic:obligation,2,,,,,,
UTLA_LAU_1959,UTLA_LAUSD_2022_2025,303,Other means of distribution or access to the Safe School Plans may be established within the plans. a.,SOFT,deontic:permission,2,,,,,,
UTLA_LAU_1957,UTLA_LAUSD_2022_2025,302,"With faculty participation, each site’s School Safety Planning Committee shall develop (and annually review) a current Safe School Plan (see REF -1242.5, Office of Environmental Health and Safety, 2008-2009 Update of Safe School Plans) for distribution to each employee.",HARD,deontic:obligation,2,,,,,,
UTLA_LAU_1956,UTLA_LAUSD_2022_2025,302,The UTLA Chapter Chair/designee may choose to be a member of the committee.,SOFT,deontic:permission,2,,,,,,
UTLA_LAU_1955,UTLA_LAUSD_2022_2025,302,"Pursuant to relevant laws, rules and regulations referenced herein, employees shall not be required to work under unsafe or hazardous conditions or perform tasks which endanger their health and safety. 1.2 Each site shall establish a School Safety Planning Committee.",HARD,deontic:prohibition|deontic:obligation,2,,,,,,
UTLA_LAU_1954,UTLA_LAUSD_2022_2025,302,"The District shall make every reasonable effort to provide school facilities that are clean, safe, and maintained in good repair and to otherwise maintain a safe place of employment.",HARD,deontic:obligation,2,,,,,,
UTLA_LAU_1953,UTLA_LAUSD_2022_2025,302,Within the first three months of each school year the plans referenced above shall be reviewed at each site and whatever training is required by the plan shall take place. 1.0 General Provisions 1.1 It is the District’s commitment to provide safe working conditions for employees within the operational and financial limitation that may exist within the District.,HARD,deontic:obligation|deontic:permission,2,,,,,,
UTLA_LAU_1952,UTLA_LAUSD_2022_2025,302,"When preparing these plans, each site shall take into consideration health and safety for persons with disabilities.",HARD,deontic:obligation,2,,,,,,
UTLA_LAU_1951,UTLA_LAUSD_2022_2025,302,These plans shall also include procedures for the release of employees from the site.,HARD,deontic:obligation,2,,,,,,
UTLA_LAU_1950,UTLA_LAUSD_2022_2025,302,"ARTICLE XXVIII SAFETY 1.0 General: With faculty participation, each site shall develop (and annually review) its School Emergency Operations Contingency Plan and current Safe School Plan (see Bulletin No. 53, Office of School Operations) for distribution to each employee.",HARD,deontic:obligation,2,,,,,,
UTLA_LAU_1948,UTLA_LAUSD_2022_2025,301,Said cochairpersons may delegate this authority.,SOFT,deontic:permission,2,,,,,,
UTLA_LAU_1947,UTLA_LAUSD_2022_2025,301,"If they are not able to resolve a dispute acceptable to the involved parents/community, the dispute shall be referred to the cochairpersons of the central council for final determination.",HARD,deontic:obligation,2,,,,,,
UTLA_LAU_1946,UTLA_LAUSD_2022_2025,301,"Disputes: The Principal and Chapter Chair shall determine any disputed eligibility issues using the above criteria, and shall also be primarily responsible for resolving any disputes relating to election procedures.",HARD,deontic:obligation,2,,,,,,
UTLA_LAU_1944,UTLA_LAUSD_2022_2025,300,"Then, the ballots shall be removed from the secret ballot envelopes and counted.",HARD,deontic:obligation,2,,,,,,
UTLA_LAU_1943,UTLA_LAUSD_2022_2025,300,"Prior to the vote count the sealed secret ballot envelope shall be separated from the envelope which carries the voter's name and address, and inter-mingled with the other secret ballot envelopes.",HARD,deontic:obligation,2,,,,,,
UTLA_LAU_1942,UTLA_LAUSD_2022_2025,300,"The vote count shall occur at the time announced at the election meeting, and shall occur in the presence of any interested persons who wish to attend.",HARD,deontic:obligation,2,,,,,,
UTLA_LAU_1940,UTLA_LAUSD_2022_2025,300,The ballots shall then be secured in a safe place for five working days before being counted.,HARD,deontic:obligation,2,,,,,,
UTLA_LAU_1939,UTLA_LAUSD_2022_2025,300,This envelope shall be sealed and the principal and Chapter Chair shall sign their names over the seal.,HARD,deontic:obligation,2,,,,,,
UTLA_LAU_1938,UTLA_LAUSD_2022_2025,300,The ballots shall be collected and placed in the large envelope provided for this purpose.,HARD,deontic:obligation,2,,,,,,
UTLA_LAU_1937,UTLA_LAUSD_2022_2025,300,"Sign-in: At the election meeting there shall be a sign-in procedure, where each voter shall disclose appropriate information indicating eligibility and status (parent or community). e.",HARD,deontic:obligation,2,,,,,,
UTLA_LAU_1936,UTLA_LAUSD_2022_2025,300,"Election Notices: Shall be sent home with students, and submitted to local newspapers serving the areas affected.",HARD,deontic:obligation,2,,,,,,
UTLA_LAU_1935,UTLA_LAUSD_2022_2025,300,(3) The employee may only serve as a parent on one LSLC in any one school year. c.,SOFT,deontic:permission,2,,,,,,
UTLA_LAU_1933,UTLA_LAUSD_2022_2025,300,"(1) The certificated employee’s name on the parent ballot must clearly state that they are serving as a current employee of to the District and state the position they are serving in – e.g., “Jane Doe (currently employed as a teacher at another District location)”.",HARD,deontic:obligation,2,,,,,,
UTLA_LAU_1963,UTLA_LAUSD_2022_2025,304,Article XXVIII - Safety 2.0 No employee shall be discriminated or retaliated against as a result of reporting alleged unsafe or hazardous conditions.,HARD,deontic:obligation|deontic:prohibition,2,,,,,,
UTLA_LAU_1965,UTLA_LAUSD_2022_2025,304,"Once an employee chooses which process to utilize (policies/procedures or Article V), this shall be his/her exclusive forum. 3.0 Environmental, Health, Safety and Violence Prevention Joint Committee 3.1 A District Environmental, Health, Safety and Violence Joint Committee shall be established with no more than five",HARD,deontic:obligation,2,,,,,,
UTLA_LAU_1994,UTLA_LAUSD_2022_2025,308,"However, employees performing educational counseling services as of January 1, 1987 shall be permitted to continue with such services if so assigned, but shall be limited to one or two periods of counseling duties, if they have not yet obtained a PPS credential.",HARD,deontic:obligation,2,,,,,,
UTLA_LAU_1966,UTLA_LAUSD_2022_2025,304,A Committee Chair shall be appointed by the Committee.,HARD,deontic:obligation,2,,,,,,
UTLA_LAU_1992,UTLA_LAUSD_2022_2025,308,ARTICLE XXXI WORKING CONDITIONS 1.0 Counseling Services: All employees who perform educational services as defined in Education Code Section 49600 must hold a valid Pupil Personnel Services (PPS) credential.,HARD,deontic:obligation,2,,,,,,
UTLA_LAU_1991,UTLA_LAUSD_2022_2025,307,Others may be added by mutual agreement as special needs arise 2022-2025 UTLA Contract 289,SOFT,deontic:permission,2,,,,,,
UTLA_LAU_1990,UTLA_LAUSD_2022_2025,307,UTLA and the District may designate one or two members of their respective negotiations teams to participate in any such meetings.,SOFT,deontic:permission,2,,,,,,
UTLA_LAU_1989,UTLA_LAUSD_2022_2025,307,"In addition, these groups are to function as subcommittees of the negotiating teams during contract renewal negotiations, with the understanding that they may draft preliminary recommendations for consideration by the parties' full negotiations teams.",SOFT,deontic:permission,2,,,,,,
UTLA_LAU_1988,UTLA_LAUSD_2022_2025,307,ARTICLE XXX SPECIAL COMMITTEES Three member subcommittees as designated by UTLA shall meet periodically with the District administration responsible for the following areas to discuss matters of concern.,HARD,deontic:obligation,2,,,,,,
UTLA_LAU_1987,UTLA_LAUSD_2022_2025,306,"(4) Providing input to the Local School Leadership Council for decisions related to co-location. 6.0 ALTERNATE AGREEMENTS: On a quarterly basis, the District shall provide copies of new alternate agreements, once fully-executed. 2022-2025 UTLA Contract 288",HARD,deontic:obligation,2,,,,,,
UTLA_LAU_1986,UTLA_LAUSD_2022_2025,306,"Upon completion or amendment of Shared Use Agreement, the site administrator will provide the colocation coordinator with a copy. 5.0 At any school that is identified for co-location for the following year, the school’s Safety Committee – which shall include the UTLA colocation coordinator – shall review school issues related to co-location, including:",HARD,deontic:obligation,2,,,,,,
UTLA_LAU_1985,UTLA_LAUSD_2022_2025,306,A UTLA co-location coordinator shall be invited and allowed to participate in all co-location related trainings provided to co-location administrators. 4.0 The UTLA co-location coordinator shall be invited to all meetings relating to the development of campus Shared Use Agreement for schools identified for co-location for the following year.,HARD,deontic:obligation,2,,,,,,
UTLA_LAU_1984,UTLA_LAUSD_2022_2025,306,"Annually, UTLA shall provide to each site administrator the name of the UTLA co-location coordinator.",HARD,deontic:obligation,2,,,,,,
UTLA_LAU_1983,UTLA_LAUSD_2022_2025,306,"ARTICLE XXIX CHARTER CO-LOCATION In addition to creating a working group led by the chapter chair or designee, LAUSD and UTLA agree to the following new Article relating to co-location issues: 1.0 When any charter school visit is conducted at a school for the purpose of examining the campus configuration for co-location, sometimes referred to as a “walk through,” the site administrator will invite the UTLA chapter chair to participate. 2.0 By December 1st and February 1st of each school year, the District will provide UTLA with any completed “Proposition 39 Facilities Request” forms. 3.0 At each school with a co-located charter school, UTLA shall have the right to designate, pursuant to its procedures, one employee to serve as the co-location coordinator.",HARD,deontic:obligation,2,,,,,,
UTLA_LAU_1982,UTLA_LAUSD_2022_2025,305,"In an emergency situation, employees may take reasonable preliminary action to protect students, other employees and themselves. 2022-2025 UTLA Contract 287",SOFT,deontic:permission,2,,,,,,
UTLA_LAU_1981,UTLA_LAUSD_2022_2025,305,"Upon notification, the district shall take immediate steps to investigate and correct an unsafe or hazardous condition.",HARD,deontic:obligation,2,,,,,,
UTLA_LAU_1980,UTLA_LAUSD_2022_2025,305,"If a school is evacuated during the school day, employees shall suffer no loss of pay or accumulated leave for that day. 7.0 Employee/District Responsibility : Employees shall immediately notify site administration and site administration shall immediately notify employees of any unsafe or hazardous conditions at the site.",HARD,deontic:obligation,2,,,,,,
UTLA_LAU_1979,UTLA_LAUSD_2022_2025,305,"The Committee shall make a joint recommendation for resolution of any unsafe or hazardous condition identified by the arbitrator and make its recommendation to both the Superintendent and the UTLA President within fourteen (14) work days of receipt of the arbitrator’s decision. 6.0 Emergency Closure: In the event a school i s closed due to an emergency the employees shall, typically, be reassigned on a temporary basis to another location.",HARD,deontic:obligation,2,,,,,,
UTLA_LAU_1978,UTLA_LAUSD_2022_2025,305,"If the arbitrator determines that correction would exceed $25,000, he/she shall not include any remedy in the award, which shall then be forwarded to the Committee set forth in section 3.0 of this Article.",HARD,deontic:prohibition|deontic:obligation,2,,,,,,
UTLA_LAU_1977,UTLA_LAUSD_2022_2025,305,"The arbitrator shall be authorized to include a remedy in his/her award if in his/her opinion the unsafe etc. condition can be corrected at a cost not to exceed $25,000 for each case, controversy or issue.",HARD,deontic:obligation,2,,,,,,
UTLA_LAU_1976,UTLA_LAUSD_2022_2025,305,"In view of the District’s limited available funds and the need of the District to prioritize maintenance and capital improvement projects, it is agreed that the sole issue for arbitration shall be the determination as to whether an unsafe or hazardous condition exists, or whether an employee(s) has/have been required to perform tasks that endanger his/her/their health and safety.",HARD,deontic:obligation,2,,,,,,
UTLA_LAU_1975,UTLA_LAUSD_2022_2025,305,"UTLA and the District shall then select an arbitrator and calendar the dispute for expedited arbitration pursuant to Article V, Section 15.0.",HARD,deontic:obligation,2,,,,,,
UTLA_LAU_1974,UTLA_LAUSD_2022_2025,305,"Within two days after the administrator’s appeal decision is announced, UTLA must, if it wishes to arbitrate the matter, notify the District of its intention.",HARD,deontic:obligation,2,,,,,,
UTLA_LAU_1973,UTLA_LAUSD_2022_2025,305,(3) days after receipt of the appeal the Local District Superintendent (or designee) shall hold an appeal meeting to discuss the matter and shall announce a decision by the end of the day following.,HARD,deontic:obligation,2,,,,,,
UTLA_LAU_1972,UTLA_LAUSD_2022_2025,305,"If the response does not resolve the matter, the grievant may within three",SOFT,deontic:permission,2,,,,,,
UTLA_LAU_1971,UTLA_LAUSD_2022_2025,305,"(2) days of receiving the grievance the site administrator shall meet with the grievant in an attempt to resolve the matter, and by the end of the day next following that meeting the administrator shall issue a written response to the grievant.",HARD,deontic:obligation,2,,,,,,
UTLA_LAU_1970,UTLA_LAUSD_2022_2025,305,"Article XXVIII - Safety 5.0 Special Grievance Procedures : If, after giving notice to the site administration, the employee believes that an unsafe or hazardous condition persists, the employee may file a grievance (see the Step One time limits of Article V).",SOFT,deontic:permission,2,,,,,,
UTLA_LAU_1969,UTLA_LAUSD_2022_2025,304,"This shall occur within six months of the first meeting of the Committee following contract ratification, or at such other time as determined by the Committee. 4.0 Renovation, Modernization and New Schools 4.1 The District will notify UTLA of community outreach meetings at which potential sites for new schools are to be discussed. 4.2 UTLA may, in its discretion, appoint one or more UTLA employees to act as liaisons to the District regarding the construction of new schools and remodels of or renovations/new additions to existing schools (""school construction”). 4.2.1 It is the intent of the parties that the individual(s) serving in this capacity will become familiar within areas related to school construction and serve as information conduits between the District and unit members at affected school sites. 4.2.2 It is the intent of the parties that such individual(s) will have the opportunity for ongoing consultation with designated District personnel regarding matters related to school construction. 2022-2025 UTLA Contract 286",HARD,deontic:obligation|deontic:permission,2,,,,,,
UTLA_LAU_1967,UTLA_LAUSD_2022_2025,304,"This committee shall review environmental, health, safety and violence prevention issues that may have an impact on District worksites and employees.",HARD,deontic:obligation|deontic:permission,2,,,,,,
UTLA_LAU_1796,UTLA_LAUSD_2022_2025,278,"Before an employee or the District utilizes any student produced material beyond the purpose for which it was initially submitted by the student, a written consent or waiver in favor of the District and employee must be obtained from the student and parent/guardian.",HARD,deontic:obligation,2,,,,,,
UTLA_LAU_1793,UTLA_LAUSD_2022_2025,278,The teacher shall have the right to appeal any such determination(s) including the right to a hearing before the Region Superintendent or Designee. 1.3 This appeal procedure is intended to provide an avenue for review of administrative restrictions which have not resulted in disciplinary action or unsatisfactory evaluation or in critical material placed in the personnel file.,HARD,deontic:obligation,2,,,,,,
UTLA_LAU_1513,UTLA_LAUSD_2022_2025,233,"Senior high schools (including grade 9 senior high school students): all classes at a school are to average 35.5 students. 2.5 Non-elective Secondary Physical Education classes provided by the Physical Education Department (excluding elective PE classes, team sports, and activity classes such as Band, Pep Squad and Drill Team) are to have a maximum class size of 55. 3.0 Distribution of Students Within Grade Levels, Departments and Classes: Grade Level and Department Chairs (add SLC Lead Teachers if applicable) shall, as minimum, have the right to consult with, and make recommendations to, the site administrator or designee with respect to allocation of the grade level or department budget funds, establishment of the grade level or department class offerings, assignment of grade level or department members to specific classes, and balancing of grade level and department classes.",HARD,deontic:obligation,2,,,,,,
UTLA_LAU_1602,UTLA_LAUSD_2022_2025,247,Applicants may apply for only one subject field and/or program. b.,SOFT,deontic:permission,2,,,,,,
UTLA_LAU_1616,UTLA_LAUSD_2022_2025,249,"Refusal of an assignment in the third round shall not make the employee ineligible in the original geographic area should subsequent openings occur. 5.0 Selection - Elementary Schools, All Rounds: Summer School: Please see 13.0 below. 6.0 Displacements: Where and when a voluntary or mandatory summer school session site becomes over-teachered on or before norm date, teachers shall be displaced within a program or subject field based on District seniority within the priority categories, beginning with the lowest priority.",HARD,deontic:prohibition|deontic:obligation|deontic:preference,2,,,,,,
UTLA_LAU_1615,UTLA_LAUSD_2022_2025,249,"If vacancies remain after the second round, applicants from adjoining geographic areas shall be offered assignment, using the adjoining geographic area's priority/seniority lists.",HARD,deontic:obligation,2,,,,,,
UTLA_LAU_1614,UTLA_LAUSD_2022_2025,249,"The applications of those not selected at the school to which they applied shall be forwarded to the appropriate geographic area pool for possible future assignment in priority and seniority order, pursuant to 5.0 below. 4.0 Selection – Secondary Second and Third Round: Voluntary Summer School: If any school is not completely staffed after the above process is completed due to a lack of eligible applicants to that school, unassigned applicants from the geographic area pools shall be assigned to the remaining vacant positions based upon teaching experience, priority, and seniority as described above. a.",HARD,deontic:obligation,2,,,,,,
UTLA_LAU_1613,UTLA_LAUSD_2022_2025,249,Priority 3 applicants shall be assigned to a geographic area pool.,HARD,deontic:obligation,2,,,,,,
UTLA_LAU_1612,UTLA_LAUSD_2022_2025,249,Priority 1 applicants shall be assigned before Priority 2 applicants. c.,HARD,deontic:obligation,2,,,,,,
UTLA_LAU_1611,UTLA_LAUSD_2022_2025,249,"Ties in District seniority shall be broken under the provisions of Article XI, Section 6.2. b.",HARD,deontic:obligation,2,,,,,,
UTLA_LAU_1610,UTLA_LAUSD_2022_2025,249,"(2) Seniority: If there are more eligible applicants within each priority to teach a specific course at any one school than there are positions available, District seniority shall determine the selection.",HARD,deontic:obligation,2,,,,,,
UTLA_LAU_1609,UTLA_LAUSD_2022_2025,248,Employees shall be selected at each school on the basis of priority and seniority as follows:,HARD,deontic:obligation,2,,,,,,
UTLA_LAU_1608,UTLA_LAUSD_2022_2025,248,"An applicant who has received, within the most recent two school years immediately preceding the summer session assignment, an overall evaluation or less than ""meets or exceeds"" or a Notice of Unsatisfactory Service or Act, shall not be assigned to a school without the consent of the principal or program coordinator. 3.0 Selection - Secondary Schools First Round: Voluntary Summer School: Not less than ten working days prior to the deadline date for summer session applications, the District shall establish and distribute a list of schools for each geographic area showing the specific courses and/or Special Education programs that are planned to be offered at each school (listed by subject field). a.",HARD,deontic:prohibition|deontic:obligation,2,,,,,,
UTLA_LAU_1606,UTLA_LAUSD_2022_2025,247,Employees whose basic assignment is limited to Adult Education shall be eligible solely for assignment in Adult Education summer session. f.,HARD,deontic:obligation,2,,,,,,
UTLA_LAU_1605,UTLA_LAUSD_2022_2025,247,"Multitrack year-round school teachers shall not be permitted to serve in the single track school's regular K-12 summer school or extended learning session program, but may serve during intersession programs in a multitrack school.",HARD,deontic:prohibition|deontic:obligation|deontic:permission,2,,,,,,
UTLA_LAU_1604,UTLA_LAUSD_2022_2025,247,"An applicant who accepts an assignment in writing and then declines, or begins work and then terminates the assignment, for reasons other than a verified illness shall be considered as having taught for the purpose of establishing priority for the next session. c. 50% Rule for priority: An applicant who was paid in a status other than substitute for 50% or more of the hours the mandatory or voluntary student summer school/multitrack school intersession and/or extended learning program was in session shall be considered to have taught for the purpose of determining priority rating. d.",HARD,deontic:obligation,2,,,,,,
UTLA_LAU_1601,UTLA_LAUSD_2022_2025,247,"For Designated Instructional Services (DIS) Programs, the program office shall be considered the school for application and assignment. a.",HARD,deontic:obligation,2,,,,,,
UTLA_LAU_1792,UTLA_LAUSD_2022_2025,278,"Article XXV – Academic Freedom and Responsibility disapproved or restricted by the site administrator or other District administrator, the reason(s) therefore shall, upon verbal request, promptly be provided to the teacher in writing.",HARD,deontic:obligation,2,,,,,,
UTLA_LAU_1600,UTLA_LAUSD_2022_2025,247,"ARTICLE XX SUMMER/WINTER/INTERSESSION INTERVENTION/EXTENDED LEARNING PROGRAM SESSIONS 1.0 General: Applicants must initially apply to one site and, if not selected at that school, must be available for all schools in that geographic area.",HARD,deontic:obligation,2,,,,,,
UTLA_LAU_1599,UTLA_LAUSD_2022_2025,246,"Article XIX – Substitute Employees 14.0 The Substitute Unit shall create and maintain separate lists of substitute employees with specific credentials (including but not limited to BCLAD, CTE, etc.). 2022-2025 UTLA Contract 228",HARD,deontic:obligation,2,,,,,,
UTLA_LAU_1598,UTLA_LAUSD_2022_2025,245,"However, the Report shall be retained by the District as required by law. 11.0 Other Calling Lists: Separate calling lists shall be maintained for Development Centers and Early Education Centers. 12.0 Toll Free Calling: The District shall maintain a toll free telephone line. 13.0 Reorganization/Redesign of the Substitute Unit: The UTLA Article XXX Substitute Committee shall be permitted to give input to the District prior to any reorganization or redesign of the Substitute Assignment Unit or to the automated calling system. 2022-2025 UTLA Contract 227",HARD,deontic:obligation,2,,,,,,
UTLA_LAU_1597,UTLA_LAUSD_2022_2025,245,"When a substitute receives an Inadequate Service Report at a school, either the principal or the substitute may request that the substitute not be assigned to that particular school in the future. 10.1 An Inadequate Service Report shall not be considered for the purpose of disciplinary action after a period of four years from the date of issuance.",HARD,deontic:prohibition|deontic:obligation|deontic:permission,2,,,,,,
UTLA_LAU_1596,UTLA_LAUSD_2022_2025,245,"The school discipline policy shall also be provided upon request. 10.0 Evaluations and Inadequate Service Reports: See Article X, Sections 7.0, 8.0 and 8.1.",HARD,deontic:obligation,2,,,,,,
UTLA_LAU_1595,UTLA_LAUSD_2022_2025,245,"Inform the principal or clerk when ready to leave the school at the completion of the assignment. 9.0 Information: Substitutes shall be provided with the information needed to perform the duties of the position including, but not limited to class grade level, subject matter, assignment address, general or special education assignment, student attendance information, lesson plans, class roster, appropriate keys, seating chart(s), IEP and 504 Plan information, and security and emergency plans.",HARD,deontic:obligation,2,,,,,,
UTLA_LAU_1594,UTLA_LAUSD_2022_2025,245,Such special duties may be assigned either during or outside normal conference periods; g.,SOFT,deontic:permission,2,,,,,,
UTLA_LAU_1593,UTLA_LAUSD_2022_2025,244,Arrival at school on time (substitutes should be ready to leave home immediately upon receiving an assignment) and remain on site for the full day; b.,SOFT,deontic:preference,2,,,,,,
UTLA_LAU_1592,UTLA_LAUSD_2022_2025,244,Failure to satisfactorily perform these duties may result in an Inadequate Service Report.,SOFT,deontic:permission,2,,,,,,
UTLA_LAU_1114,UTLA_LAUSD_2022_2025,176,Rating-in above the original placement shall be permitted only in accordance with the following conditions:,HARD,deontic:obligation,2,,,,,,
UTLA_LAU_1590,UTLA_LAUSD_2022_2025,244,"The official daily service slip completed by the office manager or designee, and reflecting hours worked, shall indicate whether the substitute has been held over or released from the assignment.",HARD,deontic:obligation,2,,,,,,
UTLA_LAU_1589,UTLA_LAUSD_2022_2025,244,"The school must confirm the terms of the assignment offer with the substitute unit. 6.2 A substitute who is assigned duties beyond the regular assignment and for which the regular employee is compensated (e.g., UTP duties) shall be time-reported for the full time of the additional assignment. 7.0 Release from Assignment: Any employee serving as a substitute may be released from a particular substitute assignment by the immediate administrator or designee at the end of any working day.",HARD,deontic:obligation|deontic:obligation|deontic:permission,2,,,,,,
UTLA_LAU_1617,UTLA_LAUSD_2022_2025,249,Applications of teachers so displaced shall be forwarded to the appropriate geographic area pool for assignment to openings based upon priority and seniority in any of the summer school/intervention programs for which they are authorized to teach. a.,HARD,deontic:obligation,2,,,,,,
UTLA_LAU_1620,UTLA_LAUSD_2022_2025,250,"Those who during the regular school year are paid on an hourly rate (e.g., Adult Education teachers) shall continue on that hourly rate if working in an Adult Education summer session. c.",HARD,deontic:obligation,2,,,,,,
UTLA_LAU_1622,UTLA_LAUSD_2022_2025,250,Employees shall be paid only for the actual days/hours of the summer session or multitrack year-round school intersession assignment.,HARD,deontic:obligation,2,,,,,,
UTLA_LAU_1625,UTLA_LAUSD_2022_2025,250,"They shall then serve for a full day of instruction, as appropriate, exclusive of nutrition/recess (for those assigned for a four-hour day).",HARD,deontic:obligation,2,,,,,,
UTLA_LAU_1651,UTLA_LAUSD_2022_2025,254,"(** Established length of time for summer school/multitrack year-round school intersession is six weeks, however, the year-round school intersession may be broken up into two week or three week blocks of time for a total of six weeks.) 13.1 Mandatory Student Summer Session/Multitrack Intersession Elementary: For Weeks 1-6 teachers who participate shall be compensated at the summer school rate (i.e., Z - basis at 10thly hourly rate + differential factor of 1.09224) for four hours of instructional time per day. a.",HARD,deontic:obligation|deontic:permission,2,,,,,,
UTLA_LAU_1650,UTLA_LAUSD_2022_2025,254,Compensation: Teachers who participate in such Extended Learning Programs shall be compensated on X basis (10thly hourly rate).,HARD,deontic:obligation,2,,,,,,
UTLA_LAU_1649,UTLA_LAUSD_2022_2025,254,An applicant who taught in the program during the previous session shall not be eligible for service until all teachers in the priority grouping who did not teach the previous session are assigned.,HARD,deontic:prohibition|deontic:obligation,2,,,,,,
UTLA_LAU_1648,UTLA_LAUSD_2022_2025,253,"Sections 9.0 and 10.0 of this Article are not applicable to the Division. 13.0 Elementary School: Intervention/Extended Learning Programs: Intervention/Extended Learning Programs assignments in grades K-8 (but does not include the Middle School Summer School or Multitrack Middle School Intersession Program) shall generally be governed by the foregoing provisions of this Article, however, the following shall also apply: a.",HARD,deontic:obligation,2,,,,,,
UTLA_LAU_1647,UTLA_LAUSD_2022_2025,252,Substitute provisions for the Division (as provided in Article XXI) shall apply to summer session. 2022-2025 UTLA Contract 234,HARD,deontic:obligation,2,,,,,,
UTLA_LAU_1646,UTLA_LAUSD_2022_2025,252,Any exception to the above limitations may only be made with the approval of the Division Superintendent under compelling circumstances. h.,SOFT,deontic:permission,2,,,,,,
UTLA_LAU_1645,UTLA_LAUSD_2022_2025,252,"In place of Section 8.0, the maximum weekly summer session assignment in the Division shall be twenty hours per week.",HARD,deontic:obligation,2,,,,,,
UTLA_LAU_1644,UTLA_LAUSD_2022_2025,252,Compensation for Division summer session shall be the hourly rate as indicated in Section 7.0 c. g.,HARD,deontic:obligation,2,,,,,,
UTLA_LAU_1643,UTLA_LAUSD_2022_2025,252,The provisions of Section 6.0 shall cease to be in effect when instruction commences; thereafter the class size minimums of Article XXI shall apply. f.,HARD,deontic:obligation,2,,,,,,
UTLA_LAU_1642,UTLA_LAUSD_2022_2025,252,"Qualified applicants from priority categories one, two, three, and four are to be processed at the local site; and the remaining unassigned applicants shall be referred to the Division Office for assignment to unfilled vacancies at other locations by priority, subject matter and longevity.",HARD,deontic:obligation,2,,,,,,
UTLA_LAU_1641,UTLA_LAUSD_2022_2025,251,New personnel shall not be recruited to teach summer school as long as qualified applicants remain unassigned. 2022-2025 UTLA Contract 233,HARD,deontic:prohibition|deontic:obligation,2,,,,,,
UTLA_LAU_1640,UTLA_LAUSD_2022_2025,251,"However, the following exceptions shall apply: All references to “employees” in this Article are applicable to “personnel” as that term is used throughout Article XXI and in particular Section 1.1 thereof. a.",HARD,deontic:obligation,2,,,,,,
UTLA_LAU_1639,UTLA_LAUSD_2022_2025,251,Any other alleged violations of this Article may be processed using the normal time line of Article V. 12.0 Summer Session Adult Education: Summer Session assignment in the Division of Adult and Career Education shall generally be governed by the foregoing provisions of this Article.,HARD,deontic:obligation|deontic:permission,2,,,,,,
UTLA_LAU_1637,UTLA_LAUSD_2022_2025,251,"The remaining applicants shall be eligible for assignment as described under Section 13.0, Priority Five below.",HARD,deontic:obligation,2,,,,,,
UTLA_LAU_1636,UTLA_LAUSD_2022_2025,251,"Ties in District shall be broken under the provisions of Article XI, Section 6.2.",HARD,deontic:obligation,2,,,,,,
UTLA_LAU_1635,UTLA_LAUSD_2022_2025,251,"Seniority: If there are more eligible applicants within each priority to teach a specific course at any one school than there are positions available, District seniority shall determine the selection.",HARD,deontic:obligation,2,,,,,,
UTLA_LAU_1634,UTLA_LAUSD_2022_2025,251,"If more applicants apply than there are positions at the school, employees shall be selected for the assignments on the basis of priority and seniority as in 3.0 above. a.",HARD,deontic:obligation,2,,,,,,
UTLA_LAU_1633,UTLA_LAUSD_2022_2025,251,"Rather than using District pools, unassigned applicants from DIS (itinerant) programs shall be assigned from Special Education pools based on the program office location, utilizing teacher experience, priority, and seniority as described above. 10.0 Voluntary Intersession - Multitrack Secondary Schools: Priority for assignment of applicants to intersession programs in multitrack schools shall be given to teachers currently assigned to that school.",HARD,deontic:obligation,2,,,,,,
UTLA_LAU_1632,UTLA_LAUSD_2022_2025,251,When Extended-School-Year assignments are made the Resource Specialist Program and Learning Handicapped Special Day Class Program shall be considered the same subject field for purposes of recency. c.,HARD,deontic:obligation,2,,,,,,
UTLA_LAU_1631,UTLA_LAUSD_2022_2025,251,"If openings remain, they shall be filled pursuant to Sections 3.0, 4.0, and 13.0, above.",HARD,deontic:obligation,2,,,,,,
UTLA_LAU_1630,UTLA_LAUSD_2022_2025,250,"If more than one teacher applicant in a departmentalized program qualifies under the above continuity guidelines, selection shall be based upon recency and seniority as provided above. 2022-2025 UTLA Contract 232",HARD,deontic:obligation,2,,,,,,
UTLA_LAU_1629,UTLA_LAUSD_2022_2025,250,"(2) if no teacher can qualify under the 50% factor, then next preference shall be to the most senior applicant whose regular students (excluding RSP students) are anticipated to comprise 33% or more of the class.",HARD,deontic:obligation,2,,,,,,
UTLA_LAU_1628,UTLA_LAUSD_2022_2025,250,(1) An applicant (whether permanent or (probationary) whose regular students (excluding RSP students) are anticipated (based upon student applications) to comprise 50% or more of the extended class shall receive the assignment;,HARD,deontic:obligation,2,,,,,,
UTLA_LAU_1627,UTLA_LAUSD_2022_2025,250,"Summer session/intersession teachers are also required to perform reasonable pupil supervision duties and other professional obligations, as assigned. 9.0 Selection - Special Education Schools and Special Day Classes: First Round: All of the above provisions of this Article shall apply to the Special Education Extended-School-Year classes or DIS (itinerant) programs to be augmented as follows: a.",HARD,deontic:obligation,2,,,,,,
UTLA_LAU_1626,UTLA_LAUSD_2022_2025,250,They shall remain on site for at least ten minutes after dismissal of their last class.,HARD,deontic:obligation,2,,,,,,
UTLA_LAU_1586,UTLA_LAUSD_2022_2025,243,"When the school’s daily schedule reduces instructional minutes in order to provide professional development, such as Banked Time Tuesdays, substitute teachers shall have the right to participate in professional development and receive pay for the full day. 2022-2025 UTLA Contract 225",HARD,deontic:obligation,2,,,,,,
UTLA_LAU_1584,UTLA_LAUSD_2022_2025,243,See also Section 7.1. 6.0 Time Reporting: Substitute teachers must serve a full teaching day to receive a full day's pay.,HARD,deontic:obligation,2,,,,,,
UTLA_LAU_1583,UTLA_LAUSD_2022_2025,243,"If a regular teacher in a secondary school is doing replacement service for the class of a late arrival substitute, the regular teacher may complete the period of replacement service if one-half of the period has already been completed.",SOFT,deontic:permission,2,,,,,,
UTLA_LAU_1549,UTLA_LAUSD_2022_2025,238,Participating schools shall not include non-incentive substitutes on their preferred calling lists. c.,HARD,deontic:prohibition|deontic:obligation,2,,,,,,
UTLA_LAU_1546,UTLA_LAUSD_2022_2025,238,Article XIX – Substitute Employees 2.2 Priority for Selection: Seniority based on earliest uninterrupted date of assignment in the District as a certificated employee and number of days available for assignment shall be used to determine priority for selection of new participants in the Incentive Plan. 2.3 Incentive Substitute Assignment Procedures: a.,HARD,deontic:obligation,2,,,,,,
UTLA_LAU_1545,UTLA_LAUSD_2022_2025,237,(5) unavailables during a semester may be dropped from the plan and may be ineligible for restoration to the plan for a minimum of one year. 2022-2025 UTLA Contract 219,SOFT,deontic:permission,2,,,,,,
UTLA_LAU_1544,UTLA_LAUSD_2022_2025,237,The Incentive Plan shall be applicable only to substitutes who are serving in place of regular K12 program employees paid on the Preparation Salary Table during the regular (September-June) academic year and who also meet the following qualifications: a.,HARD,deontic:obligation,2,,,,,,
UTLA_LAU_1543,UTLA_LAUSD_2022_2025,237,School Nurses shall be included in the Incentive Plan.,HARD,deontic:obligation,2,,,,,,
UTLA_LAU_1542,UTLA_LAUSD_2022_2025,237,See also Section 3.3c below. 2.1 Eligibility: Eligible substitutes may apply to enter the plan at any time.,SOFT,deontic:permission,2,,,,,,
UTLA_LAU_1541,UTLA_LAUSD_2022_2025,237,"Substitutes (including School Nurses) on the active waiting list of applicants for the Incentive Plan, and who serve at schools of particular need as determined by the District, shall be paid at the Incentive Plan rate for that day.",HARD,deontic:obligation,2,,,,,,
UTLA_LAU_1537,UTLA_LAUSD_2022_2025,236,Non-Preparation Table Substitutes (Excluding Adult Education): Substitutes serving in place of employees who are not paid on the Preparation Salary table shall be allocated to the first step of the minimum schedule for the class.,HARD,deontic:obligation,2,,,,,,
UTLA_LAU_1536,UTLA_LAUSD_2022_2025,236,NOTE: Employees may have assignments of varying hours per day. f.,SOFT,deontic:permission,2,,,,,,
UTLA_LAU_1535,UTLA_LAUSD_2022_2025,236,Substitutes in a single assignment for the entire summer or winter session shall be paid at extended hourly rate in Appendix E retroactive to the first day of the assignment including any additional hours worked as may be required of non-substitute teachers in similar assignments.,HARD,deontic:obligation|deontic:permission,2,,,,,,
UTLA_LAU_1534,UTLA_LAUSD_2022_2025,236,Inter-session/Summer/Winter Session Rate: Substitutes serving in summer school (see Section 5.4 below) shall be paid at their hourly rate in Appendix E for a normal summer school day of four hours.,HARD,deontic:obligation,2,,,,,,
UTLA_LAU_1532,UTLA_LAUSD_2022_2025,236,Incentive Plan Rate: Substitutes who are accepted for and continue to meet the requirements for the Incentive Plan (see Section 3.0.) shall be paid in accordance with the rates in Appendix E. d.,HARD,deontic:obligation,2,,,,,,
UTLA_LAU_1531,UTLA_LAUSD_2022_2025,236,The rates set forth in the previous sentence shall also be the sole rates available to contract teachers serving as substitutes during unassigned periods. c.,HARD,deontic:obligation,2,,,,,,
UTLA_LAU_1530,UTLA_LAUSD_2022_2025,236,Base Rate: The base pay rate for substitutes who serve in place of employees in the K-12 program allocated to the Preparation Salary Table shall be paid in accordance with the rates listed in Appendix E.,HARD,deontic:obligation,2,,,,,,
UTLA_LAU_1529,UTLA_LAUSD_2022_2025,235,"This shall include an induction/mentoring program to recruit, support and retain educators, counselors and social workers of color. 2022-2025 UTLA Contract 217",HARD,deontic:obligation,2,,,,,,
UTLA_LAU_1528,UTLA_LAUSD_2022_2025,235,Task Force members shall report back to their respective bargaining teams in an advisory capacity. 9.0 The District shall create a program to recruit and retain educators of color that includes partnering with teacher education programs from at least three local universities and/or HBCUs.,HARD,deontic:obligation,2,,,,,,
UTLA_LAU_1527,UTLA_LAUSD_2022_2025,235,"However, the Task Force shall not have authority to engage in bargaining, reach agreements or make joint reports/recommendations.",HARD,deontic:prohibition|deontic:obligation,2,,,,,,
UTLA_LAU_1526,UTLA_LAUSD_2022_2025,235,"These subject matters to be discussed by the Task Force may include matters of consultation or permissive bargaining, as well as matters that fall within the scope of mandatory bargaining.",SOFT,deontic:permission,2,,,,,,
UTLA_LAU_1525,UTLA_LAUSD_2022_2025,235,District employees appointed to the Task Force shall be released from their regular employee duties at no loss of salary or benefits. b.,HARD,deontic:obligation,2,,,,,,
UTLA_LAU_1523,UTLA_LAUSD_2022_2025,235,The Task Force shall: a.,HARD,deontic:obligation,2,,,,,,
UTLA_LAU_1522,UTLA_LAUSD_2022_2025,235,"(1) parent appointed by LAUSD, shall be established and maintained.",HARD,deontic:obligation,2,,,,,,
UTLA_LAU_1518,UTLA_LAUSD_2022_2025,234,The parties may mutually agree to extend the 30-day abeyance window. b.,SOFT,deontic:permission,2,,,,,,
UTLA_LAU_1517,UTLA_LAUSD_2022_2025,234,"(5) days per week, for every library facility located on a secondary school campus. 5.2 School Nurse Services: The District shall provide one",HARD,deontic:obligation,2,,,,,,
UTLA_LAU_1516,UTLA_LAUSD_2022_2025,234,"Once a school has exceeded 40% of the ratio, an additional secondary counselor shall be provided to the school by the District (example: a middle school or high school with 1,200 students would have 2 secondary counselors, while a middle school or high school with 1,201 students would have 3 secondary counselors). 5.1 Teacher Librarian Services: The District shall provide one",HARD,deontic:obligation,2,,,,,,
UTLA_LAU_1515,UTLA_LAUSD_2022_2025,234,Article XVIII – Class Size 5.0 Counseling Services: The District shall maintain a secondary school counseling services ratio of 500-1 per secondary school.,HARD,deontic:obligation,2,,,,,,
UTLA_LAU_1514,UTLA_LAUSD_2022_2025,233,"Soon after the opening of school, each elementary grade level chairperson or secondary department chairperson shall call a meeting of the grade level/department for the purpose of attempting to reach consensus on recommendations to be made to the site administrator with respect to an equitable and educationally sound distribution of students, including students who may enroll at a later date. 4.0 Grievance Process: Class Size Averages & Maximums If the class size maximums in this Article are exceeded beyond Norm Day, the affected teacher may initiate a grievance in accordance with Article v of this Agreement. 2022-2025 UTLA Contract 215",HARD,deontic:obligation|deontic:permission,2,,,,,,
UTLA_LAU_1548,UTLA_LAUSD_2022_2025,238,"Incentive Plan substitutes may be name-requested by the site administrator of any participating school irrespective of 3, 4 or 5-day availability, but may not be name-requested by non-incentive plan schools.",SOFT,deontic:restriction|deontic:permission,2,,,,,,
UTLA_LAU_1551,UTLA_LAUSD_2022_2025,238,"Days used by the substitute for illness, personal necessity or bereavement shall not count toward, but shall not constitute a break in, the consecutive working days requirement.",HARD,deontic:prohibition|deontic:obligation,2,,,,,,
UTLA_LAU_1582,UTLA_LAUSD_2022_2025,243,A substitute shall not be considered late if their arrival time does not exceed one hour from the time the substitute accepted the assignment.,HARD,deontic:prohibition|deontic:obligation,2,,,,,,
UTLA_LAU_1552,UTLA_LAUSD_2022_2025,238,"Upon the termination of the extended assignment, the substitute shall return to, and be paid as, a day-to-day substitute.",HARD,deontic:obligation,2,,,,,,
UTLA_LAU_1581,UTLA_LAUSD_2022_2025,243,Copies of preferred substitute lists shall be forwarded by the local sites to the Substitute Assignment Unit where they shall be available for review by the UTLA Substitute Subcommittee Chairperson. 5.0 Late Arrival: A substitute who cannot reasonably expect to reach a school before class begins must attempt to call the school upon accepting the assignment in order that appropriate interim coverage arrangements can be made at the school.,HARD,deontic:obligation|deontic:obligation,2,,,,,,
UTLA_LAU_1580,UTLA_LAUSD_2022_2025,243,These lists shall include the teachers' employee numbers to ensure that the proper substitute is requested and assigned.,HARD,deontic:obligation,2,,,,,,
UTLA_LAU_1578,UTLA_LAUSD_2022_2025,243,Such review shall be without prejudice to any rights the substitute may have under the grievance procedure.,HARD,deontic:obligation|deontic:permission,2,,,,,,
UTLA_LAU_1577,UTLA_LAUSD_2022_2025,243,A substitute who is placed on the standby list shall be given immediate notice thereof and an opportunity for prompt administrative review by the coordinator of the Certificated Substitute Assignment Unit.,HARD,deontic:obligation,2,,,,,,
UTLA_LAU_1576,UTLA_LAUSD_2022_2025,242,"However, nonincentive substitutes may refuse to accept extension of an assignment without it being counted as a refusal, in any of the following circumstances:",SOFT,deontic:permission,2,,,,,,
UTLA_LAU_1575,UTLA_LAUSD_2022_2025,242,Off-track teachers shall be permitted not more than three in each off-track period.,HARD,deontic:obligation,2,,,,,,
UTLA_LAU_1574,UTLA_LAUSD_2022_2025,242,"Article XIX – Substitute Employees 4.6 Standby Lists: A substitute may be changed from any high priority to the substitute unit's ""standby list"" for any of the following causes: a.",SOFT,deontic:permission,2,,,,,,
UTLA_LAU_1573,UTLA_LAUSD_2022_2025,241,"These teachers shall be arranged by their seniority date within the service category (K-6 or a given secondary subject field) for assignment at their home school. 4.4 Assignments During Z Basis Periods: During the summer hiatus periods for traditional calendar schools and off-track periods for yearround schools (i.e., X/Z Basis - see Article IX, Section 10.0j) the calling priority order shall be as described in 5.3 above, but will be restricted to a limited number of substitutes who have volunteered for summer duty and have been selected, again based upon the above priority order. 4.5 During emergencies the above priorities may be temporarily suspended. 2022-2025 UTLA Contract 223",HARD,deontic:obligation|deontic:permission,2,,,,,,
UTLA_LAU_1572,UTLA_LAUSD_2022_2025,241,These shall be assigned by seniority order within service category.,HARD,deontic:obligation,2,,,,,,
UTLA_LAU_1571,UTLA_LAUSD_2022_2025,241,"Substitutes' names shall be arranged by the date of election to certificated service on separate lists for each pool according to service category (elementary K-6, or a given secondary subject field), and called in the following priority order: f.",HARD,deontic:obligation,2,,,,,,
UTLA_LAU_1570,UTLA_LAUSD_2022_2025,241,Remaining openings shall be filled from geographic area pools.,HARD,deontic:obligation,2,,,,,,
UTLA_LAU_1568,UTLA_LAUSD_2022_2025,240,The District shall maintain a list of school schedules at an employee self-service website.,HARD,deontic:obligation,2,,,,,,
UTLA_LAU_1567,UTLA_LAUSD_2022_2025,240,"If a substitute declines an alternate assignment, the substitute shall not be entitled to pay for that day; however, such substitute shall not receive an unavailable. a.",HARD,deontic:prohibition|deontic:obligation,2,,,,,,
UTLA_LAU_1566,UTLA_LAUSD_2022_2025,240,"If assigned to an alternate assignment, paid service time shall be reported from the time of arrival at the original school site.",HARD,deontic:obligation,2,,,,,,
UTLA_LAU_1565,UTLA_LAUSD_2022_2025,240,"A substitute who had a weapon brandished at him or her related to and during the performance of assignment duties may specify a “Don Not Send” designation for that school without being charged with an “unavailable.” 4.2 Substitutes who are assigned by the Certificated Substitute Assignment Unit have a right to work and be paid for the service they provide whether at the school site to which originally assigned or if necessary, to an alternate assignment specified by the District.",SOFT,deontic:permission,2,,,,,,
UTLA_LAU_1564,UTLA_LAUSD_2022_2025,240,"A substitute who was physically injured during an act or acts of violence related to and during the performance of assignment duties may specify a ""Do Not Send"" designation for that school without being charged with an ""unavailable."" d.",SOFT,deontic:permission,2,,,,,,
UTLA_LAU_1563,UTLA_LAUSD_2022_2025,240,"Article XIX – Substitute Employees A substitute who should have been assigned, but was not assigned due to a verifiable District error, shall be granted one of the following remedies, at the employee's option: a. a make-up assignment on a day the employee would not normally be called, such as during periods of traditional school calendar recess; or during the summer session; or b. cancellation of an ""unavailable"" charged against the employee. c.",HARD,deontic:obligation|deontic:preference,2,,,,,,
UTLA_LAU_1562,UTLA_LAUSD_2022_2025,239,"However, any change in the duration of the initial assignment must be reported immediately by the administrator or designee to the substitute calling unit.",HARD,deontic:obligation,2,,,,,,
UTLA_LAU_1561,UTLA_LAUSD_2022_2025,239,"Substitutes in the Incentive Plan are assigned pursuant to Section 3.0. 4.1 Accepting Assignments: All initial assignments of substitute teachers, including those who are name-requested, must come from the substitute calling unit.",HARD,deontic:obligation,2,,,,,,
UTLA_LAU_1560,UTLA_LAUSD_2022_2025,239,"Also, substitutes must be available for at least two consecutive days per week.",HARD,deontic:obligation,2,,,,,,
UTLA_LAU_1558,UTLA_LAUSD_2022_2025,239,"The District may renew the Residency Program on an annual basis with notice to UTLA. 3.2 A substitute may not be released from an assignment as the 21st day approaches in a general education assignment or the 17th day approaches in a special education assignment, for the sole purpose of preventing the substitute from qualifying for the extended substitute pay rate. 3.3 A substitute teacher who is assigned for ten consecutive days to an unfilled position in which the substitute teacher opens a class at the beginning of the school year or is assigned for ten consecutive days to an unfilled position in which the teacher closes a class at the end or the school year, or, in a secondary school, closes a class at the end of the semester, shall be paid at extended substitute rate. 4.0 Assignment Procedures for Non-Incentive Plan Substitutes: Day-to-day substitutes may apply to only one of the service areas (North – 1, 2, 3, 4;",HARD,deontic:obligation|deontic:restriction|deontic:permission,2,,,,,,
UTLA_LAU_1556,UTLA_LAUSD_2022_2025,239,Substitute employees participating in the Resident Substitute Program may accept Extended Rate assignments at their Residency school and may return to the Substitute Residency Rate at the conclusion of their Extended Rate assignment.,SOFT,deontic:permission,2,,,,,,
UTLA_LAU_1555,UTLA_LAUSD_2022_2025,239,"Beginning December 2022, the employees selected shall receive the Substitute Residency rate of $249.91 per day/$41.65 per hour (refer to Appendix E for updated rates).",HARD,deontic:obligation,2,,,,,,
UTLA_LAU_1554,UTLA_LAUSD_2022_2025,238,"(5) working days of the termination date be returned to the previous extended assignment, and continue in that same assignment for a minimum of ten (10) additional working days, the substitute shall again be classified as an extended substitute and shall be paid the Incentive Plan substitute rate retroactive to the beginning date of the return to the position. 3.1 Resident Substitute Program - Based on District and programmatic needs, the District may at its discretion initiate a Resident Substitute Program.",HARD,deontic:obligation|deontic:permission,2,,,,,,
UTLA_LAU_1553,UTLA_LAUSD_2022_2025,238,Should that same substitute within five,SOFT,deontic:preference,2,,,,,,
UTLA_LAU_1654,UTLA_LAUSD_2022_2025,255,Compensation: Teachers who participate in such mandatory Intervention classes shall be compensated in the following manner:,HARD,deontic:obligation,2,,,,,,
UTLA_LAU_1658,UTLA_LAUSD_2022_2025,256,"While it is recognized that Division personnel may be concurrently employed in other divisions of the district (including K-12), it is the intention of the parties that the employment relationship described in this Article, and the rights that flow therefrom, are separate and distinct from the rights which may accrue to the individual from other employment in the District.",SOFT,deontic:permission,2,,,,,,
UTLA_LAU_1659,UTLA_LAUSD_2022_2025,256,"If there is any conflict between the terms of this Article and the terms of other provisions of this Agreement as they apply to Division of Adult and Career Education employees, this Article shall prevail. 1.1 Throughout this Article the term “employee(s)” or “unit member(s)” covers those persons who are, by virtue of being assigned for 10 or more hour per week, included within the bargaining unit and eligible to utilize the grievance procedures of Article V.",HARD,deontic:obligation,2,,,,,,
UTLA_LAU_1758,UTLA_LAUSD_2022_2025,270,"The teacher may attach a written reply for the record. 1.3 LAUSD shall establish positive safety initiatives that prioritize historically underserved students, schools and communities.",HARD,deontic:obligation|deontic:permission,2,,,,,,
UTLA_LAU_1756,UTLA_LAUSD_2022_2025,270,"A teacher shall also have the right to issue and enforce reasonable rules of classroom behavior and expectation applicable to students in the teacher's classes, supplemental to and consistent with the District-wide and local school rules. 1.1 Schools shall annually, at or soon after the start of the school year, post and distribute the District and local school rules of student behavior and expectations to students, parents, teachers and staff.",HARD,deontic:obligation,2,,,,,,
UTLA_LAU_1755,UTLA_LAUSD_2022_2025,270,"Local School Leadership Councils shall, pursuant to Article XXVII, Section 2.4, issue local rules of student conduct, supplemental to and consistent with the District-wide Code of Student Conduct; and c.",HARD,deontic:obligation,2,,,,,,
UTLA_LAU_1754,UTLA_LAUSD_2022_2025,270,UTLA shall be one of the principal participating stakeholders in that process; b.,HARD,deontic:obligation,2,,,,,,
UTLA_LAU_1753,UTLA_LAUSD_2022_2025,270,"In order to improve consistency and accountability in student discipline, the District shall develop and issue (and may revise from time to time) a District-wide Code of Student Conduct.",HARD,deontic:obligation|deontic:permission,2,,,,,,
UTLA_LAU_1752,UTLA_LAUSD_2022_2025,269,"In situations where an aide is not available to supervise the students during their rest periods and the Early Education teacher(s) is required to supervise students during their District-scheduled preparation time, the affected Early Education Center teacher(s) may perform the preparation duties after their regular work hours and be compensated at their hourly rate of pay. 2022-2025 UTLA Contract 251",HARD,deontic:obligation|deontic:permission,2,,,,,,
UTLA_LAU_1751,UTLA_LAUSD_2022_2025,269,The District shall make a reasonable effort to schedule aides to supervise the children in order to allow an uninterrupted preparation period.,HARD,deontic:obligation,2,,,,,,
UTLA_LAU_1750,UTLA_LAUSD_2022_2025,269,"Absent Early Education Center employees must report their absence and/or substitute request directly to their site administrator or designee rather than to the Early Education Center Substitute Assignment Desk. 13.0 Early Education Center head teachers shall be permanent teachers if practicable. 14.0 Professional Development: The district shall develop and provide Professional Development suited for Early Educators. 14.1 All voluntary trainings and professional development outside of the regular work hours shall be compensated at the professional development rate. 14.2 If an Early Education Center teacher is assigned during the students' rest period, such period shall be treated the same as the elementary preparation period.",HARD,deontic:obligation|deontic:obligation,2,,,,,,
UTLA_LAU_1749,UTLA_LAUSD_2022_2025,269,"With less than five prior working days notice, the District shall permit the UTLA Chapter Chair to trade shifts with another willing Early Education Center teacher for that day and inform the site administrator. 12.0 Substitutes: Various substitute assignment procedures and priorities are made applicable to Early Education Centers as indicated in Article XIX.",HARD,deontic:obligation,2,,,,,,
UTLA_LAU_1748,UTLA_LAUSD_2022_2025,269,The additional students and time shall be recorded to the nearest (.1) of an hour upon conclusion of each affected work shift and such time accumulated during any given pay period shall be reported to the Payroll Services Branch for payment during the next pay period.,HARD,deontic:obligation,2,,,,,,
UTLA_LAU_1747,UTLA_LAUSD_2022_2025,269,The rate to be paid for such service shall be the teacher's regular hourly rate but not to exceed the maximum rate which would otherwise have been paid to a day-to-day substitute. e.,HARD,deontic:obligation,2,,,,,,
UTLA_LAU_1746,UTLA_LAUSD_2022_2025,269,"When compensation is payable pursuant to a or b above, the teacher shall receive one hour's pay for each 24 pupil hours of additional service rendered to students not normally assigned to that teacher.",HARD,deontic:obligation,2,,,,,,
UTLA_LAU_1744,UTLA_LAUSD_2022_2025,268,"For this purpose, such compensatory time off shall be taken within two pay periods. 10.0 Additional Compensation: An Early Education Center teacher shall receive additional compensation in the following circumstances: a.",HARD,deontic:obligation,2,,,,,,
UTLA_LAU_1743,UTLA_LAUSD_2022_2025,268,Those who must remain at work shall subsequently receive compensatory time off equal to the time worked after noon on said days.,HARD,deontic:obligation|deontic:obligation,2,,,,,,
UTLA_LAU_1742,UTLA_LAUSD_2022_2025,268,"If the District and the employee have not agreed on the scheduling of the accrued released time prior to the close of the school year (June 30), the District may either schedule the time or compensate the employee at the regular rate of pay.",SOFT,deontic:permission,2,,,,,,
UTLA_LAU_1741,UTLA_LAUSD_2022_2025,268,"At the request of the teacher, this released time shall be scheduled in conjunction with vacation time.",HARD,deontic:obligation,2,,,,,,
UTLA_LAU_1740,UTLA_LAUSD_2022_2025,268,"Article XXIII – Early Education Centers 5.2 Refusal of a substitute teaching assignment by a 4-hour employee, who has on file a Statement of Availability requesting additional hours, shall not prejudice the employee's eligibility for additional 4-hour openings. 6.0 Seniority List: The District shall maintain a seniority list for Early Education Centers and shall forward a copy to UTLA by July 1 and January 1 of each year. 7.0 Vacation Scheduling: See Article XVII Holidays and Vacation. 8.0 Late Hours: When teachers are required to remain on site beyond their assigned time due to parents' failure to pick up their children at the close of school, the extra time involved is to be recorded and when accumulated to a total of four hours shall be compensated either by straight-time salary or by released time to be scheduled at times agreed to by the District and the teacher.",HARD,deontic:prohibition|deontic:obligation|deontic:obligation,2,,,,,,
UTLA_LAU_1739,UTLA_LAUSD_2022_2025,267,Two refusals of an assignment under compelling circumstances (as provided above) may result in removal of an employee's name from the Availability List for the remainder of the school year. 2022-2025 UTLA Contract 249,SOFT,deontic:permission,2,,,,,,
UTLA_LAU_1738,UTLA_LAUSD_2022_2025,267,"Postings of positions shall include: The name and address of the work site, the proposed hours of the assignment (either morning or afternoon), any special skills and/or qualifications required, and a statement as to whether the position will be filled by the most senior qualified applicant or by the interview process. 5.1 In the event no current 4-hour employee applies for a posted opening, the District may, in its discretion, fill the position with a new employee or declare that a compelling circumstance exists and fill the position with a 4-hour employee assigned within the geographic region of the opening whose annual Statement of Availability Form shows a desire to work additional hours.",HARD,deontic:obligation|deontic:permission,2,,,,,,
UTLA_LAU_1737,UTLA_LAUSD_2022_2025,267,The most senior qualified applicant may be appointed to fill the position or selection may be made after interviewing the three most senior qualified applicants. b.,SOFT,deontic:permission,2,,,,,,
UTLA_LAU_1736,UTLA_LAUSD_2022_2025,267,"Four-hour employees who seek additional hours and who have on file a Statement of Availability requesting additional hours, may apply for any posted position by submitting an appropriate application to the Early Education Center Assignment Office within five work days of the posting.",SOFT,deontic:permission,2,,,,,,
UTLA_LAU_1735,UTLA_LAUSD_2022_2025,267,"All known and anticipated 4-hour openings not filled by an employee returning from leave, a displaced employee, or an employee already assigned to the site where the vacancy occurs, shall be posted at all Centers on or before the first day of each month.",HARD,deontic:obligation,2,,,,,,
UTLA_LAU_1734,UTLA_LAUSD_2022_2025,267,"ARTICLE XXIII EARLY EDUCATION CENTERS 1.0 General: The District and UTLA have agreed to the provisions of this Article in recognition of certain special conditions involved in Early Education Center operations. 2.0 Informal Leaves: Employees who desire to apply for informal permissive (unpaid) leaves of absence should refer to Article XII, Section 5.0. 3.0 Mileage: Mileage reimbursement shall be paid for miles driven between locations when a Early Education Center teacher is assigned to two locations per day. 4.0 Transfers Involving 8-Hour Assignments: See Article XI, Section 10.0. 5.0 Additional Hours of Work: a.",HARD,deontic:obligation|deontic:preference,2,,,,,,
UTLA_LAU_1733,UTLA_LAUSD_2022_2025,266,"Based on workgroup members’ availability and District discretion, UTLA bargaining unit members may be included in recruitment events, including those outside of the County of Los Angeles and the State of California. 2022-2025 UTLA Contract 248",SOFT,deontic:permission,2,,,,,,
UTLA_LAU_1732,UTLA_LAUSD_2022_2025,266,UTLA bargaining unit members of the workgroup shall be compensated for these meetings at their regular hourly rates.,HARD,deontic:obligation,2,,,,,,
UTLA_LAU_1731,UTLA_LAUSD_2022_2025,266,The recruitment and retention workgroup shall meet six,HARD,deontic:obligation,2,,,,,,
UTLA_LAU_1757,UTLA_LAUSD_2022_2025,270,"Any later changes to such rules shall also be posted and distributed. 1.2 Before a student is transferred by the school from a teacher's class for disciplinary reasons or due to a parental request, the site administrator or designee shall give to the teacher an explanation for the transfer.",HARD,deontic:obligation,2,,,,,,
UTLA_LAU_1759,UTLA_LAUSD_2022_2025,270,"They shall include, but not be limited to, safe passage programs, community-based peace building programs, violence prevention programs,mental health and suicide prevention services, and school climate reform initiatives. 2.0 Student Suspensions: In addition to offering student supports such as counseling, parent conferences, conflict mediation support and/or office referrals for school wide positive behavior interventions and supports, the teacher may suspend a student from the teacher's class for that day and the following day for any of the causes in accordance with California Education Code 48900.",HARD,deontic:obligation|deontic:permission,2,,,,,,
UTLA_LAU_1728,UTLA_LAUSD_2022_2025,266,Any pupil who becomes 22 while participating in a program may continue participation for the remainder of the then current school year.,SOFT,deontic:permission,2,,,,,,
UTLA_LAU_1760,UTLA_LAUSD_2022_2025,272,"Article XXIV – Positive Student Behavior Intervention and Support, Legal Support and Property Loss In addition, if the Student Support and Progress Team (SSPT) has been initiated for the student, the SSPT shall be involved in the intervention and positive behavior support plan based on student need.",HARD,deontic:obligation,2,,,,,,
UTLA_LAU_1791,UTLA_LAUSD_2022_2025,277,Such a response shall be given (either verbally or in writing) in a private conference between the employee and the site administrator.,HARD,deontic:obligation,2,,,,,,
UTLA_LAU_1786,UTLA_LAUSD_2022_2025,276,"Nothing in this section shall limit, circumvent, or restrict the student’s right to participate in the expulsion process as defined by Ed.",HARD,deontic:obligation,2,,,,,,
UTLA_LAU_1785,UTLA_LAUSD_2022_2025,276,Any decision as part of an arbitration in this matter may only result in a determination if the above terms have not been followed and may not affect any student discipline action.,SOFT,deontic:restriction|deontic:permission,2,,,,,,
UTLA_LAU_1784,UTLA_LAUSD_2022_2025,275,"Pursuant to applicable District policy and State and Federal law and actions of the appropriate law enforcement agency, the principal shall: 2022-2025 UTLA Contract 257",HARD,deontic:obligation,2,,,,,,
UTLA_LAU_1783,UTLA_LAUSD_2022_2025,275,"When practical, two adults (one of each sex) shall accompany a student being transported. 5.3 Students transported to home shall be released only to the custody of a responsible adult, the person named on the student's emergency card authorized to accept custody of the student, or a person otherwise authorized by the parent/guardian. 5.4 The responsibility of the District with regard to reimbursement and liability when students are transported in the personal vehicles of employees is described in Section 4.0 above. 5.5 Following the normal procedures, employees using their personal vehicles to transport students shall receive mileage reimbursement as provided in this Agreement (See Article XXIX, Section 8.0). 5.6 Student Expulsion: If the principal reasonably determines that an intentional and deliberate assault and/or battery has occurred causing serious physical injury to the employee, or if the assault and/or battery involved a weapon, or is a sexual assault and/or battery, the principal shall recommend the expulsion of the student and the incident is to be reported to the appropriate law enforcement agency.",HARD,deontic:obligation,2,,,,,,
UTLA_LAU_1782,UTLA_LAUSD_2022_2025,275,"If the Insurance Section denies a claim, an employee seeking review must choose between filing a grievance pursuant to Article V, or processing an appeal to the Board of Education. 5.1 Liability for Employees Whose Duties Require Transportation of Students in the Employee's Own Vehicle: The District shall, to the extent permitted by law, assume primary liability and defend, at its expense, any employee who is required or properly authorized to transport students in the employee's personal vehicle where an accident occurs during such transport which leads to actual or threatened civil liability to a student passenger or the family of a student passenger. 5.2 In instances where student transportation is not available through routine sources such as parents, District transportation vehicles or emergency vehicles, the site administrator may authorize employees to transport pupils in their personal automobiles.",HARD,deontic:obligation|deontic:obligation|deontic:permission,2,,,,,,
UTLA_LAU_1781,UTLA_LAUSD_2022_2025,275,"In the event the employee receives payment from the District pursuant to this section, the District shall have the right of subrogation against those who caused the damage or loss, to the extent of its payment. g.",HARD,deontic:obligation,2,,,,,,
UTLA_LAU_1780,UTLA_LAUSD_2022_2025,274,"A request for reimbursement, co-signed by the immediate administrator, shall be filed by the employee with the Insurance Section within 60 calendar days of the loss. 2022-2025 UTLA Contract 256",HARD,deontic:obligation,2,,,,,,
UTLA_LAU_1779,UTLA_LAUSD_2022_2025,274,"If damage is to a vehicle, two estimates of the repair costs shall be provided. e.",HARD,deontic:obligation,2,,,,,,
UTLA_LAU_1778,UTLA_LAUSD_2022_2025,274,Where a claim for loss involves a vehicle or theft of property a report shall be made to the police and the police department report number included in the claim.,HARD,deontic:obligation,2,,,,,,
UTLA_LAU_1777,UTLA_LAUSD_2022_2025,274,"No payment shall be made for any loss having a depreciated value of less than $10, or for ordinary wear and tear. d.",HARD,deontic:obligation,2,,,,,,
UTLA_LAU_1775,UTLA_LAUSD_2022_2025,274,The District shall pay the cost of replacing or repairing:,HARD,deontic:obligation,2,,,,,,
UTLA_LAU_1773,UTLA_LAUSD_2022_2025,273,"Claims which are reported to the employee's personal insurance carrier shall be limited to the insurance deductible, if any, plus any other non-insured loss.",HARD,deontic:obligation,2,,,,,,
UTLA_LAU_1772,UTLA_LAUSD_2022_2025,273,The maximum limit for reimbursement shall be $1000.,HARD,deontic:obligation,2,,,,,,
UTLA_LAU_1771,UTLA_LAUSD_2022_2025,273,"Any such information shall be received by the teacher in confidence for the limited purpose of alerting the teacher, and shall not be further disseminated by the teacher. 5.0 Loss, Destruction, Damage, Theft and Vandalism: Employees shall be reimbursed for lost, damaged, destroyed, stolen or vandalized personal property as provided below.",HARD,deontic:prohibition|deontic:obligation,2,,,,,,
UTLA_LAU_1770,UTLA_LAUSD_2022_2025,273,Such notification and information shall be based upon the records the District maintains in its ordinary course of business or has received from a law enforcement agency.,HARD,deontic:obligation,2,,,,,,
UTLA_LAU_1769,UTLA_LAUSD_2022_2025,273,"After evaluating the circumstances, the District may bring such a legal action to recover damages. 4.0 Notification to Teacher Regarding Past Misconduct by Student: Pursuant to Education Code Section 49079, when a teacher is regularly assigned a student who during the previous three years engaged in the misconduct described below (or who the District reasonably believes has so acted), the District shall make a good faith effort to inform the teacher of that misconduct.",HARD,deontic:obligation|deontic:permission,2,,,,,,
UTLA_LAU_1768,UTLA_LAUSD_2022_2025,273,"The Board of Education may, in its discretion under Government Code Section 825, indemnify the employee against punitive or exemplary damages. 3.1 If an employee's person or property is injured or damaged by the willful misconduct of a student while on school property, or while attending or being transported to or from a school-sponsored activity, or in retaliation for conduct of the employee within the course and proper scope of the employee's duties, the employee may, in addition to any independent remedy the employee may have, request the District to pursue legal action against the student and/or the student's parents or guardians pursuant to Education Code Sections 48904 and 48905.",SOFT,deontic:permission,2,,,,,,
UTLA_LAU_1767,UTLA_LAUSD_2022_2025,273,"Any identified supports will be shared in accordance with District policies and applicable 3.0 Legal Assistance and Support: If an altercation, disturbance, student discipline situation or similar circumstance results in a lawsuit against an employee for conduct occurring within the course and proper scope of the employee's duties, the District shall, to the extent permitted by law, provide a defense to the employee and indemnify and hold the employee harmless against any resulting civil liability.",HARD,deontic:obligation,2,,,,,,
UTLA_LAU_1766,UTLA_LAUSD_2022_2025,272,"Apart from or in addition to a teacher-imposed suspension, the teacher may refer a student to the site administrator for consideration of a suspension from school or an expulsion. 2022-2025 UTLA Contract 254",SOFT,deontic:permission,2,,,,,,
UTLA_LAU_1765,UTLA_LAUSD_2022_2025,272,The teacher may require the completion of tests and assignments missed due to the suspension.,SOFT,deontic:permission,2,,,,,,
UTLA_LAU_1764,UTLA_LAUSD_2022_2025,272,"During the period of the suspension the student shall not be returned to the teacher's class without the consent of the teacher, or be placed in another regular class.",HARD,deontic:prohibition|deontic:obligation,2,,,,,,
UTLA_LAU_1763,UTLA_LAUSD_2022_2025,272,"As soon as possible, the teacher shall ask the parent or guardian of the student to meet with the teacher.",HARD,deontic:obligation,2,,,,,,
UTLA_LAU_1762,UTLA_LAUSD_2022_2025,272,Community and service learning 2.1 Teachers who choose to impose suspensions from their class shall immediately report same to the site administrator and send the student to the office.,HARD,deontic:obligation,2,,,,,,
UTLA_LAU_1761,UTLA_LAUSD_2022_2025,272,Such interventions shall be rooted in Tier II and Tier III Intervention Supports and Alternatives to Suspension as outlined in District policy which currently includes: a.,HARD,deontic:obligation,2,,,,,,
UTLA_LAU_1730,UTLA_LAUSD_2022_2025,266,The Committee may refer the issue to the Associate Superintendent for Special Education or the Executive Director for Student Health and Human Services. 16.0 The District will implement a Special Education Educator Recruitment Workgroup comprised of up to five,SOFT,deontic:permission,2,,,,,,
UTLA_LAU_1727,UTLA_LAUSD_2022_2025,266,Pupils who have not met their prescribed course of study or regular or differential proficiency standards may remain in school through age 21.,SOFT,deontic:permission,2,,,,,,
UTLA_LAU_1662,UTLA_LAUSD_2022_2025,256,All non-CTE certificated employees assigned to teach 18 or fewer hours shall work under a categorical or limited-term (temporary) contract.,HARD,deontic:obligation,2,,,,,,
UTLA_LAU_1693,UTLA_LAUSD_2022_2025,260,"A class which has reached the level for cancellation may be continued under compelling circumstances at the sole discretion of the Division Superintendent. 7.1 Occupational classes shall not be canceled when student job placement temporarily reduces class size below the stated minimums. 7.2 Learning Centers, Reading Labs and other academic learning labs shall not be canceled when student advancement temporarily reduces class size below the stated minimums. 8.0 At each school, the administration and faculty shall annually determine a list of mutually acceptable substitutes.",HARD,deontic:prohibition|deontic:obligation|deontic:permission,2,,,,,,
UTLA_LAU_1691,UTLA_LAUSD_2022_2025,259,"If a class is being canceled due to loss of enrollment, the teacher shall be so advised as soon as practical 2022-2025 UTLA Contract 241",HARD,deontic:obligation,2,,,,,,
UTLA_LAU_1690,UTLA_LAUSD_2022_2025,259,If class attendance reaches fifteen students (fewer than twelve in Occupational classes and fewer than fourteen in Adults with Disabilities) the class shall be canceled.,HARD,deontic:obligation,2,,,,,,
UTLA_LAU_1689,UTLA_LAUSD_2022_2025,259,If class attendance drops below an average of twenty for three consecutive class meetings (eighteen in Occupational and Adults with Disabilities) the class may be closed. c.,SOFT,deontic:permission,2,,,,,,
UTLA_LAU_1688,UTLA_LAUSD_2022_2025,259,"A notice that a class may be terminated shall be given by the instructor of the class to the students and to the site administrator when attendance reaches twenty or less in General Education, or eighteen or less in Occupational or Adults with Disabilities classes. b.",HARD,deontic:obligation|deontic:permission,2,,,,,,
UTLA_LAU_1687,UTLA_LAUSD_2022_2025,259,"Learning Centers, Reading Labs, and other academic learning labs shall be limited as provided above and, in addition, when attendance reaches 27 or more students for three consecutive days an additional person (e.g., aide or teaching assistant) shall be provided to assist the instructor. 7.0 Class Size Minimums: The Division shall observe class size minimums of twenty in General Education, eighteen in Occupational courses and eighteen in Adults with Disabilities. a.",HARD,deontic:obligation,2,,,,,,
UTLA_LAU_1686,UTLA_LAUSD_2022_2025,259,"Classes (other than lecture series) scheduled in large District facilities such as music rooms, cafeteria or auditoriums, shall have one teacher for each 50 students, or fraction thereof, who are in attendance for three consecutive class meetings. d.",HARD,deontic:obligation,2,,,,,,
UTLA_LAU_1685,UTLA_LAUSD_2022_2025,259,Enrollees in excess of actual attendance may be placed on a waiting list by the instructor or be referred to the Branch coordinator or site administrator for placement in other classes. c.,SOFT,deontic:permission,2,,,,,,
UTLA_LAU_1684,UTLA_LAUSD_2022_2025,259,"However, actual attendance shall be limited by the number of learning stations and by fire code as provided above.",HARD,deontic:obligation,2,,,,,,
UTLA_LAU_1683,UTLA_LAUSD_2022_2025,259,In General Education classes the number of students enrolled at any time may exceed the number of learning stations in a classroom of facility.,SOFT,deontic:permission,2,,,,,,
UTLA_LAU_1682,UTLA_LAUSD_2022_2025,259,Occupational classes which require a high degree of student involvement shall be limited in size by the number of functional work stations in the room or shop facility as reasonably determined by the District. b.,HARD,deontic:obligation,2,,,,,,
UTLA_LAU_1681,UTLA_LAUSD_2022_2025,259,The task force shall make recommendations for scheduling adult education preparation time. 6.0 Class Size Maximums: Class size shall not exceed the room occupancy/seating requirements of applicable fire codes. a.,HARD,deontic:prohibition|deontic:obligation,2,,,,,,
UTLA_LAU_1680,UTLA_LAUSD_2022_2025,259,Article XXI – Adult and Career Education 5.2 The District shall create a task force with equal members appointed by LAUSD and UTLA.,HARD,deontic:obligation,2,,,,,,
UTLA_LAU_1677,UTLA_LAUSD_2022_2025,258,The decision of the panel shall be final and binding. d.,HARD,deontic:obligation,2,,,,,,
UTLA_LAU_1675,UTLA_LAUSD_2022_2025,258,The site Administrator shall select from among the applicants. c.,HARD,deontic:obligation,2,,,,,,
UTLA_LAU_1674,UTLA_LAUSD_2022_2025,258,Positions shall be posted as soon as they are known to be available.,HARD,deontic:obligation,2,,,,,,
UTLA_LAU_1673,UTLA_LAUSD_2022_2025,258,"To apply for such positions a person must be either qualified as provided above or possess other appropriate training and/or experience needed for the position, possess the requisite credential, and possess the instructional skills or qualifications as stated in the job posting.",HARD,deontic:obligation,2,,,,,,
UTLA_LAU_1672,UTLA_LAUSD_2022_2025,258,"Remaining unfilled positions and/or class assignments shall be posted at the Division Central Office human resources website, the time reporting sites and major branches and a copy emailed to UTLA.",HARD,deontic:obligation,2,,,,,,
UTLA_LAU_1670,UTLA_LAUSD_2022_2025,257,Class assignments shall be combined into positions by the administrator and assigned to current personnel based on the submitted preference forms with the following prioritization:,HARD,deontic:obligation,2,,,,,,
UTLA_LAU_1669,UTLA_LAUSD_2022_2025,257,Departments: The department in which a permanent teacher is considered for assignment purposes shall be the one in which the teacher has taught for the major portion of teaching time during the most recent six semesters of classroom teaching experience.,HARD,deontic:obligation,2,,,,,,
UTLA_LAU_1668,UTLA_LAUSD_2022_2025,257,Submission of this preference form shall serve as a request for assignment to classes.,HARD,deontic:obligation,2,,,,,,
UTLA_LAU_1667,UTLA_LAUSD_2022_2025,257,"Requests: After the creation and posting of the matrix as required above, Teachers with the specified credentials and required qualifications (“qualified”) may make requests using a teacher preference form.",SOFT,deontic:permission,2,,,,,,
UTLA_LAU_1666,UTLA_LAUSD_2022_2025,257,"If a class is designated by the District to be online or hybrid, that shall also be indicated. 2.",HARD,deontic:obligation,2,,,,,,
UTLA_LAU_1665,UTLA_LAUSD_2022_2025,257,"Prior to the selection of classes, the administrator at each DACE School shall create a tentative matrix of the classes to be offered that will include the course title, hours per week, clock hours, location and any special credentials, and/or necessary qualifications required for each class assignment.",HARD,deontic:obligation,2,,,,,,
UTLA_LAU_1664,UTLA_LAUSD_2022_2025,257,"For employees in each Adult School location, assignment to department and classes shall be made pursuant to the following procedure: 1.",HARD,deontic:obligation,2,,,,,,
UTLA_LAU_1663,UTLA_LAUSD_2022_2025,256,All CTE certificated employees shall work under a ROC-ROP contract. 4.0 Uniform Staffing Procedures for DACE Classroom Teachers 2022-2025 UTLA Contract 238,HARD,deontic:obligation,2,,,,,,
UTLA_LAU_1692,UTLA_LAUSD_2022_2025,260,"The conference may be conducted by telephone if the teacher is not readily available to the administrator (e.g., satellite location, or teacher absent).",SOFT,deontic:permission,2,,,,,,
UTLA_LAU_1694,UTLA_LAUSD_2022_2025,260,The list may include teachers at the school as well as other qualified teachers.,SOFT,deontic:permission,2,,,,,,
UTLA_LAU_1726,UTLA_LAUSD_2022_2025,266,"(a) If optimum class norm is exceeded by two for a temporary period of time which exceeds one month, a referral may be made to the Area Coordinator, Special Education, who may contact the Associate Superintendent, Special Education, for assistance.",SOFT,deontic:permission,2,,,,,,
UTLA_LAU_1695,UTLA_LAUSD_2022_2025,260,Teachers at the location shall have the right to request a substitute from the list by name.,HARD,deontic:obligation,2,,,,,,
UTLA_LAU_1725,UTLA_LAUSD_2022_2025,265,"(3) full release day per year, at no loss of pay, to complete a federally mandated assessment for students in their class/caseload. 14.2 The District shall provide special education teachers access to current norm-assessment protocols and student record books. 15.0 Special Education Class Size and Designated Instructional Services Caseloads Type of Special Day Class Class Size Autism – General Education Curriculum (AUT C) 10 (9 beginning July 1, 2024) Autism – Alternate Curriculum (AUT A) 6 Deaf and Hard of Hearing (DHH) 6 (thru 8 years) 8 (9 years and up) Visually Impaired (VI) 6 (thru 8 years) 8 (9 years and up) Preschool for All Learners (PALs) 10 Preschool Collaborative Classroom (PCC) 10 Early Education Centers Preschool Collaborative Class with Universal 8 Transitional Kindergarten (UTK/PCC) Preschool Comprehensive Program (PSC) 8 Emotional Disturbance (ED) 8 Intellectual Disability Moderate (IDM) 12 Intellectual Disability Severe (IDS) 10 Multiple Disabilities (MD) 8 Specific Learning Disability (SLD) 12 Designated Instruction and Services Caseload Adaptive PE 60 students Audiology 80 students Deaf/Hard of Hearing 35 students Language/Speech 55 students Orientation and Mobility 15 students 2022-2025 UTLA Contract 247",HARD,deontic:obligation,2,,,,,,
UTLA_LAU_1724,UTLA_LAUSD_2022_2025,265,"Article XXII – Special Education 14.0 Assessment: Upon request, special education teachers shall be given up to three",HARD,deontic:obligation,2,,,,,,
UTLA_LAU_1723,UTLA_LAUSD_2022_2025,264,"The Task Force members shall not have authority to engage in bargaining, or in agreements or joint reports/recommendations; the party representatives shall instead report back their own advisory opinions and recommendations to their respective bargaining teams. 2022-2025 UTLA Contract 246",HARD,deontic:prohibition|deontic:obligation,2,,,,,,
UTLA_LAU_1722,UTLA_LAUSD_2022_2025,264,"The taskforce shall take into account the available resources, effects of increasing/declining enrollment where applicable, needs of special education students and other target student populations and the number of students and sites to receive service. b.",HARD,deontic:obligation,2,,,,,,
UTLA_LAU_1721,UTLA_LAUSD_2022_2025,264,(2) do not guarantee the Aide/TA any particular longevity in assignment. 11.0 Special Education Resources Notebook: Special Education Department chairs shall be provided a link to the electronic Special Education resource notebook containing all pertinent Division bulletins. 12.0 Increased Special Education Funding: The Parties will work collaboratively to accomplish the purpose of increased funding for special education students. 13.0 Workload/Caseload Committee for Health and Human Service and Special Education Itinerant Employees: A Workload/Caseload Taskforce will be comprised of an equal number of members up to five,HARD,deontic:obligation,2,,,,,,
UTLA_LAU_1720,UTLA_LAUSD_2022_2025,264,"If such a meeting occurs, the school administrator or designee shall then reasonably determine the assignment.",HARD,deontic:obligation,2,,,,,,
UTLA_LAU_1719,UTLA_LAUSD_2022_2025,264,"If the affected teacher does not concur in the assignment, the Aide or Teacher Assistant may request a meeting with the site administrator and teacher to discuss the issue.",SOFT,deontic:permission,2,,,,,,
UTLA_LAU_1718,UTLA_LAUSD_2022_2025,264,A continued assignment of Aides or Teacher Assistants shall be reasonably determined by the local school administrator with the concurrence of the affected teacher.,HARD,deontic:obligation,2,,,,,,
UTLA_LAU_1717,UTLA_LAUSD_2022_2025,263,"The District anticipates piloting a new instructional delivery model during the life of this Agreement. 9.0 Special Education Trainee/Assistant Interview Process: When special education trainee/assistant positions are to be filled by interview, local schools shall develop their own procedures for special education teacher participation. 10.0 Continued Assignment of Aides and Teacher Assistants to a Teacher: At the conclusion of each school year, the teacher (or other bargaining unit member) may request that the same Aide or Teacher Assistant be assigned 2022-2025 UTLA Contract 245",HARD,deontic:obligation|deontic:permission,2,,,,,,
UTLA_LAU_1716,UTLA_LAUSD_2022_2025,263,UTLA shall have the option to reopen negotiations on the topic of this restructuring during the term of this successor agreement upon notice from the District to pilot a new instructional delivery model.,HARD,deontic:obligation,2,,,,,,
UTLA_LAU_1715,UTLA_LAUSD_2022_2025,263,"(2) paraprofessionals. 8.0 Restructuring of Special Education Delivery Services: The District and UTLA will continue discussions on the goal of restructuring the instructional delivery service model for students with disabilities which shall include the composition of Special Education Classes, materials/resources and training needed to implement such a model.",HARD,deontic:obligation,2,,,,,,
UTLA_LAU_1714,UTLA_LAUSD_2022_2025,263,"(1) paraprofessional during the instructional day without encroachment, with the exception of programs who primarily service students with autism and emotional disturbance who shall have two",HARD,deontic:obligation,2,,,,,,
UTLA_LAU_1713,UTLA_LAUSD_2022_2025,263,The temporary reassignment of paraprofessionals shall be non-recurring in nature whenever possible prioritizing student need. 7.1 All efforts shall be made to ensure that Special Day Programs shall have a minimum of one,HARD,deontic:obligation,2,,,,,,
UTLA_LAU_1712,UTLA_LAUSD_2022_2025,263,The District shall make every effort to minimize the temporary reassignment of paraprofessionals from a classroom/program.,HARD,deontic:obligation,2,,,,,,
UTLA_LAU_1710,UTLA_LAUSD_2022_2025,263,Every effort shall be made to provide substitute coverage for RSTs for the duration of the IEP team meetings. d.,HARD,deontic:obligation,2,,,,,,
UTLA_LAU_1709,UTLA_LAUSD_2022_2025,262,"Upon request, substitute coverage shall be provided for general education teachers for the duration of IEP team meetings, including any time outside of their scheduled conference periods. 2022-2025 UTLA Contract 244",HARD,deontic:obligation,2,,,,,,
UTLA_LAU_1708,UTLA_LAUSD_2022_2025,262,Substitute coverage shall be provided for special education teachers for the duration of IEP team meetings including any time outside of their scheduled conference periods. b.,HARD,deontic:obligation,2,,,,,,
UTLA_LAU_1706,UTLA_LAUSD_2022_2025,262,"Within ten (10) workdays of the notification, if the condition persists, the District shall remedy the situation, after consultation with the affected teacher, by taking one of the following actions: a.",HARD,deontic:obligation,2,,,,,,
UTLA_LAU_1705,UTLA_LAUSD_2022_2025,262,"After norm day of the 2021 – 2022 school year, the Special Education Division shall provide a monthly class size/case load report to UTLA for bargaining unit positions under the supervision of the Special Education Division. 2.0 If a Special Education class has exceeded the norm by two or more students, the teacher may notify the Special Education Administrator.",HARD,deontic:obligation|deontic:permission,2,,,,,,
UTLA_LAU_1704,UTLA_LAUSD_2022_2025,262,ARTICLE XXII SPECIAL EDUCATION 1.0 The District shall make every reasonable effort to adhere to the Special Education class size caps in section 15.0 of this article. a.,HARD,deontic:obligation,2,,,,,,
UTLA_LAU_1701,UTLA_LAUSD_2022_2025,260,"Eligibility for health and welfare benefits for employees who work less than half-time will be determined pursuant to Article XVI, Section 3.0. 10.0 Allocation to an Hourly Rate Salary Schedule: An employee who has not formerly served in a class paid on the Hourly Rate Schedule shall be 2022-2025 UTLA Contract 242",HARD,deontic:obligation,2,,,,,,
UTLA_LAU_1700,UTLA_LAUSD_2022_2025,260,An application must be on file in the DACE Personnel Office by March 15 for the upcoming school year. c.,HARD,deontic:obligation,2,,,,,,
UTLA_LAU_1698,UTLA_LAUSD_2022_2025,260,"When an absence is known or anticipated to be for a period of more than two weeks, the site administrator may extend the assignment of the current substitute or select from the employees whose names appear on the school substitute list. 9.0 Miscellaneous: Division personnel shall have reasonable access to telephone service at all sites for the performance of their student job placement duties. 9.1 The District shall provide pay for the annual before-school planning meeting-three hours at training rate as provided by Board Rule 1921. 9.2 Part-Time Leave: a.",HARD,deontic:obligation|deontic:permission,2,,,,,,
UTLA_LAU_1697,UTLA_LAUSD_2022_2025,260,Successful performance by these substitutes may result in their being added to the list.,SOFT,deontic:permission,2,,,,,,
UTLA_LAU_1696,UTLA_LAUSD_2022_2025,260,"When the school site administrator chooses to observe a prospective hire, that individual may be assigned as a substitute following an attempt to obtain the consent of the regular teacher.",SOFT,deontic:permission,2,,,,,,
UTLA_LAU_1115,UTLA_LAUSD_2022_2025,176,"(1) A rating-in claim for credit for previous training, degree, and/or experience must be filed on the proper forms with official verifying documents attached.",HARD,deontic:obligation,2,,,,,,
UTLA_LAU_1052,UTLA_LAUSD_2022_2025,165,"The District shall instead place all employees then serving as secondary counselors (without regard to whether they have credential rights in other fields) on a single seniority list, and then reduce the counselor ranks as required pursuant to the Education Code and/or this Article.",HARD,deontic:obligation,2,,,,,,
UTLA_LAU_1113,UTLA_LAUSD_2022_2025,176,"New employees in a position on the Preparation, Early Education Center, or Development Center Salary Tables shall be elected to the minimum step and schedule applicable to the class in which the employee is to serve pending approval for advanced step and/or schedule placement. b.",HARD,deontic:obligation,2,,,,,,
UTLA_LAU_0299,UTLA_LAUSD_2022_2025,63,"(iii) The site administrator shall then assign the non-permanent teachers to all the grade levels so that the percentage of otherwise qualified non-permanent teachers assigned to each grade level and to all grade levels as a whole, reasonably approximates the percentage of non-permanent teachers at the site.",HARD,deontic:obligation,2,,,,,,
UTLA_LAU_0402,UTLA_LAUSD_2022_2025,76,"(i) Professional development shall be grounded in data and the instructional goals, pedagogy and programs of the District and the school.",HARD,deontic:obligation,2,,,,,,
UTLA_LAU_0401,UTLA_LAUSD_2022_2025,76,"In addition to the foregoing, the function, purpose and immediate task of the PDAC shall include designing a collaborative structure for the delivery of effective professional development to include the following concepts:",HARD,deontic:obligation,2,,,,,,
UTLA_LAU_0400,UTLA_LAUSD_2022_2025,75,The Committee shall have the following responsibilities in its role as advisor to the Superintendent or designee:,HARD,deontic:obligation,2,,,,,,
UTLA_LAU_0399,UTLA_LAUSD_2022_2025,75,The Superintendent’s designee shall serve as Chair of the Committee. b.,HARD,deontic:obligation,2,,,,,,
UTLA_LAU_0398,UTLA_LAUSD_2022_2025,75,"In addition, there shall be one member designated by the Superintendent and one designated by the UTLA President.",HARD,deontic:obligation,2,,,,,,
UTLA_LAU_0397,UTLA_LAUSD_2022_2025,75,Each party may appoint up to eight,SOFT,deontic:permission,2,,,,,,
UTLA_LAU_0396,UTLA_LAUSD_2022_2025,75,The PDAC composition and responsibilities shall be as follows: a.,HARD,deontic:obligation,2,,,,,,
UTLA_LAU_0395,UTLA_LAUSD_2022_2025,75,"The PDAC shall meet at least once a month to review, discuss and provide recommendations to the Superintendent or designee regarding the development and implementation of the District’s professional development programs.",HARD,deontic:obligation,2,,,,,,
UTLA_LAU_0394,UTLA_LAUSD_2022_2025,75,"The other half of annual banked professional development time shall be dedicated to programs and/or activities determined by the District, acting through the site administrator, the Local District or the Central office. 3.0 Professional Development Advisory Committee: In order to ensure effective input from UTLA and certificated staff in the development and implementation of the District's staff development programs, there shall be formed a Professional Development Advisory Committee (PDAC).",HARD,deontic:obligation,2,,,,,,
UTLA_LAU_0393,UTLA_LAUSD_2022_2025,75,"Any such program or activity, including transportation, must be cost neutral to the District.",HARD,deontic:obligation,2,,,,,,
UTLA_LAU_0392,UTLA_LAUSD_2022_2025,74,One-half of the annual total of banked professional development time shall be dedicated to programs or activities (including 2022-2025 UTLA Contract 56,HARD,deontic:obligation,2,,,,,,
UTLA_LAU_0391,UTLA_LAUSD_2022_2025,74,"Faculty meetings (see Article IX, Section 4.3) are not to be conducted on banked professional development time; and professional development meetings on banked time do not count toward the permitted number of meetings under Article IX, Section 4.3; however, if PD extends beyond the regularly scheduled banked time, that time shall be deducted form the next scheduled faculty meeting. g.",HARD,deontic:obligation,2,,,,,,
UTLA_LAU_0390,UTLA_LAUSD_2022_2025,74,"In secondary schools, grades 6/7-12, such time shall total in the range of 2,100 – 2,300 yearly minutes and shall be accumulated by increasing instructional time by twelve to thirteen (12-13) minutes per day in accordance with the number of designated Tuesdays at 180-day schools.",HARD,deontic:obligation,2,,,,,,
UTLA_LAU_0388,UTLA_LAUSD_2022_2025,74,"In elementary schools, grades UTK-5/6, such time shall total in the range of 2,100 – 2,340 yearly minutes and shall be accumulated by increasing instructional time by twelve to thirteen (12-13) minutes per day in accordance with the number of designated Tuesdays at 180-day schools.",HARD,deontic:obligation,2,,,,,,
UTLA_LAU_0387,UTLA_LAUSD_2022_2025,74,Professional development “banked” time programs and activities shall be scheduled for Tuesdays throughout the District; b.,HARD,deontic:obligation,2,,,,,,
UTLA_LAU_0386,UTLA_LAUSD_2022_2025,73,"While no professional development program will accomplish all goals for all participants, it is agreed that all professional development programs and activities -- whether designed and/or delivered by the Central District, a Local District, or the local school -- should seek to achieve the following goals, as applicable: a.",SOFT,deontic:preference,2,,,,,,
UTLA_LAU_0385,UTLA_LAUSD_2022_2025,73,"ARTICLE IX-B PROFESSIONAL DEVELOPMENT 1.0 Purpose and Goals: Regular professional development and training is essential to the competence and overall effectiveness of all teachers and support personnel, no matter how experienced they may be.",SOFT,deontic:permission,2,,,,,,
UTLA_LAU_0383,UTLA_LAUSD_2022_2025,72,"If the exception determination is disputed, the employee may appeal the initial assignment to the Department Head or designee for final resolution of the matter.* The District shall make every effort to notify the employees of assignment changes no less than one",HARD,deontic:obligation|deontic:permission,2,,,,,,
UTLA_LAU_0382,UTLA_LAUSD_2022_2025,72,The only exception shall occur when the supervisor reasonably determines with documentation that any specific assignment is not in the best interest of the education program.,HARD,deontic:obligation,2,,,,,,
UTLA_LAU_0381,UTLA_LAUSD_2022_2025,72,"Supervisors shall assign itinerant employees by an assignment method determined by each itinerant program in consultation with the UTLA Chapter Chair, in order of seniority considering other factors such as District/Program need, continuity of services, geography and the unique/area expertise of the service provider.",HARD,deontic:obligation,2,,,,,,
UTLA_LAU_0379,UTLA_LAUSD_2022_2025,71,"Adult and Career Education (DACE) exception – after an employee in a non-school non-classroom position has served a full five year term, the position will be announced and the incumbent may reapply.",SOFT,deontic:permission,2,,,,,,
UTLA_LAU_0378,UTLA_LAUSD_2022_2025,71,"If a situation arises due to unanticipated retirement, resignation or termination and there is only one incumbent remaining at that unit location, that incumbent may serve one additional year beyond the five year limit; e.",SOFT,deontic:permission,2,,,,,,
UTLA_LAU_0377,UTLA_LAUSD_2022_2025,71,"If no other applicant files for a position currently held by a five-year incumbent or a determination is made that no other candidate is qualified to fill the position, the incumbent shall be granted a new five-year limit in the assignment. d.",HARD,deontic:obligation,2,,,,,,
UTLA_LAU_0376,UTLA_LAUSD_2022_2025,71,"The District will be required to publicize all affected positions in the Spotlight or District Memoranda and with information provided by the District, in a timely manner, and UTLA may in its discretion publicize the position in the United Teacher newspaper.",SOFT,deontic:permission,2,,,,,,
UTLA_LAU_0374,UTLA_LAUSD_2022_2025,71,"The appointing authority should inform all incumbents who will reach the five-year limit by June 30 of the following year, of the fact that their limit is approaching.",SOFT,deontic:preference,2,,,,,,
UTLA_LAU_0403,UTLA_LAUSD_2022_2025,76,(ii) The PDAC shall develop and compile information regarding best practices and successful models for the delivery of professional development programs irrespective of content.,HARD,deontic:obligation,2,,,,,,
UTLA_LAU_0404,UTLA_LAUSD_2022_2025,76,"(iii) The PDAC shall develop and compile procedures and instruments for the assessment of professional development programs, including for individual programs and annual evaluation of such programs.",HARD,deontic:obligation,2,,,,,,
UTLA_LAU_0405,UTLA_LAUSD_2022_2025,76,The PDAC shall agree on the maximum number of UTLA and District representatives for Local District Professional Development Advisory Committees (LDPDACs).,HARD,deontic:obligation,2,,,,,,
UTLA_LAU_0421,UTLA_LAUSD_2022_2025,79,"Thereafter, upon completion or termination of their Instructional Coach assignment, they shall have return rights to their previous school location, but only to an existing or future opening (no displacement rights).",HARD,deontic:obligation,2,,,,,,
UTLA_LAU_0436,UTLA_LAUSD_2022_2025,81,"As to evaluation of site-based support service personnel, there shall be consultation between the site administrator and the employee's technical supervisor, if any, prior to either one issuing the annual evaluation. 2.1 Peer Observation: Nothing in the article shall preclude UTLA bargaining unit members from voluntarily observing other members and/or providing feedback to the person being observed.",HARD,deontic:obligation,2,,,,,,
UTLA_LAU_0435,UTLA_LAUSD_2022_2025,81,"The administrator may delegate these functions to another administrator, but shall retain ultimate responsibility.",HARD,deontic:obligation|deontic:permission,2,,,,,,
UTLA_LAU_0434,UTLA_LAUSD_2022_2025,81,"ARTICLE X EDUCATOR DEVELOPMENT, SUPPORT AND EVALUATION 1.0 Purpose: The purposes of these procedures are to encourage a career long growth model of educator development and support, evaluate employee performance, provide assistance and remediation to employees whose performance is less than satisfactory, and continue to improve the quality of educational services provided by employees. 2.0 Evaluator: The employee's immediate administrator shall be responsible for the evaluation of the employee and assisting the employee in improving performance when necessary.",HARD,deontic:obligation,2,,,,,,
UTLA_LAU_0433,UTLA_LAUSD_2022_2025,80,"In the case of an employee who is to be retained in District employment, it shall also determine whether the employee is to be assigned to his or her previous location; if for any reason that previous assignment is not available or deemed inappropriate, the employee shall be assigned to a comparable position in the same local district as the previous assignment. 2022-2025 UTLA Contract 62",HARD,deontic:obligation,2,,,,,,
UTLA_LAU_0432,UTLA_LAUSD_2022_2025,80,"The parties recognize that factors such as investigations involving outside law enforcement agencies and/or the District Inspector General may impact the District’s goal of achieving completion of administrative investigations within ninety (90) work days. 5.0 Notice of Completion of Investigation: Within 15 work days following the completion of the investigation, the District will determine next steps, and notify the employee of the results of the investigation and of any impacts upon their reassigned status.",SOFT,deontic:permission,2,,,,,,
UTLA_LAU_0431,UTLA_LAUSD_2022_2025,80,"The parties agree that administrative investigations of reassigned employees should be completed as quickly as practicable, with a goal of ninety (90) work days.",SOFT,deontic:preference,2,,,,,,
UTLA_LAU_0430,UTLA_LAUSD_2022_2025,80,"(3) work days be notified in writing of the reasons for the reassignment. 4.0 Time Goals for Completion of Administrative Investigations: Student, staff, and workplace safety and security shall be the primary factor in determining the length of time for completion of investigations.",HARD,deontic:obligation,2,,,,,,
UTLA_LAU_0428,UTLA_LAUSD_2022_2025,80,"If the allegations give rise to concerns about student, staff or workplace safety and security, a temporary reassignment may be made.",SOFT,deontic:permission,2,,,,,,
UTLA_LAU_0427,UTLA_LAUSD_2022_2025,80,ARTICLE IX-D TEMPORARY REASSIGNMENTS PENDING INVESTIGATION 1.0 Consultation Meetings Regarding Temporary Reassignments Pending Investigation and Resolution of Allegations of Misconduct: The LAUSD Chief Human Resources Officer shall meet with the UTLA President or Executive Director at least once per month to report and discuss the status and duration of the investigations of reassigned employees. 2.0 Basis for Temporary Reassignment: Temporary Reassignments pending investigation are not to be regarded as an indication of culpability or a punitive action.,HARD,deontic:obligation,2,,,,,,
UTLA_LAU_0425,UTLA_LAUSD_2022_2025,79,This shall not be construed to interfere with or alter legal processes such as subpoenas to testify and/or produce documentary evidence.,HARD,deontic:prohibition|deontic:obligation,2,,,,,,
UTLA_LAU_0424,UTLA_LAUSD_2022_2025,79,"Employees who are served by Instructional Coaches shall, on an annual basis, be provided with the opportunity to submit formal input into the evaluation of the effectiveness of the Instructional Coaches program. 6.0 Confidentiality: Instructional Coaches are not to participate in the evaluation of teachers.",HARD,deontic:obligation,2,,,,,,
UTLA_LAU_0420,UTLA_LAUSD_2022_2025,79,"Instructional Coaches who resign as such (or are not renewed) during or at the completion of their first year of Instructional Coach service, shall have the right to return to their previous school location effective with the beginning of the next school year, with displacement rights if necessary.",HARD,deontic:obligation,2,,,,,,
UTLA_LAU_0406,UTLA_LAUSD_2022_2025,76,The purpose and function of the LDPDAC shall be to provide recommendations regarding the following:,HARD,deontic:obligation,2,,,,,,
UTLA_LAU_0419,UTLA_LAUSD_2022_2025,79,Instructional Coaches shall during their service continue to accrue seniority. d.,HARD,deontic:obligation,2,,,,,,
UTLA_LAU_0418,UTLA_LAUSD_2022_2025,78,All applications and references shall be confidential.,HARD,deontic:obligation,2,,,,,,
UTLA_LAU_0417,UTLA_LAUSD_2022_2025,78,The Local District shall retain applications on file for the entire school year for consideration as future openings occur.,HARD,deontic:obligation,2,,,,,,
UTLA_LAU_0416,UTLA_LAUSD_2022_2025,78,The District shall post and/or publicize announcements of Instructional Coach openings. c.,HARD,deontic:obligation,2,,,,,,
UTLA_LAU_0415,UTLA_LAUSD_2022_2025,78,An unfilled panel position or absent panel member shall not prevent the panel from conducting business. b.,HARD,deontic:prohibition|deontic:obligation,2,,,,,,
UTLA_LAU_0414,UTLA_LAUSD_2022_2025,78,"Changes in such appointments may be made by UTLA or the District in their discretion, based upon changes in availability or other factors.",SOFT,deontic:permission,2,,,,,,
UTLA_LAU_0413,UTLA_LAUSD_2022_2025,78,"Two members of each such panel shall be employees working within the Local District and appointed by UTLA, and the other two shall be administrative personnel working within the Local District (one appointed by the Local District Superintendent and one by the Central Office).",HARD,deontic:obligation,2,,,,,,
UTLA_LAU_0412,UTLA_LAUSD_2022_2025,78,"The initial selection of employees to serve in Instructional Coach positions within each Local District shall be made by four-member selection panels, one of which shall be formed for that purpose in each Local District.",HARD,deontic:obligation,2,,,,,,
UTLA_LAU_0410,UTLA_LAUSD_2022_2025,77,The supervision and evaluation of the above three employees and a determination of their responsibilities shall be determined by the Superintendent and the UTLA President or their designee. 2022-2025 UTLA Contract 59,HARD,deontic:obligation,2,,,,,,
UTLA_LAU_0408,UTLA_LAUSD_2022_2025,77,"The participating teachers shall plan the content and activities for Common Planning, for administrative review. 6.0 Teacher Professional Development Projects: Three bargaining unit members shall be selected by UTLA for the purpose of working collaboratively with the District on identified professional development projects.",HARD,deontic:obligation,2,,,,,,
UTLA_LAU_0407,UTLA_LAUSD_2022_2025,76,"The PDAC shall have the responsibility for ensuring that the LDPDACs are acting in a manner consistent with the concepts and guidelines set forth herein. 4.0 Program Evaluation: At the conclusion of each professional development program, activity or session conducted (whether initiated by the District, the Local District or by the site), the opportunity shall be provided for written evaluation by all participants, to assess the quality and effectiveness of the program and of the presentations, and to provide suggestions for improvement.",HARD,deontic:obligation,2,,,,,,
UTLA_LAU_0372,UTLA_LAUSD_2022_2025,71,"When the five year limit is reached, the employee shall not, for a minimum of two",HARD,deontic:prohibition|deontic:obligation,2,,,,,,
UTLA_LAU_0370,UTLA_LAUSD_2022_2025,70,"In the subsequent secret ballot election for the position pursuant to Section 6.0 above, the candidate (including the incumbent if eligible) who receives a simple majority of those voting shall be considered elected and a new five-year maximum limit will run from the effective date of that assignment. c.",HARD,deontic:obligation,2,,,,,,
UTLA_LAU_0369,UTLA_LAUSD_2022_2025,70,Employees who wish to extend their out of classroom assignment beyond the five-year limit must declare their desire to continue and a qualifying secret ballot election will be held to determine their eligibility to become a candidate.,HARD,deontic:obligation,2,,,,,,
UTLA_LAU_0319,UTLA_LAUSD_2022_2025,65,"For voting purposes in elementary schools, combination classes shall be deemed to be at the grade level of the majority of the students in the class.",HARD,deontic:obligation,2,,,,,,
UTLA_LAU_0332,UTLA_LAUSD_2022_2025,66,The position must be paid on the Preparation Salary Table; 2022-2025 UTLA Contract 48,HARD,deontic:obligation,2,,,,,,
UTLA_LAU_0330,UTLA_LAUSD_2022_2025,66,"With respect to regularly-funded coordinator positions, determination of whether there shall be such a position shall be made by a majority of the votes cast by bargaining unit members, at the school location, in an election limited to that purpose. f.",HARD,deontic:obligation,2,,,,,,
UTLA_LAU_0329,UTLA_LAUSD_2022_2025,66,"In Regional Occupational Centers and Programs (ROCROP), departments large enough to warrant a full time coordinator may have full time coordinators. e.",SOFT,deontic:permission,2,,,,,,
UTLA_LAU_0328,UTLA_LAUSD_2022_2025,66,The following mandated subject areas in Adult Education may have full time coordinators: Elementary Basic Skills (Academic);,SOFT,deontic:permission,2,,,,,,
UTLA_LAU_0327,UTLA_LAUSD_2022_2025,66,"As the Assistant Superintendent makes that determination, he or she shall respond in writing to each of the recommending parties.",HARD,deontic:obligation,2,,,,,,
UTLA_LAU_0326,UTLA_LAUSD_2022_2025,66,"That determination shall be reached after submission of a joint recommendation made by the Principal and the Chapter Chair, or individual recommendations in the event that they do not agree to a joint recommendation.",HARD,deontic:obligation,2,,,,,,
UTLA_LAU_0325,UTLA_LAUSD_2022_2025,66,"With respect to coordinator positions in the Adult Education Division, determination of whether there shall be such a position at a school shall be made by the Assistant Superintendent for the Adult Education Division.",HARD,deontic:obligation,2,,,,,,
UTLA_LAU_0324,UTLA_LAUSD_2022_2025,66,"With respect to categorically funded dean or coordinator positions, determination as to whether there shall be such a position is to be made by appropriate statutory site councils. d.",HARD,deontic:obligation,2,,,,,,
UTLA_LAU_0323,UTLA_LAUSD_2022_2025,66,"With respect to regular program dean positions, determination as to whether there shall be such a position shall be made by the school site administrator in consultation with the Local School Leadership Council. c.",HARD,deontic:obligation,2,,,,,,
UTLA_LAU_0322,UTLA_LAUSD_2022_2025,66,"Prior to this determination, the coordinator or dean job description and differential (if any) shall be posted at the school. b.",HARD,deontic:obligation,2,,,,,,
UTLA_LAU_0321,UTLA_LAUSD_2022_2025,66,Article IX-A – Assignments 4.0 Determination of Whether There Shall Be Coordinator or Dean Positions at School Sites: a.,HARD,deontic:obligation,2,,,,,,
UTLA_LAU_0318,UTLA_LAUSD_2022_2025,65,"In secondary schools, the vote shall be weighted by the number of periods taught by each employee who works in the department in secondary schools.",HARD,deontic:obligation,2,,,,,,
UTLA_LAU_0334,UTLA_LAUSD_2022_2025,67,"Funding must have been provided for a full-time position in a single school or at one location, or the assignment is for five periods or more in a secondary school, or more than eighteen hours per week in an adult school.",HARD,deontic:obligation,2,,,,,,
UTLA_LAU_0317,UTLA_LAUSD_2022_2025,65,"However, in the secondary shortage fields identified by the District (e.g., math and science) employees may be candidates for election if they hold contract status and have provided satisfactory service in the department for a minimum of the two previous years.",SOFT,deontic:permission,2,,,,,,
UTLA_LAU_0315,UTLA_LAUSD_2022_2025,65,"If agreement is not reached or if the parties prefer, the openings and vacancies shall be filled by a new hire, transferee, substitute, or auxiliary assignment. 2.2 Staffing Procedures After Norm Day: If an opening or vacancy occurs in a teaching position, that vacancy shall be filled by a new hire, transferee, substitute, or auxiliary assignments (secondary). 2.3 Staffing Procedures For Spring Semester In Secondary Schools: Any opening or vacancy shall be filled pursuant to Section 3.2 of this Article. 3.0 Department and Grade Level Chairpersons: 3.1 Department/grade level chairpersons shall, if the affected employees desire, be elected annually by the employees in the department or grade level, excluding substitutes and contract pool teachers.",HARD,deontic:obligation,2,,,,,,
UTLA_LAU_0314,UTLA_LAUSD_2022_2025,65,"In doing so, they shall utilize the teacher preference forms or locally determined method for identifying teacher preference and shall take into account seniority and educational program needs. c.",HARD,deontic:obligation,2,,,,,,
UTLA_LAU_0313,UTLA_LAUSD_2022_2025,65,The principal and department or grade level chair working together shall reasonably determine who will fill the opening or vacancy. b.,HARD,deontic:obligation,2,,,,,,
UTLA_LAU_0312,UTLA_LAUSD_2022_2025,65,The principal shall notify the UTLA Chapter Chair of all openings and vacancies.,HARD,deontic:obligation,2,,,,,,
UTLA_LAU_0310,UTLA_LAUSD_2022_2025,64,The decision of the panel shall be final and finding. h.,HARD,deontic:obligation,2,,,,,,
UTLA_LAU_0309,UTLA_LAUSD_2022_2025,64,(2) The Joint Panel charged with resolving the dispute under Article V-A shall have the authority to overrule a site administrator’s secondary class assignment only upon a specific finding that the assignment is arbitrary and capricious.,HARD,deontic:obligation,2,,,,,,
UTLA_LAU_0305,UTLA_LAUSD_2022_2025,64,"(2) Classes: Classes within a department shall be distributed by the principal (or designee) in consultation with the elected department chairs, in a fair and equitable manner, taking into account seniority, qualifications and educational program needs.",HARD,deontic:obligation,2,,,,,,
UTLA_LAU_0304,UTLA_LAUSD_2022_2025,63,This recent experience provision shall not apply when a teacher applies to a position unfilled after all 2022-2025 UTLA Contract 45,HARD,deontic:prohibition|deontic:obligation,2,,,,,,
UTLA_LAU_0303,UTLA_LAUSD_2022_2025,63,(1) Departments: The department in which a permanent teacher is considered for assignment purposes shall be the one in which the teacher has taught for the major portion of teaching time during the most recent six semesters of classroom teaching experience.,HARD,deontic:obligation,2,,,,,,
UTLA_LAU_0302,UTLA_LAUSD_2022_2025,63,"Secondary School Assignments: For employees in each secondary school and in special education, wherever located, assignment to department and classes shall be made pursuant to the following procedure.",HARD,deontic:obligation,2,,,,,,
UTLA_LAU_0333,UTLA_LAUSD_2022_2025,67,The position must be full-time.,HARD,deontic:obligation,2,,,,,,
UTLA_LAU_0335,UTLA_LAUSD_2022_2025,67,"(As an exception, if a position was, during the previous year, funded full time by a single funding source and has now been converted to two or more positions, or if two part-time positions are filled by one full-time coordinator at the same school, the selection process in 6.0 shall be followed); c.",HARD,deontic:obligation,2,,,,,,
UTLA_LAU_0366,UTLA_LAUSD_2022_2025,70,"If the vacancy is filled by an interim appointment from the current staff, the interim appointee’s former position shall be filled by a substitute or employee on temporary assignment. 9.0 Five-Year Out-of-Classroom Assignment Limitations at School Sites: At school sites, there is a five-year limit on out-of-classroom assignments such as coordinators and deans, but excluding librarians, counselors, nurses and personnel paid on the Support Services Salary Schedule.",HARD,deontic:obligation,2,,,,,,
UTLA_LAU_0352,UTLA_LAUSD_2022_2025,69,"They shall review all statements of interest submitted, and be permitted to seek further information regarding the candidates from the site administrator, the chapter chair, and from the school faculty prior to making the final decision.",HARD,deontic:obligation,2,,,,,,
UTLA_LAU_0365,UTLA_LAUSD_2022_2025,70,"Prior to the next semester, the procedures in Section 6.0 (coordinators) and 7.0 (deans) above shall be utilized to fill the position for the next semester.",HARD,deontic:obligation,2,,,,,,
UTLA_LAU_0364,UTLA_LAUSD_2022_2025,70,"Article IX-A – Assignments 8.0 Filling Vacancies After Norm Day: If a vacancy occurs in a dean or coordinator position after norm day or the end of the fifth week of the semester, whichever is sooner, the site administrator shall make an interim appointment to fill the vacancy until the end of the semester.",HARD,deontic:obligation,2,,,,,,
UTLA_LAU_0363,UTLA_LAUSD_2022_2025,69,Alleged violations of the above procedures shall be resolved pursuant to Article V-A. 2022-2025 UTLA Contract 51,HARD,deontic:obligation,2,,,,,,
UTLA_LAU_0362,UTLA_LAUSD_2022_2025,69,"At those school locations where there are both magnet and regular programs, each dean shall be elected annually by the bargaining unit members of any program they serve. c.",HARD,deontic:obligation,2,,,,,,
UTLA_LAU_0361,UTLA_LAUSD_2022_2025,69,Each vote shall be proportionate to the number of hours/days the voter is assigned to the school location.,HARD,deontic:obligation,2,,,,,,
UTLA_LAU_0360,UTLA_LAUSD_2022_2025,69,"Bargaining unit members at the school location shall annually elect, in the Spring prior to the preparation of the matrix, all bargaining unit member deans from among the qualified candidates who submitted statements of interest.",HARD,deontic:obligation,2,,,,,,
UTLA_LAU_0359,UTLA_LAUSD_2022_2025,69,The school site administrator in consultation with Local School Leadership Council (or equivalent) shall determine whether or not a Dean position shall be established at the school.,HARD,deontic:obligation,2,,,,,,
UTLA_LAU_0357,UTLA_LAUSD_2022_2025,69,(1) Coordinators in programs which are funded by an outside agency or through performance-based contracting shall be reasonably selected by the Adult Division in consultation with the contractor or outside agency.,HARD,deontic:obligation,2,,,,,,
UTLA_LAU_0356,UTLA_LAUSD_2022_2025,69,"A teacher working in more than one location, may vote at each location.",SOFT,deontic:permission,2,,,,,,
UTLA_LAU_0355,UTLA_LAUSD_2022_2025,69,Elections shall be conducted on the basis of one vote per teacher.,HARD,deontic:obligation,2,,,,,,
UTLA_LAU_0354,UTLA_LAUSD_2022_2025,69,"With respect to Adult Education Programs at any branch locations or in Adult Basic Education (ABE) programs, the confirmation election for coordinators shall be by majority of votes cast for a candidate by the teachers at the branch location or within the program at a site.",HARD,deontic:obligation,2,,,,,,
UTLA_LAU_0350,UTLA_LAUSD_2022_2025,68,The site administrator and chapter chair shall then seek to mutually agree upon the coordinator selection from among those candidates who submitted statements of interest within the time limits above.,HARD,deontic:obligation,2,,,,,,
UTLA_LAU_0336,UTLA_LAUSD_2022_2025,67,Job descriptions for any specially funded coordinator and dean positions shall be determined in the appropriate school-wide plan and/or by the appropriate funding source prior to the election.,HARD,deontic:obligation,2,,,,,,
UTLA_LAU_0348,UTLA_LAUSD_2022_2025,68,"(2) If the candidate is not confirmed by a majority vote, the site administrator and chapter chair shall immediately inform faculty members that the coordinator position is still vacant.",HARD,deontic:obligation,2,,,,,,
UTLA_LAU_0346,UTLA_LAUSD_2022_2025,68,Each employee’s vote shall be proportionate to the number of hours/days the voter is assigned to the school site.,HARD,deontic:obligation,2,,,,,,
UTLA_LAU_0345,UTLA_LAUSD_2022_2025,68,The election shall be jointly supervised and conducted by the site administrator and the chapter chair.,HARD,deontic:obligation,2,,,,,,
UTLA_LAU_0344,UTLA_LAUSD_2022_2025,68,"Bargaining unit members shall determine, by secret ballot vote of a majority of those voting in the Spring, prior to the preparation of the matrix, either to confirm or not confirm each coordinator candidate selected by the site administrator.",HARD,deontic:obligation,2,,,,,,
UTLA_LAU_0343,UTLA_LAUSD_2022_2025,68,"The site administrator shall then make public the names of the candidates who submitted statements of interest, and the name of the candidate selected to serve. b.",HARD,deontic:obligation,2,,,,,,
UTLA_LAU_0342,UTLA_LAUSD_2022_2025,68,"The site administrator shall select one eligible candidate from among the candidates who submitted a statement of interest, to serve in each available coordinator position.",HARD,deontic:obligation,2,,,,,,
UTLA_LAU_0341,UTLA_LAUSD_2022_2025,67,"An employee from another school or location may, if selected or elected or confirmed, accept the position, but only if such assignment does not result in the displacement of any bargaining unit member during the year of initial assignment. e.",SOFT,deontic:permission,2,,,,,,
UTLA_LAU_0340,UTLA_LAUSD_2022_2025,67,"To be an eligible candidate, a teacher must have permanent status, must have received “meets standard” performance ratings and, in the immediately preceding fours years, must not have received any Notices of Unsatisfactory Service and no more than one Notice of Unsatisfactory Act. d.",HARD,deontic:prohibition|deontic:obligation,2,,,,,,
UTLA_LAU_0339,UTLA_LAUSD_2022_2025,67,"If fewer than two (i.e. zero or one) statements of interest are received from employees assigned to the school or location, the request for submission of statement of interest may be directed throughout all or part of the District. c.",SOFT,deontic:permission,2,,,,,,
UTLA_LAU_0338,UTLA_LAUSD_2022_2025,67,The site administrator shall request that any eligible candidate for a dean or coordinator position submit a statement of interest.,HARD,deontic:obligation,2,,,,,,
UTLA_LAU_0337,UTLA_LAUSD_2022_2025,67,"Prior to the election, job descriptions for other coordinators and deans shall be reasonably determined by the school site administrator, and notice of the available positions and job description shall be shared with the employees of the site. b.",HARD,deontic:obligation,2,,,,,,
UTLA_LAU_0437,UTLA_LAUSD_2022_2025,81,"Peer observations shall not be used to supplement or supplant administrative observations for the purposes of formal evaluations. 3.0 Frequency: Evaluations shall be made at least once each academic year for probationary or qualifying employees, and at least once every other year for permanent employees.",HARD,deontic:prohibition|deontic:obligation,2,,,,,,
UTLA_LAU_0439,UTLA_LAUSD_2022_2025,81,"Any such arrangement for an evaluation beyond the twoyear cycle requires the joint consent of the evaluator and employee; such consent is entirely discretionary and individualized, and may be withdrawn by either party at any time. b.",SOFT,deontic:permission,2,,,,,,
UTLA_LAU_0440,UTLA_LAUSD_2022_2025,81,"(i) the withdrawing party shall provide written notice to the other party to that effect, identifying the reason(s) or cause(s) for the withdrawal, and (ii) the notice of withdrawal should be given before the end of the school year preceding the next intended evaluation, and shall not be given later than the date that the newly reinstated evaluation procedures are to be commenced. c.",HARD,deontic:prohibition|deontic:obligation|deontic:preference,2,,,,,,
UTLA_LAU_0532,UTLA_LAUSD_2022_2025,94,"(3) that the employee may be accompanied by a UTLA representative or a person of the employee's choice, as long as that person is not a representative of another employee organization.",SOFT,deontic:permission,2,,,,,,
UTLA_LAU_0547,UTLA_LAUSD_2022_2025,96,"ARTICLE X-A – Discipline 4.2 Relationship To Other Proceedings: Any of the disciplinary measures referred to in Section 3.0-a of this Article may be imposed independently of the evaluation procedures of Sections 3.0 through 8.4 of Article X, and independently of statutory suspension/dismissal proceedings.",SOFT,deontic:permission,2,,,,,,
UTLA_LAU_0544,UTLA_LAUSD_2022_2025,95,"The District shall give UTLA written notice of its intention to call the witness, and assist in making arrangements for the interview so that the interview can take place in coordination with (not necessarily jointly with) the District interview.",HARD,deontic:obligation,2,,,,,,
UTLA_LAU_0542,UTLA_LAUSD_2022_2025,95,"If at any of the above steps the employee or UTLA does not appeal as provided above, the discipline shall be considered final. 4.1 Disciplinary Grievance Hearing Procedures: After the District has taken formal disciplinary action against an employee, and upon request of the Union representing the employee, the District shall furnish the Union with a copy of any written statements taken of students relating to the matter.",HARD,deontic:obligation,2,,,,,,
UTLA_LAU_0541,UTLA_LAUSD_2022_2025,95,"UTLA and the District shall select an arbitrator, and the dispute will then be calendared for expedited arbitration pursuant to Article V, Section 15.0.",HARD,deontic:obligation,2,,,,,,
UTLA_LAU_0540,UTLA_LAUSD_2022_2025,95,"Within two days after the above administrative appeal decision is announced, UTLA must, if it determines that the matter is to be appealed to arbitration, notify the District in writing of its intention.",HARD,deontic:obligation,2,,,,,,
UTLA_LAU_0539,UTLA_LAUSD_2022_2025,95,"The announcement shall be in person or by telephone, with an immediate confirming letter sent to the employee and representative, if any.",HARD,deontic:obligation,2,,,,,,
UTLA_LAU_0538,UTLA_LAUSD_2022_2025,95,"Within three days after receipt of the employee's notice of appeal, the Local District Superintendent or Division Head (or designee) shall hold an appeal meeting to discuss the matter, and shall by the end of the day following, announce a decision.",HARD,deontic:obligation,2,,,,,,
UTLA_LAU_0537,UTLA_LAUSD_2022_2025,95,"However, if the discipline imposed includes a suspension without pay, and if the employee wishes to obtain review of the decision, a notice of appeal to the office of the Cluster Administrator/Division Head shall be delivered within three days (as defined in Article V, Section 6.0) of receipt of the form.",HARD,deontic:obligation,2,,,,,,
UTLA_LAU_0535,UTLA_LAUSD_2022_2025,95,"The above meeting may, in emergency situations requiring immediate suspension, be held as soon as possible after the suspension has begun. g.",SOFT,deontic:permission,2,,,,,,
UTLA_LAU_1112,UTLA_LAUSD_2022_2025,175,"This allocation shall be adjusted upward or downward, as appropriate, based on changes in District salary rates, armed forces active duty salary rates, or the employee's armed forces retirement pay, but shall not be less than the step of the appropriate schedule to which the employee would be allocated through normal step advancement. 12.1 Subsequent step advancements on the schedule for the employee's classification shall be made in accordance with Section 16.0 of this Article. 13.0 Rating-in for Approved Training and Experience: Rating-in for approved training and experience for employees paid on the Preparation, Early Education Center, or Development Center Salary Tables shall be authorized in accordance with the following provisions: 2022-2025 UTLA Contract 157",HARD,deontic:prohibition|deontic:obligation,2,,,,,,
UTLA_LAU_0533,UTLA_LAUSD_2022_2025,95,ARTICLE X-A – Discipline than a reasonable time shall not delay the disciplinary action.,HARD,deontic:prohibition|deontic:obligation,2,,,,,,
UTLA_LAU_0531,UTLA_LAUSD_2022_2025,94,"Prior to the imposition of a Notice of Unsatisfactory Service or Act and/or a suspension or termination, the administrator shall notify the employee",HARD,deontic:obligation,2,,,,,,
UTLA_LAU_0549,UTLA_LAUSD_2022_2025,96,"If a statutory suspension or dismissal proceeding is filed based in whole or part upon the service or conduct which gave rise to the disciplinary proceeding under this Section, then any grievance arising under this Section not yet taken to arbitration, shall be deferred pending resolution of the statutory proceedings. 5.0 Accountability for Quality of Performance: a.",HARD,deontic:obligation,2,,,,,,
UTLA_LAU_0529,UTLA_LAUSD_2022_2025,94,Non-availability of the representative for more than a reasonable time shall not delay the conference.,HARD,deontic:prohibition|deontic:obligation,2,,,,,,
UTLA_LAU_0528,UTLA_LAUSD_2022_2025,94,"When an administrator has a conference with an employee where it is evident at the time the meeting is convened that the employee is the focus of a possible disciplinary action, the employee shall be notified of the purpose of the meeting, before the meeting takes place, and that it is the employee's right to be accompanied and represented by a UTLA representative or by any other person so long as that person is not a representative of another employee organization.",HARD,deontic:obligation,2,,,,,,
UTLA_LAU_0527,UTLA_LAUSD_2022_2025,94,"When imposing discipline or when giving reprimands, warnings or criticism, confidentiality and privacy appropriate to the professional relationship shall be maintained. e.",HARD,deontic:obligation,2,,,,,,
UTLA_LAU_0526,UTLA_LAUSD_2022_2025,94,A Notice of Unsatisfactory Service or Act and/or suspension shall not be issued if it is based in whole or part on an event which occurred more than a reasonable period of time prior to the date that the Notice of Unsatisfactory Service or Act and/or suspension was issued. d.,HARD,deontic:prohibition|deontic:obligation,2,,,,,,
UTLA_LAU_0525,UTLA_LAUSD_2022_2025,94,"The concept of ""progressive discipline,"" and the prohibition of disparate treatment by an administrator, are to be generally applicable, but with the understanding that circumstances may make progressive discipline unnecessary, and that reasonable diversity and local practices are to be expected. c.",SOFT,deontic:permission,2,,,,,,
UTLA_LAU_0524,UTLA_LAUSD_2022_2025,94,"Also, for a suspension of more than three days, the fourth and succeeding days of suspension shall not be implemented until the suspension has become final as provided in this section.",HARD,deontic:prohibition|deontic:obligation,2,,,,,,
UTLA_LAU_0523,UTLA_LAUSD_2022_2025,94,"When any suspension without pay is imposed, the salary effects of that suspension shall not be implemented until the suspension has become final as provided in this section.",HARD,deontic:prohibition|deontic:obligation,2,,,,,,
UTLA_LAU_0522,UTLA_LAUSD_2022_2025,94,"Such discipline may include Notices of Unsatisfactory Service or Act and/or suspension from duties without pay for up to fifteen working days, as authorized by law.",SOFT,deontic:permission,2,,,,,,
UTLA_LAU_0521,UTLA_LAUSD_2022_2025,94,Employees may be disciplined for cause.,SOFT,deontic:permission,2,,,,,,
UTLA_LAU_0520,UTLA_LAUSD_2022_2025,93,"After achieving that passage of time, if the document is retained by the administrator (as may be required by law), it should be kept in a separate ""expired"" file and not become a basis, in whole or part, for a subsequent formal disciplinary action. 2022-2025 UTLA Contract 75",SOFT,deontic:preference|deontic:permission,2,,,,,,
UTLA_LAU_0517,UTLA_LAUSD_2022_2025,93,"If the document came from within District personnel, the investigation required by paragraph a. may not be necessary or appropriate, but the remainder of the protections required by paragraph a, including the notice to the employee, shall be applicable. 1.1 Exempt from disclosure to the employee are documents which",HARD,deontic:obligation|deontic:restriction|deontic:permission,2,,,,,,
UTLA_LAU_0548,UTLA_LAUSD_2022_2025,96,Such discipline shall not be regarded as a pre-condition for a statutory suspension/ dismissal proceeding.,HARD,deontic:prohibition|deontic:obligation,2,,,,,,
UTLA_LAU_0550,UTLA_LAUSD_2022_2025,96,"In order to ensure that employees are focused on their central mission of performing satisfactorily in the area of teaching methods, instruction and delivery of other services, employees who receive a Notice of Unsatisfactory Service or “below standard” evaluations shall be deemed ineligible for service or entitlement to the following during the following school year:",HARD,deontic:obligation,2,,,,,,
UTLA_LAU_0513,UTLA_LAUSD_2022_2025,93,"If the document came from a member of the public, the matter shall first be investigated.",HARD,deontic:obligation,2,,,,,,
UTLA_LAU_0573,UTLA_LAUSD_2022_2025,100,Transfers under this section must meet the above criteria but will not be effected without the voluntary approval of both the employee and the site administrator of the receiving school (or site selection committee in those schools with staff selection rights).,HARD,deontic:obligation,2,,,,,,
UTLA_LAU_0587,UTLA_LAUSD_2022_2025,102,"In Special Education, the least senior teacher in the overteachered subject field shall be permitted, upon request, to change subject fields at the site within Special Education and thereby cause the displacement of another teacher in the other subject field who has less District seniority than the initially displaced teacher, but only if the following criteria are met by the more senior teacher:",HARD,deontic:obligation,2,,,,,,
UTLA_LAU_0586,UTLA_LAUSD_2022_2025,101,"In regard to displacement, such teachers shall have no seniority rights and they shall be retained at a school where a full-time teacher is displaced only when the part-time teacher possesses special instructional skills or qualifications 2022-2025 UTLA Contract 83",HARD,deontic:obligation,2,,,,,,
UTLA_LAU_0585,UTLA_LAUSD_2022_2025,101,"Part-time contract employees described in Article XIII, Section 1.2 (as distinguished from teachers on Half-time Leave and Reduced Workload Leave) shall have no transfer rights.",HARD,deontic:obligation,2,,,,,,
UTLA_LAU_0583,UTLA_LAUSD_2022_2025,101,(1) Must have taught in the second subject field the equivalent of at least six periods during the most recent six semesters without having received a Notice of Unsatisfactory Service or a below standard performance evaluation;,HARD,deontic:obligation,2,,,,,,
UTLA_LAU_0582,UTLA_LAUSD_2022_2025,101,"In a secondary school or program, if the least senior teacher in the over-teachered subject field has at least ten years of District seniority, the teacher shall be permitted, upon request, to change subject fields and thereby cause the displacement of another teacher in the other subject field who has at least five years less District seniority than the initially displaced teacher, but only if the following criteria are met by the more senior teacher:",HARD,deontic:obligation,2,,,,,,
UTLA_LAU_0580,UTLA_LAUSD_2022_2025,100,"In secondary schools, and in Special Education wherever located, displacement s hall b e b y program/subject field and the program or subject field in which a teacher is considered for displacement purposes shall be the one in which the teacher has taught for the major portion of teaching time during the employee's most recent six semesters o f regular classroom teacher experience.",HARD,deontic:obligation,2,,,,,,
UTLA_LAU_0579,UTLA_LAUSD_2022_2025,100,"In elementary schools and programs such as Early Education Centers, Development Centers and ungraded programs, all teachers in the program at the site shall be deemed a single group for displacement purposes.",HARD,deontic:obligation,2,,,,,,
UTLA_LAU_0578,UTLA_LAUSD_2022_2025,100,Such a teacher must accept all conditions for displacement and assignment which would have applied to other teachers being displaced. c.,HARD,deontic:obligation,2,,,,,,
UTLA_LAU_0577,UTLA_LAUSD_2022_2025,100,"Such displacement requires the concurrence of the employee and the current principal, may be effected without a current transfer request on file, and shall not affect the employee's right to request a subsequent transfer.",HARD,deontic:prohibition|deontic:obligation|deontic:permission,2,,,,,,
UTLA_LAU_0576,UTLA_LAUSD_2022_2025,100,An employee may agree to be displaced when an overteachered condition exists.,SOFT,deontic:permission,2,,,,,,
UTLA_LAU_0575,UTLA_LAUSD_2022_2025,100,The local school administrator shall reasonably determine whether and in what program/subject field the over-teachered condition exists and shall inform the faculty of the number of positions being eliminated.,HARD,deontic:obligation,2,,,,,,
UTLA_LAU_0571,UTLA_LAUSD_2022_2025,99,Any costs of the mediator shall be shared equally by the parties. 3.0 [Hold] 4.0 [Hold] 2022-2025 UTLA Contract 81,HARD,deontic:obligation,2,,,,,,
UTLA_LAU_0553,UTLA_LAUSD_2022_2025,97,"As soon as the employee is notified of the charge, the alleged victim of the abuse shall be removed from the accused employee's class and reassigned to the same type of class, if available, pending completion of the resulting investigation(s). b.",HARD,deontic:obligation,2,,,,,,
UTLA_LAU_0570,UTLA_LAUSD_2022_2025,99,"Mediator(s) shall be jointly agreed upon by UTLA and LAUSD or secured through the California State Mediation Service, on a case by case basis.",HARD,deontic:obligation,2,,,,,,
UTLA_LAU_0569,UTLA_LAUSD_2022_2025,99,"Confidentiality: In order to encourage a professional and harmonious mediation regarding the proposed transfer, it is agreed that from the time a mediation request is filed until the mediation is concluded, neither UTLA, the District nor the unit member shall make public the proposed transfer, the mediation, or information regarding the proposed transfer.",HARD,deontic:obligation,2,,,,,,
UTLA_LAU_0567,UTLA_LAUSD_2022_2025,99,"In this case, the 30-day period shall commence on the date of the request. b.",HARD,deontic:obligation,2,,,,,,
UTLA_LAU_0566,UTLA_LAUSD_2022_2025,99,"Mediation shall occur if a written request by UTLA, filed within ten (10) days after a unit member receives notice of an administrative transfer, alleges that the proposed transfer occurred for reasons related to the exercise of protected Union activity.",HARD,deontic:obligation,2,,,,,,
UTLA_LAU_0562,UTLA_LAUSD_2022_2025,99,"ARTICLE XI - Transfers District agrees, the 30-day period shall commence on the date of the District’s response.",HARD,deontic:obligation,2,,,,,,
UTLA_LAU_0561,UTLA_LAUSD_2022_2025,98,The District shall respond in writing within five,HARD,deontic:obligation,2,,,,,,
UTLA_LAU_0559,UTLA_LAUSD_2022_2025,98,"(5) days after receiving notice of an administrative transfer, a unit member or the Union may request in writing a 30-day mediation period prior to the transfer taking effect.",SOFT,deontic:permission,2,,,,,,
UTLA_LAU_0558,UTLA_LAUSD_2022_2025,98,"Whenever possible, the employee shall be notified and counseled regarding the transfer, and written reason(s) for such transfer shall, upon the employee's request, be supplied to the employee. 2.1 Mediation Process: 2.1.1 Mutual Agreement Mediation a.",HARD,deontic:obligation,2,,,,,,
UTLA_LAU_0557,UTLA_LAUSD_2022_2025,98,"No priority will be given to a request for a voluntary transfer by a certificated person after April 15 of the school year prior to the school year in which the transfer would become effective if other qualified applicants have applied for positions requiring certification qualification at the receiving school. 2.0 Administrative Transfers: The District may, for any reason not prohibited in the balance of this Article (including the incorporated Appendices) transfer employees when such action is deemed to be in the best interest of the educational program of the District.",SOFT,deontic:permission,2,,,,,,
UTLA_LAU_0556,UTLA_LAUSD_2022_2025,98,"All voluntary transfers of teachers to a K-12 school ranked in deciles 1 to 3, inclusive, on the Academic Performance Index shall comply with section 35036 of the Education Code. b.",HARD,deontic:obligation,2,,,,,,
UTLA_LAU_0554,UTLA_LAUSD_2022_2025,97,"Exceptions to the above may be made at the official request of the city, County, or state law enforcement agency responsible for the matter or with the approval of the principal, the employee, and the parent/guardian. 2022-2025 UTLA Contract 79",SOFT,deontic:permission,2,,,,,,
UTLA_LAU_0516,UTLA_LAUSD_2022_2025,93,"In any event, if the document is either retained and/or placed in the employee's personnel file, the employee shall be given a reasonable opportunity to attach a reply. b.",HARD,deontic:obligation,2,,,,,,
UTLA_LAU_0512,UTLA_LAUSD_2022_2025,93,"ARTICLE X-A DISCIPLINE 1.0 Access and Response to Critical Material in Personnel Files: When the District receives a letter or other written material which contains allegations critical of an employee's performance or character, or which charges commission of an unlawful or immoral act, the following conditions shall apply: a.",HARD,deontic:obligation,2,,,,,,
UTLA_LAU_0443,UTLA_LAUSD_2022_2025,82,"An employee who is to be evaluated during a given academic year shall be so notified by site administration, if not by the end of the previous academic year then by the Fall norm day of the evaluation year or the last workday of the 5th week of school, whichever is earlier.",HARD,deontic:obligation,2,,,,,,
UTLA_LAU_0457,UTLA_LAUSD_2022_2025,84,"The ratings for a Formal Observation shall be “Effective Practice”, “Developing Practice”, and “Ineffective Practice”. c.",HARD,deontic:obligation,2,,,,,,
UTLA_LAU_0471,UTLA_LAUSD_2022_2025,85,"Such a notice shall, absent compelling circumstances, be issued within ten working days after the date(s) of service, with a copy to the employee (either in person or by certified mail to the employee's address of record).",HARD,deontic:obligation,2,,,,,,
UTLA_LAU_0470,UTLA_LAUSD_2022_2025,85,"Additionally, an overall rating of “Meets Standards” shall not be used as grounds for discipline or as grounds to disadvantage the employee for purposes of “skipping” criteria in a reduction in force. 7.0 Inadequate Service by Substitutes: The site administrator may, for cause, issue to a day-to-day substitute employee a notice of inadequate service.",HARD,deontic:prohibition|deontic:obligation|deontic:permission,2,,,,,,
UTLA_LAU_0467,UTLA_LAUSD_2022_2025,85,"A copy shall be placed in the employee's personnel file, and a copy retained by the school or office.",HARD,deontic:obligation,2,,,,,,
UTLA_LAU_0466,UTLA_LAUSD_2022_2025,85,The employee may also appeal the matter to the next higher administrative level. 6.2 The employee shall be given a copy of the Final Evaluation Report at the conference.,HARD,deontic:obligation|deontic:permission,2,,,,,,
UTLA_LAU_0465,UTLA_LAUSD_2022_2025,85,"ARTICLE X – Educator Development, Support and Evaluation together with recommendations for improvement, and the assistance given and to be given. 6.1 The employee's required signature on the form does not necessarily indicate agreement with its contents, and the employee may attach a written response to each copy of the form within ten working days from date received.",SOFT,deontic:permission,2,,,,,,
UTLA_LAU_0464,UTLA_LAUSD_2022_2025,84,"When a Final Evaluation Report is marked ""Below Standard,"" the evaluator shall specifically describe in writing the area(s) of below standard performance, 2022-2025 UTLA Contract 66",HARD,deontic:obligation,2,,,,,,
UTLA_LAU_0463,UTLA_LAUSD_2022_2025,84,Prior to the end of the school year the evaluator shall hold a Final Evaluation Conference with the employee to discuss the content of the Final Evaluation Report.,HARD,deontic:obligation,2,,,,,,
UTLA_LAU_0462,UTLA_LAUSD_2022_2025,84,"The ratings for a Final Evaluation shall be “Exceeds Standards”, “Meets Standards”, and “Below Standard”.",HARD,deontic:obligation,2,,,,,,
UTLA_LAU_0460,UTLA_LAUSD_2022_2025,84,"Within four workdays of a post-observation conference, post-growth plan visit conference, or other types of conferences in which problems are identified, a copy of records relating to observations, conferences and assistance offered or given, shall be provided to the employee for the employee’s information, guidance, and as a warning to improve performance. e.",HARD,deontic:obligation,2,,,,,,
UTLA_LAU_0459,UTLA_LAUSD_2022_2025,84,"If problems are identified during a Formal Observation, Growth Plan Visit, or any other type of observation, the evaluator shall meet with the employee, make specific written recommendations for improvement, and offer appropriate counseling and assistance.",HARD,deontic:obligation,2,,,,,,
UTLA_LAU_0458,UTLA_LAUSD_2022_2025,84,Performance during Growth Plan visits shall not be rated. d.,HARD,deontic:prohibition|deontic:obligation,2,,,,,,
UTLA_LAU_0456,UTLA_LAUSD_2022_2025,84,The post-observation conference shall occur no later than ten (10) workdays after the formal observation. b.,HARD,deontic:obligation,2,,,,,,
UTLA_LAU_0473,UTLA_LAUSD_2022_2025,85,"The employee may be accompanied by a UTLA representative or a person of the employee’s choice, as long as that person is not a representative of another employee organization.",SOFT,deontic:permission,2,,,,,,
UTLA_LAU_0455,UTLA_LAUSD_2022_2025,84,The Formal Observation shall be followed by a post-observation conference between the evaluator and employee to discuss the employee's performance toward meeting the individual objectives established pursuant to Sections 4.0 and 4.1 of this Article.,HARD,deontic:obligation,2,,,,,,
UTLA_LAU_0454,UTLA_LAUSD_2022_2025,84,Employees being evaluated shall receive one,HARD,deontic:obligation,2,,,,,,
UTLA_LAU_0453,UTLA_LAUSD_2022_2025,83,"If the employee and evaluator are unable to reach agreement upon the modification and the employee is dissatisfied with the evaluator's determination, the employee may appeal the matter to the next higher administrative level as set forth in the preceding paragraph. 5.0 Observations, Records, and Assistance: 2022-2025 UTLA Contract 65",SOFT,deontic:permission,2,,,,,,
UTLA_LAU_0452,UTLA_LAUSD_2022_2025,83,Either the employee or the evaluator may initiate discussion toward such a modification.,SOFT,deontic:permission,2,,,,,,
UTLA_LAU_0451,UTLA_LAUSD_2022_2025,83,"In such cases the employee's required signature indicates only receipt and acknowledgment of the objectives which will be used for evaluation purposes. 4.3 During the school year, if performance problems develop or if constraints are identified which will affect the evaluatee's progress toward meeting the established objectives, the objectives may be modified.",SOFT,deontic:permission,2,,,,,,
UTLA_LAU_0450,UTLA_LAUSD_2022_2025,83,An employee who remains dissatisfied may note on the objectives form that the objectives were not the product of mutual agreement.,SOFT,deontic:permission,2,,,,,,
UTLA_LAU_0449,UTLA_LAUSD_2022_2025,83,"For non-teaching employees such as counselors, psychologists, PSA Counselors and other support service personnel, performance objectives shall be comparable to the above, but are to be related to the duties of their particular classification. 4.2 If the employee and evaluator are unable to reach agreement upon the content of the objectives, and the employee is dissatisfied with the evaluator's determination, the employee may appeal the matter to the next higher administrative level for resolution.",HARD,deontic:obligation|deontic:permission,2,,,,,,
UTLA_LAU_0448,UTLA_LAUSD_2022_2025,83,"Performance focus elements to be included in individual objectives shall be limited to seven for each employee, all of which are to be drawn from 15 District-designated annual focus elements.",HARD,deontic:obligation,2,,,,,,
UTLA_LAU_0447,UTLA_LAUSD_2022_2025,82,"For employees newly assigned to the school after the notice period of Section 3.1 but before the last workday of the 8th week of the academic year, the evaluator and employee shall work cooperatively to establish the employee's objectives for the year no later than the last workday of the twelfth week of the academic year. 4.1 Individual performance objectives and overall performance expectations shall relate to, but not necessarily be limited to, the following: a.",HARD,deontic:obligation,2,,,,,,
UTLA_LAU_0446,UTLA_LAUSD_2022_2025,82,"The establishment of objectives shall be accomplished through one or more Initial Planning Conferences to discuss Initial Planning Sheets, proposed objectives and related strategies. b.",HARD,deontic:obligation,2,,,,,,
UTLA_LAU_0445,UTLA_LAUSD_2022_2025,82,"By the last workday of the eighth week of the academic year, the evaluator and employee shall work cooperatively to establish the employee’s objectives for the year.",HARD,deontic:obligation,2,,,,,,
UTLA_LAU_0472,UTLA_LAUSD_2022_2025,85,"Prior to issuance of such a notice, the site administrator shall make a reasonable effort to contact and confer with the substitute regarding the allegations, and of the substitute’s right to a meeting with representation.",HARD,deontic:obligation,2,,,,,,
UTLA_LAU_0474,UTLA_LAUSD_2022_2025,85,"The timeliness of the employee’s request for a meeting, or the non-availability of the employee or representative shall not delay issuance of the Inadequate Service Report beyond the ten working days period set forth above.",HARD,deontic:prohibition|deontic:obligation,2,,,,,,
UTLA_LAU_0510,UTLA_LAUSD_2022_2025,92,"The Panel and the PAR coordinator shall work collaboratively with one another, with the Consulting Teachers, and with the Participating Teacher's administrators. f.",HARD,deontic:obligation,2,,,,,,
UTLA_LAU_0497,UTLA_LAUSD_2022_2025,89,"Current employee applicants must have permanent status, must have been a full time classroom teacher for at least three of the preceding five years, and retired employees must have had full time classroom teacher experience within the three year period preceding application (this last qualification is not required for a retired employee to continue their Consulting Teacher status once appointed). c.",HARD,deontic:obligation,2,,,,,,
UTLA_LAU_0509,UTLA_LAUSD_2022_2025,91,"Panel members shall have the same protections from liability, and same rights to defense, as other school employees (see Education Code 44503 (c).) 2022-2025 UTLA Contract 73",HARD,deontic:obligation,2,,,,,,
UTLA_LAU_0507,UTLA_LAUSD_2022_2025,91,"All Panel members shall strive to make Panel decisions by consensus whenever possible, but if that is not possible then the decision will be made by majority vote among those present. c.",HARD,deontic:obligation,2,,,,,,
UTLA_LAU_0506,UTLA_LAUSD_2022_2025,91,Other quorum rules shall be as determined by the Panel.,HARD,deontic:obligation,2,,,,,,
UTLA_LAU_0505,UTLA_LAUSD_2022_2025,91,"The appointing parties shall establish their own criteria for such appointments, but they must have had satisfactory evaluations and service for at least the previous five years and there should be some attempt at balance between elementary and secondary experience. b.",HARD,deontic:obligation|deontic:obligation|deontic:preference,2,,,,,,
UTLA_LAU_0504,UTLA_LAUSD_2022_2025,91,"The PAR Panel shall be comprised of nine members, five of whom are appointed by UTLA and four of whom are appointed by the District.",HARD,deontic:obligation,2,,,,,,
UTLA_LAU_0503,UTLA_LAUSD_2022_2025,91,"Consulting Teachers shall have the same protection from liability, and the same rights to defense, as other school employees (see Education Code 44503 (c). 14.0 PAR Panel Qualifications and Selection: a.",HARD,deontic:obligation,2,,,,,,
UTLA_LAU_0502,UTLA_LAUSD_2022_2025,91,"Consulting Teacher services are not, and shall not be treated as, either management or supervisory functions.",HARD,deontic:prohibition|deontic:obligation,2,,,,,,
UTLA_LAU_0501,UTLA_LAUSD_2022_2025,91,"ARTICLE X – Educator Development, Support and Evaluation any employee who received an unsatisfactory evaluation in the previous year, and related observation and reporting activities.) The PAR performance goals for the Participating Teacher shall be in writing, in a user-friendly format.",HARD,deontic:obligation,2,,,,,,
UTLA_LAU_0500,UTLA_LAUSD_2022_2025,89,The PAR Panel may also require all applicants to attend a pre-application orientation session. e.,SOFT,deontic:permission,2,,,,,,
UTLA_LAU_0499,UTLA_LAUSD_2022_2025,89,"Applicants must also submit, with their letter of application and resume, a letter of reference from a site administrator and a Chapter Chair (in both cases referring to individuals who are closely familiar with the applicant’s work), and also one additional letter of reference from any source selected by the applicant.",HARD,deontic:obligation,2,,,,,,
UTLA_LAU_0498,UTLA_LAUSD_2022_2025,89,"Applicants must be computer literate and have an active email address, and be willing to perform their Consulting Teacher duties at any site in the District as assigned. d.",HARD,deontic:obligation,2,,,,,,
UTLA_LAU_0496,UTLA_LAUSD_2022_2025,89,"Consulting Teacher applicants must possess a clear California credential, and must have completed eight years of full-time District service with a satisfactory performance record (in terms of evaluations and service notices) covering the most recent five years. b.",HARD,deontic:obligation,2,,,,,,
UTLA_LAU_0475,UTLA_LAUSD_2022_2025,85,"In addition to the grievance procedure, the employee may attach a written response to the report within ten working days from date received.",SOFT,deontic:permission,2,,,,,,
UTLA_LAU_0493,UTLA_LAUSD_2022_2025,88,There shall be three pools of Consulting Teachers as follows:,HARD,deontic:obligation,2,,,,,,
UTLA_LAU_0489,UTLA_LAUSD_2022_2025,88,"ARTICLE X – Educator Development, Support and Evaluation or notice has resulted in a grievance which has not been resolved by the commencement of services for the following school year, the teacher shall nonetheless be required to enter the PAR Program at that time.) Full participation by the Participating Teacher is a mandatory duty, to the extent that such services are made available.",HARD,deontic:obligation,2,,,,,,
UTLA_LAU_0486,UTLA_LAUSD_2022_2025,87,"In no event shall the provision of the services provided by the PAR program, or the completion or outcome of such services, be regarded as an entitlement for any employee, or as a precondition for any evaluation, disciplinary action, non-reelection, contract non-renewal, or statutory termination of employment. d.",HARD,deontic:obligation,2,,,,,,
UTLA_LAU_0485,UTLA_LAUSD_2022_2025,86,The Work Group shall meet quarterly and shall provide recommendations to their respective bargaining teams. 9.0 Peer Assistance and Review – General Provisions: 2022-2025 UTLA Contract 68,HARD,deontic:obligation,2,,,,,,
UTLA_LAU_0484,UTLA_LAUSD_2022_2025,86,(3) District appointees shall be established to improve the evaluation process for itinerant employees.,HARD,deontic:obligation,2,,,,,,
UTLA_LAU_0483,UTLA_LAUSD_2022_2025,86,This evaluation process shall be completed prior to the date of separation if the employee has given notice of intended separation at least two weeks prior to the effective date. 8.5 Evaluation of Itinerant Employees: An Evaluation Work Group comprised of three,HARD,deontic:obligation,2,,,,,,
UTLA_LAU_0482,UTLA_LAUSD_2022_2025,86,It shall be done and a copy furnished the employee at his or her address of record.,HARD,deontic:obligation,2,,,,,,
UTLA_LAU_0481,UTLA_LAUSD_2022_2025,86,"In such cases, if there is not a reasonable explanation for the difference, the reference may be ordered stricken. 8.4 Evaluation Request Upon Separation of Employment: If either the administrator or employee wishes to process an evaluation at the time of the employee's separation from employment.",SOFT,deontic:permission,2,,,,,,
UTLA_LAU_0478,UTLA_LAUSD_2022_2025,86,Any substitute who receives one performance evaluation of less than satisfactory service within the last two years of District service shall be reevaluated by the present immediate administrator for the purpose of determining eligibility for a probationary contract.,HARD,deontic:obligation,2,,,,,,
UTLA_LAU_0477,UTLA_LAUSD_2022_2025,86,"Observations, records, and assistance as provided in Section 5.0 shall be applicable. 8.1 Any substitute who receives more than one performance evaluation of less than satisfactory service within the last two years of District service shall not be granted a probationary contract.",HARD,deontic:prohibition|deontic:obligation,2,,,,,,
UTLA_LAU_0476,UTLA_LAUSD_2022_2025,86,"ARTICLE X – Educator Development, Support and Evaluation 8.0 Evaluation of Substitutes: Substitutes who are continuously assigned to the same location for an extended period (more than 20 consecutive working days) shall be evaluated not less than once each semester by the site administrator at the end of the assignment.",HARD,deontic:obligation,2,,,,,,
UTLA_LAU_0301,UTLA_LAUSD_2022_2025,63,(2) Classes: The site administrator shall assign all teachers at these sites to classes.,HARD,deontic:obligation,2,,,,,,
UTLA_LAU_0298,UTLA_LAUSD_2022_2025,63,"If the exception determination is disputed, the dispute resolution procedure in subsection e below shall apply.",HARD,deontic:obligation,2,,,,,,
UTLA_LAU_0589,UTLA_LAUSD_2022_2025,102,"(3) Must, in the reasonable judgment of the site administrator, be qualified to teach in the second subject field or program.",HARD,deontic:obligation,2,,,,,,
UTLA_LAU_0297,UTLA_LAUSD_2022_2025,63,The only exception shall occur when the site administrator reasonably determines with documentation that any specific assignment is not in the best interests of the educational program.,HARD,deontic:obligation,2,,,,,,
UTLA_LAU_0124,UTLA_LAUSD_2022_2025,37,UTLA and the District may by mutual written agreement revise the list.,SOFT,deontic:permission,2,,,,,,
UTLA_LAU_0123,UTLA_LAUSD_2022_2025,37,The list shall have a minimum of twelve (12) but no more than sixteen (16) names.,HARD,deontic:obligation,2,,,,,,
UTLA_LAU_0122,UTLA_LAUSD_2022_2025,37,The list (alphabetized by last name) shall be created from a list of no more than eight,HARD,deontic:obligation,2,,,,,,
UTLA_LAU_0121,UTLA_LAUSD_2022_2025,37,"The arbitrator shall be jointly selected by UTLA and the District, or shall be selected from the following list by alternatively striking names until one remains.",HARD,deontic:obligation,2,,,,,,
UTLA_LAU_0120,UTLA_LAUSD_2022_2025,37,"(5) days after termination of Step Two. 12.0 Selection of Arbitrator: Within seven days of receipt of the request for arbitration, UTLA and the Office of Staff Relations shall meet to select an arbitrator to serve as Chairperson of the arbitration panel.",HARD,deontic:obligation,2,,,,,,
UTLA_LAU_0119,UTLA_LAUSD_2022_2025,37,"(Note: There are separate expedited time limits for handling grievances under Article XXVIII, Safety, Section 3.0) 10.0 [Reserved] 11.0 Request for Arbitration: If the grievance is not settled in Step Two, UTLA, with the concurrence of the grievant, may submit the matter to arbitration by a written notice to the District's Office of Staff Relations within five",SOFT,deontic:permission,2,,,,,,
UTLA_LAU_0118,UTLA_LAUSD_2022_2025,36,"(5) days from receipt of the grievance, a meeting shall take place to discuss 2022-2025 UTLA Contract 18",HARD,deontic:obligation,2,,,,,,
UTLA_LAU_0117,UTLA_LAUSD_2022_2025,36,"The receipt of such reply will terminate Step One. 9.0 Step Two: If the grievance is not resolved at Step One, the grievant may, within ten (10) days after the termination of Step One, present the grievance to the appropriate Superintendent, Division Head or designee.",SOFT,deontic:permission,2,,,,,,
UTLA_LAU_0115,UTLA_LAUSD_2022_2025,36,"It should be noted that there are shorter time limits required for filing grievances alleging violations of certain provisions of this Agreement, such as disciplinary suspensions under Article X and summer school assignments under Article XX.",SOFT,deontic:preference,2,,,,,,
UTLA_LAU_0114,UTLA_LAUSD_2022_2025,36,"Dispute Resolution Panel: When certain disputes arise under Article IX-A relative to assignments to class, track and/or coordinator positions, the affected teacher may invoke the Dispute Resolution Procedures found in Article V-A. 8.0 Step One: A formal grievance must be filed within thirty (30) days (as defined in Section 6.0) after the grievant or UTLA knew or reasonably should have known of the act or omission which gives rise to the grievance.",HARD,deontic:obligation|deontic:preference|deontic:permission,2,,,,,,
UTLA_LAU_0113,UTLA_LAUSD_2022_2025,36,The administrator shall reply in writing within five,HARD,deontic:obligation,2,,,,,,
UTLA_LAU_0112,UTLA_LAUSD_2022_2025,36,A meeting between the grievant and the immediate administrator shall take place within five,HARD,deontic:obligation,2,,,,,,
UTLA_LAU_0111,UTLA_LAUSD_2022_2025,36,Said conference shall be requested within fifteen (15) days of the occurrence of the act or omission giving rise to the grievance or of the date when the grievant could be reasonably expected to know of the act or omission which gives rise to the grievance. b.,HARD,deontic:obligation,2,,,,,,
UTLA_LAU_0110,UTLA_LAUSD_2022_2025,36,"If a grievance does not relate to the immediate administrator and the remedy requested is not within the authority of the immediate administrator, the grievant may initiate the informal conference with the administrator who has such responsibility and authority.",SOFT,deontic:permission,2,,,,,,
UTLA_LAU_0109,UTLA_LAUSD_2022_2025,36,"Before filing a formal grievance, the grievant shall attempt to resolve a grievance by an informal conference with the grievant’s immediate supervisor.",HARD,deontic:obligation,2,,,,,,
UTLA_LAU_0107,UTLA_LAUSD_2022_2025,35,"The District shall respond, in writing, in a timely manner as provided in this Article.",HARD,deontic:obligation,2,,,,,,
UTLA_LAU_0106,UTLA_LAUSD_2022_2025,35,"This prohibition is not intended to restrict normal interviewing of witnesses and other necessary preparation for hearing. 5.0 Effect of Time Limits: If a grievance is not processed by the grievant at any step in accordance with the time limits of this Article, it shall be deemed withdrawn.",HARD,deontic:obligation,2,,,,,,
UTLA_LAU_0105,UTLA_LAUSD_2022_2025,35,At no time in any report or public record may either party or the grievant cite any names or schools.,SOFT,deontic:permission,2,,,,,,
UTLA_LAU_0104,UTLA_LAUSD_2022_2025,35,The District and UTLA may report on grievances by citing no more than the section and article alleged to have been violated and the stage at which the grievance is at the time of the report.,SOFT,deontic:permission,2,,,,,,
UTLA_LAU_0103,UTLA_LAUSD_2022_2025,35,"For arbitration hearings the grievant, arbitration panel representatives and witnesses as required shall be afforded released time and mileage. 4.0 Confidentiality: In order to encourage a professional and harmonious disposition of grievances, it is agreed that from the time a grievance is filed until a final determination has been reached, all proceedings shall be considered private and any preliminary disposition shall not be made public without the agreement of all parties.",HARD,deontic:prohibition|deontic:obligation,2,,,,,,
UTLA_LAU_0101,UTLA_LAUSD_2022_2025,35,"The District shall not agree to a final resolution of the grievance until UTLA has been notified of the proposed resolution, and been given an opportunity to state in writing its views on the matter. 3.0 Released Time For Employees and UTLA Representatives: Grievance meetings and hearings will be scheduled by the District at mutually convenient times and places during District business hours.",HARD,deontic:prohibition|deontic:obligation,2,,,,,,
UTLA_LAU_0100,UTLA_LAUSD_2022_2025,35,"If the grievance is withdrawn without a settlement, the District shall so notify UTLA.",HARD,deontic:obligation,2,,,,,,
UTLA_LAU_0099,UTLA_LAUSD_2022_2025,35,"By mutual agreement other persons such as witnesses may also attend grievance meetings. 2.1 When a grievant is not represented by UTLA, the District shall promptly furnish to UTLA (in care of the UTLA Field and Organizing Director) a copy of the grievance.",HARD,deontic:obligation|deontic:permission,2,,,,,,
UTLA_LAU_0098,UTLA_LAUSD_2022_2025,34,The administrator shall have the right to be 2022-2025 UTLA Contract 16,HARD,deontic:obligation,2,,,,,,
UTLA_LAU_0097,UTLA_LAUSD_2022_2025,34,"If not, the grievant may represent himself or herself, or be represented by any other person, so long as that person is not a representative of another employee organization.",SOFT,deontic:permission,2,,,,,,
UTLA_LAU_0125,UTLA_LAUSD_2022_2025,37,"If the arbitrator selected cannot be available for hearing within sixty days, the parties shall contact the next remaining arbitrator in reverse order of striking, until one is selected who is able to serve within sixty days.",HARD,deontic:obligation,2,,,,,,
UTLA_LAU_0126,UTLA_LAUSD_2022_2025,37,"Once selected, the arbitrator shall serve as the Chairperson of a three-member arbitration panel, with the other two members to be appointed directly by the District and UTLA respectively.",HARD,deontic:obligation,2,,,,,,
UTLA_LAU_0127,UTLA_LAUSD_2022_2025,37,"All decisions and rulings will be made by majority decision of the panel. 13.0 Optional Preliminary Hearing on Issues Which Do Not Involve Merits of Grievance: If the District claims that the grievance should be dismissed for reasons which do not go to the merits (e.g., mootness, untimeliness, matter beyond scope of procedure, or breach of confidentiality provisions) the District may cause its claim to be heard and ruled upon by the panel prior to a hearing on the merits.",SOFT,deontic:preference|deontic:permission,2,,,,,,
UTLA_LAU_0145,UTLA_LAUSD_2022_2025,39,Each party shall bear the expense of presenting its own case.,HARD,deontic:obligation,2,,,,,,
UTLA_LAU_0158,UTLA_LAUSD_2022_2025,41,This meeting shall be conducted within three,HARD,deontic:obligation,2,,,,,,
UTLA_LAU_0157,UTLA_LAUSD_2022_2025,41,"(3) days in which to request a second meeting, this one to include the persons from the Informal Meeting, and also the chapter chair for the site, and may also include a designee of the site administrator.",SOFT,deontic:permission,2,,,,,,
UTLA_LAU_0156,UTLA_LAUSD_2022_2025,41,"(3) days of the above-described Informal Meeting, the employee shall have up to an additional three",HARD,deontic:obligation,2,,,,,,
UTLA_LAU_0155,UTLA_LAUSD_2022_2025,41,That meeting shall be conducted within three,HARD,deontic:obligation,2,,,,,,
UTLA_LAU_0154,UTLA_LAUSD_2022_2025,41,"(3) days after the aggrieved employee became aware (or should have become aware) of the occurrence of the event(s) upon which the grievance complaint is based, the aggrieved employee must request an informal meeting with the site administrator (and the department chair if the matter involves the department chair), to discuss the matter and attempt in good faith to resolve it.",HARD,deontic:obligation|deontic:preference,2,,,,,,
UTLA_LAU_0153,UTLA_LAUSD_2022_2025,41,"Time limits may be extended or waived, but only by mutual written agreement. 2.0 Steps of this Procedure: a.",SOFT,deontic:permission,2,,,,,,
UTLA_LAU_0151,UTLA_LAUSD_2022_2025,41,This Article may be used for other disputes only by mutual written agreement between the District and UTLA.,SOFT,deontic:permission,2,,,,,,
UTLA_LAU_0150,UTLA_LAUSD_2022_2025,41,ARTICLE V-A ALTERNATE GRIEVANCE PROCEDURE 1.0 General: This Alternate Grievance Procedure shall be used solely for resolution of those disputes which have been referred to this Article by the express terms of other articles of this Agreement.,HARD,deontic:obligation,2,,,,,,
UTLA_LAU_0149,UTLA_LAUSD_2022_2025,40,"Article V – Grievance Procedure 23.1 The filing or pendency of a grievance under this procedure shall not delay or interfere with implementation of any District action during the processing thereof. 23.2 The rules and procedures specified in Article V, Sections 3.0 through 12.0, 14.0, 16.0, 17.0, 18.0, 20.0, 21.0 and 22.0 shall be applicable to this procedure. 23.3 The arbitrator's decision under this procedure shall be advisory to the Deputy Superintendent or designee whose decision shall be final and binding.",HARD,deontic:prohibition|deontic:obligation,2,,,,,,
UTLA_LAU_0148,UTLA_LAUSD_2022_2025,39,"A grievance under this special procedure shall be defined as a formal written statement alleging a violation of a specific Board Rule or administrative regulation of the District on the subject of wages, hours of employment or safety conditions, and that by reason of such alleged violation, the employee's rights have been adversely affected. 2022-2025 UTLA Contract 21",HARD,deontic:obligation,2,,,,,,
UTLA_LAU_0146,UTLA_LAUSD_2022_2025,39,"A transcript of proceedings shall not be required, but either party may order a transcript at its own expense.",HARD,deontic:prohibition|deontic:obligation|deontic:permission,2,,,,,,
UTLA_LAU_0143,UTLA_LAUSD_2022_2025,39,"The arbitration panel shall have no power to render an award on any grievance arising after the termination or expiration of this Agreement. 19.0 Effect of Arbitration Award: The arbitration panel's decision shall be final and binding upon the grievant(s), the District and UTLA.",HARD,deontic:obligation,2,,,,,,
UTLA_LAU_0128,UTLA_LAUSD_2022_2025,37,"If UTLA claims that the grievance should be sustained because the District has allegedly violated the confidentiality provisions, it also may invoke proceedings under this Section.",SOFT,deontic:preference|deontic:permission,2,,,,,,
UTLA_LAU_0142,UTLA_LAUSD_2022_2025,39,"Past practice of the parties in interpreting and applying the terms of this Agreement may be relevant evidence, but shall not be used so as to justify or result in what is in effect a modification (whether by revision, addition or detraction) of the terms of this Agreement.",HARD,deontic:prohibition|deontic:obligation|deontic:permission,2,,,,,,
UTLA_LAU_0141,UTLA_LAUSD_2022_2025,38,"In cases involving administrative transfers, evaluations of Below Standard Performance, issuance of Notices of Unsatisfactory Service or Act, or critical material which has been placed in an employee's file under Article X, Section 9.0, the District shall proceed first in providing evidence. 18.0 Limitations Upon Arbitrators: The arbitration panel shall have no power to alter, add to or subtract from the terms of this Agreement, but shall only determine whether an express term of the Agreement has been violated as alleged in the grievance and if so what the remedy should be within 2022-2025 UTLA Contract 20",HARD,deontic:obligation|deontic:preference,2,,,,,,
UTLA_LAU_0140,UTLA_LAUSD_2022_2025,38,"Hearing sessions shall be private with attendance limited to the panel, the parties' representatives, and witnesses as scheduled.",HARD,deontic:obligation,2,,,,,,
UTLA_LAU_0139,UTLA_LAUSD_2022_2025,38,"(5) days prior to the first hearing date, exchange lists of intended witnesses. 17.0 Conduct of Hearings: Hearings shall be conducted in accordance with the procedures contained in Government Code Section 11513.",HARD,deontic:obligation,2,,,,,,
UTLA_LAU_0138,UTLA_LAUSD_2022_2025,38,"The parties shall also, at least five",HARD,deontic:obligation,2,,,,,,
UTLA_LAU_0137,UTLA_LAUSD_2022_2025,38,"If the other party disputes the request, the arbitrators shall determine the issue.",HARD,deontic:obligation,2,,,,,,
UTLA_LAU_0136,UTLA_LAUSD_2022_2025,38,"Expedited cases shall in all other respects conform to the provisions of this Article. 16.0 Documents and Witness Lists: Either party may request from the other the production, review and right to copy non-confidential documents relevant to the grievance.",HARD,deontic:obligation|deontic:permission,2,,,,,,
UTLA_LAU_0135,UTLA_LAUSD_2022_2025,38,"However, either the District or UTLA may require any such grievance to be submitted to regular arbitration rather than expedited arbitration.",SOFT,deontic:permission,2,,,,,,
UTLA_LAU_0133,UTLA_LAUSD_2022_2025,38,The decision shall be issued within thirty calendar days after final submission of the case.,HARD,deontic:obligation,2,,,,,,
UTLA_LAU_0130,UTLA_LAUSD_2022_2025,37,"Immediately after selection for the preliminary hearing, either UTLA or the District may require that a different arbitrator be selected to hear the merits. 13.1 There shall be at least fifteen days between the panel's decision on the preliminary matter(s) and any hearing on the merits (or on remedy in the case of a breach of confidentiality claim raised by UTLA). 2022-2025 UTLA Contract 19",HARD,deontic:obligation|deontic:permission,2,,,,,,
UTLA_LAU_0129,UTLA_LAUSD_2022_2025,37,If either party plans to invoke this separate preliminary hearing it shall so advise the other party prior to selection of the arbitrator.,HARD,deontic:obligation,2,,,,,,
UTLA_LAU_0096,UTLA_LAUSD_2022_2025,34,"See also Article XIV, Section 30.0. 1.5 Processing and discussing the merits of a grievance shall not be considered a waiver by the District of a defense that the matter is not arbitrable or should be denied for other reasons which do not go to the merits. 2.0 Representation Rights: At all grievance meetings under this Article, the grievant may be accompanied and/or represented by a UTLA representative.",HARD,deontic:prohibition|deontic:obligation|deontic:preference|deontic:permission,2,,,,,,
UTLA_LAU_0095,UTLA_LAUSD_2022_2025,34,"By the same token, if it is later determined that the grievance is meritorious, nothing in the foregoing sentence shall preclude remedial relief covering the period during which the grievance was being processed, including the applicable portion of the 30-day period preceding the filing of the grievance.",HARD,deontic:obligation,2,,,,,,
UTLA_LAU_0092,UTLA_LAUSD_2022_2025,34,"On filing a grievance on behalf of a group, UTLA need not specify the names of the employees, but must describe the group so that the District has notice of the nature and scope of the claim. 1.1 All matters and disputes, which do not fall within the above definition of a grievance, are excluded from this procedure, including but not limited to those matters for which other methods of adjustment are provided, such as reductions in force and dismissals.",HARD,deontic:obligation,2,,,,,,
UTLA_LAU_0032,UTLA_LAUSD_2022_2025,25,"If the site administrator objects to the release of any particular employee based upon instructional needs, the matter shall be referred to the Office of Labor Relations and UTLA for resolution.",HARD,deontic:obligation,2,,,,,,
UTLA_LAU_0051,UTLA_LAUSD_2022_2025,28,"The Chapter Chair may be assigned duties during this released time, in emergency situations. d.",SOFT,deontic:permission,2,,,,,,
UTLA_LAU_0049,UTLA_LAUSD_2022_2025,28,"Regarding paragraphs a and b, a majority of those voting shall determine the outcome.",HARD,deontic:obligation,2,,,,,,
UTLA_LAU_0047,UTLA_LAUSD_2022_2025,27,"In addition, chapter chairpersons at elementary schools shall be released from instructional duties when 2022-2025 UTLA Contract 9",HARD,deontic:obligation,2,,,,,,
UTLA_LAU_0046,UTLA_LAUSD_2022_2025,27,"Non-instructional duties, as referred to above, are those non-classroom duties which are normally shared and distributed among the staff, and for this purpose may also include homeroom teacher duties.",SOFT,deontic:permission,2,,,,,,
UTLA_LAU_0045,UTLA_LAUSD_2022_2025,27,"Released time from non-instructional duties shall be provided to a Chapter Chair if the following conditions are met: a secret ballot election of the faculty shall be conducted by the principal and a teacher designated by the Chapter Chair, with the issue to be determined being whether a specific released time plan proposed by the Chapter Chair should be approved.",HARD,deontic:obligation|deontic:preference,2,,,,,,
UTLA_LAU_0044,UTLA_LAUSD_2022_2025,27,"Prior to finalizing changes in bell schedules, the site administrator shall consult with the Chapter Chair; and l.",HARD,deontic:obligation,2,,,,,,
UTLA_LAU_0042,UTLA_LAUSD_2022_2025,27,"If the documents do not relate to contract administration, the cost of copies shall be borne by the Chapter Chair. h.",HARD,deontic:obligation,2,,,,,,
UTLA_LAU_0040,UTLA_LAUSD_2022_2025,26,Such use of the public address system shall be limited to the time before or after student hours.,HARD,deontic:obligation,2,,,,,,
UTLA_LAU_0035,UTLA_LAUSD_2022_2025,26,The Chapter Chair shall also be the official on-site representative of UTLA in contract enforcement matters and as such shall have the following rights: a.,HARD,deontic:obligation,2,,,,,,
UTLA_LAU_0034,UTLA_LAUSD_2022_2025,26,"Article IV – UTLA Rights 8.0 UTLA Chapter Chairpersons: At each work location to which employees are assigned, UTLA shall have the right to designate, pursuant to its own procedures, one employee to serve as the UTLA Chapter Chair (see also Section 8.3).",HARD,deontic:obligation,2,,,,,,
UTLA_LAU_0033,UTLA_LAUSD_2022_2025,25,"When staff are assigned in place of teachers absent on UTLA business, UTLA will reimburse the District at the base rate for substitutes (see Article XIX) or at the average teachers' rate for replacement teachers; such time will be taken in increments of not less than one-half day. 7.0 Exclusivity: UTLA and its authorized representatives shall be the exclusive representative of the employees in contract enforcement matters. 2022-2025 UTLA Contract 7",HARD,deontic:obligation,2,,,,,,
UTLA_LAU_0030,UTLA_LAUSD_2022_2025,25,"UTLA and the District may agree that additional employees shall receive such released time. 5.0 Organizational Leave: A maximum of seven elected officers of UTLA shall, upon request of both UTLA and the employee, be placed on leave of absence for a period of one semester or more. 6.0 Released Time at UTLA Expense: UTLA may request the release of designated employees from their regular duties with no loss of pay for the purpose of attending to UTLA matters, with the expense of the substitute or replacement to be borne by UTLA.",HARD,deontic:obligation|deontic:permission,2,,,,,,
UTLA_LAU_0055,UTLA_LAUSD_2022_2025,28,"The document(s) shall include space for the Chapter Chair to sign, indicating whether the procedures set forth in a. and b. above have been followed; 2022-2025 UTLA Contract 10",HARD,deontic:obligation,2,,,,,,
UTLA_LAU_0029,UTLA_LAUSD_2022_2025,25,"Material or literature distributed or posted by UTLA to employees shall be dated and shall not be defamatory, obscene, or violative of the law. 4.0 Released Time for Negotiations: Up to seven negotiating team employee representatives designated by UTLA shall be released from duty with no loss of pay or benefits for the purpose of attending negotiation meetings with the District pursuant to Article II, Section 1.0.",HARD,deontic:prohibition|deontic:obligation,2,,,,,,
UTLA_LAU_0028,UTLA_LAUSD_2022_2025,25,"The representatives shall not interrupt any employee's duties or assignments. 2.0 Bulletin Boards: UTLA shall have the right to post notices UTLA official matters on a bulletin board or a section of a bulletin board established for UTLA's exclusive use at each work site where employees are assigned. 3.0 Distribution of Material: Pursuant to United States Postal laws, the school mail is not available for distribution of UTLA material.",HARD,deontic:prohibition|deontic:obligation,2,,,,,,
UTLA_LAU_0027,UTLA_LAUSD_2022_2025,25,"The representative may contact employees during duty free lunch periods, before and after employees' hours of service or when the employee is not engaged in duties.",SOFT,deontic:permission,2,,,,,,
UTLA_LAU_0026,UTLA_LAUSD_2022_2025,25,"Upon arriving at a work site, the representative shall first report to the office of the site administrator and state the intended purpose and length of visit.",HARD,deontic:obligation,2,,,,,,
UTLA_LAU_0025,UTLA_LAUSD_2022_2025,25,"ARTICLE IV UTLA RIGHTS 1.0 Access: Any authorized UTLA representative shall have the right of reasonable access to District facilities, including teacher mailboxes, for the purpose of contacting employees and transacting UTLA matters.",HARD,deontic:obligation,2,,,,,,
UTLA_LAU_0016,UTLA_LAUSD_2022_2025,22,"In such event, the District and UTLA shall, upon request of either party, commence negotiations regarding the means of compliance with such law or decision. 2022-2025 UTLA Contract 4",HARD,deontic:obligation,2,,,,,,
UTLA_LAU_0014,UTLA_LAUSD_2022_2025,22,"However, as provided in Article XXXII, Section 5.0, this Agreement does not establish individual annual contracts. 3.0 Effect Upon District Policies and Rules: The District may determine and revise any of its policies, rules, regulations, or procedures.",SOFT,deontic:permission,2,,,,,,
UTLA_LAU_0013,UTLA_LAUSD_2022_2025,22,"If an individual contract contains any terms inconsistent with this Agreement, then this Agreement shall be deemed controlling.",HARD,deontic:obligation,2,,,,,,
UTLA_LAU_0011,UTLA_LAUSD_2022_2025,22,"However, there shall be negotiations during the term of this Agreement as follows: a.",HARD,deontic:obligation,2,,,,,,
UTLA_LAU_0008,UTLA_LAUSD_2022_2025,21,"It may be revised only by mutual agreement or by a Public Employment Relations Board unit clarification decision, but it is agreed that the parties may file for a unit clarification proceeding involving this unit only when the District creates new classifications or substantially changes the responsibilities of an existing classification.",SOFT,deontic:permission,2,,,,,,
UTLA_LAU_0005,UTLA_LAUSD_2022_2025,16,TABLE OF CONTENTS ARTICLE PAGE 2.0 Recommendations regarding the District-wide implementation Expansion and maintenance of the BSAP program shall be made by the BSAP Steering Committee (BSAPSC) 264 3.0 Auxiliary Period 264 XXV-C.,HARD,deontic:obligation,2,,,,,,
UTLA_LAU_0054,UTLA_LAUSD_2022_2025,28,"Upon request of the Chapter Chair, the site administrator shall consult with the Chapter Chair regarding the content of the document; c.",HARD,deontic:obligation,2,,,,,,
UTLA_LAU_0056,UTLA_LAUSD_2022_2025,29,"The Chapter Chair shall have the right to submit a written position, dissent, or comments to the administrator.",HARD,deontic:obligation,2,,,,,,
UTLA_LAU_0091,UTLA_LAUSD_2022_2025,34,Grievances as defined may be filed by the affected employee or by UTLA on its own behalf or on behalf of an individual employee or group of employees where the claims are similar.,SOFT,deontic:permission,2,,,,,,
UTLA_LAU_0074,UTLA_LAUSD_2022_2025,31,"Such revocation shall be effective at the next pay period, provided notice is given twenty (20) calendar days prior to the next payday.",HARD,deontic:obligation,2,,,,,,
UTLA_LAU_0090,UTLA_LAUSD_2022_2025,33,Any overpayments to UTLA resulting from excessive deductions shall be remedied either by refund from UTLA to the affected employee(s) or by a credit against future payments by the affected employee(s). 4.6 The District will furnish any information needed by UTLA to fulfill the provisions of this Article. 2022-2025 UTLA Contract 15,HARD,deontic:obligation,2,,,,,,
UTLA_LAU_0089,UTLA_LAUSD_2022_2025,33,Any underpayments to UTLA resulting from the District's failure to make a required deduction shall be remedied by additional deductions from the affected employee(s).,HARD,deontic:obligation,2,,,,,,
UTLA_LAU_0088,UTLA_LAUSD_2022_2025,33,In no case shall District funds be involved in any remedy relating in this Article.,HARD,deontic:obligation,2,,,,,,
UTLA_LAU_0087,UTLA_LAUSD_2022_2025,33,UTLA shall have the right to determine and decide all matters relating to settlement and conduct of litigation with respect to this Article.,HARD,deontic:obligation,2,,,,,,
UTLA_LAU_0085,UTLA_LAUSD_2022_2025,32,"To qualify for the religious exemption, the employee must provide the District, with a copy to UTLA, a written statement of objection, along with verifiable evidence of membership in a religious body as described in a. above. c.",HARD,deontic:obligation,2,,,,,,
UTLA_LAU_0084,UTLA_LAUSD_2022_2025,32,"Any employee who is a member of a religious body whose traditional tenets or teachings include objections to joining or financially supporting employee organizations shall not be required to meet the above agency fee obligations, but shall pay in lieu thereof (by means of mandatory payroll deduction) an amount equal to the agency fee, to a nonreligious, nonlabor charitable organization exempt from taxation under Section 501(c)(3) of the Internal Revenue Code, as designated by the employee.",HARD,deontic:prohibition|deontic:obligation,2,,,,,,
UTLA_LAU_0083,UTLA_LAUSD_2022_2025,32,"UTLA shall comply with applicable law regarding disclosure and allocation of its expenses, notice to employees of their right to object, provision for agency fee payers to challenge UTLA's determinations of amounts chargeable to the objecting non-members, and appropriate escrow provisions to hold contested amounts while the challenges are underway.",HARD,deontic:obligation,2,,,,,,
UTLA_LAU_0082,UTLA_LAUSD_2022_2025,32,"As to non-members who object to UTLA spending their agency fees on matters unrelated to collective bargaining and contract administration, the amount of agency fee charged shall not reflect expenditures which the courts or PERB have determined to be non-chargeable, including political contributions to candidates and parties, members-only benefits, charitable contributions and ideological expenditures and, to the extent provided by law, shall not reflect expenditures for certain aspects of lobbying, ballot measures, publications, organizing and litigation.",HARD,deontic:prohibition|deontic:obligation,2,,,,,,
UTLA_LAU_0080,UTLA_LAUSD_2022_2025,31,"(c) qualified for exemption based upon religious grounds as provided in Section 4.2 below, the District shall process a mandatory agency fee payroll deduction in the appropriate amount, and forward that amount to UTLA.",HARD,deontic:obligation,2,,,,,,
UTLA_LAU_0078,UTLA_LAUSD_2022_2025,31,Newly hired bargaining members shall have deductions for dues or agency fee made on the first warrant received from the District.,HARD,deontic:obligation,2,,,,,,
UTLA_LAU_0075,UTLA_LAUSD_2022_2025,31,"The District shall deduct one-twelfth (1/12) of such annual dues from each regular salary warrant which contains sufficient funds to cover the deductions. 1.1 If the District's withholdings from an employee's salary in any payroll period are insufficient to meet the amount authorized by the employee for the UTLA dues or UTLA-sponsored insurance, the District shall make an appropriate adjustment on a subsequent pay warrant.",HARD,deontic:obligation,2,,,,,,
UTLA_LAU_0072,UTLA_LAUSD_2022_2025,31,ARTICLE IV-A DUES DEDUCTIONS 1.0 Voluntary Authorizations: The District shall deduct UTLA dues from the salary of each employee who has submitted a written authorization.,HARD,deontic:obligation,2,,,,,,
UTLA_LAU_0057,UTLA_LAUSD_2022_2025,29,The administrator shall attach this statement to all copies of the official document being forwarded to the appropriate office.,HARD,deontic:obligation,2,,,,,,
UTLA_LAU_0071,UTLA_LAUSD_2022_2025,30,"In addition, UTLA may itself initiate consultations with the District regarding such matters. 2022-2025 UTLA Contract 12",SOFT,deontic:permission,2,,,,,,
UTLA_LAU_0070,UTLA_LAUSD_2022_2025,30,"Also, with regard to the development by the District (Central or Local District) of new or revised student assessment systems, or changes in instruments or frequency of assessment, the District shall during the design and deliberation stages give UTLA written notice of its intentions and plans, and include UTLA as one of the principal participating stakeholders in such process.",HARD,deontic:obligation,2,,,,,,
UTLA_LAU_0068,UTLA_LAUSD_2022_2025,30,"However, if the committee includes a combination of unit members invited to serve outside their regular assigned jobs, and unit members assigned to the committee as part of their regular assigned jobs, the latter shall be counted toward the District’s appointing authority under section b above. d.",HARD,deontic:obligation,2,,,,,,
UTLA_LAU_0067,UTLA_LAUSD_2022_2025,30,"UTLA shall then have the right to designate one-half of such unit members, and to replace those appointees, and the District shall have the right to designate (and replace) one-half of such unit members.",HARD,deontic:obligation,2,,,,,,
UTLA_LAU_0065,UTLA_LAUSD_2022_2025,29,"UTLA shall then have the right to designate one-half of such employee representatives, and to replace those appointees. 2022-2025 UTLA Contract 11",HARD,deontic:obligation,2,,,,,,
UTLA_LAU_0064,UTLA_LAUSD_2022_2025,29,"In accordance with Section 6.0 of this Article, UTLA-paid released time shall be provided to all Itinerant Chapter Chairs identified in Sections a, b and c above for member representation purposes, as needed. 9.0 Committee Appointments: If the District decides that unit members are to be invited to serve on any District-wide committee, it shall notify UTLA and specify the background and experience required.",HARD,deontic:obligation,2,,,,,,
UTLA_LAU_0062,UTLA_LAUSD_2022_2025,29,"For any District-wide or Local District-wide meeting convened by the District for itinerant employees or Substitute employees, a representative Itinerant Chapter Chair or Substitute Chapter Chair shall have the right to propose agenda items for such meetings.",HARD,deontic:obligation,2,,,,,,
UTLA_LAU_0061,UTLA_LAUSD_2022_2025,29,UTLA shall annually provide written notification to the District Office of Labor Relations identifying the bargaining unit members serving in itinerant and Substitute Chapter Chair positions. e.,HARD,deontic:obligation,2,,,,,,
UTLA_LAU_0060,UTLA_LAUSD_2022_2025,29,The District shall recognize one,HARD,deontic:obligation,2,,,,,,
UTLA_LAU_0059,UTLA_LAUSD_2022_2025,29,The District shall recognize up to six,HARD,deontic:obligation,2,,,,,,
UTLA_LAU_0058,UTLA_LAUSD_2022_2025,29,"The District shall recognize one Chapter Chair for each Local District, or similar governance structure, for each of the following: School Psychologists, PSA Counselors, Psychiatric Social Workers, Nurses, Speech and Language Pathologists, Occupational & Physical Therapists, and Visual and Performing Arts (VAPA) educators. b.",HARD,deontic:obligation,2,,,,,,
UTLA_LAU_0159,UTLA_LAUSD_2022_2025,41,"Provided, however that if the chapter chair may be personally affected by the outcome, and there is no designated co-chair, the matter shall automatically proceed to the next step. c.",HARD,deontic:obligation|deontic:permission,2,,,,,,
UTLA_LAU_0160,UTLA_LAUSD_2022_2025,41,"Submission to Alternate Grievance Panel: The aggrieved employee and the chapter chair wish to pursue the matter further, the chapter chair shall have three",HARD,deontic:obligation,2,,,,,,
UTLA_LAU_0161,UTLA_LAUSD_2022_2025,42,This filing shall cause the dispute to be referred to a two-member Joint Panel (see Section 3.0 below) for final resolution.,HARD,deontic:obligation,2,,,,,,
UTLA_LAU_0249,UTLA_LAUSD_2022_2025,55,"If, however, in a combined elementary-secondary situation the teacher remains in a situation which is equivalent to the regular elementary pattern, he or she shall be covered by the above basic elementary rules, and the teachers in that program who remain covered by the secondary rules shall not have their supervision duties increased as a result of the relief granted to the elementary teachers. 8.0 Additional Special Education Non-Classroom Time: Resource Specialist Teachers and Special Day Class teachers have supervisory responsibility for each student's total instructional program throughout each school day.",HARD,deontic:prohibition|deontic:obligation,2,,,,,,
UTLA_LAU_0265,UTLA_LAUSD_2022_2025,59,"(2) The District shall, in accordance with applicable statutes, provide staff development training to regularprogram teachers who teach Special Education students.",HARD,deontic:obligation,2,,,,,,
UTLA_LAU_0263,UTLA_LAUSD_2022_2025,59,"(3) If nurses are required to work outside of their assigned annual basis, they must be granted compensatory time off, or paid for the time at their regular rate. b.",HARD,deontic:obligation|deontic:obligation,2,,,,,,
UTLA_LAU_0261,UTLA_LAUSD_2022_2025,59,"(1) The District shall provide an in-service training program, or permit attendance at an accredited institution in order to help nurses meet their licensing renewal requirements.",HARD,deontic:obligation,2,,,,,,
UTLA_LAU_0260,UTLA_LAUSD_2022_2025,58,"K 214 days, excluding Saturdays and Sundays, but including legal holidays, and including school holidays except as provided below, occurring during the period of assigned time as designated by the Superintendent or his or her authorized representative.",UNCLEAR,threshold|exception,2,,,,,,
UTLA_LAU_0259,UTLA_LAUSD_2022_2025,58,"E 234 days, excluding Saturdays and Sundays but including legal holidays, and including school holidays except as provided below, occurring during the period of assigned time as designated by the Superintendent or his or her authorized representative.",UNCLEAR,threshold|exception,2,,,,,,
UTLA_LAU_0257,UTLA_LAUSD_2022_2025,58,"Article IX – Hours, Duties, and Work Year C 204 days, excluding Saturdays and Sundays but including legal holidays, and including school holidays except as provided below from the first day of the fall semester to the last day of the spring semester, inclusive.",UNCLEAR,threshold|exception,2,,,,,,
UTLA_LAU_0255,UTLA_LAUSD_2022_2025,57,"Such assignment shall include the period from the first day of the fall semester to the last day of the spring semester, inclusive.",HARD,deontic:obligation,2,,,,,,
UTLA_LAU_0254,UTLA_LAUSD_2022_2025,57,"B 221 days, excluding Saturdays and Sundays but including legal holidays, and including school holidays except as provided below, occurring during the period of assigned time as designated by the Superintendent of Schools or his or her authorized representative.",UNCLEAR,threshold|exception,2,,,,,,
UTLA_LAU_0253,UTLA_LAUSD_2022_2025,57,"PAID PAID ASSIGNED WORK HOLIDAYS/ PAID BASIS DAYS DAYS* NON-WORKDAYS DAYS A 261*** 248** 13 261*** B 221 197 24 221 C 204 182* 22 204 E 234 210 24 234 K 214 192 22 214 *Includes 2 pupil-free days, as applicable. **Includes vacation days and may increase by one day on leap years. ***May increase by one day on leap years The following assignment basis definitions reflect assigned days, as set forth in the chart, above.",SOFT,deontic:permission,2,,,,,,
UTLA_LAU_0251,UTLA_LAUSD_2022_2025,55,Administrators shall make a reasonable effort to schedule a number of shortened days to accommodate some of the IEP conferences which Special Education teachers attend. 9.0 Variations and Experimental Situations: It is not the desire of UTLA or the District to discourage reasonable experimentation with school schedules which may vary from the above-described normal patterns.,HARD,deontic:obligation|deontic:permission,2,,,,,,
UTLA_LAU_0250,UTLA_LAUSD_2022_2025,55,"Consistent with such responsibilities and IEP requirements, the District shall make a reasonable effort to provide an expanded period of time for the purposes of counseling, assisting regular program teachers and preparation/conference by: a.",HARD,deontic:obligation,2,,,,,,
UTLA_LAU_0247,UTLA_LAUSD_2022_2025,55,"Assignment and Pay for Supervision: Commencing at the start of any school year, elementary teachers shall be permitted to place themselves (on a voluntary basis) on a ""first call"" list for paid supervision duties as needed, with the understanding that such services will be paid at the Extended Teaching Assignment hourly rate (Appendix E, Section 6.0).",HARD,deontic:obligation,2,,,,,,
UTLA_LAU_0267,UTLA_LAUSD_2022_2025,59,(3) Special Education personnel who have been directed to be available at a given time for additional days of employment shall be informed as to confirmation or cancellation 30 calendar days prior to such additional employment. 2022-2025 UTLA Contract 41,HARD,deontic:obligation,2,,,,,,
UTLA_LAU_0245,UTLA_LAUSD_2022_2025,54,The additional pay shall not be authorized for non-classroom teachers or for any of the following situations involving classroom teachers:,HARD,deontic:prohibition|deontic:obligation,2,,,,,,
UTLA_LAU_0244,UTLA_LAUSD_2022_2025,54,"In situations where the above-assigned personnel are not available to cover the supervision, or other compelling circumstances exist, classroom teachers may be assigned such duties on a rotating basis but such assignments and pay shall be as provided herein, below. a.",HARD,deontic:obligation|deontic:permission,2,,,,,,
UTLA_LAU_0242,UTLA_LAUSD_2022_2025,53,"In situations where the other personnel are not available to cover the supervision, classroom teachers may be assigned such duties on a rotating basis, but for such time shall be paid at the employee's regular rate of pay; provided, that additional pay shall not be authorized for any of the following: a.",HARD,deontic:prohibition|deontic:obligation|deontic:permission,2,,,,,,
UTLA_LAU_0240,UTLA_LAUSD_2022_2025,53,"In order to provide such preparation time, the District shall assign personnel other than classroom teachers to perform regularly scheduled non-classroom supervision duties (such as supervision of grounds and bus arrival/departure) during those periods of time.",HARD,deontic:obligation,2,,,,,,
UTLA_LAU_0237,UTLA_LAUSD_2022_2025,53,The UTLA Chapter Chair is to assist in determining the desires of the staff. 6.0 Secondary Preparation Period: Each regular full-time secondary classroom teacher (including full-time CTE teachers and Teacher Librarians) shall be assigned five scheduled class periods weekly as preparation periods.,HARD,deontic:obligation,2,,,,,,
UTLA_LAU_0234,UTLA_LAUSD_2022_2025,52,Training shall 2022-2025 UTLA Contract 34,HARD,deontic:obligation,2,,,,,,
UTLA_LAU_0233,UTLA_LAUSD_2022_2025,52,Required topics for the inservice shall incorporate state requirements and District priorities.,HARD,deontic:obligation,2,,,,,,
UTLA_LAU_0231,UTLA_LAUSD_2022_2025,52,Such employees who cannot attend the required in-service prior to beginning their teaching assignment shall attend the next scheduled UTLA/District sessions for an equivalent amount of time on an unpaid basis.,HARD,deontic:obligation,2,,,,,,
UTLA_LAU_0229,UTLA_LAUSD_2022_2025,52,"If a meeting is scheduled after school, it should be started as soon as practicable after the student day is completed. 4.4 Meeting on the Two Pupil-Free Days: Site administrators shall make a reasonable effort to limit required meeting time on the two pupil-free days (see Section 10.0c.) in order to provide time for class and room preparation.",HARD,deontic:obligation|deontic:preference,2,,,,,,
UTLA_LAU_0228,UTLA_LAUSD_2022_2025,52,Employees shall be permitted to participate in discussions during the meetings.,HARD,deontic:obligation,2,,,,,,
UTLA_LAU_0227,UTLA_LAUSD_2022_2025,52,"Agendas for faculty meetings are to be distributed twenty-four hours in advance, and employees shall be permitted to propose agenda items.",HARD,deontic:obligation,2,,,,,,
UTLA_LAU_0266,UTLA_LAUSD_2022_2025,59,Such staff development training shall be treated as a priority purpose for use of the existing allocation of minimum or shortened days.,HARD,deontic:obligation,2,,,,,,
UTLA_LAU_0268,UTLA_LAUSD_2022_2025,60,"Psychologists: Assessment and testing of Special Education students for initial placement, change of placement and three year reevaluation shall be the responsibility of the School Psychologists. d.",HARD,deontic:obligation,2,,,,,,
UTLA_LAU_0224,UTLA_LAUSD_2022_2025,52,"No special format for a lesson plan shall be required. 4.2 All duties required of each employee shall meet the test of reasonableness, and shall be assigned and distributed by the site administrator in a reasonable and equitable manner among the employees at the school or center to minimize significant impact to the employee’s core duties and workday. 4.3 Faculty, Departmental, Grade Level, Staff Development and Committee Meetings: No employee shall be expected to attend more than 30 such meetings per school year (but not more than four in any month).",HARD,deontic:obligation|deontic:prohibition,2,,,,,,
UTLA_LAU_0285,UTLA_LAUSD_2022_2025,62,"Elementary School Assignments: Employees in elementary schools and in programs such as Early Education Centers, development centers and ungraded programs shall be deemed a single group for assignment purposes.",HARD,deontic:obligation,2,,,,,,
UTLA_LAU_0296,UTLA_LAUSD_2022_2025,63,The site administrator shall assign such permanent teachers who are otherwise qualified to the grade level openings available to permanent teachers on the basis of District seniority.,HARD,deontic:obligation,2,,,,,,
UTLA_LAU_0295,UTLA_LAUSD_2022_2025,62,Permanent teachers shall be allowed 2022-2025 UTLA Contract 44,HARD,deontic:obligation,2,,,,,,
UTLA_LAU_0294,UTLA_LAUSD_2022_2025,62,"(ii) After the site administrator indicates the positions available for otherwise qualified permanent teachers, the permanent teachers at the site shall request assignment to the grade level positions for which they are qualified and which are available to permanent teachers.",HARD,deontic:obligation,2,,,,,,
UTLA_LAU_0293,UTLA_LAUSD_2022_2025,62,"The percentage of all the positions that are made available to otherwise qualified permanent teachers by each grade level and by all grade levels as a whole, shall reasonably approximate the percentage of permanent teachers at the site.",HARD,deontic:obligation,2,,,,,,
UTLA_LAU_0292,UTLA_LAUSD_2022_2025,62,"The site administrator shall then indicate on the matrix the number of positions by grade level that are available for the assignment of otherwise qualified permanent and non-permanent teachers, respectively.",HARD,deontic:obligation,2,,,,,,
UTLA_LAU_0291,UTLA_LAUSD_2022_2025,62,"(i) The site administrator, after consultation with the chapter chair, shall determine the percentage of permanent teachers and the percentage of non-permanent teachers that are expected to be assigned to the site during the school year for which the assignments are to be made.",HARD,deontic:obligation,2,,,,,,
UTLA_LAU_0290,UTLA_LAUSD_2022_2025,62,"In schools with student enrollment of greater than 175 in grades UTK-5, general education teachers assigned to teach in a multi-grade classroom after norm day in order to comply with contractual class size minimums, shall be eligible to receive the following: i.",HARD,deontic:obligation,2,,,,,,
UTLA_LAU_0289,UTLA_LAUSD_2022_2025,62,Priority consideration shall be given to combination classes when assigning paraprofessional support.,HARD,deontic:obligation,2,,,,,,
UTLA_LAU_0288,UTLA_LAUSD_2022_2025,62,"Should a combination class be created, the site administrator in consultation with the grade-level chair will assign the multi-grade class(es) equitably among teachers assigned to the affected grade levels year-to-year.",SOFT,deontic:preference,2,,,,,,
UTLA_LAU_0287,UTLA_LAUSD_2022_2025,62,Multi-Grades in Elementary General Education Classrooms: Every effort shall be made to avoid multi-grade classes in the general education program.,HARD,deontic:obligation,2,,,,,,
UTLA_LAU_0286,UTLA_LAUSD_2022_2025,62,"In each of these schools, grade levels and classes shall be made pursuant to the following procedure. d.",HARD,deontic:obligation,2,,,,,,
UTLA_LAU_0284,UTLA_LAUSD_2022_2025,61,Teachers on leave who are scheduled to return to service should participate in the selection process. 2022-2025 UTLA Contract 43,SOFT,deontic:preference,2,,,,,,
UTLA_LAU_0271,UTLA_LAUSD_2022_2025,60,"Special Provisions for Novice Teachers: To assist with the retention of “novice teachers,” (those in their first school year of service as a teachers defined as the equivalent of 130 full-time paid days during the period July 1 - June 30), to the extent practicable, novice teachers shall:",HARD,deontic:obligation,2,,,,,,
UTLA_LAU_0283,UTLA_LAUSD_2022_2025,61,Submission of this preference form shall serve as a request for the assignment.,HARD,deontic:obligation,2,,,,,,
UTLA_LAU_0282,UTLA_LAUSD_2022_2025,61,"Requests: Teachers with the specified credentials and required qualifications (“qualified”) may request assignment to their grade level (elementary), specific class(es) within a department (secondary) using a teacher preference form or other locally determined method.",SOFT,deontic:permission,2,,,,,,
UTLA_LAU_0281,UTLA_LAUSD_2022_2025,61,"In any event, however, the time must be utilized by the end of the second week of student instruction. b.",HARD,deontic:obligation,2,,,,,,
UTLA_LAU_0280,UTLA_LAUSD_2022_2025,61,"The scheduling and configuration of such time shall be in release time and/or additional paid time, and shall be mutually agreed upon between the teacher and the site administrator.",HARD,deontic:obligation,2,,,,,,
UTLA_LAU_0279,UTLA_LAUSD_2022_2025,61,"In the case of a change of assignment that does not affect the majority of the courses taught, but does require a preparation for a course not in the previous assignment, the teacher, upon request, shall receive the equivalent of up to one",HARD,deontic:obligation,2,,,,,,
UTLA_LAU_0278,UTLA_LAUSD_2022_2025,61,"In order to receive the equivalent of two days of preparation time, the change of assignment must affect the majority of courses taught in a secondary assignment, and require a preparation for a course not in the previous assignment.",HARD,deontic:obligation,2,,,,,,
UTLA_LAU_0277,UTLA_LAUSD_2022_2025,61,"(5) calendar days prior to the assignment (first student instructional day), upon request, the teacher shall receive up to the equivalent of two",HARD,deontic:obligation,2,,,,,,
UTLA_LAU_0276,UTLA_LAUSD_2022_2025,61,"Teachers shall also be notified, as soon as feasible, of a change in the tentative assignment.",HARD,deontic:obligation,2,,,,,,
UTLA_LAU_0275,UTLA_LAUSD_2022_2025,61,"In order to provide adequate planning time, teachers shall be notified of tentative assignments as soon as feasible, but not later than twenty-one (21) calendar days prior to the teacher’s last scheduled work day.",HARD,deontic:obligation,2,,,,,,
UTLA_LAU_0274,UTLA_LAUSD_2022_2025,61,"The site administrator shall specify any special credentials, necessary qualifications and any differentials, along with the requirements to qualify for the differentials.",HARD,deontic:obligation,2,,,,,,
UTLA_LAU_0272,UTLA_LAUSD_2022_2025,61,"Creation and Posting Of Matrix: Approximately four weeks prior to the day teachers on any schedule finish service for the school year or four weeks before classes are selected, the site administrator shall prepare and post a matrix indicating the tentative number of classes for each subject/grade level.",HARD,deontic:obligation,2,,,,,,
UTLA_LAU_0225,UTLA_LAUSD_2022_2025,52,"In secondary schools, under special circumstances, only one of the above meetings per month may be held during the employee's preparation period.",SOFT,deontic:permission,2,,,,,,
UTLA_LAU_0223,UTLA_LAUSD_2022_2025,52,"Article IX – Hours, Duties, and Work Year assignment, independent study and otherwise keeping current with developments within their areas or subjects of assignment; assuming reasonable responsibility for the proper use and control of District property, equipment, material and supplies; and attending faculty, departmental, grade level and other meetings called or approved by the immediate administrator. 4.1 Lesson plans or evidence of planning in a format appropriate to the teacher’s assignment, shall be furnished by each classroom teacher upon request from the teacher's immediate administrator.",HARD,deontic:obligation,2,,,,,,
UTLA_LAU_0162,UTLA_LAUSD_2022_2025,42,"The assigned members of the Joint Panel shall convene the parties to learn the facts and hear the parties’ contentions, and then shall use all of their best mutual efforts to reach agreement upon the appropriate final decision.",HARD,deontic:obligation,2,,,,,,
UTLA_LAU_0178,UTLA_LAUSD_2022_2025,45,"If the Superintendent’s decision is to deny the SLC plan, the SLC design team may appeal the decision directly to the Board of Education for final action. c.",SOFT,deontic:permission,2,,,,,,
UTLA_LAU_0190,UTLA_LAUSD_2022_2025,47,"However, a SLC may choose not to propose these positions. b.",SOFT,deontic:permission,2,,,,,,
UTLA_LAU_0189,UTLA_LAUSD_2022_2025,47,"If an SLC design includes provisions for department chairs, grade level chairs, deans or other out-of-the-classroom positions, they shall be chosen according to the procedures of this Agreement.",HARD,deontic:obligation,2,,,,,,
UTLA_LAU_0188,UTLA_LAUSD_2022_2025,47,"The contract waiver process available under Article XXVII, Sections 3.2 and 3.4 shall also be available to SLCs. 6.0 SLC Leadership: a.",HARD,deontic:obligation,2,,,,,,
UTLA_LAU_0186,UTLA_LAUSD_2022_2025,47,"Once that process is completed, the SLC shall be able to fill the remainder of the planned faculty positions (and any later new openings) the same as any other separate school site.",HARD,deontic:obligation,2,,,,,,
UTLA_LAU_0185,UTLA_LAUSD_2022_2025,47,"Article VIII – Small Learning Communities the design team has been assigned, the initial remaining positions with the SLC shall be filled first with volunteers, if any, from the site pursuant to Article XI, Section 16.0.",HARD,deontic:obligation,2,,,,,,
UTLA_LAU_0184,UTLA_LAUSD_2022_2025,46,"Based upon the design created by the stakeholders and the Local District Superintendent, the Local District Superintendent completes and submits a proposal for a new school SLC design proposal to the Committee (see Section 1.0 above) for recommendation to the Superintendent for approval. 4.0 Staffing, Vacancies and Transfers: The faculty members of the SLC’s design team (assuming that they fairly reflect the overall staff at the site in terms of demographics and subject matter, and their assignments are consistent with other district staffing policies such as Staff Integration, Rodriguez Decree and the like) shall be assigned to the SLC upon its approval, and from that time forward the SLC shall be treated the same as a separate school for purposes of staffing, transfers, displacements and filling of openings.",HARD,deontic:obligation,2,,,,,,
UTLA_LAU_0183,UTLA_LAUSD_2022_2025,46,"Pursuant to State and Federal law, the Superintendent shall retain the authority to create SLCs as part of restructuring, building upon the progress already being made to create SLCs at the school and incorporating these efforts into the new plan. 3.0 Process for New Construction Schools: a.",HARD,deontic:obligation,2,,,,,,
UTLA_LAU_0182,UTLA_LAUSD_2022_2025,46,"The Principal, the Chapter Chair, and the School Site Council may recommend that the proposal and the report be forwarded to the Local District Superintendent for review and comment. e.",SOFT,deontic:permission,2,,,,,,
UTLA_LAU_0181,UTLA_LAUSD_2022_2025,46,"Acting with the assistance of the school’s planning team and Local District support staff, the SLC design team shall develop a proposal and school impact report for presentation to the Principal and the School Site Council.",HARD,deontic:obligation,2,,,,,,
UTLA_LAU_0180,UTLA_LAUSD_2022_2025,46,"Issues to be discussed and considered shall include the attributes, including equitable services in the utilization of school facilities, schedules, grade spans, and staffing. b.",HARD,deontic:obligation,2,,,,,,
UTLA_LAU_0179,UTLA_LAUSD_2022_2025,45,Requests for reconsideration may be made to the Committee by SLC candidates who have been denied permission to proceed by the Committee. 2022-2025 UTLA Contract 27,SOFT,deontic:permission,2,,,,,,
UTLA_LAU_0177,UTLA_LAUSD_2022_2025,45,(4) The Superintendent shall approve or deny the plan within 30 calendar days of receipt.,HARD,deontic:obligation,2,,,,,,
UTLA_LAU_0192,UTLA_LAUSD_2022_2025,47,"A SLC may choose through its design to have a coordinator as a school leader, with the approval of the local school administrator responsible for faculty evaluation.",SOFT,deontic:permission,2,,,,,,
UTLA_LAU_0176,UTLA_LAUSD_2022_2025,45,(3) The Central Committee shall review the plan and within 30 calendar days of receipt make a recommendation to the Superintendent.,HARD,deontic:obligation,2,,,,,,
UTLA_LAU_0175,UTLA_LAUSD_2022_2025,45,"If the LDS does not approve the plan within 30 calendar days, it shall be sent to the Central Committee.",HARD,deontic:obligation,2,,,,,,
UTLA_LAU_0174,UTLA_LAUSD_2022_2025,45,(2) The Local District Superintendent shall complete its review of the plan within 30 calendar days of its receipt.,HARD,deontic:obligation,2,,,,,,
UTLA_LAU_0172,UTLA_LAUSD_2022_2025,45,"(1) The School Site Council shall initially review all proposed SLC plans, and if it recommends that a plan should proceed, shall send it to the Local District Superintendent for review.",HARD,deontic:obligation|deontic:preference,2,,,,,,
UTLA_LAU_0169,UTLA_LAUSD_2022_2025,43,"Neither UTLA nor its officers or representatives or affiliates shall cause, encourage, condone or participate in any strike, slowdown or other work stoppage during the term of this Agreement.",HARD,deontic:obligation,2,,,,,,
UTLA_LAU_0168,UTLA_LAUSD_2022_2025,42,Such appointees shall then be divided into two-member teams to serve together on an ongoing basis as a Joint Panel. 2022-2025 UTLA Contract 24,HARD,deontic:obligation,2,,,,,,
UTLA_LAU_0167,UTLA_LAUSD_2022_2025,42,"The District and UTLA shall each make all reasonable good faith efforts to select their designees on the basis of perceived school experience, reputation for fairness and judicious character.",HARD,deontic:obligation,2,,,,,,
UTLA_LAU_0166,UTLA_LAUSD_2022_2025,42,"The total number of such appointees shall be determined by the District and UTLA each year based on anticipated needs, but shall not be fewer than eight (four each).",HARD,deontic:prohibition|deontic:obligation,2,,,,,,
UTLA_LAU_0165,UTLA_LAUSD_2022_2025,42,Such appointments shall be made each March for the ensuing school year.,HARD,deontic:obligation,2,,,,,,
UTLA_LAU_0164,UTLA_LAUSD_2022_2025,42,"(The members of the particular Joint Panel shall not be advised as to which would be so designated until such time as it becomes necessary to make the designation.) Joint Panel decisions are final and binding, but shall be applicable solely to the specific dispute, and shall be non-precedent setting. 3.0 Joint Panels: The District and UTLA shall each designate an equal number of retired District employees to serve as a pool of Joint Panel members.",HARD,deontic:prohibition|deontic:obligation,2,,,,,,
UTLA_LAU_0163,UTLA_LAUSD_2022_2025,42,"However, in the event that they are deadlocked, Staff Relations and UTLA shall designate one of the Panel Members as the designated decision maker (and the other as advisory), based upon the principle of alternating between the District designee and the UTLA designee for succeeding deadlocked panels on a District-wide basis.",HARD,deontic:obligation,2,,,,,,
UTLA_LAU_0191,UTLA_LAUSD_2022_2025,47,"SLCs shall be led by a principal, an assistant principal, or a coordinator under the supervision of an administrator.",HARD,deontic:obligation,2,,,,,,
UTLA_LAU_0193,UTLA_LAUSD_2022_2025,47,"The coordinator shall be chosen and shall serve pursuant to the election of full-time school site coordinator provisions (Article IX-A, Sec. 4.0, 5.0, 5.1, 6.0). c.",HARD,deontic:obligation,2,,,,,,
UTLA_LAU_0222,UTLA_LAUSD_2022_2025,51,All non-classroom teachers shall remain on site when necessary to perform the duties described in Section 4.0 which are appropriate to their work. e.,HARD,deontic:obligation,2,,,,,,
UTLA_LAU_0207,UTLA_LAUSD_2022_2025,49,"Itinerant employees serving less than a full day at a work location and Early Education Center employees shall also enter the correct time as part of their sign-in and sign-out. 3.0 Minimum On-Site Obligation: It is understood that all fulltime classroom teachers (including Teacher Librarians) at a particular school or center (excluding those in the Division of Adult and Career Education) shall be assigned a minimum on-site duty obligation of uniform duration, but may have differing class schedules, hours of assignment and starting times. 3.1 For the purpose of implementing a professional development banked time schedule, full time teachers shall have the following on-site obligations: Grades Before Instructional After Instructional Day Weekly Average Teacher Day Instructional Minutes",HARD,deontic:obligation|deontic:permission,2,,,,,,
UTLA_LAU_0221,UTLA_LAUSD_2022_2025,51,School psychologists assigned to school site(s) shall also be covered by the above provisions. d.,HARD,deontic:obligation,2,,,,,,
UTLA_LAU_0220,UTLA_LAUSD_2022_2025,51,These employees may depart after the regular departure time for teachers and at the completion of all of their on-site job obligations.,SOFT,deontic:permission,2,,,,,,
UTLA_LAU_0219,UTLA_LAUSD_2022_2025,51,"Non-classroom teachers assigned to a school site and paid on the Preparation Salary Table (including but not limited to counselors, ""in-house deans,"" and advisers) who do not receive any extra pay (see c., above) shall observe on-site hours which are to be not less than the hours observed by the teachers at the site, and remain on-site as necessary to perform the assigned duties of the position and the professional obligations of Section 4.0 which are appropriate to their work.",HARD,deontic:obligation,2,,,,,,
UTLA_LAU_0218,UTLA_LAUSD_2022_2025,51,Incumbent school site counselors may accept a differential and/or stipend if offered to extend their on-site obligation but shall not be required to do so. c.,HARD,deontic:prohibition|deontic:obligation|deontic:permission,2,,,,,,
UTLA_LAU_0216,UTLA_LAUSD_2022_2025,50,It is understood that employees on the Special Services Salary Table with eight-hour assignments may have to work onsite for eight hours when necessary to complete the obligations of their assignment. b.,SOFT,deontic:permission,2,,,,,,
UTLA_LAU_0215,UTLA_LAUSD_2022_2025,50,"Employees with eight-hour assignments may work on hour off-site to document, download and analyze data, update intervention plan; and fulfill other duties as needed.",SOFT,deontic:permission,2,,,,,,
UTLA_LAU_0214,UTLA_LAUSD_2022_2025,50,"This obligation may occasionally include off-site time when it is determined that the work can appropriately be performed off-site, and that the employee is not needed for other responsibilities on-site.",SOFT,deontic:permission,2,,,,,,
UTLA_LAU_0213,UTLA_LAUSD_2022_2025,50,"Multiple schedules, such as staggered or offset session schedules, shall not result in an increased workday for Teacher Librarians. 3.5 Non-Classroom Teachers: For purposes of this Article, the term ""non-classroom teacher"" refers to those full-time employees whose classroom teaching assignment, if any, is fewer than three periods per day in secondary, or less than half-time in elementary. a.",HARD,deontic:prohibition|deontic:obligation,2,,,,,,
UTLA_LAU_0212,UTLA_LAUSD_2022_2025,50,Teacher Librarians shall remain on site when necessary to perform the duties described in Section 4.0 which are appropriate to their work.,HARD,deontic:obligation,2,,,,,,
UTLA_LAU_0211,UTLA_LAUSD_2022_2025,50,"For all Early Education Center teachers, their wages are inclusive of and recognize the professional duties performed on or off-site. 3.3 DACE Teachers: Adult Education employees shall be at their assigned duty station at least ten (10) minutes before the first daily class or other assignment begins, shall remain at their assigned duty station at least ten (10) minutes after the last class or other scheduled period of work ends and shall also remain on-site beyond the minimum on-site hours as reasonably necessary to perform duties described in Section 4.0, below. 3.4 Teachers Librarians: Teacher Librarians shall have a scheduled minimum on-site obligation of sufficient duration that they can personally keep the library open to students one-half hour before and after the normal full pupil day for the school.",HARD,deontic:obligation,2,,,,,,
UTLA_LAU_0210,UTLA_LAUSD_2022_2025,49,"Preparation time minutes may be divided between a.m. and p.m. at local school site discretion. 3.2 EEC Teachers: Full-time Early Education Center teachers are to have a daily on-site obligation of eight hours, although it is understood that 2022-2025 UTLA Contract 31",SOFT,deontic:permission,2,,,,,,
UTLA_LAU_0206,UTLA_LAUSD_2022_2025,49,"The workday for part-time employees shall be proportionate, or governed by the employee's individual employment contract. 2.0 Sign-in and Sign-out: All employees shall, upon each arrival to and departure from their assigned work location, enter their initials on a form provided by the District.",HARD,deontic:obligation,2,,,,,,
UTLA_LAU_0194,UTLA_LAUSD_2022_2025,47,"In those approved SLCs led by an AP (an evaluating administrator), the SLC may choose to select a Lead Teacher to assist the SLC’s administrator.",SOFT,deontic:permission,2,,,,,,
UTLA_LAU_0205,UTLA_LAUSD_2022_2025,48,"The Committee may address the following issues: Selection of classes by faculty members, displacement issues, process for collapsing of SLCs, composition of local SLCs, delineation of roles of SLC Lead Teachers and chapter chairs, issues between the District and SLCs regarding mandated curriculum, and transfers between SLCs. 2022-2025 UTLA Contract 30",SOFT,deontic:permission,2,,,,,,
UTLA_LAU_0204,UTLA_LAUSD_2022_2025,48,The committee shall submit a report and recommendations to both the LAUSD Board of Education and the UTLA Board of Directors with comments and recommendations for changes to this article.,HARD,deontic:obligation,2,,,,,,
UTLA_LAU_0203,UTLA_LAUSD_2022_2025,48,The committee shall be composed of three District and three UTLA members.,HARD,deontic:obligation,2,,,,,,
UTLA_LAU_0202,UTLA_LAUSD_2022_2025,48,"Article VIII – Small Learning Communities 7.0 SLC Task Force: Upon approval of a tentative agreement for this 2008-2011 Agreement, UTLA and the District shall form a committee to review this article.",HARD,deontic:obligation,2,,,,,,
UTLA_LAU_0201,UTLA_LAUSD_2022_2025,47,"In that case, the faculty of the SLC shall elect a replacement. 2022-2025 UTLA Contract 29",HARD,deontic:obligation,2,,,,,,
UTLA_LAU_0200,UTLA_LAUSD_2022_2025,47,The Superintendent or central designee may request that there be a change in the Lead Teacher when such action is deemed to be in the best interest of the educational program of the District.,SOFT,deontic:permission,2,,,,,,
UTLA_LAU_0199,UTLA_LAUSD_2022_2025,47,Lead Teachers must have permanent status as a District employee prior to election to a Lead Teacher position.,HARD,deontic:obligation,2,,,,,,
UTLA_LAU_0198,UTLA_LAUSD_2022_2025,47,Lead Teachers shall have one additional period of release time to perform the duties required.,HARD,deontic:obligation,2,,,,,,
UTLA_LAU_0197,UTLA_LAUSD_2022_2025,47,"Lead Teachers shall be elected annually by the faculty of the SLC, excluding substitutes and contract pool teachers.",HARD,deontic:obligation,2,,,,,,
UTLA_LAU_0196,UTLA_LAUSD_2022_2025,47,"Lead Teachers shall be provided, through District funding, release time of one additional period to perform the duties required.",HARD,deontic:obligation,2,,,,,,
UTLA_LAU_0195,UTLA_LAUSD_2022_2025,47,"The duties of the Lead Teacher in assisting the administrator shall be worked out collaboratively, with the final approval of the Superintendent or Central designee of the Superintendent.",HARD,deontic:obligation,2,,,,,,
UTLA_LAU_0588,UTLA_LAUSD_2022_2025,102,"(2) Must have taught, or practiced, in the second subject field or program without having received a Notice of Unsatisfactory Service or a Below Standard Performance Evaluation; and",HARD,deontic:obligation,2,,,,,,
UTLA_LAU_0534,UTLA_LAUSD_2022_2025,95,"At the close of or subsequent to the above meeting, the administrator shall announce to the employee (and representative, if any) the discipline to be imposed and immediately confirm it in writing on the appropriate District form.",HARD,deontic:obligation,2,,,,,,
UTLA_LAU_0590,UTLA_LAUSD_2022_2025,102,"In addition, a displaced Special Education teacher may be reassigned to an opening outside of Special Education at the same site, but only if the displaced teacher is properly credentialed and previously served in the regular non-Special Education program at that same site immediately prior to taking the Special Education assignment. j.",SOFT,deontic:permission,2,,,,,,
UTLA_LAU_0905,UTLA_LAUSD_2022_2025,140,"In any event, the assignment shall be for the equivalent of at least one-half of the number of hours required for full-time employment; and the employee shall be placed on leave from the location in which half-time service is performed. e.",HARD,deontic:obligation,2,,,,,,
UTLA_LAU_0927,UTLA_LAUSD_2022_2025,144,"The second health care provider, if required, shall be selected by the District.",HARD,deontic:obligation,2,,,,,,
UTLA_LAU_0926,UTLA_LAUSD_2022_2025,144,"(4) a statement that the serious health condition warrants the participation of the employee to provide care. 24.6 Medical Certification - Employee: If the leave is for the serious health condition of the employee, the employee must submit to the immediate administrator and/or, if applying for a formal leave must attach to the leave application, certification as specified in",HARD,deontic:obligation,2,,,,,,
UTLA_LAU_0920,UTLA_LAUSD_2022_2025,143,Leave may be taken intermittently in one or more periods.,SOFT,deontic:permission,2,,,,,,
UTLA_LAU_0919,UTLA_LAUSD_2022_2025,143,"This transition period shall be from July 1, 2007 through August 31, 2007.",HARD,deontic:obligation,2,,,,,,
UTLA_LAU_0917,UTLA_LAUSD_2022_2025,143,"For the period of time up to, and including June 30, 2007, the leave, together with any renewal thereof, shall not exceed the number of days equivalent to a total of twelve (12) normally scheduled workweeks in a fiscal year.",HARD,deontic:prohibition|deontic:obligation,2,,,,,,
UTLA_LAU_0915,UTLA_LAUSD_2022_2025,142,"The definition includes podiatrists, dentists, clinical psychologists, optometrists, chiropractors (limited in scope), nurse practitioners, nurse midwives, and certain Christian Science practitioners. 24.2 Length of Leave: The leave, together with any renewal thereof, shall not exceed the number of days equivalent to a total of 12 normally scheduled work weeks in a twelve (12) month period measured forward from the 2022-2025 UTLA Contract 124",HARD,deontic:prohibition|deontic:obligation,2,,,,,,
UTLA_LAU_0914,UTLA_LAUSD_2022_2025,142,"For purposes of this section, furlough days and days worked during offbasis time shall count as ""workdays."" The Family Care and Medical Leave/Absence may be granted for reason of the birth of a child of the employee, the placement of a child with an employee in connection with the adoption or foster care of the child by the employee, the serious health condition of a child of an employee, the employee's own serious health condition, or the care of a parent or spouse who has a serious health condition. 24.1 Definitions: For purposes of this leave, the following definitions shall apply: a. ""Child"" means a biological, adopted or foster child; a stepchild; a legal ward; the child of a cohabitant who is the equivalent of a spouse; or a child of a person standing ""in loco parentis,"" such child being either under 18 years of age or an adult dependent who is incapable of self care due to a mental or physical disability. b. ""Spouse"" means a husband or wife or cohabitant who is the equivalent of a spouse. c. ""Parent"" means a biological, foster, or adoptive parent; a person who stood ""in loco parentis"" to the employee when the employee was a child; a stepparent; or a legal guardian; and does not include a parent-in-law. d. ""Serious health condition"" means an illness, injury, impairment, or physical or mental condition that involves either in-patient care in a hospital, hospice or residential health care facility, or continuing treatment or supervision by a health care provider. e. ""Health care provider"" means an individual holding either a physician's and surgeon's certificate or an osteopathic physician's and surgeon's certificate issued pursuant to Article 4, Chapter 5 of Division 2 of the California Business and Professions Code, who directly treats or supervises the treatment of the serious health condition, or any other individual duly licensed to practice medicine in another state or jurisdiction or by any other person determined by the Secretary of Labor to be capable of providing health care services.",HARD,deontic:obligation|deontic:permission,2,,,,,,
UTLA_LAU_0912,UTLA_LAUSD_2022_2025,141,"As an exception to the general rule regarding unpaid leave, employees placed on this leave shall be entitled to continued coverage under the medical, vision and dental plans of this Agreement, but not the life insurance plan in accordance with the provisions of Article XVI, Section 4.0. 24.0 Family Care and Medical Leave/Absence: (The following provisions may be changed when final regulations are adopted by the California 2022-2025 UTLA Contract 123",HARD,deontic:obligation|deontic:permission,2,,,,,,
UTLA_LAU_0910,UTLA_LAUSD_2022_2025,141,An employee not approved to return by the District Medical Adviser may appeal to Medical Review Committee under 8.1 of this article. c.,SOFT,deontic:permission,2,,,,,,
UTLA_LAU_0907,UTLA_LAUSD_2022_2025,141,"The employee will receive salary for the hours for which service is rendered. 22.1 Whether the employee is assigned for one complete semester of full-time service per year or half of each working day per year, the District shall maintain the employee's Health and Welfare benefits for eligible employees for the school year.",HARD,deontic:obligation,2,,,,,,
UTLA_LAU_0906,UTLA_LAUSD_2022_2025,141,The salary earned and paid must be at least half the salary the employee would have earned on a full-time basis.,HARD,deontic:obligation,2,,,,,,
UTLA_LAU_0904,UTLA_LAUSD_2022_2025,140,"Exceptions to the above work schedules may be made in special circumstances, but shall require written approval of the Local District superintendent or his/her designee upon recommendation of the site administrator.",HARD,deontic:obligation|deontic:permission,2,,,,,,
UTLA_LAU_0929,UTLA_LAUSD_2022_2025,144,"The two health care providers will choose the third health care provider, whose opinion shall be final and binding. c.",HARD,deontic:obligation,2,,,,,,
UTLA_LAU_0903,UTLA_LAUSD_2022_2025,140,"If the employee is assigned on other than the ""C"" basis, the leave shall be the equivalent of one-half of the number of hours of service required by the employee's current assignment basis.",HARD,deontic:obligation,2,,,,,,
UTLA_LAU_0901,UTLA_LAUSD_2022_2025,140,Half-time arrangements must be mutually agreed to by the affected employees and the immediate administrator.,HARD,deontic:obligation,2,,,,,,
UTLA_LAU_0900,UTLA_LAUSD_2022_2025,140,"The continuing assignment must be either for half of each working day for the entire school year, in which case the specific assigned hours, must be agreed to by the employee and the immediate administrator, or for one complete semester of full-time service per year.",HARD,deontic:obligation,2,,,,,,
UTLA_LAU_0899,UTLA_LAUSD_2022_2025,140,"Time spent on approved leaves shall not constitute a break in the 5 school year sequence, but shall not count toward the service requirement. d.",HARD,deontic:prohibition|deontic:obligation,2,,,,,,
UTLA_LAU_0897,UTLA_LAUSD_2022_2025,140,"The employee shall submit a request annually to the Personnel Division prior to April 15 for a leave to be effective during the following school year, and the total of such annual leaves shall not exceed ten years. b.",HARD,deontic:prohibition|deontic:obligation,2,,,,,,
UTLA_LAU_0896,UTLA_LAUSD_2022_2025,140,"Article XII – Leaves and Absences 22.0 Reduced Workload Leave: A reduced workload leave shall be granted annually to a permanent full-time employee, serving in prekindergarten through grade 12, to permit the employee to reduce a regular assignment to the equivalent of one-half of the number of hours required of fulltime employment, provided all the following conditions are met: a.",HARD,deontic:obligation,2,,,,,,
UTLA_LAU_0895,UTLA_LAUSD_2022_2025,139,"New employees hired pursuant to this section shall receive District paid health benefits pro-rated to the hours of paid service provided the employee contributes the balance of the full cost pursuant to Article XVI, Section 3.0 c. 2022-2025 UTLA Contract 121",HARD,deontic:obligation,2,,,,,,
UTLA_LAU_0894,UTLA_LAUSD_2022_2025,139,"If the employee is unable or unwilling to accept a full time assignment in such circumstances, the employee shall submit a voluntary resignation. d.",HARD,deontic:obligation,2,,,,,,
UTLA_LAU_0893,UTLA_LAUSD_2022_2025,139,"In the event the half-time assignment cannot be arranged, the half-time leave will be cancelled and full-time service shall be required. c.",HARD,deontic:obligation,2,,,,,,
UTLA_LAU_0892,UTLA_LAUSD_2022_2025,139,New employees may be employed full-time and work onehalf time with the other one-half time covered by a half-time leave pursuant to this section. b.,SOFT,deontic:permission,2,,,,,,
UTLA_LAU_0891,UTLA_LAUSD_2022_2025,139,Applications must be on file in the Human Resources office by April 15 for the fall semester and by November 15 for the spring semester. 21.1 Half-Time Assignment: a.,HARD,deontic:obligation,2,,,,,,
UTLA_LAU_0928,UTLA_LAUSD_2022_2025,144,The method that shall be used to choose the third health care provider is as follows: The District and UTLA shall each choose a health care provider.,HARD,deontic:obligation,2,,,,,,
UTLA_LAU_0930,UTLA_LAUSD_2022_2025,144,"If additional leave beyond that provided in the certification is required, the employee must submit re-certification by the health care provider and be eligible for additional requested leave. 24.7 Restrictions: In the event that parents who are both District employees each wish to take Family Care Leave/Absence for the birth, of their child, or placement for adoption, or foster care placement of a child during the 2022-2025 UTLA Contract 126",HARD,deontic:obligation,2,,,,,,
UTLA_LAU_0820,UTLA_LAUSD_2022_2025,131,"Determination whether the injury was the result of an act of violence, and whether the act of violence was related to and during the performance of duties, shall be made in the reasonable judgment of the Office of Risk Management and Insurance Services.",HARD,deontic:obligation,2,,,,,,
UTLA_LAU_0959,UTLA_LAUSD_2022_2025,149,(3) in elementary and special education programs both participants must have the appropriate credential; and,HARD,deontic:obligation,2,,,,,,
UTLA_LAU_0971,UTLA_LAUSD_2022_2025,151,"As such, no reciprocal arrangement shall include an advance schedule or deadline for performing the reciprocal service. f.",HARD,deontic:obligation,2,,,,,,
UTLA_LAU_0970,UTLA_LAUSD_2022_2025,150,"Accordingly, any absence covered by reciprocal service, including the later absence of the teacher who performed the initial coverage service, must be justified by actual illness/personal necessity (as opposed to a desire to receive reciprocal 2022-2025 UTLA Contract 132",HARD,deontic:obligation,2,,,,,,
UTLA_LAU_0969,UTLA_LAUSD_2022_2025,150,The coverage must be reported to the school in advance so that the school is aware of the nature and duration of the absence and of the coverage arrangement.,HARD,deontic:obligation,2,,,,,,
UTLA_LAU_0968,UTLA_LAUSD_2022_2025,150,(4) In emergency situations the 10 student limitations may be exceeded. d.,SOFT,deontic:permission,2,,,,,,
UTLA_LAU_0967,UTLA_LAUSD_2022_2025,150,A plan showing the proposed division of children as determined by the regular teacher shall be placed in the substitute folder.,HARD,deontic:obligation,2,,,,,,
UTLA_LAU_0966,UTLA_LAUSD_2022_2025,150,"After all reciprocal coverage is provided for, and if replacement service is also needed, then the provisions of Article XIV, Section 28.0 shall apply but only as to replacement service and not as to reciprocal coverage of students.",HARD,deontic:obligation,2,,,,,,
UTLA_LAU_0965,UTLA_LAUSD_2022_2025,150,"(3) Each school faculty shall develop a plan to share both reciprocal and non-reciprocal coverage taking into consideration such factors as grade level, safety, available space and work stations.",HARD,deontic:obligation,2,,,,,,
UTLA_LAU_0964,UTLA_LAUSD_2022_2025,150,If this Incentive Plan attempt to arrange coverage is not successful the teacher requesting such coverage may have their class divided for assignment according to the following plan.,SOFT,deontic:permission,2,,,,,,
UTLA_LAU_0963,UTLA_LAUSD_2022_2025,150,(2) A reasonable effort shall be made to arrange reciprocal coverage with individuals from the above list.,HARD,deontic:obligation,2,,,,,,
UTLA_LAU_0962,UTLA_LAUSD_2022_2025,150,(1) The faculty of each school shall develop a list of employees available to substitute including employees from other sites.,HARD,deontic:obligation,2,,,,,,
UTLA_LAU_0961,UTLA_LAUSD_2022_2025,150,"Coverage must be performed while the covering teacher is either off-track or during preparation period so that it does not result in classes being combined, or otherwise interfere with regular duties of the person performing the coverage. c.",HARD,deontic:obligation,2,,,,,,
UTLA_LAU_0958,UTLA_LAUSD_2022_2025,149,"(2) in single track schools, one of the participants may be from another school;",SOFT,deontic:permission,2,,,,,,
UTLA_LAU_0932,UTLA_LAUSD_2022_2025,145,"However, an employee who does not return from such leave or who works less than 30 days after returning from the leave will be required to reimburse the District for the cost of the benefits package unless the reason the employee does not return to work is due to",UNCLEAR,threshold|exception,2,,,,,,
UTLA_LAU_0955,UTLA_LAUSD_2022_2025,149,"If the Plan is discontinued, the District may either distribute the Reserve Fund assets to participating employees at the time of discontinuance (in which case the distribution amounts shall be calculated as though all participants had retired at the time), or the District may retain the Reserve Fund assets for subsequent distribution upon the employees' actual separation pursuant to the Plan's regular requirements. 10.0 Reciprocal Coverage: Employees may voluntarily participate in a reciprocal coverage arrangement with one another.",HARD,deontic:obligation|deontic:permission,2,,,,,,
UTLA_LAU_0954,UTLA_LAUSD_2022_2025,149,"Any vesting shall be limited to previously accumulated incentive payments and previously accumulated investment income, and is also limited by the Plan's provisions (such as Section 7.0) as they may be revised from time to time.",HARD,deontic:obligation|deontic:permission,2,,,,,,
UTLA_LAU_0953,UTLA_LAUSD_2022_2025,149,"The ending balances in the above-referenced accounts for each of the following school years: 1995-96, 1996-97 and 1997-98 shall be used to fund the incentive payments described in Section 3.0 above. 9.1 No employee shall have a vested right to continuance of the Plan in the above form or at all.",HARD,deontic:obligation|deontic:prohibition,2,,,,,,
UTLA_LAU_0952,UTLA_LAUSD_2022_2025,149,"This plan shall be funded from within funds currently budgeted for day-to-day substitute/replacement services in the following major appropriations: 0538, 0875, 1024, 1040, 1151, 1517, 2001, 2002, 2005, 2082 and 7716.",HARD,deontic:obligation,2,,,,,,
UTLA_LAU_0950,UTLA_LAUSD_2022_2025,148,"UTLA shall have representation on the Advisory Committee, which will meet with the Controller's designated representative on a regular periodic basis. 8.1 Claimed errors in payments, or in other Plan or Fund records, shall be handled pursuant to the usual payroll error resolution provisions of this Agreement (see Article XIV, Section 30.0). 2022-2025 UTLA Contract 130",HARD,deontic:obligation,2,,,,,,
UTLA_LAU_0948,UTLA_LAUSD_2022_2025,148,"An Investment Advisory Committee shall offer advice and recommendations to the Controller regarding Fund investments, which are limited by Code to interest-bearing non-equity investments.",HARD,deontic:obligation,2,,,,,,
UTLA_LAU_0947,UTLA_LAUSD_2022_2025,148,"It is further agreed that the penalty rate will be equal to the rate paid to the maximum incentive of ten days from the prior school year the illness day(s) was overused, corresponding to the career illness days balance accrued by the employee at the close of each of the final three years. 8.0 Fund Administration: The Plan and Fund, as it applies to all District employees, shall be administered by the District Controller, and audited annually by the District's contract auditors.",HARD,deontic:obligation,2,,,,,,
UTLA_LAU_0945,UTLA_LAUSD_2022_2025,148,The amount deducted for each such day shall be based on the number of career illness days accrued by each employee at the close of each of the final three years pursuant to 3.0 above.,HARD,deontic:obligation,2,,,,,,
UTLA_LAU_0940,UTLA_LAUSD_2022_2025,146,"Each hour of illness or personal necessity used at any time during that year, whether for illness or personal necessity, shall be subtracted from the above-stated maximum number of days (hours), and for each resulting unused hour of illness leave the employee will receive a payment which varies according to",HARD,deontic:obligation,2,,,,,,
UTLA_LAU_0936,UTLA_LAUSD_2022_2025,145,"An employee who takes leave for the employee's own serious health condition which prevents the employee from performing one or more of the essential functions of the employee's position and who has accumulated illness days may elect, or the District may require the employee to utilize paid illness days for the leave. 24.9 Seniority;",SOFT,deontic:permission,2,,,,,,
UTLA_LAU_0935,UTLA_LAUSD_2022_2025,145,"An employee who asks for leave for what would be a qualifying event for Family and Medical Care Leave/Absence and who has accrued vacation leave may elect, or the immediate administrator may require, the employee to utilize the vacation leave for this purpose, in lieu of unpaid status.",SOFT,deontic:permission,2,,,,,,
UTLA_LAU_0890,UTLA_LAUSD_2022_2025,139,"In any event, the assignment and service shall be for the equivalent of one-half of the number of hours required for full-time employment for each pay period.",HARD,deontic:obligation,2,,,,,,
UTLA_LAU_0889,UTLA_LAUSD_2022_2025,139,"Exceptions to the ""half of each working day"" requirement, including the abovementioned grand parented employees may be made in special circumstances but shall require written special approval of the Local District Superintendent upon recommendation of the immediate administrator.",HARD,deontic:obligation|deontic:permission,2,,,,,,
UTLA_LAU_0887,UTLA_LAUSD_2022_2025,139,"At the secondary level, if one is required due to the master schedule, it must be a complementary partner with permanent status, or an appropriately credentialed auxiliary teacher approved by the site administrator.",HARD,deontic:obligation,2,,,,,,
UTLA_LAU_0837,UTLA_LAUSD_2022_2025,134,"The personal necessity leave shall not be granted during a strike, demonstration or any work stoppage. d.",HARD,deontic:prohibition|deontic:obligation,2,,,,,,
UTLA_LAU_0851,UTLA_LAUSD_2022_2025,135,The first round of successful applicants shall be notified by June 1.,HARD,deontic:obligation,2,,,,,,
UTLA_LAU_0850,UTLA_LAUSD_2022_2025,135,"For purposes of determining priority, the second period of a split sabbatical leave shall be considered a continuation of the first period.",HARD,deontic:obligation,2,,,,,,
UTLA_LAU_0849,UTLA_LAUSD_2022_2025,135,"If a tie develops, the employee with the lower seniority number established in accordance with Article XI, Section 6.2 shall be granted the leave.",HARD,deontic:obligation,2,,,,,,
UTLA_LAU_0846,UTLA_LAUSD_2022_2025,134,An indemnity bond satisfactory to the District is required to assure such performance; and f.,HARD,deontic:obligation,2,,,,,,
UTLA_LAU_0845,UTLA_LAUSD_2022_2025,134,The employee must agree to render certificated service in permanent and paid status immediately following the leave which is equal to twice the length of the leave during a period not to exceed four times the length of the leave.,HARD,deontic:obligation,2,,,,,,
UTLA_LAU_0844,UTLA_LAUSD_2022_2025,134,The employee must agree to receive one-half of the applicable basic salary (excluding extra assignments) less appropriate deductions; e.,HARD,deontic:obligation,2,,,,,,
UTLA_LAU_0843,UTLA_LAUSD_2022_2025,134,The employee must sign an agreement to study or travel according to a plan acceptable to the District; d.,HARD,deontic:obligation,2,,,,,,
UTLA_LAU_0841,UTLA_LAUSD_2022_2025,134,"The allocated number of sabbatical leaves shall be: For 2004-2005, none. b.",HARD,deontic:obligation,2,,,,,,
UTLA_LAU_0840,UTLA_LAUSD_2022_2025,134,The immediate administrator shall take whatever steps reasonably necessary to become satisfied that a personal necessity within the limits of this section did exist. 15.0 Sabbatical Leave (Paid): A permanent employee shall be granted a sabbatical leave of absence for up to one year for the purpose of permitting study or travel by the employee which will benefit the schools and students of the District under the following conditions: a.,HARD,deontic:obligation,2,,,,,,
UTLA_LAU_0839,UTLA_LAUSD_2022_2025,134,"Such statement shall be filed with the appropriate administrator no less than five working days in advance of a religious holiday, court appearance or school visitation.",HARD,deontic:obligation,2,,,,,,
UTLA_LAU_0838,UTLA_LAUSD_2022_2025,134,The employee shall be required to verify the nature of such necessity.,HARD,deontic:obligation,2,,,,,,
UTLA_LAU_0836,UTLA_LAUSD_2022_2025,134,The days allowed shall be deducted from and may not exceed the number of days of accrued full-pay illness leave to which the employee is entitled. c.,HARD,deontic:obligation|deontic:restriction|deontic:permission,2,,,,,,
UTLA_LAU_0886,UTLA_LAUSD_2022_2025,139,Applications must be on file in the Personnel office by March 15 for the upcoming school year. 21.0 Half-Time Leave: A regular Half-Time Leave shall be granted to allow a permanent employee or probationary Early Education Center Teacher to continue service for half of each working day.,HARD,deontic:obligation|deontic:obligation,2,,,,,,
UTLA_LAU_0835,UTLA_LAUSD_2022_2025,133,"(1) If personal necessity absence is taken to attend to the illness of the employee’s child, parent, or spouse, up to six additional days shall be allowed in any calendar year (to total 12 maximum days - see b below) for probationary, permanent, or provisional contract employees.",HARD,deontic:obligation,2,,,,,,
UTLA_LAU_0833,UTLA_LAUSD_2022_2025,133,"The administrator or designee and employee must agree on the date and time of the leave and the employee must provide written verification from the school visited, upon request of the administrator or designee. 14.1 The following limits and conditions are placed upon allowing a personal necessity absence: a.",HARD,deontic:obligation,2,,,,,,
UTLA_LAU_0832,UTLA_LAUSD_2022_2025,133,The employee must notify the immediate administrator at least five working days prior to the absence.,HARD,deontic:obligation,2,,,,,,
UTLA_LAU_0831,UTLA_LAUSD_2022_2025,133,(3) The employee must return to work in cases where it is not necessary to be absent the entire day; k.,HARD,deontic:obligation,2,,,,,,
UTLA_LAU_0830,UTLA_LAUSD_2022_2025,133,"(2) In any case in which a witness fee is payable, such fee shall be collected by the employee and remitted to the Accounting and Disbursements Division; and",HARD,deontic:obligation,2,,,,,,
UTLA_LAU_0829,UTLA_LAUSD_2022_2025,133,(1) Each day of necessary attendance as a witness must be certified by an authorized officer of the court or other governmental jurisdiction;,HARD,deontic:obligation,2,,,,,,
UTLA_LAU_0828,UTLA_LAUSD_2022_2025,132,The employee must return to work in cases where it is not necessary to be absent the entire day. 2022-2025 UTLA Contract 114,HARD,deontic:obligation,2,,,,,,
UTLA_LAU_0827,UTLA_LAUSD_2022_2025,132,Each day of necessary attendance as a litigant must be certified by the clerk of the court.,HARD,deontic:obligation,2,,,,,,
UTLA_LAU_0826,UTLA_LAUSD_2022_2025,132,"Death of a close friend or relative not included in the definition of immediate family (as used in this section, the term ""immediate family"" shall be as defined in Section 9.0 of this Article); b.",HARD,deontic:obligation,2,,,,,,
UTLA_LAU_0824,UTLA_LAUSD_2022_2025,132,"Article XII – Leaves and Absences 13.1 Upon exhaustion of the above-authorized industrial injury absence benefits, the employee shall be permitted to utilize accrued illness benefits or vacation benefits, if any.",HARD,deontic:obligation,2,,,,,,
UTLA_LAU_0823,UTLA_LAUSD_2022_2025,131,Employees covered under Section f. shall have the right to be transferred to the next appropriate opening available in the same or adjacent geographic region. 2022-2025 UTLA Contract 113,HARD,deontic:obligation,2,,,,,,
UTLA_LAU_0852,UTLA_LAUSD_2022_2025,135,There shall be prompt notification of subsequent approvals resulting from cancellations after the first round.,HARD,deontic:obligation,2,,,,,,
UTLA_LAU_0853,UTLA_LAUSD_2022_2025,135,"However, if the employee would have been selected, and, as the result of the cancellation has already begun service for the Fall semester, that employee shall not be selected but shall have a priority for the Spring semester.",HARD,deontic:prohibition|deontic:obligation,2,,,,,,
UTLA_LAU_0854,UTLA_LAUSD_2022_2025,135,"This priority shall not extend to the next school year. 15.2 Interruption of the program of study or travel caused by serious injury or illness shall not be considered a failure to fulfill the conditions of study or travel upon which such leave is granted, nor shall interruption affect the amount of compensation to be paid such employee under the terms of the leave agreements, provided: a.",HARD,deontic:prohibition|deontic:obligation,2,,,,,,
UTLA_LAU_0855,UTLA_LAUSD_2022_2025,135,"A sabbatical leave cannot be changed to an illness leave before the expiration date of the sabbatical leave. 15.3 Involuntary call to active military service will justify the conversion of a sabbatical leave to a military leave without jeopardy to sabbatical salary already received. 15.4 An employee who fails to complete all of the requirements of the sabbatical leave due to illness in the family or other causes beyond the employee's control may receive compensation on a prorated basis if a portion of the requirements is completed. 15.5 If a sabbatical leave is cancelled pursuant to Section 7.0 of this Article, the following terms shall be applicable: a.",HARD,deontic:obligation|deontic:permission,2,,,,,,
UTLA_LAU_0885,UTLA_LAUSD_2022_2025,139,Article XII – Leaves and Absences 20.0 Substitute Leave: A substitute leave may be granted to a permanent employee for a period not to exceed one year to allow service as a substitute in accordance with District need.,SOFT,deontic:permission,2,,,,,,
UTLA_LAU_0884,UTLA_LAUSD_2022_2025,138,"For conference or convention attendance which meets the above standards, but is not approved for paid leave status pursuant to the above, the employee may utilize personal necessity leave under Section 14.0 of this Article. 2022-2025 UTLA Contract 120",SOFT,deontic:permission,2,,,,,,
UTLA_LAU_0883,UTLA_LAUSD_2022_2025,138,A written or oral report of the conference may be requested by the appropriate administrator or superintendent.,SOFT,deontic:permission,2,,,,,,
UTLA_LAU_0882,UTLA_LAUSD_2022_2025,138,The attendance must not necessitate the reimbursement of any expenses by the District to the employee; and e.,HARD,deontic:prohibition|deontic:obligation,2,,,,,,
UTLA_LAU_0881,UTLA_LAUSD_2022_2025,138,The attendance must not result in unnecessary duplication of participation by District personnel; d.,HARD,deontic:prohibition|deontic:obligation,2,,,,,,
UTLA_LAU_0879,UTLA_LAUSD_2022_2025,138,Attendance must lead directly to the professional growth of the employee and the improvement of the educational program of the District; b.,HARD,deontic:obligation,2,,,,,,
UTLA_LAU_0878,UTLA_LAUSD_2022_2025,138,The District shall consult with UTLA regarding these matters. a.,HARD,deontic:obligation,2,,,,,,
UTLA_LAU_0877,UTLA_LAUSD_2022_2025,138,"All jury fees received while on District-paid status shall be remitted to the Accounting and Disbursements Division. 19.0 Conference and Convention Attendance: A paid leave may, in the discretion of the District and upon the recommendation of the appropriate superintendent, be granted for attendance at conferences and conventions sponsored by professional instructional organizations which are recognized by the State Board of Education or approved by the appropriate administrator under all of the conditions noted below.",HARD,deontic:obligation|deontic:permission,2,,,,,,
UTLA_LAU_0592,UTLA_LAUSD_2022_2025,102,The date of probationary employment shall be the actual beginning date of the probationary assignment and not any date of a substitute or temporary assignment which was later deemed to be probationary service for purposes of acquiring permanent status.,HARD,deontic:obligation,2,,,,,,
UTLA_LAU_0874,UTLA_LAUSD_2022_2025,138,"(1) As a further condition for paid absence, the employee shall request that the days of jury service be restricted to 10 consecutive days, whenever possible.",HARD,deontic:obligation,2,,,,,,
UTLA_LAU_0873,UTLA_LAUSD_2022_2025,137,"As a condition for paid absence, employees assigned on A-basis, shall seek postponement to a date mutually agreed 2022-2025 UTLA Contract 119",HARD,deontic:obligation,2,,,,,,
UTLA_LAU_0872,UTLA_LAUSD_2022_2025,137,(2) The twenty days limit shall be subject only to such exceptions which may be agreed upon by the District and UTLA. c.,HARD,deontic:obligation|deontic:permission,2,,,,,,
UTLA_LAU_0871,UTLA_LAUSD_2022_2025,137,(1) Involuntary jury service commenced during the employee’s recess or off-track period which inadvertently extends into the employee’s assigned or on-track period shall qualify as paid absence for up to twenty working days from the start of the assignment or track.,HARD,deontic:obligation,2,,,,,,
UTLA_LAU_0870,UTLA_LAUSD_2022_2025,137,"As a condition for paid absence, the employee shall seek postponement of the jury service so that it can be performed on the employee's recess or off-track period.",HARD,deontic:obligation,2,,,,,,
UTLA_LAU_0868,UTLA_LAUSD_2022_2025,137,An employee summoned to jury service in federal or statecourt shall notify the immediate administrator of such summons. b.,HARD,deontic:obligation,2,,,,,,
UTLA_LAU_0867,UTLA_LAUSD_2022_2025,137,"In any case in which witness fees are payable, such fees shall be collected by the employee and remitted to the Accounting and Disbursements Division. 18.4 The mutual intention of the District and UTLA is that jury service be encouraged, but also limited, as far as practical, to periods of time when the continuity of instruction and District operations will not be adversely affected. a.",HARD,deontic:obligation,2,,,,,,
UTLA_LAU_0866,UTLA_LAUSD_2022_2025,137,Leave may be granted for the days of attendance in court as certified by the clerk or other authorized officer of such court or grand jury or by the attorney for the litigant in the case.,SOFT,deontic:permission,2,,,,,,
UTLA_LAU_0864,UTLA_LAUSD_2022_2025,136,Applications may be submitted at any time but must be on file in the Personnel Office by April 2022-2025 UTLA Contract 118,HARD,deontic:obligation|deontic:permission,2,,,,,,
UTLA_LAU_0860,UTLA_LAUSD_2022_2025,136,Applications must be filed with the Personnel Division by October 15 for leaves to be taken during the following year.,HARD,deontic:obligation,2,,,,,,
UTLA_LAU_0859,UTLA_LAUSD_2022_2025,136,"An employee may apply for an exemption from any provision of this section on grounds that an emergency exists, and the Superintendent may thereupon waive any part of this section to permit the employee to return to service in the District without loss of sabbatical rights, but any sabbatical salary received must be refunded. 16.0 Exchange Leave: An exchange leave shall be granted to a permanent employee in accordance with an agreement entered into by the employee and District under applicable provisions of the Education Code.",HARD,deontic:obligation|deontic:obligation|deontic:permission,2,,,,,,
UTLA_LAU_0858,UTLA_LAUSD_2022_2025,136,"Upon return to duty the employee may be assigned temporarily to another site at the discretion of the District, but shall retain return rights (see Section 3.0) at the end of the originally scheduled sabbatical leave; and c.",HARD,deontic:obligation|deontic:permission,2,,,,,,
UTLA_LAU_0857,UTLA_LAUSD_2022_2025,136,An employee who cancels a sabbatical leave may request a return to duty.,SOFT,deontic:permission,2,,,,,,
UTLA_LAU_0856,UTLA_LAUSD_2022_2025,135,The leave may be converted to personal leave effective with the beginning date of the sabbatical leave; but sabbatical rights will be forfeited for the year following the year of cancellation; 2022-2025 UTLA Contract 117,SOFT,deontic:permission,2,,,,,,
UTLA_LAU_0972,UTLA_LAUSD_2022_2025,151,"Because reciprocal coverage is intended to deal with occasional short duration absences, and because it is not desirable for employees to owe one another large amounts of reciprocal service time, it is agreed that reciprocal service shall not exceed ten days per year for any employee. g.",HARD,deontic:prohibition|deontic:obligation,2,,,,,,
UTLA_LAU_0974,UTLA_LAUSD_2022_2025,152,"Employees of Start-up Charters: Employees who are not employed by a Conversion Charter School, but who may wish to become employed by a “start-up” charter school, will not be covered by the provisions of this Article but may retain some rights to District reemployment",SOFT,deontic:permission,2,,,,,,
UTLA_LAU_0976,UTLA_LAUSD_2022_2025,152,"In this regard, it is important for all to understand that independent Conversion Charter Schools are generally independent of the District, much as are schools of neighboring separate school districts, and that charter schools have their own State income. 2.0 Charter Application Procedures: In addition to whatever procedures the Board of Education may establish in its discretion, the District shall adhere to the following procedures in processing or considering approval of any proposal to convert an existing District school to Charter School status: a.",HARD,deontic:obligation|deontic:permission,2,,,,,,
UTLA_LAU_1064,UTLA_LAUSD_2022_2025,167,"The increase applied to the A basis pay scale levels and groups, and the new hourly rate shall then be used to calculate the increased rates for all other bases. 5.",HARD,deontic:obligation,2,,,,,,
UTLA_LAU_1075,UTLA_LAUSD_2022_2025,168,"Determinations made by the Joint Salary Point Credit Committee shall similarly be applied prospectively. 1.1 Full-Time Basic Assignments: For compensation purposes only, full-time basic assignments shall be the number of hours per working day as shown below or the pay period equivalent thereof.",HARD,deontic:obligation,2,,,,,,
UTLA_LAU_1074,UTLA_LAUSD_2022_2025,168,"Early Education bargaining unit members shall be eligible for Masters and Doctoral degree differentials effective July 1, 2024.",HARD,deontic:obligation,2,,,,,,
UTLA_LAU_1073,UTLA_LAUSD_2022_2025,168,"Effective January 1, 2025, all UTLA bargaining unit members shall receive a 4% on-schedule wage increase applied to all pay scale groups and levels of the base salary tables. c.",HARD,deontic:obligation,2,,,,,,
UTLA_LAU_1072,UTLA_LAUSD_2022_2025,168,"Effective July 1, 2024, all UTLA bargaining unit members shall receive a 3% on-schedule wage increase applied to all pay scale groups and levels of the base salary tables. b.",HARD,deontic:obligation,2,,,,,,
UTLA_LAU_1071,UTLA_LAUSD_2022_2025,168,"Adult Education and CTE bargaining unit members shall be eligible for Masters and Doctoral degree differentials effective July 1, 2023.",HARD,deontic:obligation,2,,,,,,
UTLA_LAU_1070,UTLA_LAUSD_2022_2025,167,"Effective January 1, 2024, all UTLA bargaining unit members shall receive a 4% on-schedule wage increase applied to all pay scale groups and levels of the base salary tables. 2022-2025 UTLA Contract 149",HARD,deontic:obligation,2,,,,,,
UTLA_LAU_1069,UTLA_LAUSD_2022_2025,167,"Effective July 1, 2023, all UTLA bargaining unit members shall receive a 3% on-schedule wage increase applied to all pay scale groups and levels of the base salary tables. b.",HARD,deontic:obligation,2,,,,,,
UTLA_LAU_1068,UTLA_LAUSD_2022_2025,167,"Effective July 1, 2024, Early Education Center bargaining unit members shall be eligible for Masters and Doctorate degree differentials referenced in Appendix E.",HARD,deontic:obligation,2,,,,,,
UTLA_LAU_1067,UTLA_LAUSD_2022_2025,167,"Masters and Doctorate Differentials: Effective July 1, 2023, Adult Education and CTE bargaining unit members shall be eligible for Masters and Doctorate degree differentials referenced in Appendix E.",HARD,deontic:obligation,2,,,,,,
UTLA_LAU_1066,UTLA_LAUSD_2022_2025,167,"The increase applied to the C basis pay scale levels and and groups, and the new hourly rate shall then be used to calculate the increased rates for all other bases. 6.",HARD,deontic:obligation,2,,,,,,
UTLA_LAU_1065,UTLA_LAUSD_2022_2025,167,"UTLA bargaining unit members assigned to the C Basis, D Table (with the exception of Nurse Practitioners moving to the NP Table) shall have their annual salary increased by $3,000 after the raises in Sections A(1)(a) and A(1)(b) are applied. c.",HARD,deontic:obligation,2,,,,,,
UTLA_LAU_1063,UTLA_LAUSD_2022_2025,167,"UTLA bargaining unit members working in Early Education shall have their annual salary increased on the A basis, C Table by $1,500 after the wage increases in Sections A(1)(a) and A(1)(b) are applied. c.",HARD,deontic:obligation,2,,,,,,
UTLA_LAU_1049,UTLA_LAUSD_2022_2025,164,For purposes of this Section a class seniority date shall be the date upon which service was first rendered in probationary or qualifying status in that class.,HARD,deontic:obligation,2,,,,,,
UTLA_LAU_1062,UTLA_LAUSD_2022_2025,166,UTLA bargaining unit members working in Special Education shall be moved to the newly developed SE Salary Table. 2022-2025 UTLA Contract 148,HARD,deontic:obligation,2,,,,,,
UTLA_LAU_1061,UTLA_LAUSD_2022_2025,166,The onsite obligation of Nurse Practitioners shall remain eight,HARD,deontic:obligation,2,,,,,,
UTLA_LAU_1060,UTLA_LAUSD_2022_2025,166,The onsite obligation of School Nurses shall be increased to seven,HARD,deontic:obligation,2,,,,,,
UTLA_LAU_1059,UTLA_LAUSD_2022_2025,166,"All bargaining unit members in the position of Nurse Practitioner shall be moved to the newly developed NP Salary Table which will be created by taking line 34 of the C basis, D table salary T table and adding $20,000 to each step/column prior to the raise in Section A(1)(b) being applied. b.",HARD,deontic:obligation,2,,,,,,
UTLA_LAU_1058,UTLA_LAUSD_2022_2025,166,"All bargaining unit members in the position of School Nurse shall be moved to the newly developed UN Salary Table which will be created by taking line 27 of the C Basis, T table and adding $20,000 to each step/column prior to the raise in Section A(1)(b) being applied ii.",HARD,deontic:obligation,2,,,,,,
UTLA_LAU_1057,UTLA_LAUSD_2022_2025,166,"Effective January 1, 2023, all UTLA bargaining unit members shall receive a 4% on-schedule wage increase applied to all pay scale groups and levels of the base salary tables. 2.",HARD,deontic:obligation,2,,,,,,
UTLA_LAU_1056,UTLA_LAUSD_2022_2025,166,"Effective July 1, 2022, all UTLA bargaining unit members shall receive a 3% on-schedule wage increase applied to all pay scale groups and levels of the base salary tables. b.",HARD,deontic:obligation,2,,,,,,
UTLA_LAU_1055,UTLA_LAUSD_2022_2025,165,Subsequent suspension of this Article shall not adversely affect re-employment rights to which the employee was eligible at the time of termination. 2022-2025 UTLA Contract 147,HARD,deontic:prohibition|deontic:obligation,2,,,,,,
UTLA_LAU_1054,UTLA_LAUSD_2022_2025,165,"It is understood that all District-wide RIFs of secondary counselors will continue to be handled pursuant to statutory procedures and/or the procedures of this Article, and the above agreement covering counselors is not intended to add to or change the statutory and contractual jurisdiction for such cases, but is instead intended solely as a restriction upon District assignment/reassignment rights in the limited context of implementing a District-wide RIF. 11.1 Probationary employees shall be entitled to re-employment rights as established by the authority (Education Code or this Article) under which the termination was effected.",HARD,deontic:obligation,2,,,,,,
UTLA_LAU_1053,UTLA_LAUSD_2022_2025,165,"Thus, those counselors with the most recent District seniority date will be reduced first, and whatever bumping rights they may have into other classifications will be determined by Code, seniority and credentials. c.",SOFT,deontic:permission,2,,,,,,
UTLA_LAU_0002,UTLA_LAUSD_2022_2025,9,"GRANTING OF PROBATIONARY CONTRACTS, REDUCTION IN FORCE AND REASSIGNMENT, AND RESIGNATION/ REINSTATEMENT 142 1.0 Granting of Probationary Contracts 142 2.0 Subjects to Which Probationary Teachers May Be Assigned 142 3.0 Reductions in Force - Order of Termination 143 4.0 Notices of Termination 144 5.0 Seniority Date 144 6.0 Reduction in Force Defined 144 7.0 Re-employment List 145 8.0 Order of Re-employment 145 9.0 Special Services Salary Table - Termination or Reassignment 145 10.0 Reduction-in force for Counselor, Elementary School 146 11.0 Reduction-in-Force for Secondary Counselors 146 XIV.",SOFT,deontic:permission,2,,,,,,
UTLA_LAU_1077,UTLA_LAUSD_2022_2025,169,"(6) 1.2 Retirement Bonus: In order to encourage employees to remain in the District, employees who were employed by the District for 1992-93, and then retire from the District (on an STRS-eligible basis) commencing July 1, 1994 or thereafter, shall receive a lump sum bonus at the time of retirement to partially compensate for employee contributions to the District by loss of compensation during the fiscal crisis faced by the District.",HARD,deontic:obligation,2,,,,,,
UTLA_LAU_1078,UTLA_LAUSD_2022_2025,169,Employees otherwise qualifying for this bonus shall not be disqualified by virtue of the fact that they were on an approved leave of absence at the time of STRS retirement. 1.3 The provisions of this Article (XIV) and Article XV have been reformed pursuant to the terms of the 1997-98 Blitzer/DePace and Summe Class Action Salary Settlement Agreement.,HARD,deontic:prohibition|deontic:obligation,2,,,,,,
UTLA_LAU_1079,UTLA_LAUSD_2022_2025,169,"Eligible employees will be re-rated effective July 1, 1997 or date of hire, whichever is later. 2.0 Allocation of Employees Carried Over From the Preceding School Year: If a step advancement, reallocation, reclassification, promotion and/or demotion become effective at the same time, salary adjustments for the employees affected shall be made according to the following priority: 2022-2025 UTLA Contract 151",HARD,deontic:obligation,2,,,,,,
UTLA_LAU_1080,UTLA_LAUSD_2022_2025,170,"Allow for increase or decrease due to promotion or demotion. 3.0 Minimum Requirements for the Preparation Salary (T and L) Tables: The ways in which minimum requirements shall be met for the Preparation Salary (T and L) Tables are a bachelor's degree conferred upon completion of a standard four-year college course, or possession of a Special Secondary Limited Industrial Arts Credential, Special Secondary Vocational Class A Credential, or any Designated Subjects Teaching Credential with Specialization in Vocational Trade and Technical teaching. 3.1 The minimum requirements for the Early Education Center and Development Center Salary Tables shall be 60 semester units or equivalent quarter units credit from an accredited college or university. 4.0 Allocation to Early Education Center and Development Center Salary Tables: New Early Education Center Teachers and Development Center Teachers, other than temporaries and day-to-day substitutes, who possess 14 or more points as defined in Article XV, Section 2.0, shall be allocated to Step 1, Schedules 16 and 12, respectively.",HARD,deontic:obligation,2,,,,,,
UTLA_LAU_1111,UTLA_LAUSD_2022_2025,175,"If the maximum step of the appropriate schedule does not provide the necessary minimum annual salary, the employee shall be paid at a flat pay period rate equal to a rate on a higher schedule number of the Special Services Salary Table that will provide an amount equal to or next above the minimum required amount.",HARD,deontic:obligation,2,,,,,,
UTLA_LAU_1107,UTLA_LAUSD_2022_2025,174,"Allocation as determined herein shall not act so as to place an employee, who is returning to the Table within the same school year, to a higher rate than the employee could have obtained had the employee remained on the Preparation, Early Education Center or Development Center Salary Table. 2022-2025 UTLA Contract 156",HARD,deontic:prohibition|deontic:obligation,2,,,,,,
UTLA_LAU_1106,UTLA_LAUSD_2022_2025,174,"If the pay period rate is lower than the employee's former rate, the employee shall be placed on a higher schedule at the same rate if it appears on any numbered schedule; or if the rate does not appear, the nearest rate above; or if a higher rate does not appear, the maximum schedule. c.",HARD,deontic:obligation,2,,,,,,
UTLA_LAU_1104,UTLA_LAUSD_2022_2025,174,"When the substitute service is for less than five consecutive working days, the employee's normal salary shall be paid. c.",HARD,deontic:obligation,2,,,,,,
UTLA_LAU_1103,UTLA_LAUSD_2022_2025,174,The salary rate described in a. above shall be paid during any period in which the employee substitutes for five or more consecutive working days.,HARD,deontic:obligation,2,,,,,,
UTLA_LAU_1102,UTLA_LAUSD_2022_2025,174,"When an employee serves as a substitute in a class having a higher maximum salary rate than that of the class to which regularly assigned, the employee shall receive the salary in the higher class which is next above the salary rate to which entitled in the regular class; and b.",HARD,deontic:obligation,2,,,,,,
UTLA_LAU_1101,UTLA_LAUSD_2022_2025,174,"(L) Table. 9.0 Salary Rates for Employees on Leave to Substitute: In the case of employees with probationary or permanent status who serve in substitute status in another class, the employee's salary shall be determined as follows: a.",HARD,deontic:obligation,2,,,,,,
UTLA_LAU_1100,UTLA_LAUSD_2022_2025,173,(L) Salary Table but may rate-in as indicated in Section 5.0 above. 8.1 The provisions concerning the filing of rating-in papers shall be the same as for probationary employees. 2022-2025 UTLA Contract 155,HARD,deontic:obligation|deontic:permission,2,,,,,,
UTLA_LAU_1099,UTLA_LAUSD_2022_2025,173,Credit for the types of approved experiences shall be allowed on the same basis as for new probationary employees. c.,HARD,deontic:obligation,2,,,,,,
UTLA_LAU_1098,UTLA_LAUSD_2022_2025,173,The step placement shall be determined from the following Table: Years of Experience Step 0 1 1 1 2 or more 2 b.,HARD,deontic:obligation,2,,,,,,
UTLA_LAU_1096,UTLA_LAUSD_2022_2025,173,"(L) Salary Table - - Rating in of Employees Serving Under Alternative Certification: Employees serving under alternative certification (provisional, pre-interns, university interns and district interns, etc.) shall be allocated to the Preparation Salary",HARD,deontic:obligation,2,,,,,,
UTLA_LAU_1095,UTLA_LAUSD_2022_2025,173,"Article XIV – Salaries 7.2 Return to permanent status is limited to former permanent employees. 7.3 The former step for a former employee shall include earned step advancement not granted. 7.4 An employee transferred to the Preparation, Early Education Center or Development Center Salary Table under the terms of Section 10.0 shall be allocated in accordance with the provisions of such Section, or in accordance with the above provisions, whichever is to the employee's advantage. 7.5 No allocation shall be to a higher rate than that provided by the maximum step and schedule number, plus appropriate differentials, for the classification to which the employee is assigned. 8.0 Allocation to Preparation",HARD,deontic:obligation,2,,,,,,
UTLA_LAU_1091,UTLA_LAUSD_2022_2025,172,New employees and former employees Step Schedule Step Schedule Step Schedule (except as provided in 3 below) who Rate-in Rate-in Rate-in Rate-in -- -return after more than 39 months 2.,UNCLEAR,threshold|exception,2,,,,,,
UTLA_LAU_1090,UTLA_LAUSD_2022_2025,171,"Article XIV – Salaries Years of Acceptable Experience Step 0 1 1 2 2 3 3 4 4 5 5 6 6 7 7 8 8 9 9 (or more) 10 (maximum placement) 5.1 This section does not apply to employees serving under alternative Certification, Early Education Center teachers, Development Center teachers, or Categorical Limited Contract teachers. 7.0 Allocation to and Within the Preparation, Early Education Center, and Development Center Salary Tables: New, current, or former employees who are elected to a classification paid on the Preparation, Early Education Center, or Development Center Salary Table or whose classification or status on such tables is changed shall be allocated as follows: 2022-2025 UTLA Contract 153",HARD,deontic:obligation,2,,,,,,
UTLA_LAU_1089,UTLA_LAUSD_2022_2025,170,The step placement shall be determined from the following table up to a maximum of Step 10. 2022-2025 UTLA Contract 152,HARD,deontic:obligation,2,,,,,,
UTLA_LAU_1088,UTLA_LAUSD_2022_2025,170,Schedule placement shall be in accordance with point totals set out in Section 17.0 of this Article.,HARD,deontic:obligation,2,,,,,,
UTLA_LAU_1087,UTLA_LAUSD_2022_2025,170,(T) Table shall be allocated to the table as follows.,HARD,deontic:obligation,2,,,,,,
UTLA_LAU_1086,UTLA_LAUSD_2022_2025,170,"Day-to-day substitute Early Education Center teachers and day-to-day substitute Development Center teachers shall be limited to Schedules 15 and 11, respectively, and shall be paid not more than the amount specified in Article XIX. 5.0 Allocation to Preparation Salary",HARD,deontic:obligation,2,,,,,,
UTLA_LAU_1085,UTLA_LAUSD_2022_2025,170,Teachers serving in development centers who hold valid credentials authorizing the teaching of severely handicapped (other than restricted) shall be classified as regular special education teachers and compensated accordingly.,HARD,deontic:obligation,2,,,,,,
UTLA_LAU_1084,UTLA_LAUSD_2022_2025,170,Teachers serving in development centers who hold a valid restricted severely handicapped credential shall be allocated to Schedule 15 of the Development Center Salary Table.,HARD,deontic:obligation,2,,,,,,
UTLA_LAU_1083,UTLA_LAUSD_2022_2025,170,"All other new teachers shall be allocated to Step 1, Schedules 15 and 11, respectively.",HARD,deontic:obligation,2,,,,,,
UTLA_LAU_1082,UTLA_LAUSD_2022_2025,170,"New Early Education Center teachers possessing a regular California elementary or early childhood teaching credential shall be allocated to Step 1, Schedule 19.",HARD,deontic:obligation,2,,,,,,
UTLA_LAU_1081,UTLA_LAUSD_2022_2025,170,"Such teachers who possess a bachelor's degree shall be allocated to Step 1, Schedules 18 and 14, respectively.",HARD,deontic:obligation,2,,,,,,
UTLA_LAU_1051,UTLA_LAUSD_2022_2025,165,"Without affecting in any other way the rights of the District to select, assign and reassign counselors pursuant to Article III, for any other reason not prohibited by this Agreement, it is agreed that solely for purposes of District-wide RIFs of counselors the District shall not use its reassignment rights to avoid layoffs.",HARD,deontic:prohibition|deontic:obligation,2,,,,,,
UTLA_LAU_1048,UTLA_LAUSD_2022_2025,164,Within each status the individuals with the same class seniority date shall be re-employed in the inverse order of their termination; b.,HARD,deontic:obligation,2,,,,,,
UTLA_LAU_0977,UTLA_LAUSD_2022_2025,152,"Presentation and Discussion of Proposed Conversion Charter Schools: District procedures and instructions shall urge that any petitioner, prior to soliciting signatures on a proposed Conversion Charter petition, first present the complete proposed charter to the employees (including counselors, specialists, nurses, psychologists, etc as well as teachers), and include a written identification of the individuals who are, by 2022-2025 UTLA Contract 134",HARD,deontic:obligation,2,,,,,,
UTLA_LAU_0995,UTLA_LAUSD_2022_2025,156,Employees who do not return to the District immediately upon expiration/non-renewal of a charter school leave shall be deemed to have resigned their District employment.,HARD,deontic:obligation,2,,,,,,
UTLA_LAU_1010,UTLA_LAUSD_2022_2025,159,"In the absence of such established relations, UTLA has no general duty to represent any employees of Charter Schools in their relations with their Charter School employers, and any such representation which UTLA may undertake is voluntary on UTLA's part and in any event is entirely separate and apart from its representation rights and obligations toward the District. 9.0 Performance Problems During Charter School Employment: As a condition of any employee obtaining a charter school leave of absence to serve in a Conversion Charter School, and as a condition of a Charter School employer accepting the benefit of the services of each employee on leave of absence from the District, the Charter School shall have the duty, on a reasonably prompt basis, to report to the District -- and provide the District with copies of all pertinent documents -- relating to any performance problems, misconduct, complaints, alleged violations of law, unsatisfactory performance reports, negative or below-standard evaluations, terminations, resignations under threat of disciplinary action, suspensions, reprimands, warnings or other corrective or disciplinary actions pertaining to any employee on leave from the District, including all information and documents relating to the resolution or disposition of such matters by the Charter School or by law enforcement authorities, and any related reports to credentialing authorities.",HARD,deontic:obligation|deontic:permission,2,,,,,,
UTLA_LAU_1007,UTLA_LAUSD_2022_2025,158,"Such Charter School employees are required to pay a monthly representation fee to UTLA, in an amount not to exceed that indicated in Article VIII, Section 4.0 et seq., with collection and remission to UTLA to be the responsibility of the Charter School.",HARD,deontic:obligation,2,,,,,,
UTLA_LAU_1006,UTLA_LAUSD_2022_2025,158,"In order to qualify for the District’s post-retirement coverage plan, the employee must either retire (STRS-qualified) from the District or from the Charter School while under continuing coverage of the District plan and meet all other requirements then applicable to District employees. 8.0 Union Relations, Fees and Contractual Obligations: District employees who become employed by a Conversion Charter School and then maintain continuing coverage under the District health benefits plans as described above, shall continue for the duration of such continued coverage to be represented by UTLA as to the benefit levels and terms of such plans, in addition to enforcement with the District of whatever District leave and return rights they may have.",HARD,deontic:obligation|deontic:obligation|deontic:permission,2,,,,,,
UTLA_LAU_1005,UTLA_LAUSD_2022_2025,158,Service Credit Toward Retirement Coverage: As to any Conversion Charter School employee who has received coverage under the District health plans pursuant to contracts between the Charter School and the District -- any years of service (as defined by the District) under such coverage shall count toward the service requirements for the District's retirement health benefits plan.,HARD,deontic:obligation,2,,,,,,
UTLA_LAU_1004,UTLA_LAUSD_2022_2025,158,"All such charges to the Charter School shall be as determined by the District in its reasonable discretion, and reflected in the annual contract between the District and the Charter School. c.",HARD,deontic:obligation,2,,,,,,
UTLA_LAU_1003,UTLA_LAUSD_2022_2025,158,"District Charges: The District's charges to the Charter School for such continued health plan coverage shall be equal to the District’s cost per employee, including costs relating to",HARD,deontic:obligation,2,,,,,,
UTLA_LAU_1002,UTLA_LAUSD_2022_2025,157,"Exclusivity: In order to avoid adverse impact upon the demographics of the District's health plans, the participation and coverage of a Charter School’s employees by the District health plans shall be exclusive, and applicable to all persons employed by the Charter or at least all certificated staff (whether or not previously employed by the District, and without regard to leave of absence status with the District). 2022-2025 UTLA Contract 139",HARD,deontic:obligation,2,,,,,,
UTLA_LAU_1001,UTLA_LAUSD_2022_2025,157,"A Conversion Charter School may, on a year-to-year basis commencing with its first year of separation from the District, provide by contract with the District for continued health benefits coverage of the Charter School’s employees, at the Charter School’s sole expense.",SOFT,deontic:permission,2,,,,,,
UTLA_LAU_0999,UTLA_LAUSD_2022_2025,157,Paid Leaves or Absences From the Charter School: In no event shall the District be responsible for paid leaves or absences occurring during any employee's employment by a Conversion Charter School.,HARD,deontic:obligation,2,,,,,,
UTLA_LAU_0997,UTLA_LAUSD_2022_2025,156,"Conversion Charter Schools, as defined in 1.0 of this Article, are entirely separate employers from the District, operate independently of the District, and may or may not choose to adopt pay practices and other employment protections comparable to those of the District.",SOFT,deontic:restriction|deontic:permission,2,,,,,,
UTLA_LAU_0996,UTLA_LAUSD_2022_2025,156,"Continuation of participation in the District’s health benefits plans are solely the product of contractual arrangements between the Charter School and the District, as provided in Section 7.0 below. 6.0 Compensation and Other Employment Rights While on Charter School Leave: While on approved charter school leave of absence to serve in a Conversion Charter School, employees shall be treated by the District the same as employees who have been granted a personal leave to work for an outside employer (with the exception of health benefits as described in Section 7.0 below and the reporting obligations of Section 9.0 below).",HARD,deontic:obligation,2,,,,,,
UTLA_LAU_0994,UTLA_LAUSD_2022_2025,156,"Assignment priority for such returning employees shall be as provided in Article XI, Section 15(h).",HARD,deontic:obligation,2,,,,,,
UTLA_LAU_1047,UTLA_LAUSD_2022_2025,164,Individuals who were Probationary 3 or Qualifying 3 employees shall be made offers of re-employment followed by Probationary 2 or Qualifying 2 and Probationary 1 or Qualifying 1 employees respectively.,HARD,deontic:obligation,2,,,,,,
UTLA_LAU_0992,UTLA_LAUSD_2022_2025,155,"Employees who do not renew such leave (where permitted), and do not give such notice of return to the District, shall be deemed to have resigned their District employment. 2022-2025 UTLA Contract 137",HARD,deontic:obligation,2,,,,,,
UTLA_LAU_0991,UTLA_LAUSD_2022_2025,155,"Term of Leave: Each employee who is in permanent or probationary status at the time of taking leave to serve in the Charter School shall be on such leave on a year-to-year basis, to be extended annually upon written request, for up to a maximum of five consecutive school years commencing with the employee’s initial assignment at the Charter School.",HARD,deontic:obligation,2,,,,,,
UTLA_LAU_0988,UTLA_LAUSD_2022_2025,155,"Any other significant terms and conditions of employment to be applied at the Charter School. 4.0 Opt Out Rights: Employees assigned to a location that is being converted to a Charter School, but who do not wish to become employed by the Charter School, may opt out by so requesting in writing to the District Human Resources Division by the later of",SOFT,deontic:permission,2,,,,,,
UTLA_LAU_0986,UTLA_LAUSD_2022_2025,154,"Specifically, employees should be informed as to whether the Charter School will transfer and honor their accrued illness leave balances from the District just as does any regular school district in California when hiring an employee from another California district -- and should also specifically address whether and how the Charter School will provide for salary protection in extended disability situations; g.",SOFT,deontic:preference,2,,,,,,
UTLA_LAU_0985,UTLA_LAUSD_2022_2025,153,"In such disclosure, the following terms and conditions of employment should be addressed, in addition to the educational program plans for the Charter School: 2022-2025 UTLA Contract 135",SOFT,deontic:preference,2,,,,,,
UTLA_LAU_0984,UTLA_LAUSD_2022_2025,153,"(2) to comply with Section 3.0 below with respect to full disclosure of the planned terms and conditions of employment to be offered employees of the prospective Charter School. 3.0 Full Disclosure by Charter Schools: Conversion Charter Schools operate independently of the District, and may or may not choose to adopt pay, benefits and other employment practices comparable to those of the District.",SOFT,deontic:restriction|deontic:permission,2,,,,,,
UTLA_LAU_0983,UTLA_LAUSD_2022_2025,153,"Disclosures: District procedures and instructions shall encourage Conversion Charter School applicants, and involved principals and chapter chairs of prospective Charter Schools,",HARD,deontic:obligation,2,,,,,,
UTLA_LAU_0981,UTLA_LAUSD_2022_2025,153,"UTLA Participation: Within five days of receipt of a Charter School proposal from a formative Conversion Charter School, the District Charter Schools office shall forward a copy to UTLA.",HARD,deontic:obligation,2,,,,,,
UTLA_LAU_0980,UTLA_LAUSD_2022_2025,153,"Alternatives to Conversion Charter Status: In the case of charter applicants that are considering Conversion Charter status due to the desire to be exempt from certain State or District rules or policies or from certain parts of the collective bargaining agreement, the District’s Charter Schools Office procedures and instructions shall urge that the charter applicants discuss such matters with District staff (at the Charter Schools Office), and also with UTLA, so that they can become fully aware of their options for seeking exemptions or waivers, or obtaining dependent charter status, without undertaking the burdens and responsibilities of Conversion Charter School status. c.",HARD,deontic:obligation,2,,,,,,
UTLA_LAU_0979,UTLA_LAUSD_2022_2025,153,"In addition, it will be expected that the final charter application submitted for Board of Education approval must be substantially the same as the charter school petition which was used as the basis for obtaining signatures in favor of the charter school. b.",HARD,deontic:obligation,2,,,,,,
UTLA_LAU_0978,UTLA_LAUSD_2022_2025,153,Ample time should then be allowed to permit the affected employees and community a reasonable opportunity for review and discussion prior to seeking signatures or voting.,SOFT,deontic:preference,2,,,,,,
UTLA_LAU_1012,UTLA_LAUSD_2022_2025,159,"Employees not previously employed by the District shall be assigned a seniority date corresponding to their first date of District probationary service, rather than their first date of service at the Charter School.",HARD,deontic:obligation,2,,,,,,
UTLA_LAU_1013,UTLA_LAUSD_2022_2025,159,All other employees’ seniority status shall be determined pursuant to regular District policies and rules. 2022-2025 UTLA Contract 141,HARD,deontic:obligation,2,,,,,,
UTLA_LAU_1015,UTLA_LAUSD_2022_2025,160,"(b) any other event by which the District knows that the opening or vacancy is to exist for one semester or more, the opening or vacancy shall be filled by a contract employee or by an employee on the applicable District Eligible List rather than by a substitute or substitute extended employee. 1.2 Part-time (half-time or less) contracts may be offered in the regular K-12 program in fields in which eligible lists have been exhausted.",HARD,deontic:obligation|deontic:permission,2,,,,,,
UTLA_LAU_1016,UTLA_LAUSD_2022_2025,160,"Refer also to Article XII, Section 21.1 for part-time assignment provisions for new employees hired effective July 1, 1993 or later. 1.3 If an offer of probationary employment is not accepted, the person's name shall be removed from the District Eligible Lists, and the person shall not be eligible for probationary status by virtue of any other assignment or substitute service. 1.4 Temporary contracts of up to one school year in duration may, in the discretion of the District, be offered to candidates in shortage fields due to",HARD,deontic:prohibition|deontic:obligation|deontic:permission,2,,,,,,
UTLA_LAU_1045,UTLA_LAUSD_2022_2025,163,Within each status employees with the latest class seniority date shall be terminated first after University/Individualized Intern status employees.,HARD,deontic:obligation,2,,,,,,
UTLA_LAU_1044,UTLA_LAUSD_2022_2025,163,"The order of termination or reassignment shall be by status beginning with University/Individualized Intern status employees, then Probationary 1 or Qualifying 1 status employees, then Probationary 2 or Qualifying 2 status employees, and finally Probationary 3 or Qualifying 3 status employees.",HARD,deontic:obligation,2,,,,,,
UTLA_LAU_1042,UTLA_LAUSD_2022_2025,163,"If an offer of re-employment is not accepted, the individual's name shall be removed from the District Re-employment List; c.",HARD,deontic:obligation,2,,,,,,
UTLA_LAU_1040,UTLA_LAUSD_2022_2025,163,"Individuals who were permanent employees shall be made offers of re-employment first, followed by Probationary 4, then Probationary 3, then Probationary 2, and finally Probationary 1 employees.",HARD,deontic:obligation,2,,,,,,
UTLA_LAU_1039,UTLA_LAUSD_2022_2025,163,"Excluded from the list are those terminated employees who served in temporary contract, provisional, University Intern, District Intern, or conditional status. 8.0 Order of Re-employment: Subsequent to a Section 3.0 Reduction in Force, if the District determines that vacancies exist in teaching or service fields, contract offers shall be made to individuals on the appropriate District Re-employment List as follows: a.",HARD,deontic:obligation,2,,,,,,
UTLA_LAU_1037,UTLA_LAUSD_2022_2025,162,"The basis for a Reduction in Force shall be limited to the following: a. reductions in program offerings; b. returns from leaves of absence; c. actual or anticipated declines in student enrollment; d. reductions in off-norm positions, including Specially Funded positions; e. reductions in non-classroom positions; f. reductions in permanent certificated positions; 2022-2025 UTLA Contract 144",HARD,deontic:obligation,2,,,,,,
UTLA_LAU_1036,UTLA_LAUSD_2022_2025,162,"Such service date shall not include any beginning date of substitute service which was later deemed to be probationary service. 6.0 Reduction in Force Defined: For the purposes of this Article, a Reduction in Force is defined as a reduction in the number of probationary employees in a teaching or service field so that the number of permanent and probationary employees in that teaching or service field at the effective date of the Reduction in Force does not exceed the number needed in the class.",HARD,deontic:prohibition|deontic:obligation,2,,,,,,
UTLA_LAU_1035,UTLA_LAUSD_2022_2025,162,"A Reduction in Force shall be deemed commenced pursuant to this Article upon the action of the Board of Education authorizing the Reduction in Force, so long as the Notices of Termination are served no later than thirty (30) days from the date of such authorization. 5.0 Seniority Date: For the purposes of this Article an employee's seniority date shall be determined by the employee's initial probationary service date as defined in Article XI, Section 6.2.",HARD,deontic:obligation,2,,,,,,
UTLA_LAU_1034,UTLA_LAUSD_2022_2025,162,The notice may provide other information such as the basis for the Reduction in Force and the likelihood of reemployment in the future.,SOFT,deontic:permission,2,,,,,,
UTLA_LAU_1033,UTLA_LAUSD_2022_2025,162,The notice shall also state that the employee is being offered employment as a day-to-day substitute on the same basis as other dayto-day substitutes.,HARD,deontic:obligation,2,,,,,,
UTLA_LAU_1032,UTLA_LAUSD_2022_2025,162,"The notice shall state that the employee will be terminated pursuant to the terms of this Article, and shall state the date upon which such termination is effective.",HARD,deontic:obligation,2,,,,,,
UTLA_LAU_1031,UTLA_LAUSD_2022_2025,162,"The notice shall be effective if mailed or delivered as stated above, or if actually received by the employee.",HARD,deontic:obligation,2,,,,,,
UTLA_LAU_1030,UTLA_LAUSD_2022_2025,162,"Such notice shall be mailed by certified or registered mail to the address on file in the District's computer system as of the date of mailing, or shall be served on the employee by direct delivery.",HARD,deontic:obligation,2,,,,,,
UTLA_LAU_1028,UTLA_LAUSD_2022_2025,161,"The order of termination within a teaching or service field in which a Reduction in Force is effected, in whole or in part, shall be based on seniority within status, beginning with provisional employees, then temporary contracts, then University/Individualized Interns, then District Interns, then Conditional employees, then Probationary 1 employees, then 2022-2025 UTLA Contract 143",HARD,deontic:obligation,2,,,,,,
UTLA_LAU_1027,UTLA_LAUSD_2022_2025,161,"In regard to the exemption of employees in shortage fields by credential authorization, the District may exempt employees in one or more than one shortage field by credential authorization without exempting employees by credential authorization in other shortage fields.",SOFT,deontic:permission,2,,,,,,
UTLA_LAU_1025,UTLA_LAUSD_2022_2025,161,"The District may determine to exempt from the Reduction in Force some but not all employees in a shortage field, and in such instance the order of termination in such field shall be as set forth in Section 3.0(b) herein.",HARD,deontic:obligation|deontic:permission,2,,,,,,
UTLA_LAU_1024,UTLA_LAUSD_2022_2025,161,"If the District determines to effect a Reduction in Force in certain teaching or service fields, the District shall determine the number of employees to be terminated in such fields.",HARD,deontic:obligation,2,,,,,,
UTLA_LAU_1022,UTLA_LAUSD_2022_2025,161,Such an exception may not be granted for more than one year. 3.0 Reductions in Force - Order of Termination: a.,SOFT,deontic:restriction|deontic:permission,2,,,,,,
UTLA_LAU_1021,UTLA_LAUSD_2022_2025,161,The appropriate superintendent must specifically authorize the assignment. c.,HARD,deontic:obligation,2,,,,,,
UTLA_LAU_1020,UTLA_LAUSD_2022_2025,161,The teacher must be assigned at least one period per day in the subject field in which the teacher has qualified by examination and in which contracted. i.,HARD,deontic:obligation,2,,,,,,
UTLA_LAU_1019,UTLA_LAUSD_2022_2025,161,"Article XIII – Granting of Probationary Contracts, Reduction in Force and Reassignment, and Resignation/Reinstatement high schools, a probationary teacher may be assigned less than one-half time in the subject fields in which the teacher has qualified by examination under the conditions specified below. a.",SOFT,deontic:permission,2,,,,,,
UTLA_LAU_1018,UTLA_LAUSD_2022_2025,160,"District Interns must be assigned to teach only the subject(s) listed on the District Intern Certificate(s). 2.1 Normally a probationary teacher shall be assigned to teach in the subject(s) or grade(s) in which the teacher qualified by District examination, and must be assigned at least one-half time in the subjects or grades in which the teacher has qualified by examination and in which contracted.",HARD,deontic:obligation|deontic:obligation,2,,,,,,
UTLA_LAU_1017,UTLA_LAUSD_2022_2025,160,At the end of their temporary contract these employees will be notified as to whether they are to be granted probationary status for the ensuing year. 2.0 Subjects to Which Probationary Teachers May be Assigned: A probationary teacher may be assigned to teach only in subject(s) or grade(s) for which the teacher is properly authorized by credential or certificate to teach in accordance with the Education Code.,SOFT,deontic:permission,2,,,,,,
UTLA_LAU_0822,UTLA_LAUSD_2022_2025,131,An employee may be required during the extended period to be evaluated by the employee health coordinator at any time. g.,SOFT,deontic:permission,2,,,,,,
UTLA_LAU_0876,UTLA_LAUSD_2022_2025,138,"As for federal jury service, if the court denies the request for postponement, paid absence shall be granted for the term of the service. e.",HARD,deontic:obligation,2,,,,,,
UTLA_LAU_0819,UTLA_LAUSD_2022_2025,131,"Such application should be filed with the immediate administrator as soon as the employee sees the need for such an extension, so that the District has adequate time to review and process the claim prior to the effective date of the leave extension.",SOFT,deontic:preference,2,,,,,,
UTLA_LAU_0678,UTLA_LAUSD_2022_2025,111,"However, those on temporary assignments shall be guaranteed retention in the geographic area for a minimum of three years.",HARD,deontic:obligation,2,,,,,,
UTLA_LAU_0693,UTLA_LAUSD_2022_2025,114,The selection of teachers to accompany groups of students shall be as follows:,HARD,deontic:obligation,2,,,,,,
UTLA_LAU_0692,UTLA_LAUSD_2022_2025,114,"Also, where LEP students are transferred a proportional number of bilingual teachers shall be transferred with the LEP students to the receiving school, so as to maintain the existing level of bilingual services.",HARD,deontic:obligation,2,,,,,,
UTLA_LAU_0691,UTLA_LAUSD_2022_2025,114,It is understood that a given junior high or middle school may at the same time be deemed both a sending and receiving school with the possibility of some teachers being transferred to accompany outgoing students at the same time that other teachers are being transferred in along with incoming students or to fill openings.,SOFT,deontic:permission,2,,,,,,
UTLA_LAU_0690,UTLA_LAUSD_2022_2025,114,"The administrators of the related sending and receiving schools shall, in consultation with one another and with appropriate District offices, proceed to develop their respective enrollment projections and Master Programs for reconfigured grades for the upcoming school year, taking into account the movement of students contemplated by this Section, and the required and elective subjects for the reconfigured grades, and determine the number and type of teachers needed at each location.",HARD,deontic:obligation,2,,,,,,
UTLA_LAU_0689,UTLA_LAUSD_2022_2025,113,"The District shall, in its sole discretion or pursuant to court order, determine from time to time the capacity of each school, determine school attendance boundaries and grade level 2022-2025 UTLA Contract 95",HARD,deontic:obligation,2,,,,,,
UTLA_LAU_0686,UTLA_LAUSD_2022_2025,113,"However, the District shall make a good faith effort to assure that by the fourth school week teachers are assigned and placed consistent with the above priorities excepting variations caused by special educational needs (see Section 6.0c of this Article), lack of an appropriate ""match"" between school needs and applicants, and staff integration requirements. 15.3 An effort will be made to accomplish all assignments by the first day of the Fall semester.",HARD,deontic:obligation,2,,,,,,
UTLA_LAU_0685,UTLA_LAUSD_2022_2025,113,In some cases teachers from different priority groups may be interviewed and assigned concurrently.,SOFT,deontic:permission,2,,,,,,
UTLA_LAU_0684,UTLA_LAUSD_2022_2025,113,Assignments may be made directly by the Personnel Division without site interviews.,SOFT,deontic:permission,2,,,,,,
UTLA_LAU_0682,UTLA_LAUSD_2022_2025,112,"Such teachers may take advantage of any transfer rights they may have under the Agreement or will be transferred to a vacancy at a school within the geographic region in which the present school is located, or if no such vacancy exists, shall be transferred to another geographic area. d.",HARD,deontic:obligation|deontic:permission,2,,,,,,
UTLA_LAU_0681,UTLA_LAUSD_2022_2025,112,Teachers assigned to a school that is being converted to a Los Angeles Learning Center or a Charter School who do not wish to remain at such school may opt out by indicating so no later than May 15.,SOFT,deontic:permission,2,,,,,,
UTLA_LAU_0676,UTLA_LAUSD_2022_2025,111,"Immediately after June 25, the District shall supply UTLA with lists of employees transferred pursuant to this section. 13.10 Assignments made to locations identified under 11.1b or 11.1e above may be temporary.",HARD,deontic:obligation|deontic:permission,2,,,,,,
UTLA_LAU_0664,UTLA_LAUSD_2022_2025,110,"Applications are valid for transfer for the following school year only (July 1 through June 30). 13.3 Transfer applicants must make themselves available for transfer to at least two geographic areas by ranked preference, but may make themselves available for transfer to more than two areas. 13.4 A Continuous Service Ranked Eligible List will be established by May 1 each year for each of the two categories identified in 14.1 above.",HARD,deontic:obligation|deontic:permission,2,,,,,,
UTLA_LAU_0602,UTLA_LAUSD_2022_2025,104,The District and UTLA shall jointly select and retain a professional hearing officer who shall be a member of the American Arbitration Association's Labor Panel and who shall be compensated by the District and UTLA equally.,HARD,deontic:obligation,2,,,,,,
UTLA_LAU_0675,UTLA_LAUSD_2022_2025,111,The District shall continue to make offers of transfers up to and including June 25 in order to transfer 75 teachers from each category.,HARD,deontic:obligation,2,,,,,,
UTLA_LAU_0674,UTLA_LAUSD_2022_2025,111,The waiting period to apply again under the Continuous Service Transfer program shall be as stated in Section 13.1. d.,HARD,deontic:obligation,2,,,,,,
UTLA_LAU_0671,UTLA_LAUSD_2022_2025,110,"If there is no vacancy remaining for an eligible teacher in anyone of the requested geographic areas, the District shall displace a teacher whom it has determined to be a ""match"" pursuant to the provisions of Section 6.0 of this Article. 2022-2025 UTLA Contract 92",HARD,deontic:obligation,2,,,,,,
UTLA_LAU_0603,UTLA_LAUSD_2022_2025,104,UTLA and the District shall each designate a representative to assist in the hardship appeal process.,HARD,deontic:obligation,2,,,,,,
UTLA_LAU_0670,UTLA_LAUSD_2022_2025,110,"The District shall analyze both the applicants and the known vacancies in terms of credential, subject field, grade level (K-6), and skills in an effort to find ""matches"" of vacancies and applicants, and place eligible teachers in such known vacancies prior to the use of displacement. b.",HARD,deontic:obligation,2,,,,,,
UTLA_LAU_0669,UTLA_LAUSD_2022_2025,110,All placements and displacements shall conform to the following: a.,HARD,deontic:obligation,2,,,,,,
UTLA_LAU_0604,UTLA_LAUSD_2022_2025,104,The hearing officer and the respective appointed representatives will serve as members of the Hardship Appeal Panel which shall be chaired by the hearing officer. 8.2 The panel shall have responsibility for evaluating the claim of each teacher who files a written declaration of hardship.,HARD,deontic:obligation,2,,,,,,
UTLA_LAU_0667,UTLA_LAUSD_2022_2025,110,"(b) provided there are sufficient eligible applicants. 13.6 By May 1, the District shall establish and post in a conspicuous place in the Certificated Placement and Assignments Office a list of schools with ""known vacant positions"" as defined in Section 12.1 above. 13.7 Through May 15, interviews for positions are optional and may be initiated by applicants (who are placed on a Continuous Service Ranked Eligible List), by principals, or by the Personnel Division. 13.8 Between May 15 and June 1, applicants on the Continuous Service Ranked Eligible Lists who have not been placed by May 15 shall be offered assignment by the District (""must place"") to a school in one of the geographic areas specified in the application.",HARD,deontic:obligation|deontic:obligation|deontic:permission,2,,,,,,
UTLA_LAU_0605,UTLA_LAUSD_2022_2025,104,"At the conclusion of any review or hearing, the panel shall file its decision as soon as possible.",HARD,deontic:obligation,2,,,,,,
UTLA_LAU_0694,UTLA_LAUSD_2022_2025,114,(1) The District shall make reasonable efforts to inform the faculty at the sending school of the number and type of openings available at the related receiving school(s).,HARD,deontic:obligation,2,,,,,,
UTLA_LAU_0695,UTLA_LAUSD_2022_2025,114,"Teachers may then volunteer to transfer, using the District-provided form.",SOFT,deontic:permission,2,,,,,,
UTLA_LAU_0696,UTLA_LAUSD_2022_2025,114,"(2) Where there are fewer volunteers at sending schools than are needed, such volunteers shall be reassigned provided the receiving school has need for the volunteer’s services grade level(s) or subject(s).",HARD,deontic:obligation,2,,,,,,
UTLA_LAU_0697,UTLA_LAUSD_2022_2025,114,"(3) Where there are more volunteers at a sending school than are needed, priority shall be given to those 2022-2025 UTLA Contract 96",HARD,deontic:obligation,2,,,,,,
UTLA_LAU_0724,UTLA_LAUSD_2022_2025,120,ARTICLE XI-B MASTER PLAN PROGRAM 1.0 Minimum Requirements for Participation in the Master Plan Program: The District shall determine from time to time,HARD,deontic:obligation,2,,,,,,
UTLA_LAU_0722,UTLA_LAUSD_2022_2025,118,"Also, the additional responsibilities for UCTP locations are not to diminish employee responsibilities at non - UCTP locations. 6.0 Differential Payments: Urban Classroom Teachers shall receive a lump-sum salary differential payment of $1,081 per semester. 6.1 Absences causing a loss of UCTP ""additional duties"" totaling five hours or more per semester shall result in a proportionate reduction in the UCTP differential payment. 6.2 No differential shall be paid for summer school or for any period of time which exceeds the equivalent of a C Basis assignment. 7.0 Substitute Teachers: Substitute teachers who qualify as Extended Substitutes pursuant to Article XIX, Section 4.0 shall be eligible to participate in the UCTP provided they meet all of the other conditions required of regular teachers. 2022-2025 UTLA Contract 100",HARD,deontic:obligation,2,,,,,,
UTLA_LAU_0721,UTLA_LAUSD_2022_2025,117,"By way of example, below is a partial listing of duties and responsibilities, one or more of which shall be required of each UCTP participant. a.",HARD,deontic:obligation,2,,,,,,
UTLA_LAU_0718,UTLA_LAUSD_2022_2025,117,"In such evaluations, the administrator shall comply with the procedures of Section 5.0 of Article X.",HARD,deontic:obligation,2,,,,,,
UTLA_LAU_0716,UTLA_LAUSD_2022_2025,117,Successful performance of both basic duties and the assigned additional duties and responsibilities shall be a condition of continued assignment to any UCTP location.,HARD,deontic:obligation,2,,,,,,
UTLA_LAU_0715,UTLA_LAUSD_2022_2025,117,(3) years of UCTP service. 5.0 Duties and Responsibilities: Each Urban Classroom participant shall make an individual commitment in writing to perform certain assigned duties and responsibilities in addition to those required by the employee's basic assignment.,HARD,deontic:obligation,2,,,,,,
UTLA_LAU_0714,UTLA_LAUSD_2022_2025,117,"Should a schools designation as UCTP be discontinued by the District, eligible teachers assigned under Section 5.0 may apply for placement at another UCTP site or request return rights specified in Paragraph 5.0(d) above effective the September following such discontinuance.",SOFT,deontic:preference|deontic:permission,2,,,,,,
UTLA_LAU_0713,UTLA_LAUSD_2022_2025,117,"Should the District discontinue the UCTP Program, eligible teachers assigned under Section 5.0 will be granted return rights specified in Paragraph 5.0(d) above effective the September following such discontinuance.",SOFT,deontic:preference,2,,,,,,
UTLA_LAU_0618,UTLA_LAUSD_2022_2025,105,The application shall be submitted to the Employee Health Coordinator by the applicant.,HARD,deontic:obligation,2,,,,,,
UTLA_LAU_0710,UTLA_LAUSD_2022_2025,116,Return rights may be 2022-2025 UTLA Contract 98,SOFT,deontic:permission,2,,,,,,
UTLA_LAU_0709,UTLA_LAUSD_2022_2025,116,Personnel selected by the District shall be transferred to the UCTP location. d.,HARD,deontic:obligation,2,,,,,,
UTLA_LAU_0708,UTLA_LAUSD_2022_2025,116,Selection of staff to fill UCTP openings shall be based upon principals' review of applications and such interviews by principals and/or other school staff members as are deemed necessary by the principal.,HARD,deontic:obligation,2,,,,,,
UTLA_LAU_0707,UTLA_LAUSD_2022_2025,116,"Those currently assigned to a UCTP site shall be retained, provided they were not rated ""below standard"" or deemed ""unsuccessful."" Where there are insufficient applicants for a given UCTP site, those who applied to other sites may be interviewed.",HARD,deontic:obligation|deontic:permission,2,,,,,,
UTLA_LAU_0706,UTLA_LAUSD_2022_2025,116,"In addition, procedures used for selection, assignment, and reassignment of full-time staff to UCTP programs, shall include: a.",HARD,deontic:obligation,2,,,,,,
UTLA_LAU_0705,UTLA_LAUSD_2022_2025,116,"District selection of the number or location of UCTP schools is excluded from the Grievance Procedure (Article V). 3.0 Eligibility for UCTP: The designation of Urban Classroom Teachers shall be restricted to employees who are time-reported or serving fulltime in one UCTP school. 4.0 Selection, Assignment and Reassignment of UCTP Staff: Selection, assignment or reassignment of employees to or from District designated UCTP locations shall be made consistent with goals and applicable provisions of this Agreement.",HARD,deontic:obligation,2,,,,,,
UTLA_LAU_0704,UTLA_LAUSD_2022_2025,116,"In the event that any costs do not so qualify, the program(s) may be terminated immediately. 2.0 Selection of Schools: The District will designate the UCTP schools and reserves the right to determine the number and identity of participating schools.",SOFT,deontic:permission,2,,,,,,
UTLA_LAU_0703,UTLA_LAUSD_2022_2025,115,Possession of a teaching credential shall not be a factor for consideration in this scenario. 2022-2025 UTLA Contract 97,HARD,deontic:prohibition|deontic:obligation,2,,,,,,
UTLA_LAU_0702,UTLA_LAUSD_2022_2025,115,Teachers at the school to be converted may seek specialized training in the theme or focus area(s) of the magnet in order to make them priority candidates for selection and/or seek a voluntary transfer. 18.0 Secondary Counselor Displacement: Displacement of Secondary Counselors from school sites shall be in the order of District seniority and shall follow the process outlined in Section 6.0 of the Article.,HARD,deontic:obligation|deontic:permission,2,,,,,,
UTLA_LAU_0701,UTLA_LAUSD_2022_2025,115,"It is understood that sixth grade ""Core Courses"" at junior high schools are to be considered as a separate ""program"" under Section 6.0. 17.0 If a school applies to be converted from a traditional program to a Magnet School, procedures delineated by District policy shall be followed prior to submission of the application.",HARD,deontic:obligation,2,,,,,,
UTLA_LAU_0699,UTLA_LAUSD_2022_2025,115,(4) All assignments shall be made in accordance with the credential authorization laws of California. e.,HARD,deontic:obligation,2,,,,,,
UTLA_LAU_0698,UTLA_LAUSD_2022_2025,115,"If more volunteer(s) meet this criterion than are needed, the District shall select those with the most District seniority.",HARD,deontic:obligation,2,,,,,,
UTLA_LAU_0666,UTLA_LAUSD_2022_2025,110,(a) in 13.1 and 75 shall be transferred from category,HARD,deontic:obligation,2,,,,,,
UTLA_LAU_0663,UTLA_LAUSD_2022_2025,110,ARTICLE XI - Transfers 13.2 Application forms will be available on February 1 and must be filed by April 1 at an office designated by the District.,HARD,deontic:obligation,2,,,,,,
UTLA_LAU_0726,UTLA_LAUSD_2022_2025,120,Primary language content instruction in a District-approved Newcomer Program 1.2 American Sign Language (ASL) Bilingual Program: Teachers shall be considered eligible to participate in ASL Bilingual Programs if they meet all of the following conditions: a.,HARD,deontic:obligation,2,,,,,,
UTLA_LAU_0629,UTLA_LAUSD_2022_2025,106,"The application, attachments, and all medical information subsequently requested shall be considered to be confidential medical information and will be retained by the Employee Health Coordinator.",HARD,deontic:obligation,2,,,,,,
UTLA_LAU_0639,UTLA_LAUSD_2022_2025,106,Top priority shall be applicants who have not been granted a requested transfer for two,HARD,deontic:obligation,2,,,,,,
UTLA_LAU_0638,UTLA_LAUSD_2022_2025,106,"Prior to April 1 of each year, the appropriate offices shall provide each location they serve with an updated list of employees who have on file a current transfer application. 9.3 When a vacancy occurs, the immediate administrator shall invite each applicant to make an appointment within ten (10) working days to meet and discuss the possible transfer.",HARD,deontic:obligation,2,,,,,,
UTLA_LAU_0637,UTLA_LAUSD_2022_2025,106,This list shall be posted at all locations and copies made available to personnel upon request at least one week prior to the last date to file an application for transfer.,HARD,deontic:obligation,2,,,,,,
UTLA_LAU_0636,UTLA_LAUSD_2022_2025,106,The appropriate administrator shall prepare a master list of anticipated vacancies for the locations served.,HARD,deontic:obligation,2,,,,,,
UTLA_LAU_0635,UTLA_LAUSD_2022_2025,106,Changes to the application may only be made once each year. 9.2 The administrator of the office to which the application is made shall acknowledge in writing to the employee receipt of the application.,HARD,deontic:obligation|deontic:permission,2,,,,,,
UTLA_LAU_0614,UTLA_LAUSD_2022_2025,104,The Medical Appeal Panel shall have responsibility for hearing the appeal of each employee who files a written request for appeal from the Employee Health Panel decision.,HARD,deontic:obligation,2,,,,,,
UTLA_LAU_0633,UTLA_LAUSD_2022_2025,106,All applications shall be filed prior to a closing date to be announced each year.,HARD,deontic:obligation,2,,,,,,
UTLA_LAU_0615,UTLA_LAUSD_2022_2025,105,At the conclusion of the hearing the Medical Appeal Panel shall make known its decision as soon as possible and the hearing officer shall prepare a written report of findings and conclusions.,HARD,deontic:obligation,2,,,,,,
UTLA_LAU_0632,UTLA_LAUSD_2022_2025,106,Applications shall be signed by the employee's immediate administrator and filed with the appropriate office.,HARD,deontic:obligation,2,,,,,,
UTLA_LAU_0631,UTLA_LAUSD_2022_2025,106,Applications shall be submitted on a District form which shall be available at each location.,HARD,deontic:obligation,2,,,,,,
UTLA_LAU_0616,UTLA_LAUSD_2022_2025,105,"Procedures for processing applications shall include, but not be limited to: a.",HARD,deontic:obligation,2,,,,,,
UTLA_LAU_0662,UTLA_LAUSD_2022_2025,109,"Time spent on formal leaves shall not count as time served, but shall not constitute a break in service. 2022-2025 UTLA Contract 91",HARD,deontic:prohibition|deontic:obligation,2,,,,,,
UTLA_LAU_0628,UTLA_LAUSD_2022_2025,106,Both the District and the applicant shall have the opportunity to present medical evidence and/or testimony.,HARD,deontic:obligation,2,,,,,,
UTLA_LAU_0627,UTLA_LAUSD_2022_2025,106,"Adjustment means assignment to a location consistent with the reason for which the exemption was granted. 8.6 All information listed above shall be available to the Medical Appeal Panel at the hearing, provided the claimant authorized release of medical information.",HARD,deontic:obligation,2,,,,,,
UTLA_LAU_0626,UTLA_LAUSD_2022_2025,106,"If an appeal is filed, there shall be a hearing conducted pursuant to Section 8.4 above. h.",HARD,deontic:obligation,2,,,,,,
UTLA_LAU_0625,UTLA_LAUSD_2022_2025,105,Such requests must be received by the Employee Health Coordinator within thirty days from the date of the Employee Health Panel's decision. 2022-2025 UTLA Contract 87,HARD,deontic:obligation,2,,,,,,
UTLA_LAU_0624,UTLA_LAUSD_2022_2025,105,A written request for appeal from the Employee Health Panel's decision may be filed by the applicant.,SOFT,deontic:permission,2,,,,,,
UTLA_LAU_0617,UTLA_LAUSD_2022_2025,105,A written request for medical exemption shall be forwarded to the Employee Health Coordinator by the applicant who shall then be furnished with an application form. b.,HARD,deontic:obligation,2,,,,,,
UTLA_LAU_0623,UTLA_LAUSD_2022_2025,105,This notification shall set forth express grounds for denial of a request which has been disapproved. e.,HARD,deontic:obligation,2,,,,,,
UTLA_LAU_0622,UTLA_LAUSD_2022_2025,105,Notification shall be sent to the applicant and to the Personnel Division by the Employee Health Coordinator regarding disposition of the exemption request.,HARD,deontic:obligation,2,,,,,,
UTLA_LAU_0621,UTLA_LAUSD_2022_2025,105,The Employee Health Panel shall render a decision regarding the applicant's request for medical exemption.,HARD,deontic:obligation,2,,,,,,
UTLA_LAU_0620,UTLA_LAUSD_2022_2025,105,"A review of all medical data shall be conducted by the Employee Health Panel including, where necessary data provided through additional medical examination, consultation, and evaluation of the applicant.",HARD,deontic:obligation,2,,,,,,
UTLA_LAU_0640,UTLA_LAUSD_2022_2025,107,"Then, if there is more than one applicant for a position, the employee with the most consecutive years at the same location shall be given priority consideration. c.",HARD,deontic:obligation,2,,,,,,
UTLA_LAU_0641,UTLA_LAUSD_2022_2025,107,"If a tie occurs, priority should be given first to time served in the same class and then to District seniority. 9.4 The administrator shall notify the appropriate offices as soon as an employee has been selected from the transfer list and the employee has either accepted or refused the assignment in writing.",HARD,deontic:obligation|deontic:preference,2,,,,,,
UTLA_LAU_0642,UTLA_LAUSD_2022_2025,107,The administrator shall notify each applicant of the selection decision after all applicants have been interviewed and shall keep a record of all interviews.,HARD,deontic:obligation,2,,,,,,
UTLA_LAU_0643,UTLA_LAUSD_2022_2025,107,"A teacher not selected will be provided, upon request within ten days, with the reasons for the selection made. 9.5 Every effort should be made to accomplish all available transfers not later than September 1 each year to become effective not later than the first day of the Fall semester.",SOFT,deontic:preference,2,,,,,,
UTLA_LAU_0606,UTLA_LAUSD_2022_2025,104,"The hearing officer shall subsequently prepare a written report of findings, conclusions, and the decision.",HARD,deontic:obligation,2,,,,,,
UTLA_LAU_0660,UTLA_LAUSD_2022_2025,109,"As an exception, counselors and instructional coaches returning to a classroom assignment from a school site other than the prior teaching assignment, shall be given the opportunity to remain at the site provided there is an opening in his/her credentialed field. 13.0 Voluntary Continuous Service Transfers, K-12 Program: 13.1 Teachers with permanent or continuing status may apply for transfer under this section if either: a.",HARD,deontic:obligation|deontic:permission,2,,,,,,
UTLA_LAU_0659,UTLA_LAUSD_2022_2025,109,"If the completed non-teaching assignment was at a school site or office other than the prior teaching assignment, the employee shall be returned to the previous school if there is an opening or to a school in the same geographic area.",HARD,deontic:obligation,2,,,,,,
UTLA_LAU_0658,UTLA_LAUSD_2022_2025,109,"An employee in a non-teaching assignment at a location where previously assigned as a teacher shall, upon completion of the nonteaching assignment, remain at the site as a member of the teaching staff.",HARD,deontic:obligation,2,,,,,,
UTLA_LAU_0657,UTLA_LAUSD_2022_2025,109,"(2) A teacher displaced as a result of a school closure decision, reconfiguration, boundary change, or other action pursuant to Section 17.0 of this Article shall upon application be returned to the school from which displaced if before the end of the fourth week of the following fall semester a vacancy occurs for which the displaced teacher is the most senior displaced ""match"" by reason of the same subject field or grade level (K-6); if not a ""match"", the teacher must meet the criteria in",HARD,deontic:obligation|deontic:obligation,2,,,,,,
UTLA_LAU_0656,UTLA_LAUSD_2022_2025,108,"If such displaced teacher is not a ""match"", the teacher may nonetheless be returned to a vacancy in a different subject under the above circumstances if:",SOFT,deontic:permission,2,,,,,,
UTLA_LAU_0655,UTLA_LAUSD_2022_2025,108,"(1) A teacher displaced from a school between the end of one semester and the fourth week of the next semester shall be returned to the school from which displaced if by the end of the fourth week, a vacancy occurs (based on the classification report) for which the displaced teacher is the most senior displaced ""match"" by reason of same subject field or grade (K6).",HARD,deontic:obligation,2,,,,,,
UTLA_LAU_0654,UTLA_LAUSD_2022_2025,108,Displaced teachers who fit into the following categories shall have return rights as set forth below:,HARD,deontic:obligation,2,,,,,,
UTLA_LAU_0608,UTLA_LAUSD_2022_2025,104,The Personnel Division shall make assignments based upon the decision of the Panel and shall notify employees regarding such assignments.,HARD,deontic:obligation,2,,,,,,
UTLA_LAU_0609,UTLA_LAUSD_2022_2025,104,Employees are required to report to the location to which assigned or reassigned pending final disposition of the hardship claim by the Hardship Panel and the Personnel Division. 8.3 Administrative procedures and criteria for implementation of this hardship appeal process have been established.,HARD,deontic:obligation,2,,,,,,
UTLA_LAU_0610,UTLA_LAUSD_2022_2025,104,Hardship exemptions which are approved shall be reviewed at regular intervals to be determined by the Personnel Division.,HARD,deontic:obligation,2,,,,,,
UTLA_LAU_0611,UTLA_LAUSD_2022_2025,104,Reports of the disposition of all claims shall be provided to the Board of Education. 8.4 Medical Appeals: This medical appeal procedure is for the purpose of resolving claims based upon medical grounds filed by individual teachers for exemption from assignment or reassignment.,HARD,deontic:obligation,2,,,,,,
UTLA_LAU_0651,UTLA_LAUSD_2022_2025,108,"An employee who refuses an offer to a Center requested shall be removed from the transfer list to that Center and shall not be permitted to reapply to that Center for the next three succeeding calendar years. 11.0 Vacant Positions 11.1 The District shall establish daily, organized by Local Districts, a list of schools with known ""vacant positions."" A vacant position shall be defined as: a.",HARD,deontic:prohibition|deontic:obligation,2,,,,,,
UTLA_LAU_0650,UTLA_LAUSD_2022_2025,108,ARTICLE XI - Transfers openings may be filled on a temporary basis or with a substitute teacher pending completion of the selection process. 10.3 An employee who is successful in obtaining a transfer may not submit another transfer request for three calendar years.,SOFT,deontic:restriction|deontic:permission,2,,,,,,
UTLA_LAU_0649,UTLA_LAUSD_2022_2025,107,"Each interviewee shall be notified, in writing, of the selection decision.",HARD,deontic:obligation,2,,,,,,
UTLA_LAU_0648,UTLA_LAUSD_2022_2025,107,"An employee returning from leaves or a displaced employee may be placed in an opening without posting, or the District may permit such employees to apply and be considered for posted openings. 10.2 When an opening occurs and has been posted, the immediate administrator shall, consistent with the Teacher Integration Program (Appendix B and Section 6.0 of this Article), interview the five most senior qualified employees who have on file applications to that Center.",HARD,deontic:obligation|deontic:permission,2,,,,,,
UTLA_LAU_0612,UTLA_LAUSD_2022_2025,104,"For purposes of conducting hearings of appeals from District medical decisions, the District and UTLA shall jointly select and retain a professional hearing officer who shall be a member of the American Arbitration Association's Labor Panel and who shall be compensated by the District and UTLA jointly.",HARD,deontic:obligation,2,,,,,,
UTLA_LAU_0647,UTLA_LAUSD_2022_2025,107,"Postings shall include: the name and address of the work site, the proposed hours, any special skills and/or qualifications required, and a deadline for applications.",HARD,deontic:obligation,2,,,,,,
UTLA_LAU_0613,UTLA_LAUSD_2022_2025,104,The District and UTLA shall each designate a representative to assist in the medical exemption appeal process.,HARD,deontic:obligation,2,,,,,,
UTLA_LAU_0646,UTLA_LAUSD_2022_2025,107,"(See Article XXIII, Section 5.0 for provisions relating to 4-hour work opportunities.) Applications will be submitted on forms available at each Center, and must be filed at the Early Education Center Assignment Office. 10.1 A master up-to-date list of anticipated 8-hour openings will be compiled by the Early Education Center Assignment Office and posted at each work site for five working days prior to the position being filled.",HARD,deontic:obligation,2,,,,,,
UTLA_LAU_0645,UTLA_LAUSD_2022_2025,107,(3) school years. 10.0 Employee Initiated Transfers - Early Education Centers: A permanent 4-hour and permanent or probationary 8-hour (including split assignments) Early Education Center employees shall be eligible to apply for transfer to an 8-hour position at another site.,HARD,deontic:obligation,2,,,,,,
UTLA_LAU_0725,UTLA_LAUSD_2022_2025,120,"(c) whether any individual employee meets those program requirements. 1.1 In order to be considered eligible to participate in the Master Plan Program, all teachers must possess a Bilingual Certificate of Competency (BCC);",HARD,deontic:obligation,2,,,,,,
UTLA_LAU_0711,UTLA_LAUSD_2022_2025,117,Time spent on formal leaves of absence shall not be counted toward the three,HARD,deontic:prohibition|deontic:obligation,2,,,,,,
UTLA_LAU_0727,UTLA_LAUSD_2022_2025,120,"Assigned to teach and provide ASL content instruction in an approved ASL Bilingual Program without the assistance of an interpreter. 2.0 Master Plan Salary Differentials: Salary Differentials shall be paid to teachers with the appropriate authorizations and assigned to provide content instruction as provided in Sections 1.0 - 1.2 of this Article in Districtapproved Dual Language, Newcomer and ASL Bilingual Programs as follows: a.",HARD,deontic:obligation,2,,,,,,
UTLA_LAU_0752,UTLA_LAUSD_2022_2025,124,"In addition, the combination of the leaves shall not exceed two semesters.",HARD,deontic:prohibition|deontic:obligation,2,,,,,,
UTLA_LAU_0782,UTLA_LAUSD_2022_2025,127,The aggregate amount of parental leave taken pursuant to this Section and Section 12945.2 of the Government Code shall not exceed 12 workweeks in a 12-month period. d.,HARD,deontic:prohibition|deontic:obligation,2,,,,,,
UTLA_LAU_0781,UTLA_LAUSD_2022_2025,127,"If a school year terminates before the 12-week period is exhausted, the employee may take the balance of the 12-week period in the subsequent school year. c.",SOFT,deontic:permission,2,,,,,,
UTLA_LAU_0780,UTLA_LAUSD_2022_2025,127,An employee shall not be provided more than one 12-week period per parental leave.,HARD,deontic:prohibition|deontic:obligation,2,,,,,,
UTLA_LAU_0779,UTLA_LAUSD_2022_2025,127,"While on parental leave, an employee must use all his/her accummulated illness/sick leave for a period of up to twelve workweeks.",HARD,deontic:obligation,2,,,,,,
UTLA_LAU_0777,UTLA_LAUSD_2022_2025,127,"District forms for such certifications, and application forms, shall be available at each site. 10.4 Parental Leave: In accordance with California Education Code section 44977.5, an eligible employee may take leave for reason of the birth of a child of the employee, or the placement of a child with an employee in connection with the adoption or foster care of the child by the employee.",HARD,deontic:obligation|deontic:permission,2,,,,,,
UTLA_LAU_0776,UTLA_LAUSD_2022_2025,127,"The employee must also supply to the District her physician's certification as to the beginning and ending dates of actual pregnancy-related disability for which paid illness absence is claimed, and her physician's release to return to active duty.",HARD,deontic:obligation,2,,,,,,
UTLA_LAU_0774,UTLA_LAUSD_2022_2025,127,"Article XII – Leaves and Absences 10.0 Pregnancy and Related Disability (Paid and Unpaid): 10.1 Paid Disability Absence: For that period of time during which the employee (including temporaries and substitutes) is physically disabled and unable to perform her regular duties due to pregnancy, miscarriage, childbirth and recovery there from, she shall be permitted to utilize her illness absence pursuant to Section 12.0 of this Article. 10.2 Optional Unpaid Portion: A pregnant employee in active status shall, upon request, be granted an unpaid pregnancy leave (or, in the case of substitutes or temporaries, an unpaid absence) and still qualify for paid absence during the period of disability.",HARD,deontic:obligation,2,,,,,,
UTLA_LAU_0773,UTLA_LAUSD_2022_2025,126,"If out of state travel is required and requested, an additional two days shall be granted.",HARD,deontic:obligation,2,,,,,,
UTLA_LAU_0772,UTLA_LAUSD_2022_2025,126,"If more than one such death occurs simultaneously, the leaves may be taken consecutively.",SOFT,deontic:permission,2,,,,,,
UTLA_LAU_0593,UTLA_LAUSD_2022_2025,103,"The following employees with no seniority number shall be ranked by seniority based upon first date of contract service within their employment status and then employment status shall be ranked as follows: Provisional are to be deemed least senior, then Temporary Contracts, then University/Individualized Interns.",HARD,deontic:obligation,2,,,,,,
UTLA_LAU_0771,UTLA_LAUSD_2022_2025,126,"A majority decision by the Medical Review Committee shall be final and binding. 9.0 Bereavement (Paid): An employee is entitled to a paid leave/absence from the District, not to exceed three days, on account of the death of a member of the employee's immediate family if acceptable proof of death and relationship is provided and the leave/absence commences within ten calendar days of the death.",HARD,deontic:obligation,2,,,,,,
UTLA_LAU_0770,UTLA_LAUSD_2022_2025,126,"The committee shall be comprised of a District physician, a physician selected and compensated by UTLA, and a third physician who shall be selected by the two physicians and compensated equally by the District and UTLA.",HARD,deontic:obligation,2,,,,,,
UTLA_LAU_0769,UTLA_LAUSD_2022_2025,126,"In the case of an early return from family care and medical leave, if the employee informs the District of a desire for early return the District will, if feasible, return the employee to service within two working days after the employee notifies the District of the request to return. 8.1 Return from Leave - Medical Review Committee: An employee not approved to return from a leave by the District Medical Director may appeal to a Medical Review Committee.",SOFT,deontic:permission,2,,,,,,
UTLA_LAU_0768,UTLA_LAUSD_2022_2025,126,An exception to this provision or requirement shall be made if it was impossible for the employee to give the required notice.,HARD,deontic:obligation,2,,,,,,
UTLA_LAU_0767,UTLA_LAUSD_2022_2025,126,"Failure by the employee to give such notice, or to report to duty as directed after having given such notice, shall be considered abandonment of position and resignation from service.",HARD,deontic:obligation,2,,,,,,
UTLA_LAU_0766,UTLA_LAUSD_2022_2025,125,"The employee shall be so notified. 8.0 Expiration of Leave: Two calendar months before the expiration of a leave for one semester or more, and upon reasonable notice from the District, the employee must notify the Personnel Office of an intention to 2022-2025 UTLA Contract 107",HARD,deontic:obligation|deontic:obligation,2,,,,,,
UTLA_LAU_0763,UTLA_LAUSD_2022_2025,125,All other employees returning to service must notify the school or section at least one hour before the end of the regular working day on the day before the day of anticipated return.,HARD,deontic:obligation,2,,,,,,
UTLA_LAU_0762,UTLA_LAUSD_2022_2025,125,"When the absence is to be for one day only, employees may, when reporting the absence to the school or center, also give notice on intended return for the following day.",SOFT,deontic:permission,2,,,,,,
UTLA_LAU_0761,UTLA_LAUSD_2022_2025,125,Hourly rate employees must notify the school or center not later than one hour before the employee's class meets.,HARD,deontic:obligation,2,,,,,,
UTLA_LAU_0759,UTLA_LAUSD_2022_2025,125,Applications for informal permissive absences not to exceed five days shall be submitted for approval to the immediate administrator.,HARD,deontic:obligation,2,,,,,,
UTLA_LAU_0758,UTLA_LAUSD_2022_2025,125,Exceptions may be made in the sole discretion of the District.,SOFT,deontic:permission,2,,,,,,
UTLA_LAU_0757,UTLA_LAUSD_2022_2025,125,"For Early Education Centers and other employees not assigned on the usual semester basis, the semester period shall be computed as being one-half of the normal annual assignment and the 65 working days shall be proportionately adjusted. 5.0 Application: Applications for permissive leaves of absence must be submitted on or before the dates established by this Article.",HARD,deontic:obligation|deontic:obligation,2,,,,,,
UTLA_LAU_0756,UTLA_LAUSD_2022_2025,124,"The Superintendent may, in his sole discretion, grant a waiver from this limit, for 2022-2025 UTLA Contract 106",SOFT,deontic:permission,2,,,,,,
UTLA_LAU_0783,UTLA_LAUSD_2022_2025,127,Parental leave taken pursuant to this Section shall run concurrently with parental leave taken pursuant to the FMLA and CFRA. 2022-2025 UTLA Contract 109,HARD,deontic:obligation,2,,,,,,
UTLA_LAU_0784,UTLA_LAUSD_2022_2025,128,Substitute and temporary employees are not eligible for parental leave. 11.0 Child Care (Unpaid): An unpaid leave shall be granted to a permanent employee to care for such employee's own (including adopted) child of under five years of age.,HARD,deontic:obligation,2,,,,,,
UTLA_LAU_0785,UTLA_LAUSD_2022_2025,128,"The leave, together with any renewal thereof, shall not exceed the equivalent of four semesters in duration. 11.1 A probationary employee shall be granted an unpaid childcare leave immediately following the pregnancy leave, birth or adoption, for the balance of the semester (or equivalent period of time in a year-round school, e.g., July 1-December 31 and January 1-June 30) in which the childcare leave commenced.",HARD,deontic:prohibition|deontic:obligation,2,,,,,,
UTLA_LAU_0805,UTLA_LAUSD_2022_2025,130,Allowable paid leave/absence shall not be accumulated from year to year. c.,HARD,deontic:prohibition|deontic:obligation,2,,,,,,
UTLA_LAU_0817,UTLA_LAUSD_2022_2025,131,In order to qualify for such an extension the employee must have,HARD,deontic:obligation,2,,,,,,
UTLA_LAU_0815,UTLA_LAUSD_2022_2025,131,"Also, if the employee reports or alleges that the injury arose out of an act of violence, the administrator shall report the incident to the School Police. f.",HARD,deontic:obligation,2,,,,,,
UTLA_LAU_0813,UTLA_LAUSD_2022_2025,131,The employee must also report as soon as possible for examination and treatment by a physician who is on the District's Emergency Medical Panel.,HARD,deontic:obligation,2,,,,,,
UTLA_LAU_0812,UTLA_LAUSD_2022_2025,131,"The site administrator shall, as a result of an investigation, complete the Employer's Report of Occupational Injury or Illness, and shall attach the employee's report thereto.",HARD,deontic:obligation,2,,,,,,
UTLA_LAU_0811,UTLA_LAUSD_2022_2025,131,This written report must be submitted to the immediate administrator within two working days after occurrence if the employee is physically able to do so.,HARD,deontic:obligation,2,,,,,,
UTLA_LAU_0810,UTLA_LAUSD_2022_2025,131,Each employee who has received a work-related injury or illness which requires medical attention or absence from work for more than the day of the occurrence must complete a written report of injury on a form to be provided by the District.,HARD,deontic:obligation,2,,,,,,
UTLA_LAU_0809,UTLA_LAUSD_2022_2025,131,"When an authorized leave/absence continues into the next school year, the employee shall be entitled to only the amount of unused leave/absence due for the same illness or injury. e.",HARD,deontic:obligation,2,,,,,,
UTLA_LAU_0808,UTLA_LAUSD_2022_2025,130,For purposes of this section the maximum and minimum average weekly earnings set forth in Section 4453 of the Labor Code shall otherwise not be deemed applicable. 2022-2025 UTLA Contract 112,HARD,deontic:obligation,2,,,,,,
UTLA_LAU_0807,UTLA_LAUSD_2022_2025,130,"For substitutes and limited term employees, full normal salary shall be computed so that it shall not be less than the employee's average weekly earnings as utilized in Section 4453 of the Labor Code.",HARD,deontic:prohibition|deontic:obligation,2,,,,,,
UTLA_LAU_0806,UTLA_LAUSD_2022_2025,130,"An employee absent under this section shall be paid such portion of the salary due for any school month in which the absence occurs as, when added to the temporary disability indemnity under Division 4 or Division 4.5 of the Labor Code, will result in a payment of not more than the employee's full normal salary.",HARD,deontic:obligation,2,,,,,,
UTLA_LAU_0804,UTLA_LAUSD_2022_2025,130,Allowable leave/absence shall be for up to 60 working days for the same injury or illness. b.,HARD,deontic:obligation,2,,,,,,
UTLA_LAU_0786,UTLA_LAUSD_2022_2025,128,The combined pregnancy leave and childcare leave shall not exceed two semesters.,HARD,deontic:prohibition|deontic:obligation,2,,,,,,
UTLA_LAU_0803,UTLA_LAUSD_2022_2025,130,"Eligible employees may apply to receive full-pay donations through this program for up to two separate occurrences of a catastrophic illness. 13.0 Industrial Injury or Illness Paid: An employee who is absent from District service because of an injury or illness which arose out of and in the course of employment, and for which temporary disability benefits are being received under the worker's compensation laws, shall be entitled to a paid absence or leave under the following conditions: a.",HARD,deontic:obligation|deontic:permission,2,,,,,,
UTLA_LAU_0800,UTLA_LAUSD_2022_2025,130,Form 60.ILL shall be signed by the employee.,HARD,deontic:obligation,2,,,,,,
UTLA_LAU_0799,UTLA_LAUSD_2022_2025,130,"Article XII – Leaves and Absences 12.9 An employee absent from duty for any illness, injury, or other disability for more than 5 consecutive working days shall be required to submit either the Certification/Request of Absence for Illness, Family Illness, New Child (Form 60.ILL) completed by the attending physician or a statement from the attending physician on letterhead attached to Form 60.ILL.",HARD,deontic:obligation,2,,,,,,
UTLA_LAU_0798,UTLA_LAUSD_2022_2025,129,"Also, the District shall have the authority to use whatever means are reasonably necessary to verify any claimed illness, injury, or disability under this section before authorizing any compensation. 2022-2025 UTLA Contract 111",HARD,deontic:obligation,2,,,,,,
UTLA_LAU_0794,UTLA_LAUSD_2022_2025,129,Full-pay illness benefits shall be used before available half-pay benefits may be used.,HARD,deontic:obligation|deontic:permission,2,,,,,,
UTLA_LAU_0793,UTLA_LAUSD_2022_2025,129,"Half-pay illness credit shall not be cumulative from year to year. 12.7 When an employee is absent under this section and such absence is properly verified, the employee will receive full normal pay up to the total of the employee's full-pay illness benefits.",HARD,deontic:prohibition|deontic:obligation,2,,,,,,
UTLA_LAU_0791,UTLA_LAUSD_2022_2025,129,"The employee has on file an illness leave request satisfying the requirements of Sections 12.8 and 12.9. 12.5 If an employee is paid for more than the illness absences to which entitled, or terminates employment prior to accruing leave taken in advance, the employee shall be required to refund to the District the salary to which not entitled.",HARD,deontic:obligation,2,,,,,,
UTLA_LAU_0790,UTLA_LAUSD_2022_2025,129,"However, an employee who uses such a credit prior to actual accrual shall not accrue or be credited with additional absence hours until the negative balance has been restored. 12.4 An exception to the ""active employee"" requirement of Sections 12.2 and 12.3 will be made upon request once in each employee's career to permit qualification for the annual full and half-pay illness absence hours, even though the employee is unable to report to work at the commencement of the employee's annual assignment basis due to illness, provided the following conditions are met: a.",HARD,deontic:prohibition|deontic:obligation,2,,,,,,
UTLA_LAU_0789,UTLA_LAUSD_2022_2025,129,"Article XII – Leaves and Absences 12.3 At the beginning of the pay period immediately preceding July 1, each active employee (excluding substitute and temporary) shall receive credit for full-pay illness absence hours up to ten days (pro-rated for those employed for less than a full school year) prior to accrual.",HARD,deontic:obligation,2,,,,,,
UTLA_LAU_0787,UTLA_LAUSD_2022_2025,128,"In addition, the combination of the leaves shall not exceed two semesters. 11.2 Application may be submitted at any time but must be on file in the Personnel Office by April 15 for the fall semester and by November 15 for the spring semester.",HARD,deontic:prohibition|deontic:obligation|deontic:obligation|deontic:permission,2,,,,,,
UTLA_LAU_0755,UTLA_LAUSD_2022_2025,124,"For purposes of this Section, 65 working days per semester on leave shall constitute a semester on leave.",HARD,deontic:obligation,2,,,,,,
UTLA_LAU_0619,UTLA_LAUSD_2022_2025,105,The applicant shall be responsible for the submission of a written report concerning the applicant's medical condition from the applicant's physician(s) to the Employee Health Coordinator. c.,HARD,deontic:obligation,2,,,,,,
UTLA_LAU_0744,UTLA_LAUSD_2022_2025,123,Such changes may result in employees having been paid salary for which they are not eligible based on service provided.,SOFT,deontic:permission,2,,,,,,
UTLA_LAU_0598,UTLA_LAUSD_2022_2025,103,"Pending disposition of the Application for Exemption, employees are required to report to the location to which assigned.",HARD,deontic:obligation,2,,,,,,
UTLA_LAU_0736,UTLA_LAUSD_2022_2025,122,Other items as determined by the school. 3.0 Improvement of Student Attendance: Schoolwide and other Title I school site programs shall incorporate strategies and instructional delivery system to improve student attendance.,HARD,deontic:obligation,2,,,,,,
UTLA_LAU_0748,UTLA_LAUSD_2022_2025,123,"However, such restrictions shall not apply in the case pregnancy disability (Section 10.2) or industrial injury absences (Section 13), or family care and medical leave (Section 24). 2022-2025 UTLA Contract 1/22/19 105",HARD,deontic:prohibition|deontic:obligation,2,,,,,,
UTLA_LAU_0735,UTLA_LAUSD_2022_2025,122,"Schoolwide Program: Schoolwide programs may, in compliance with applicable law, be implemented at eligible schools. 2.1 School-based Program: Each school shall design its process steps and specific program standards.",HARD,deontic:obligation|deontic:permission,2,,,,,,
UTLA_LAU_0733,UTLA_LAUSD_2022_2025,121,The differentials shall be prorated in the case of part-time assignments and for those assigned for more than twenty (20) days but less than a semester.,HARD,deontic:obligation,2,,,,,,
UTLA_LAU_0596,UTLA_LAUSD_2022_2025,103,"Compliance with approved criteria must be established, and the application form must be filed within the timeline specified by the Personnel Division.",HARD,deontic:obligation,2,,,,,,
UTLA_LAU_0746,UTLA_LAUSD_2022_2025,123,Other employees serving under written contracts of employment may qualify for such leaves if provided for in their contracts.,SOFT,deontic:permission,2,,,,,,
UTLA_LAU_0732,UTLA_LAUSD_2022_2025,121,"Employees who meet the qualifications after Norm Day and who thereafter continue in the same assignment, shall be paid the appropriate differential upon verification of eligibility.",HARD,deontic:obligation,2,,,,,,
UTLA_LAU_0594,UTLA_LAUSD_2022_2025,103,The following employees shall be placed on the District-wide Transfer List: a.,HARD,deontic:obligation,2,,,,,,
UTLA_LAU_0750,UTLA_LAUSD_2022_2025,124,"As an exception that the childcare leave must immediately follow pregnancy leave, birth, or adoption for return rights, the family care and medical leave may interrupt that sequence.",HARD,deontic:obligation|deontic:permission,2,,,,,,
UTLA_LAU_0731,UTLA_LAUSD_2022_2025,121,"Assigned to teach qualifying classes as indicated in 1.1 of this Article more than one-half (1/2) of a full-time assignment shall be up to $5,400 ($2,700 per semester as eligible). 3.0 Dual Language Incentive: Teachers assigned to team teach the English portion of a District-approved Dual Language program shall receive a stipend of $500 per semester. 4.0 Date of Eligibility for Salary Differentials: Employees who meet the qualifications for salary differentials as of Norm Day of each semester, and who thereafter continue in the same assignment, shall be paid the appropriate differential.",HARD,deontic:obligation,2,,,,,,
UTLA_LAU_0597,UTLA_LAUSD_2022_2025,103,Application for exemption may not be filed until the formal assignment letter has been received.,SOFT,deontic:restriction|deontic:permission,2,,,,,,
UTLA_LAU_0745,UTLA_LAUSD_2022_2025,123,"To avoid this, employees may request that their assignment basis be changed in advance of the start of the school year. 2.0 General Eligibility Provisions: Probationary and permanent employees shall be eligible for certain paid and unpaid leaves.",HARD,deontic:obligation|deontic:permission,2,,,,,,
UTLA_LAU_0730,UTLA_LAUSD_2022_2025,120,"Assigned to teach qualifying classes as indicated in 1.1 of this Article up to one-half (1/2) of a full-time assignment shall be up to $2,700 ($1,350 per semester as eligible). 2022-2025 UTLA Contract 102",HARD,deontic:obligation,2,,,,,,
UTLA_LAU_0742,UTLA_LAUSD_2022_2025,123,Formal leaves must be applied for in writing using the District form. 1.1 Employees who are on unpaid leaves and employees who exhaust their paid benefits while on paid leave are not eligible for District-paid health and welfare benefits while in unpaid status.,HARD,deontic:obligation,2,,,,,,
UTLA_LAU_0751,UTLA_LAUSD_2022_2025,124,"However, each leave must immediately follow the other and the childcare leave will be granted only for the balance of the semester or track in which the childcare leave commenced.",HARD,deontic:obligation,2,,,,,,
UTLA_LAU_0743,UTLA_LAUSD_2022_2025,123,"Also, employees in unpaid status may arrange for continuance of benefits under Article XVI, Section 9.0 COBRA.",SOFT,deontic:permission,2,,,,,,
UTLA_LAU_0728,UTLA_LAUSD_2022_2025,120,"Teachers assigned to teach in full-time UTK-5/6 grade elementary classrooms shall receive a stipend up to $5,400 ($2,700 per semester as eligible). b.",HARD,deontic:obligation,2,,,,,,
UTLA_LAU_0741,UTLA_LAUSD_2022_2025,123,"As to mandatory leaves the term ""shall"" is used and the District has no discretion as to whether the leave is to be granted to a qualified employee.",HARD,deontic:obligation,2,,,,,,
UTLA_LAU_0737,UTLA_LAUSD_2022_2025,122,"Strategies and systems may include: a. ""school-within-a-school"" program; b. off-hour and alternative location programs for eligible students who can't attend during regular hours or on a regular campus; c. school-community organizing drives to counter absenteeism; d. activity-based and context-cited learning 2022-2025 UTLA Contract 104",SOFT,deontic:permission,2,,,,,,
UTLA_LAU_0740,UTLA_LAUSD_2022_2025,123,"Leaves are either ""permissive"" or ""mandatory."" As to permissive leaves, the term ""may"" is used and the District retains discretion as to whether they are to be granted, and as to the starting and ending dates of the leave.",SOFT,deontic:permission,2,,,,,,
UTLA_LAU_0729,UTLA_LAUSD_2022_2025,120,Teachers assigned to teach in secondary classrooms shall receive a stipend as follows: 1.,HARD,deontic:obligation,2,,,,,,
UTLA_LAU_2098,UTLA_LAUSD_2022_2025,437,APPENDIX E - 6 Personnel Policy Guide: S9 Los Angeles Unified School District 2024-2025 NURSE PRACTITIONER (NP) TABLE NursePractitioner(NP)The2024-2025tablereflectsa4%increaseovertheJuly-December2024rates.CBasisratesreflect204days.Actualpaid salaries will reflect one additional day for the 2024-2025 school year for a total of 205 days.,UNCLEAR,threshold,1,,,,,,
UTLA_LAU_0003,UTLA_LAUSD_2022_2025,13,SUBSTITUTE EMPLOYEES 218 1.0 Salary and Benefit Provisions 218 2.0 Incentive Plan 219 2.1 Eligibility 219 2.2 Priority for Selection 220 2.3 Incentive Substitute Assignment Procedures 220 3.0 Day-to-Day Substitutes Extended 220 3.1 Resident Substitute 220 4.0 Assignment Procedures for Non-Incentive Plan Substitutes 221 4.1 Accepting Assignments 221 4.3 Calling Priority Order 222 4.4 Assignments During Z Basis Periods 223 4.6 Standby Lists 224 5.0 Late Arrivals 225 6.0 Time Reporting 225 7.0 Release from Assignment 226 8.0 Duties 226 9.0 Information 227 10.0 Evaluation and Inadequate Service Reports 227 11.0 Other Calling Lists 227 12.0 Toll Free Calling 227 13.0 Reorganization/Redesign of the Substitute Unit 227 XX.,UNCLEAR,threshold,1,,,,,,
UTLA_LAU_0053,UTLA_LAUSD_2022_2025,28,"(7) days of review time provided prior to the documents being submitted to the Local District or central District offices, except in emergencies; b.",UNCLEAR,exception,1,,,,,,
UTLA_LAU_2064,UTLA_LAUSD_2022_2025,335,"A, E, and B Basis C Basis annualized 0.71552 0.71552 (8 hour) 0.95402 (6 hour) AnemployeewhoisreassignedfromamonthlypaymentratesalarytabletotheSpecialServicesSalaryTableshallbeallocatedtotherateonthenewpay scale group which is next above rate to which entitled on the employee's former table, including degree and responsibility differentials and career increments.",UNCLEAR,threshold,1,,,,,,
UTLA_LAU_1569,UTLA_LAUSD_2022_2025,241,The request list is limited to those who are available at least two days per week provided that they are available Friday and Monday and approved by the site administrator in consultation with the faculty. d.,UNCLEAR,exception,1,,,,,,
UTLA_LAU_2078,UTLA_LAUSD_2022_2025,367,"Nurses 7-hour day) $52.79326 $60.25417 Day-to-Day Substitute, Extended Rate $316.76 $421.78 Base Hourly Rate (6-hour day;",UNCLEAR,threshold,1,,,,,,
UTLA_LAU_2099,UTLA_LAUSD_2022_2025,464,"EVALUATION, EMPLOYEE (continued) HEALTH AND WELFARE BENEFITS (continued) Substitutes, of ................................................... 68 Dependent Coverage ..................................... 201 Upon Separation of Employment ...................... 68 Disputes (Decision Making) ..................... 192-196 District Contribution ................................. 191-192 EXTENDED SCHOOL YEAR (See: Summer Session) Domestic Partnership .............................. 199-200 Eligibility .................................................. 196-197 F Enrollment ............................................... 198-201 Extended Special Medical Continuance .. 204-205 FACILITIES Health and Benefit Committee ................. 192-193 Access to ................................................. 290-291 IRS Section 125 .............................................. 205 Special Education, moving ............................. 245 Life Insurance .......................................... 200-202 UTLA Access to .................................................. 7 Medical Insurance ................................... 197-199 One-Time Extension of Illness Leave ............. 111 FACULTY MEETINGS ..................................... 9, 34 Retirement Health Benefit Coverage ....... 197-198 Termination of Enrollment ....................... 202-203 FMLA (See: Leaves) Unpaid Status .......................................... 201-202 Vision Plan.............................................. 198, 201 G HEALTHY GREEN PUBLIC SCHOOLS ..... 436-437 GRADES, DETERMINATION OF....................... 268 HOLIDAYS .................................... 17, 206-207, 301 GRADE LEVEL CHAIRS ................................ 24, 48 HOME TEACHER/ASSIGNMENT ............... 175-177 GRIEVANCE PROCEDURE Alternate Procedure ..................................... 23-24 HOURS Arbitration .................................................... 19-22 Counselors/Out-of-Classroom .......................... 33 Class Size Arbitration Procedures .................. 213 On-Site Obligation, Minimum ....................... 31-33 Conduct of Hearings ......................................... 20 Special Education Non-Classroom Time .......... 37 Confidentiality ................................................... 17 Special Provisions ....................................... 41-42 “Day” Defined ................................................... 17 Summer/Intersession ...................................... 232 Definition of Parties and Grievance .................. 16 Variations and Experimentations ................. 37-38 Disciplinary .................................................. 77-78 Workday Provisions, General ........................... 31 Documents and Witness Lists .......................... 20 Work Year, Assignment Days ...................... 39-40 Effect of Arbitration Award ................................ 21 Expedited Proceedings ..................................... 20 HOUSING SUPPORT ........................................ 439 Expenses .......................................................... 21 For Non-Unit Members ................................ 21-22 I Grievance Defined ............................................ 16 Grievance Files ................................................. 22 ILLNESS Grievant Defined ............................................... 16 Accrual Rate, Accumulation............................ 111 Group Grievance .............................................. 16 Catastrophic ................................................... 112 Informal Conference ......................................... 18 Certification of ................................................. 112 Hearings, Conduct of ................................... 20-21 Industrial Injury or Illness ......................... 112-114 Limitation of Awards .................................... 20-21 Mental Incompetence ....................................... 78 No Reprisals ..................................................... 21 Notification of Return ...................................... 107 Preliminary Hearing .......................................... 19 Once in a Career Qualification for Benefits .... 111 Released Time.................................................. 17 Verification of .................................................. 112 Representation Rights ................................. 16-17 Request for Arbitration ...................................... 19 IMMIGRANT SUPPORT .................................... 438 Special Grievance Provision, Safety ............... 287 Special Grievance Provision, Summer School 233 INADEQUATE SERVICE, SUBSTITUTE ............. 67 Step Meetings .............................................. 18-19 Time Limits ....................................................... 17 INJURY, INDUSTRIAL (See: Illness) Waiver of Time Limits ....................................... 17 INSTRUCTIONAL COACHES......................... 60-61 GUEST SPEAKERS (See: Academic Freedom) INSTRUCTIONAL COMMITTEES .............. 262-263 H INSURANCE (See: Health and Welfare) HEALTH AND WELFARE BENEFITS Agreement, 2024 - 2025 .......................... 420-429 ITINERANT ASSIGNMENT DISPUTE RESOLUTION COBRA ........................................................... 203 PROCESS ......................................................... 441 Co-Coverage (Dual) ........................................ 200 Continuation of Enrollment ............................. 202 Conversion of Enrollment ............................... 203 Dental Plan ..................................................... 199 2022 - 2025 UTLA Contract 446",UNCLEAR,threshold,1,,,,,,
UTLA_LAU_0020,UTLA_LAUSD_2022_2025,24,"Subject to State credentialing requirements, assign personnel to any location (subject to Article XI - Transfers) and also to any facilities, classrooms, duties, academic subject matters, grade levels, and departments; i.",UNCLEAR,exception,1,,,,,,
UTLA_LAU_0560,UTLA_LAUSD_2022_2025,98,"Mediation will occur only upon the mutual agreement of the parties, except as provided in section 2.1.2 below. b.",UNCLEAR,exception,1,,,,,,
UTLA_LAU_2100,UTLA_LAUSD_2022_2025,466,"NEGOTIATIONS Suspension of Students by Teachers: Prohibited at Site ................................................ 9 Grounds for & Duration ............................ 252-255 Transfers ........................................................ 255 NEGOTIATIONS (continued) Release Time for ................................................ 7 PREPARATION PERIOD Reopeners ...................................................... 292 Elementary .................................................. 35-36 Successor Agreement .................................... 293 Secondary ........................................................ 35 Special Education, Additional ........................... 37 NIGHT CONTINUATION HIGH SCHOOL .......... 177 PRIVACY NON-CLASSROOM TEACHERS .................... 32-33 In Discipline ...................................................... 76 NON-DISCRIMINATION ...................................... 26 PROFESSIONAL DEVELOPMENT Advisory Committee .................................... 57-58 NORM DATE ................................. 47, 212-213, 244 Banked Time ............................................... 56-57 Common Planning Time ................................... 59 NORMING (See: Class Size) Salary Point Credit Projects ..................... 180-190 NOTICE OF UNSATISFACTORY PROBATIONARY CONTRACTS SERVICE/ACT ................................................ 76-77 Conditions of Granting .................................... 142 Exceptions ............................................... 142-143 NOTIFICATION TO TEACHER OF PAST Openings/Vacancies ....................................... 147 STUDENT MISCONDUCT ................................. 255 Subjects Assigned to ............................... 142-143 NOVICE TEACHERS PUBLIC ADDRESS SYSTEM, USE OF ................. 8 Retention .......................................................... 42 PUBLIC REPRIMAND .......................................... 75 NURSES Compensatory Time ......................................... 41 PUPIL-FREE DAYS Duty-Free Lunch ............................................... 41 Meeting Limits .................................................. 33 Hours ................................................................ 33 In-Service Training ............................................ 41 PSYCHOLOGISTS, SCHOOL On-Site Obligation ............................................ 33 Hours ........................................................... 32-33 Services .......................................................... 216 Duties ............................................................... 42 O R ORIENTATION IN-SERVICE REASONABLE ACCOMODATION Emergency Permit Teacher ......................... 34-35 (See: Transfers, Exemptions from) OVER-TEACHERED SCHOOLS – RECIPROCAL COVERAGE ....................... 131-133 DISPLACEMENT ............................................ 82-85 RECONFIGURATION ..................................... 95-97 P REDUCTION-IN-FORCE PARKING .................................................... 290-291 Counselors .............................................. 146-147 Defined .................................................... 144-145 PAYDAY ............................................................. 174 Determination of Need .................................... 143 Notice ............................................................. 144 PAYROLL ERRORS/CORRECTIONS ............... 174 Re-employment .............................................. 145 Restoration of Status ...................................... 147 PEER ASSISTANCE AND REVIEW (PAR) .... 68-74 Seniority Date ................................................. 144 Special Services ...................................... 145-146 PERSONAL PROPERTY Termination, order of ............................... 143-144 Automobile Damage ................................ 255-257 Loss, Damage, Theft, or Vandalism......... 255-257 REGISTRATION ADVISER ............................... 171 PERSONNEL FILE............................................... 67 RELEASE TIME For Chapter Chairs ........................................ 9-11 POSITIVE STUDENT BEHAVIOR INTERVENTION AND For Grievances ................................................. 17 SUPPORT, LEGAL SUPPORT AND PROPERTY LOSS For Negotiations ................................................. 7 Codes of Conduct ................................... 252, 277 Legal Assistance............................................. 255 REPLACEMENT TEACHERS ............................ 172 Make-up Work, Disciplinary ............................ 254 Parent Conference.......................................... 254 REPRESENTATION Reporting Suspension .................................... 254 Chapter Chair ..................................................... 8 2022 - 2025 UTLA Contract 448",UNCLEAR,threshold,1,,,,,,
UTLA_LAU_2096,UTLA_LAUSD_2022_2025,427,"Nurses 7-hour day) $58.81534 $67.12604 Day-to-Day Substitute, Extended Rate $352.89 $469.88 Base Hourly Rate (6-hour day;",UNCLEAR,threshold,1,,,,,,
UTLA_LAU_2077,UTLA_LAUSD_2022_2025,364,"MA Degree DR Degree C Basis 584 1,168 0.47696 0.95402 C Basis annualized = 204 paid days or equivalent hours; 1,428 hours annual (7 hours) B Basis annualized = 221 paid days or equivalent hours; 1,547 hours annual (7 hours) REVISED 8/28/23 Office of the Chief HR Officer:IC/DA/Salary Tables/2023-2024 Salary Tables/2023-2024 Salary Table 3%: N 3% Page 7 346 2022-2025 UTLA Contract",UNCLEAR,threshold,1,,,,,,
UTLA_LAU_2066,UTLA_LAUSD_2022_2025,335,"Note: For employees working a complete school year, the following is applicable: A basis annualized:261 paid days; 2,088 hours annual.",UNCLEAR,threshold,1,,,,,,
UTLA_LAU_2067,UTLA_LAUSD_2022_2025,335,"E basis annualized:234 paid days; 1,872 hours annual.",UNCLEAR,threshold,1,,,,,,
UTLA_LAU_2074,UTLA_LAUSD_2022_2025,358,Actual paid salaries will reflect one additional day for the 2023-2024 school year for a total of 205 days.,UNCLEAR,threshold,1,,,,,,
UTLA_LAU_2068,UTLA_LAUSD_2022_2025,335,"B basis annualized:221 paid days; 1,768 hours annual.",UNCLEAR,threshold,1,,,,,,
UTLA_LAU_2073,UTLA_LAUSD_2022_2025,358,C Basis rates reflect 204 days.,UNCLEAR,threshold,1,,,,,,
UTLA_LAU_2069,UTLA_LAUSD_2022_2025,335,"C basis annualized:204 paid days (or equivalent hours); 1,224 hours annual (6 hours); 1,632 hours annual (8 hours).",UNCLEAR,threshold,1,,,,,,
UTLA_LAU_0019,UTLA_LAUSD_2022_2025,24,"Subject to limitations in other Articles of this Agreement, to select, hire, grant contracts of employment, classify, assign, promote, demote, discipline, suspend, place on involuntary leave, terminate, and retire any personnel of the District; h.",UNCLEAR,exception,1,,,,,,
UTLA_LAU_0018,UTLA_LAUSD_2022_2025,24,"Subject to the consultation rights of UTLA under Government Code Section 3543.2, determine the educational policies, objectives, standards, and programs, including but not limited to those relating to curriculum, textbook selection, educational equipment and supplies, admissions, attendance, student assignments, grade level advancement, student guidance, student testing, student integration, student conduct and discipline (subject to Article XXIV), food services, student transportation, and the type of extracurricular and co-curricular activities; g.",UNCLEAR,exception,1,,,,,,
UTLA_LAU_2101,UTLA_LAUSD_2022_2025,468,"SMALL LEARNING COMMUNITIES ............... 27-30 Other Calling List / Toll Free Calling. .............. 227 Refusing Assignments ............................. 224-225 SPECIAL COMMITTEES (ARTICLE XXX) ......... 289 Release from Assignment .............................. 226 Reorganization/Redesign of Substitute Unit ... 227 SPECIAL EDUCATION Resident Substitute Program……………..220-221 Additional Non-Class Time ............................... 37 Salary and Benefits ......................... 218-209, 409 Case-Load Norms/Committee ......... 244, 246-248 Standby List ............................................. 224-225 Facilities .......................................................... 245 Time Reporting ............................................... 225 IEP Meetings .................................................. 244 UCTP Duties................................................... 226 Interns ............................................................. 245 “Unavailables” .......................................... 224-225 Resource Specialist Assignment ...................... 41 Vacation ......................................................... 211 Resource Specialist Classes .......................... 244 Worker’s Compensation Limits ................ 112-114 Special Day Classes ................................ 247-248 Z-Basis Assignment Periods........................... 223 Special Ed Educator Recruitment Workgroup……………………………………….248 SUMMER SESSION Special Education Initial Assessment ............. 430 Adult Education ....................................... 233-235 Trainee/Assistant Interview Process ............... 245 Application Process ........................................ 229 Displacements ................................................ 231 STAFF DEVELOPMENT Elementary, Intervention/Extended Learning..235-236 (See also: Professional Development) Eligibility………………………………………….229-230 Meetings ........................................................... 34 Generally ........................................................ 229 Grievance Provision, Special .......................... 233 STAFFING PROCEDURES ............................ 43-54 Hours and Duties ............................................ 232 Intersession- Year-Round Schools ................. 239 STAFFING OBLIGATIONS (See: Class Size) Secondary Intervention/Extended Learning .... 237 Priority for Selection ................................ 230-235 STATE TEACHERS RETIREMENT SYSTEMS Salary ............................................................. 232 Employer “Pickup” of Employee Selection, Elementary .............................. 231-235 Contributions to............................................... 175 Selection, Secondary ............................... 230-231 Selection, Special Education ................... 232-233 STRIKES .............................................................. 25 Seniority ......................................................... 233 STUDENT SUPPORT STAFFING SUPERVISION TASK FORCE…………………………………431-432 Elementary .................................................. 35-37 Secondary ........................................................ 35 STULL EVALUATION ..................................... 63-68 SUSPENSION OF EMPLOYEE SUBPOENA ............................................... 115, 119 Appeal Process ................................................ 77 Due to Mental Incompetence ............................ 78 SUBSTITUTES Accepting Assignments ........................... 221-225 SUSPENSION OF STUDENT BY TEACHER Accrual Rate Factor ........................................ 218 (See: Student Discipline) Acts of Violence ...................................... 222, 225 Additional Assigned Duties ............................. 226 T Adult/Occ.",UNCLEAR,threshold,1,,,,,,
UTLA_LAU_2081,UTLA_LAUSD_2022_2025,376,"A, E, and B Basis C Basis annualized 0.71552 0.71552(8 hour) 0.95402(6 hour) AnemployeewhoisreassignedfromamonthlypaymentratesalarytabletotheSpecialServicesSalaryTableshallbeallocatedtotherateonthenewpay scale group which is next above rate to which entitled on the employee's former table, including degree and responsibility differentials and career increments.",UNCLEAR,threshold,1,,,,,,
UTLA_LAU_0581,UTLA_LAUSD_2022_2025,100,"Within the above categories o f employment, when there is an over-teachered condition, the teacher with the least District seniority (see Section 6.2 below) will be displaced unless it is reasonably determined at the discretion of the immediate administrator that such teacher possesses special instructional skills or qualifications needed by the pupils and the educational program at the school and not possessed by another teacher available to fill the need. 2022-2025 UTLA Contract 82",UNCLEAR,exception,1,,,,,,
UTLA_LAU_2095,UTLA_LAUSD_2022_2025,425,APPENDIX E - 6 Personnel Policy Guide: S6 Los Angeles Unified School District DEVELOPMENT CENTER/EARLY EDUCATION CENTER DevelopmentCenterSalary(V)Table/EarlyEducationCenterSalary(C)Table.The2024-2025tablereflectsa4%increaseovertheJuly-December2024rates.C Basis rates reflect 204 days.,UNCLEAR,threshold,1,,,,,,
UTLA_LAU_2054,UTLA_LAUSD_2022_2025,325,"(C) Table: 2022-2023 rates reflect a 3% increase over the 2021-2022 rates Advancement* to Pay Scale PAY SCALE LEVEL Pay Scale Group Group Basis 1 2 3 4 5 Minimum of 60 15C A basis $49,432 51,324 53,479 55,318 57,875 Semester Units 4,119.34 4,277.04 4,456.58 4,609.81 4,822.88 C basis 38,636 40,116 41,800 43,237 45,235 3,219.68 3,342.97 3,483.30 3,603.07 3,769.62 E basis 44,319 46,015 47,947 49,596 51,888 3,693.23 3,834.58 3,995.58 4,132.97 4,323.99 Minimum Plus 16C A basis 51,324 53,479 55,318 57,350 59,750 14 Points 4,277.04 4,456.58 4,609.81 4,779.16 4,979.16 C basis 40,115 41,800 43,237 44,826 46,701 3,342.94 3,483.30 3,603.07 3,735.46 3,891.75 E basis 46,015 47,947 49,596 51,418 53,569 3,834.58 3,995.58 4,132.97 4,284.82 4,464.08 Minimum Plus 17C A basis 53,479 55,318 57,350 59,224 61,711 28 Points 4,456.58 4,609.81 4,779.16 4,935.31 5,142.58 C basis 41,800 43,237 44,826 46,290 48,234 3,483.30 3,603.07 3,735.46 3,857.48 4,019.48 E basis 47,947 49,596 51,418 53,097 55,328 3,995.58 4,132.97 4,284.82 4,424.73 4,610.63 Bachelor's Degree 18C A basis 55,318 57,350 59,224 61,151 63,761 4,609.81 4,779.16 4,935.31 5,095.95 5,313.39 C basis 43,237 44,826 46,290 47,796 49,836 3,603.07 3,735.46 3,857.48 3,983.02 4,153.00 E basis 49,595 51,418 53,097 54,825 57,165 4,132.88 4,284.81 4,424.72 4,568.77 4,763.76 BA + Elementary or 19C A basis 58,243 60,836 64,006 67,334 71,381 Early Education Credential 4,853.56 5,069.66 5,333.87 5,611.15 5,948.38 C basis 45,523 47,550 50,028 52,629 55,792 3,793.56 3,962.49 4,169.01 4,385.72 4,649.33 E basis 52,218 54,542 57,385 60,368 63,997 4,351.52 4,545.15 4,782.08 5,030.70 5,333.06 Office of the Chief HR Officer:IC/DA/Salary Tables/2022-2023 Salary Tables/2022-2023 Salary Table 3% Increase: C_V_6-7 3% Page 6 307 2022-2025 UTLA Contract",UNCLEAR,threshold,1,,,,,,
UTLA_LAU_1094,UTLA_LAUSD_2022_2025,172,Current day-to day substitutes formerly Rate-in Rate-in Rate-in Rate-in -- -assigned to a schedule without a break in service are reassigned after 39 months 5.,UNCLEAR,threshold,1,,,,,,
UTLA_LAU_2043,UTLA_LAUSD_2022_2025,321,"For employees working a complete school year, the following is applicable: C Basis annualized = 204 paid days or equivalent hours; 1,224 hours annual (6 hours); 1,632 hours annual (8 hours).",UNCLEAR,threshold,1,,,,,,
UTLA_LAU_2044,UTLA_LAUSD_2022_2025,321,"B Basis annualized = 221 paid days or equivalent hours; 1,768 hours annual.",UNCLEAR,threshold,1,,,,,,
UTLA_LAU_2072,UTLA_LAUSD_2022_2025,342,"MA Degree DR Degree C Basis 584 1,168 0.40882 0.81773 C Basis annualized = 204 paid days or equivalent hours; 1,224 hours annual (6 hours) B Basis annualized = 221 paid days or equivalent hours; 1,326 hours annual (6 hours); 1,768 hours annual (8 hours) REVISED 8/24/23 Office of the Chief HR Officer:IC/DA/Salary Tables/2022-2023 Salary Tables/2022-2023: UN 20K-Jan 1, 2023 4% Page 7 324 2022-2025 UTLA Contract",UNCLEAR,threshold,1,,,,,,
UTLA_LAU_2087,UTLA_LAUSD_2022_2025,398,Actual paid salaries will reflect one additional day for the 2024-2025 school year for a total of 205 days.,UNCLEAR,threshold,1,,,,,,
UTLA_LAU_2046,UTLA_LAUSD_2022_2025,323,"MA Degree DR Degree C Basis (6 hour) $584 1,168 0.47696 0.95402 C Basis (8 hour) $584 1,168 0.35772 0.71552 B Basis (6 hour) 632 1,265 0.47696 0.95402 B Basis (8 hour) 632 1,265 0.35772 0.71552 E Basis (6 hour) 670 1,339 0.47696 0.95402 E Basis (8 hour) 670 1,339 0.35772 0.71552 A Basis 747 1,494 0.35772 0.71552 First Career Increment (completed 27L14)* Pay Scale Group C1, Pay Scale Level 15-19 1st CI & MA 1st CI & DR C Basis 90,745 91,329 91,913 7,562.10 B Basis 98,307 98,939 99,572 8,192.28 A Basis 116,154 116,901 117,648 9,679.48 Second Career Increment (after 5 yrs on first C.",UNCLEAR,threshold,1,,,,,,
UTLA_LAU_0022,UTLA_LAUSD_2022_2025,24,"Subject to Article IX - Hours, determine the dates, times and hours of operation of any District facility, function, or activity; and k.",UNCLEAR,exception,1,,,,,,
UTLA_LAU_0023,UTLA_LAUSD_2022_2025,24,"Subject to Article XXVIII - Safety, determine safety and security measures and rules for students, employees, the public, properties, facilities, and equipment. 4.0 Effect on Grievance Procedure: The contractual rights of UTLA and the employees are set forth in the other Articles of this Agreement, and this Article is not a source of such rights.",UNCLEAR,exception,1,,,,,,
UTLA_LAU_2048,UTLA_LAUSD_2022_2025,323,"A Basis annualized = 261 paid days or equivalent hours; 2,088 hours annual.",UNCLEAR,threshold,1,,,,,,
UTLA_LAU_0601,UTLA_LAUSD_2022_2025,104,ARTICLE XI - Transfers exemptions granted are subject to periodic review by the District to determine whether the original need persists. 8.1 Hardship Appeals: The hardship appeal procedure is for the purpose of resolving written hardship claims filed by employees.,UNCLEAR,exception,1,,,,,,
UTLA_LAU_0600,UTLA_LAUSD_2022_2025,103,"If at any time it is determined that an exemption has been sought or granted based upon material misrepresentation or falsification, the employee is subject to disciplinary action by the District, cancellation of the exemption and/or immediate administrative transfer.",UNCLEAR,exception,1,,,,,,
UTLA_LAU_1124,UTLA_LAUSD_2022_2025,177,"Subject to the above, the applicable experience is as follows: a.",UNCLEAR,exception,1,,,,,,
UTLA_LAU_0599,UTLA_LAUSD_2022_2025,103,"Where medical or hardship exemptions are approved, the employee will be subject to transfer to a location consistent with the reason for which the exemption was granted.",UNCLEAR,exception,1,,,,,,
UTLA_LAU_2053,UTLA_LAUSD_2022_2025,325,"Advancement* to Pay Scale PAY SCALE LEVEL Pay Scale Group Group Basis 1 2 3 4 5 Minimum of 60 11V C basis 39,144 40,608 42,306 43,688 45,702 Semester Units 3,261.96 3,383.96 3,525.48 3,640.69 3,808.47 Minimum Plus 12V C basis 40,608 42,306 43,688 45,291 47,248 14 Points 3,383.96 3,525.48 3,640.69 3,774.26 3,937.33 Minimum Plus 13V C basis 42,306 43,688 45,291 46,824 48,768 28 Points 3,525.48 3,640.69 3,774.26 3,901.99 4,063.96 Bachelor's Degree 14V C basis 43,688 45,291 46,824 48,343 50,397 3,640.69 3,774.26 3,901.99 4,028.62 4,199.72 BA + Restricted Severely 15V C basis 45,291 46,824 48,343 49,959 52,122 Handicapped Credential 3,774.26 3,901.99 4,028.62 4,163.29 4,343.50 Tobeeligible,theemployeemusthavemetpayscaleleveladvancementrequirementsforfiveormoreyearswhileallocatedtothemaximumpayscalelevelandpayscale group of the V Table, or a higher rate while paid on another salary table.",UNCLEAR,threshold,1,,,,,,
UTLA_LAU_2056,UTLA_LAUSD_2022_2025,326,MA Degree DR Degree A Basis 0.35772 0.71552 C Basis (6 hour) 0.47696 0.95402 C Basis (8 hour) 0.35772 0.71552 E Basis (8 hour) 0.35772 0.71552 Annual amounts are rounded to the nearest whole number.,UNCLEAR,threshold,1,,,,,,
UTLA_LAU_0007,UTLA_LAUSD_2022_2025,21,"11100841 Senior JROTC (Junior Reserve Officers' Training Corps) Instructor 12300483 Senior Therapist 11100740 Special Education Teacher K-12 19100555 Speech and Language Pathologist 11100761 Teacher Development Child Permit 13200500 Temporary Advisor 11100700 Temporary Non-Public School Teacher 19100780 Temporary Resource Teacher 11100757 Transition Services Teacher 13400576 Transition Teacher Coordinator 13200445 Work Experience Advisor 1.1 Excluded: All day-to-day substitutes who were paid for fewer than 100 days during the preceding school year; all part-time adult education teachers, including ROC/ROP and specially-funded adult education teachers, who are assigned for fewer than ten hours per week; all other certificated classifications not referred to in Section 1.0, including those in the classification or status of Chest Specialist, Counseling Assistant, Psychiatrist, School Dentist, School Physician and Teacher Assistant; all classified personnel; all unclassified personnel; all supervisory personnel; and all management and confidential employees as designated by the Board of Education. 2.0 Changes to the Unit: The parties agree that this represents the appropriate unit.",UNCLEAR,threshold,1,,,,,,
UTLA_LAU_1092,UTLA_LAUSD_2022_2025,172,"Former extended day-to-day substitute, Restore Restore Restore Restore Restore Restore University Intern, District Intern, or or or or or or Individualized Intern, temporary contract, Rate-in Rate-in Rate-in Rate-in Rate-in Rate-in provisional, pre-intern waiver, probationary or permanent employees who return within 39 months 3.",UNCLEAR,threshold,1,,,,,,
UTLA_LAU_0021,UTLA_LAUSD_2022_2025,24,"Subject to Article XVIII - Class Size determines the number of employees, and whether and where there is a vacant position; j.",UNCLEAR,exception,1,,,,,,
UTLA_LAU_0006,UTLA_LAUSD_2022_2025,19,"ARTICLE I RECOGNITION 1.0 The Unit: Pursuant to applicable California statutes and regulations, UTLA has been certified as the exclusive representative for the following employees of the District: Included: Certificated employees, except those excluded in Section 1.1, who are in the broad classification of Teacher;",UNCLEAR,exception,1,,,,,,
UTLA_LAU_2063,UTLA_LAUSD_2022_2025,331,"For employees with eligible but split assignments, only those who work over a combined 6 hours a day (based on work schedule) will be paid.",UNCLEAR,threshold,1,,,,,,
UTLA_LAU_0004,UTLA_LAUSD_2022_2025,14,TABLE OF CONTENTS ARTICLE PAGE 8.0 Hours and Duties 232 9.0 Selection - Special Education Schools and Special Day Classes 232 10.0 Voluntary Intersession - Multitrack Secondary Schools 233 11.0 Special Grievance Provision 233 12.0 Summer Session Adult Education 233 13.0 Elementary School – Intervention/Extended Learning Program 235 13.1 Mandatory Student Summer Session/Multitrack Intersession Elementary 236 13.2 Mandatory Student Summer School/Multitrack School Intersession/Intervention Selection - Elementary 236 14.0 Secondary School Intervention Extended Learning Programs 237 XXI.,UNCLEAR,threshold,1,,,,,,
UTLA_LAU_2062,UTLA_LAUSD_2022_2025,329,"(2)Teachersworkingforaminimumof50%ofthedayasaclassroomteacher(or3periodsinasecondary school)willreceive50%ofthe15%(1375)(i.e.,50%ofthe7½%forthecertificationand50%ofthe7½ % for completing 46 required additional hours of work).",UNCLEAR,threshold,1,,,,,,
UTLA_LAU_2093,UTLA_LAUSD_2022_2025,417,APPENDIX E -5 Personnel Policy Guide: S9 Los Angeles Unified School District 2024-2025 NURSE PRACTITIONER (NP) TABLE NursePractitioner(NP)The2024-2025tablereflectsa3%increaseovertheJanuary-June2024rates.CBasisratesreflect204days.Actualpaid salaries will reflect one additional day for the 2024-2025 school year for a total of 205 days.,UNCLEAR,threshold,1,,,,,,
UTLA_LAU_2082,UTLA_LAUSD_2022_2025,377,APPENDIX E - 3 Personnel Policy Guide: S9 Los Angeles Unified School District 2023-2024 NURSE PRACTITIONER (NP) TABLE NursePractitioner(NP)The2023-2024tablereflectsa3%increaseoverthe2022-2023rates.CBasisratesreflect204days.Actualpaidsalarieswill reflect one additional day for the 2023-2024 school year for a total of 205 days.,UNCLEAR,threshold,1,,,,,,
UTLA_LAU_0010,UTLA_LAUSD_2022_2025,22,"ARTICLE II EFFECT OF AGREEMENT 1.0 Effect Upon Negotiations: By this Agreement, the parties resolve all outstanding bargaining issues between them, and jointly recognize full and complete performance and satisfaction of their bargaining duties except as expressly provided below.",UNCLEAR,exception,1,,,,,,
UTLA_LAU_2084,UTLA_LAUSD_2022_2025,387,"Nurses 7-hour day) $54.90603 $62.66434 Day-to-Day Substitute, Extended Rate $329.44 $438.65 Base Hourly Rate (6-hour day;",UNCLEAR,threshold,1,,,,,,
UTLA_LAU_2089,UTLA_LAUSD_2022_2025,405,APPENDIX E -5 Personnel Policy Guide: S6 Los Angeles Unified School District DEVELOPMENT CENTER/EARLY EDUCATION CENTER DevelopmentCenterSalary(V)Table/EarlyEducationCenterSalary(C)Table.The2024-2025tablereflectsa3%increaseovertheJanuary-June2024rates.C Basis rates reflect 204 days.,UNCLEAR,threshold,1,,,,,,
UTLA_LAU_2061,UTLA_LAUSD_2022_2025,329,"The remaining 7.5% will be paid after the employee completes an additional 92 hours of professional duties, as agreed upon.",UNCLEAR,threshold,1,,,,,,
UTLA_LAU_2090,UTLA_LAUSD_2022_2025,407,"Nurses 7-hour day) $56.55321 $64.54427 Day-to-Day Substitute, Extended Rate $339.32 $451.81 Base Hourly Rate (6-hour day;",UNCLEAR,threshold,1,,,,,,
UTLA_LAU_0009,UTLA_LAUSD_2022_2025,21,"Alleged violations of this Article are not subject to the grievance and arbitration procedures of Article V. 3.0 ""Employee"" Defined: Unless the context clearly indicates otherwise, the terms ""employee"" or ""employees"" will normally be used in this Agreement to indicate persons who are included within the above unit, and the term ""personnel"" will normally be used in a broader sense to include employees as defined above plus all other persons utilized by the District to provide services. 2022-2025 UTLA Contract 3",UNCLEAR,exception,1,,,,,,
UTLA_LAU_2060,UTLA_LAUSD_2022_2025,329,"DIFFERENTIALS, COORDINATING, EARLY CHILDHOOD CENTER Wage Type 1393 Early Childhood Center Head Teacher, Coordinating--4 hr $424per semester 1397 Early Childhood Center Head Teacher, Coordinating--8 hr 848per semester 6.",UNCLEAR,threshold,1,,,,,,
UTLA_LAU_0574,UTLA_LAUSD_2022_2025,100,"Such approval lies within the discretion of both parties and transfers under this section are not subject to the grievance procedure. 6.0 Displacement - Over-teachered Schools: An over-teachered condition exists when there are more qualified teachers than positions at a school or within a program or subject field at a school, or when a program or subject field is reduced, eliminated or moved from a school.",UNCLEAR,exception,1,,,,,,
UTLA_LAU_0039,UTLA_LAUSD_2022_2025,26,"Have the right, subject to reasonable advance administrative approval, to make appropriate brief announcements, via the school bulletin and/or public address system, of UTLA-related meetings, special events, in-service/staff development, and the like.",UNCLEAR,exception,1,,,,,,
UTLA_LAU_2045,UTLA_LAUSD_2022_2025,321,"A Basis annualized = 261 paid days or equivalent hours; 2,088 hours annual. *Toqualifyforthefirstcareerincrement,theteachermusthavebeenpaidonthemaximumpayscalegroup(PSGroup27)andpayscalelevel(PS Level 10-14) for five qualifying years.",UNCLEAR,threshold,1,,,,,,
UTLA_LAU_0480,UTLA_LAUSD_2022_2025,86,"If the administrator initiates such an evaluation, the observation, records and assistance provisions of Section 5.0 apply. 8.3 Examination References: Those examination references which are deemed by the District as being open and non-confidential are not subject to the grievance procedure, except in circumstances where the examination reference is based upon the same period of time as a previous evaluation but is significantly different from that evaluation.",UNCLEAR,exception,1,,,,,,
UTLA_LAU_0546,UTLA_LAUSD_2022_2025,95,The third person would not be expected to testify except as to issues relating to the improper conduct of the interviewer. 2022-2025 UTLA Contract 77,UNCLEAR,exception,1,,,,,,
UTLA_LAU_0077,UTLA_LAUSD_2022_2025,31,"(b) to satisfy the agency fee financial obligations set forth in Section 4.1 below, unless qualified for religious exemption as set forth in Section 4.2 below.",UNCLEAR,exception,1,,,,,,
UTLA_LAU_0241,UTLA_LAUSD_2022_2025,53,Faculty meetings are not to be scheduled during the morning preparation period except in schools where a majority of the affected employees has approved of such a schedule.,UNCLEAR,exception,1,,,,,,
UTLA_LAU_0738,UTLA_LAUSD_2022_2025,123,"ARTICLE XII LEAVES AND ABSENCES 1.0 Leave and Absence Defined: A leave is an authorized absence from active service granted to probationary or permanent employees, for a specified purpose and period of time, with the right to return to active service unless the employee's service would have otherwise been terminated.",UNCLEAR,exception,1,,,,,,
UTLA_LAU_0909,UTLA_LAUSD_2022_2025,141,"The leave will be extended annually for periods not to exceed a total of 39 months from the effective date of the disability benefits, or until the effective date of service retirement, whichever is first. b.",UNCLEAR,threshold,1,,,,,,
UTLA_LAU_0232,UTLA_LAUSD_2022_2025,52,Emergency permits for such employees cannot be renewed unless the above orientation in-service requirements are met.,UNCLEAR,exception,1,,,,,,
UTLA_LAU_0916,UTLA_LAUSD_2022_2025,143,An employee will be entitled to 12 weeks of leave during the 12month period beginning on the first date Family Care and Medical Leave is taken; the next 12-month period would begin the first time Family Care and Medical Leave is taken after completion of any previous 12-month period.,UNCLEAR,threshold,1,,,,,,
UTLA_LAU_0918,UTLA_LAUSD_2022_2025,143,"An employee will retain the full benefit of 12 weeks of leave under whichever calculation method (either fiscal year, or 12-month period measured forward) affords the greatest benefit to the employee during a 60-day transition period.",UNCLEAR,threshold,1,,,,,,
UTLA_LAU_1280,UTLA_LAUSD_2022_2025,197,The Panel will agree upon calendar of at least 2 days per month-24 annually. h.,UNCLEAR,threshold,1,,,,,,
UTLA_LAU_0422,UTLA_LAUSD_2022_2025,79,Such return will be effective only at the beginning of a school year unless an opening arises during the school year. 5.0.,UNCLEAR,exception,1,,,,,,
UTLA_LAU_0217,UTLA_LAUSD_2022_2025,50,"Also subject to the hours and duties provisions of subsection a are non-classroom teachers paid on the Preparation Salary Table (including but not limited to counselors, ""in-house deans,"" coordinators and advisers) who either",UNCLEAR,exception,1,,,,,,
UTLA_LAU_0933,UTLA_LAUSD_2022_2025,145,"The District, however, will not provide such health benefits for an employee for any leave period beyond twelve weeks unless these benefits are provided by other provisions of the District/UTLA Agreement such as paid illness leave.",UNCLEAR,exception,1,,,,,,
UTLA_LAU_0934,UTLA_LAUSD_2022_2025,145,"For example, if an employee combines pregnancy leave with a family care leave, the employee will only be entitled to continued health benefits for the first twelve weeks of leave unless the employee continues on paid illness leave.",UNCLEAR,exception,1,,,,,,
UTLA_LAU_0209,UTLA_LAUSD_2022_2025,49,"For Elementary programs in 180-day calendar schools, the total daily average preparation time is 27 minutes.",UNCLEAR,threshold,1,,,,,,
UTLA_LAU_0208,UTLA_LAUSD_2022_2025,49,(a) 180 day 180 day 180 day Pre-K 30 10 According to program requirements UTK - 5/6 17 10 1550 6 - 12 5 2 1550 Elementary grades UTK – 5/6 instructional time is exclusive of teacher break (recess) and lunch.,UNCLEAR,threshold,1,,,,,,
UTLA_LAU_1268,UTLA_LAUSD_2022_2025,195,"Teachers on Half-Time, Reduced Workload Leave or working for a minimum of 50% of the day as a classroom teacher (or three 2022-2025 UTLA Contract 177",UNCLEAR,threshold,1,,,,,,
UTLA_LAU_1261,UTLA_LAUSD_2022_2025,195,"Any additional time above 120 hours per pay period will be compensated as an auxiliary hour pursuant to Section 25.0, Auxiliary Teachers. d.",UNCLEAR,threshold,1,,,,,,
UTLA_LAU_0442,UTLA_LAUSD_2022_2025,82,"ARTICLE X – Educator Development, Support and Evaluation the notice provisions of paragraph b. above are subject to grievance procedures. d.",UNCLEAR,exception,1,,,,,,
UTLA_LAU_0956,UTLA_LAUSD_2022_2025,149,Reciprocal coverage is subject to the following conditions: a.,UNCLEAR,exception,1,,,,,,
UTLA_LAU_0248,UTLA_LAUSD_2022_2025,55,"If from time to time the demand for paid supervision exceeds the capacity of the volunteer ""first call"" list, the remainder of the teachers will be subject to assignment on a rotating, non-voluntary basis, but will be paid at the individual's own regular rate of pay. c.",UNCLEAR,exception,1,,,,,,
UTLA_LAU_1297,UTLA_LAUSD_2022_2025,200,"If the panel is split in their decision two to two, the decision will be subject to an appeal in accordance with the grievance procedures set forth in Article V.",UNCLEAR,exception,1,,,,,,
UTLA_LAU_0898,UTLA_LAUSD_2022_2025,140,"The employee was assigned full-time in a certificated position with the District for at least 10 school years of which the immediately preceding 5 school years were consecutive, full-time employment.",UNCLEAR,threshold,1,,,,,,
UTLA_LAU_0869,UTLA_LAUSD_2022_2025,137,All bases except A basis.,UNCLEAR,exception,1,,,,,,
UTLA_LAU_1364,UTLA_LAUSD_2022_2025,211,"(1) year, or awarded without open bid, except upon Committee approval. f.",UNCLEAR,exception,1,,,,,,
UTLA_LAU_0311,UTLA_LAUSD_2022_2025,64,Alleged violations of the procedures set forth in subsections e and f above are subject to the grievance procedure of Article V; the substance of the assignment decision is not. 2.1 Staffing Procedures After Initial Selection Through The Fifth Week of School: The following procedures apply to staffing decisions which occur after the completion of the initial spring selection process and before norm date or the end of the 5th week of school (whichever is sooner): 2022-2025 UTLA Contract 46,UNCLEAR,exception,1,,,,,,
UTLA_LAU_0367,UTLA_LAUSD_2022_2025,70,"(i) employees whose assignment requires direct instruction to or supervision of students at least 50% of the time, and (ii) an employee who is named in a continuing grant and whose compensation is at least 50% funded by that grant. a.",UNCLEAR,threshold,1,,,,,,
UTLA_LAU_0368,UTLA_LAUSD_2022_2025,70,Employees who fill the on-site positions that are subject to the five-year rule will be selected pursuant to the above provisions.,UNCLEAR,exception,1,,,,,,
UTLA_LAU_0373,UTLA_LAUSD_2022_2025,71,"(2) years, be eligible for succeeding non-school or non-classroom assignments, except as provided below.",UNCLEAR,exception,1,,,,,,
UTLA_LAU_0375,UTLA_LAUSD_2022_2025,71,Those serving in positions that require direct instruction or supervision of students for at least 50% of the working time; b.,UNCLEAR,threshold,1,,,,,,
UTLA_LAU_0862,UTLA_LAUSD_2022_2025,136,"To rest, subject to the approval of the employee health coordinator; d.",UNCLEAR,exception,1,,,,,,
UTLA_LAU_1829,UTLA_LAUSD_2022_2025,283,All school based budgetary matters except for any categorical funds and Title I funding which fall under the purview of School Site Council.,UNCLEAR,exception,1,,,,,,
UTLA_LAU_1856,UTLA_LAUSD_2022_2025,288,Plan and lead staff development sessions and salary point project classes subject to Section 7.2; d.,UNCLEAR,exception,1,,,,,,
UTLA_LAU_0384,UTLA_LAUSD_2022_2025,72,(1) week before the end of the school year with the understanding that such assignments are subject to change. *Refer to the parties’ “Itinerant Assignment Dispute Resolution Process” MOU for the Spring of 2024 and Spring of 2025. 2022-2025 UTLA Contract 54,UNCLEAR,exception,1,,,,,,
UTLA_LAU_1406,UTLA_LAUSD_2022_2025,215,"For the purposes of this section, qualifying years consist of school years in which the employee was in paid status for at least 100 full-time days and was eligible for District-paid insurance coverage.",UNCLEAR,threshold,1,,,,,,
UTLA_LAU_0389,UTLA_LAUSD_2022_2025,74,"Students will be dismissed 60 minutes earlier than normal dismissal time on all Tuesdays designated by the District (typically 35 - 39 Tuesdays), facilitating the use of the banked time for professional development purposes on those days; c.",UNCLEAR,threshold,1,,,,,,
UTLA_LAU_0273,UTLA_LAUSD_2022_2025,61,The parties acknowledge that the matrix is based on projections and therefore subject to change.,UNCLEAR,exception,1,,,,,,
UTLA_LAU_1842,UTLA_LAUSD_2022_2025,286,Has provided direct instruction to students during three of the past five years as a register/rollbook carrying teacher or has provided direct instruction to students for a minimum of 3 hours/periods per day during three of the past five years; d.,UNCLEAR,threshold,1,,,,,,
UTLA_LAU_1303,UTLA_LAUSD_2022_2025,200,(b) a unit of measurement established by the District and deemed the equivalent of a University of California semester unit (15 contact hours with an instructor plus 30 hours of outside preparation for each semester unit).,UNCLEAR,threshold,1,,,,,,
UTLA_LAU_1423,UTLA_LAUSD_2022_2025,217,"(9) below Child, to age 19 Birth Certificate (in case of newborn, evidence of birth until birth certificate is available) Stepchild, to age 19 Birth Certificate and income tax return showing dependent status Adopted Child, Adoption papers to age 19 Child to age 19 Court order establishing legal who is a Legal Ward, guardianship Child over 19, In addition to the appropriate documents to age 25 listed above, proof of full-time student status is required at least annually Note: The children of a domestic partner are not eligible for coverage unless they have been adopted by the employee or the employee is the legal guardian.",UNCLEAR,exception,1,,,,,,
UTLA_LAU_1462,UTLA_LAUSD_2022_2025,224,"If the employee has been in paid status during any portion of the last working day of the assignment preceding the holiday or during any portion of the first working day of the assignment following the holiday, provided that: 2022-2025 UTLA Contract 206",UNCLEAR,exception,1,,,,,,
UTLA_LAU_1242,UTLA_LAUSD_2022_2025,192,"This procedure is not available to cover step and schedule advancement, rating-in allocations, promotional adjustments and the like which normally take up to 60 days to process, nor is it lawful until the employee's initial employment assignment has been processed.",UNCLEAR,threshold,1,,,,,,
UTLA_LAU_0973,UTLA_LAUSD_2022_2025,152,"(i) employees of ""dependent"" or affiliated charter schools remaining within the District, or to (ii) employees of “start-up” charter schools created independently of the District and not converting District property/facilities, even if that school’s charter status was subject to District approval.",UNCLEAR,exception,1,,,,,,
UTLA_LAU_0653,UTLA_LAUSD_2022_2025,108,"A position currently occupied by a substitute teacher except for positions held at the location for teachers on sabbatical, pregnancy, industrial or illness leave of one year or less.",UNCLEAR,exception,1,,,,,,
UTLA_LAU_0487,UTLA_LAUSD_2022_2025,87,"Subject to applicable law, the PAR Program within the District is governed by the PAR Panel, whose composition, authority and duties are described in sections 6.0 and 7.0 below.",UNCLEAR,exception,1,,,,,,
UTLA_LAU_0491,UTLA_LAUSD_2022_2025,88,"(1) For Component One, up to 240 hours of 1:1 assistance and review by a Consulting Teacher for each Participating Teacher",UNCLEAR,threshold,1,,,,,,
UTLA_LAU_0492,UTLA_LAUSD_2022_2025,88,"(2) For Component Two, up to 120 hours of 1:1 assistance and review by a Consulting Teacher for each Participating Teacher, based upon individual assessments made by the Consulting Teacher.",UNCLEAR,threshold,1,,,,,,
UTLA_LAU_1201,UTLA_LAUSD_2022_2025,188,Except for head summer school teachers the differential is included with the regular salary in computing retirement or determining salary upon promotion.,UNCLEAR,exception,1,,,,,,
UTLA_LAU_0494,UTLA_LAUSD_2022_2025,88,"They will be assigned on an hourly basis (X Basis) for up to a maximum of 480 hours annually, and will be paid at their regular hourly rate. 2022-2025 UTLA Contract 70",UNCLEAR,threshold,1,,,,,,
UTLA_LAU_0661,UTLA_LAUSD_2022_2025,109,"For the purposes of this section, a year is defined as 134 days of service.",UNCLEAR,threshold,1,,,,,,
UTLA_LAU_1186,UTLA_LAUSD_2022_2025,186,The employee is subject to all the requirements of Section 23.1 above. 23.4 Development Center Salary Table: a.,UNCLEAR,exception,1,,,,,,
UTLA_LAU_1184,UTLA_LAUSD_2022_2025,186,The employee is subject to the requirements of Section 23.1 above. g.,UNCLEAR,exception,1,,,,,,
UTLA_LAU_1008,UTLA_LAUSD_2022_2025,158,"However, except as just described, none of the District-UTLA union recognition or other contractual obligations are applicable to Charter Schools.",UNCLEAR,exception,1,,,,,,
UTLA_LAU_0652,UTLA_LAUSD_2022_2025,108,"A position held by a teacher on leave of absence except for leaves of one year or less for illness, sabbatical, pregnancy, or industrial injury. c.",UNCLEAR,exception,1,,,,,,
UTLA_LAU_0518,UTLA_LAUSD_2022_2025,93,"(3) were obtained in connection with a promotional examination. 2.0 Pre-disciplinary Matters: Pre-disciplinary actions such as warnings, conference memos and reprimands are not subject to the grievance procedures except when such documents are placed in the employee's official downtown file, or used as part of a formal disciplinary action (U-Notice or suspension), or overall Below-Standard Evaluation.",UNCLEAR,exception,1,,,,,,
UTLA_LAU_0102,UTLA_LAUSD_2022_2025,35,Step One meetings will not be scheduled on released time except when it is convenient to do so during the preparation period of the involved employee(s).,UNCLEAR,exception,1,,,,,,
UTLA_LAU_1621,UTLA_LAUSD_2022_2025,250,"For payroll computation purposes only, basic assignment hours (i.e., 4, 5 or 6 hours) are not to affect or reduce the actual hours of service and duties as required in Section 8.0 or 13.0 of this article. d.",UNCLEAR,threshold,1,,,,,,
UTLA_LAU_1168,UTLA_LAUSD_2022_2025,184,"Possession of an earned professional doctor’s degree or other degree of equivalent standard granted by an accredited institution of higher learning, provided that:",UNCLEAR,exception,1,,,,,,
UTLA_LAU_1163,UTLA_LAUSD_2022_2025,183,"(T) Table, and employees included in Section 8.0c of this Article, previous rules limiting probationary employees to one schedule advancement every 52 weeks or once every 26 weeks for permanent employees are rescinded, and credit will be awarded as provided in Article XV with an effective date as determined in Section 20.1 below. b.",UNCLEAR,threshold,1,,,,,,
UTLA_LAU_1524,UTLA_LAUSD_2022_2025,235,"Meet quarterly during District business hours, unless Task Force members mutually agree to schedule additional meetings at other intervals or times.",UNCLEAR,exception,1,,,,,,
UTLA_LAU_1009,UTLA_LAUSD_2022_2025,158,Nor are such schools covered by the District-UTLA Agreement unless otherwise arranged by the Charter School or by relations 2022-2025 UTLA Contract 140,UNCLEAR,exception,1,,,,,,
UTLA_LAU_0672,UTLA_LAUSD_2022_2025,111,"If an applicant refuses an offer of assignment (except a temporary assignment under 13.10 below) or fails to respond within the ten calendar days, the application will be voided for that school year. c.",UNCLEAR,exception,1,,,,,,
UTLA_LAU_0170,UTLA_LAUSD_2022_2025,43,"In the event of any actual or threatened strike, slowdown or other work stoppage, UTLA and its officers, representatives and affiliates will take all reasonable steps within their control to avert or end the same; and b.",UNCLEAR,exception,1,,,,,,
UTLA_LAU_0818,UTLA_LAUSD_2022_2025,131,(1) notified the site administrator and appropriate law enforcement authorities within 24 hours of the incident if the employee was physically able to do so;,UNCLEAR,threshold,1,,,,,,
UTLA_LAU_1929,UTLA_LAUSD_2022_2025,299,(6) Certificated personnel employed by the District are not eligible to vote except when they qualify as a parent under category 1 above; b.,UNCLEAR,exception,1,,,,,,
UTLA_LAU_0688,UTLA_LAUSD_2022_2025,113,"The principle articulated in the preceding paragraph is to be applied to faculty adjustments caused by school closures, boundary changes and other actions which result in the movement of students unless otherwise indicated in this agreement. a.",UNCLEAR,exception,1,,,,,,
UTLA_LAU_1229,UTLA_LAUSD_2022_2025,191,"For the purpose of this Section, a semester unit in elementary schools and junior and senior high schools equals one semester of approximately 18 weeks of direct supervision and instruction per student candidate for 20 minutes per day, five days per week, or the equivalent of approximately 30 hours per semester.",UNCLEAR,threshold,1,,,,,,
UTLA_LAU_0987,UTLA_LAUSD_2022_2025,154,"Any assurances or programs, such as liability insurance, to protect employees of the Charter School against personal expense and liability in the event of a claim or lawsuit arising out their performance of Charter School duties; i.",UNCLEAR,exception,1,,,,,,
UTLA_LAU_0989,UTLA_LAUSD_2022_2025,155,(i) April 15 of the school year preceding the charter conversion or (ii) within 30 days of Board approval of the Charter School application.,UNCLEAR,threshold,1,,,,,,
UTLA_LAU_1482,UTLA_LAUSD_2022_2025,227,"(1) During periods within the employee's Assignment Basis when the District is closed, when the employee's work location is closed or when there is a lack of work unless the employee requests and the immediate administrator approves this period of time as unpaid and not a paid vacation.",UNCLEAR,exception,1,,,,,,
UTLA_LAU_1660,UTLA_LAUSD_2022_2025,256,The term “personnel” covers both employees (as defined above) and also non-unit members (those assigned for fewer than 10 hours per week).,UNCLEAR,threshold,1,,,,,,
UTLA_LAU_0998,UTLA_LAUSD_2022_2025,156,"Participation in District Supplemental Assignments: Employees on charter school leave retain no rights to participate in District summer/winter/intersession, substitute or other assignments or opportunities available to active District employees -- except to the extent that the District generally chooses to permit persons employed elsewhere to participate in such opportunities. 2022-2025 UTLA Contract 138",UNCLEAR,exception,1,,,,,,
UTLA_LAU_0673,UTLA_LAUSD_2022_2025,111,"If a teacher accepts an assignment, then later declines or cancels for any reason, the teacher is subject to transfer to that assignment.",UNCLEAR,exception,1,,,,,,
UTLA_LAU_0152,UTLA_LAUSD_2022_2025,41,"A ""day"", for purposes of the timelines of this Article, is defined as any day of the calendar year except Saturdays, Sundays, legal or school holidays, or District– unassigned days (e.g., Day after Thanksgiving).",UNCLEAR,exception,1,,,,,,
UTLA_LAU_1656,UTLA_LAUSD_2022_2025,255,"(2) For Weeks 5 & 6Teachers will receive an additional hour per day at X-basis for a total of 20 hours (i.e., auxiliary).",UNCLEAR,threshold,1,,,,,,
UTLA_LAU_1000,UTLA_LAUSD_2022_2025,157,"The District in those circumstances will preserve the employee's previously-accrued District illness balance for restoration upon timely return to the District from charter school leave (unless the balance has been transferred to another qualified agency or used in computation of retirement allowance), but no unused accruals or other entitlements from the charter school are then transferable back to the District.",UNCLEAR,exception,1,,,,,,
UTLA_LAU_1949,UTLA_LAUSD_2022_2025,301,Disputes relating to this Section 2.9 are not subject to the grievance procedures of the LAUSD/Agreement. 2022-2025 UTLA Contract 283,UNCLEAR,exception,1,,,,,,
UTLA_LAU_1655,UTLA_LAUSD_2022_2025,255,"(1) For Weeks 1-6 Teachers will be compensated at the summer school rate (i.e., Z-Basis at 10thly hourly rate + differential factor of 1.09224) for 4 hours of instructional time per day.",UNCLEAR,threshold,1,,,,,,
UTLA_LAU_1214,UTLA_LAUSD_2022_2025,190,"Article XIV – Salaries 28.0 Replacement Teachers: Replacement service is service rendered by a teacher at a school in place of either a teacher or a library media teacher assigned to the same school who is reported as absent on the payroll records, except as provided below.",UNCLEAR,exception,1,,,,,,
UTLA_LAU_1652,UTLA_LAUSD_2022_2025,254,For weeks 5 and 6 teachers who participate will receive an additional hour per day at X-basis for a total of 10 hours. b.,UNCLEAR,threshold,1,,,,,,
UTLA_LAU_2102,UTLA_LAUSD_2022_2025,468,"Education ...................................... 242 Alternate Assignments ............................. 221-222 TEACHER ASSISTANT ASSIGNMENT ..... 245-246 Assignment Procedures, Generally ................ 221 Attendance Incentive Plan ....................... 128-123 TELEPHONES Base Rate ....................................................... 218 Access to ........................................................ 290 Benefit Eligibility....................................... 196-197 Use of ................................................................. 8 Children’s Center/Development Center Calling List ...................................................... 227 TEMPORARY ASSIGNMENT ......................... 93-94 Continuity Rate Increase ................................ 218 Day-to-Day Extended ..................................... 220 TERMINATION ........................................... 143-147 Duties ...................................................... 226-227 Evaluation ................................................. 68, 227 TEST OF REASONABLENESS Extended Assignment ..................................... 220 Duties Required ................................................ 34 Extra Compensation ....................................... 226 THEFT, ROBBERY ..................................... 255-257 Inadequate Service Report ....................... 67, 227 Incentive Plan .......................................... 219-220 TITLE I PROGRAM ............................................ 104 Industrial Injury ........................................ 112-114 Information to be Provided to .......................... 226 TRAINING TEACHER ........................................ 173 Late Arrivals .................................................... 225 Leave, Substitute ............................................ 121 TRANSFERS Make-up Time ................................................. 226 Administrative ................................................... 80 Name Request List ......................................... 225 Appeals ....................................................... 85-88 2022 - 2025 UTLA Contract 450",UNCLEAR,threshold,1,,,,,,
